CRASH_UNIT_ID,CRASH_RECORD_ID,CRASH_DATE,UNIT_NO,UNIT_TYPE,NUM_PASSENGERS,VEHICLE_ID,CMRC_VEH_I,MAKE,MODEL,LIC_PLATE_STATE,VEHICLE_YEAR,VEHICLE_DEFECT,VEHICLE_TYPE,VEHICLE_USE,TRAVEL_DIRECTION,MANEUVER,TOWED_I,FIRE_I,OCCUPANT_CNT,EXCEED_SPEED_LIMIT_I,TOWED_BY,TOWED_TO,AREA_00_I,AREA_01_I,AREA_02_I,AREA_03_I,AREA_04_I,AREA_05_I,AREA_06_I,AREA_07_I,AREA_08_I,AREA_09_I,AREA_10_I,AREA_11_I,AREA_12_I,AREA_99_I,FIRST_CONTACT_POINT,CMV_ID,USDOT_NO,CCMC_NO,ILCC_NO,COMMERCIAL_SRC,GVWR,CARRIER_NAME,CARRIER_STATE,CARRIER_CITY,HAZMAT_PLACARDS_I,HAZMAT_NAME,UN_NO,HAZMAT_PRESENT_I,HAZMAT_REPORT_I,HAZMAT_REPORT_NO,MCS_REPORT_I,MCS_REPORT_NO,HAZMAT_VIO_CAUSE_CRASH_I,MCS_VIO_CAUSE_CRASH_I,IDOT_PERMIT_NO,WIDE_LOAD_I,TRAILER1_WIDTH,TRAILER2_WIDTH,TRAILER1_LENGTH,TRAILER2_LENGTH,TOTAL_VEHICLE_LENGTH,AXLE_CNT,VEHICLE_CONFIG,CARGO_BODY_TYPE,LOAD_TYPE,HAZMAT_OUT_OF_SERVICE_I,MCS_OUT_OF_SERVICE_I,HAZMAT_CLASS
2018574,ed918cc5bb638a0a6e73143363054e82fba350fe40966ab4df7178b2c429c78ae8df612728f70ba4f4dd6254851695e9578861b499f3b73ceb5662ab700f10e3,03/08/2025 10:25:00 AM,2,DRIVER,,1923793,,CHEVROLET,AVALANCHE,IL,2010,NONE,PICKUP,PERSONAL,W,STRAIGHT AHEAD,,,1,,,,,,Y,Y,Y,,,,,,,,,,SIDE-RIGHT,,,,,,,,,,,,,,,,,,,,,,,,,,,,,,,,,
2018497,b058dfb0770fb700f1430bc83958b45698bd369de36f89548adc9483dd0d321d2107b9457313f2f9b80707f8e274629a9d1f9dadb7057a91a599e1a57c051378,03/08/2025 07:43:00 AM,1,DRIVER,,1923711,,TOYOTA,CAMRY,IL,2015,NONE,PASSENGER,PERSONAL,N,STRAIGHT AHEAD,,,1,,,,Y,,,,,,,,,,,,,,FRONT,,,,,,,,,,,,,,,,,,,,,,,,,,,,,,,,,
2018498,b058dfb0770fb700f1430bc83958b45698bd369de36f89548adc9483dd0d321d2107b9457313f2f9b80707f8e274629a9d1f9dadb7057a91a599e1a57c051378,03/08/2025 07:43:00 AM,2,PEDESTRIAN,,,,,,,,,,,,,,,,,,,,,,,,,,,,,,,,,,,,,,,,,,,,,,,,,,,,,,,,,,,,,,,,,,
2017163,c03b63a23c44d48de2356b65dde6bf61d37493446535ceba7590aef53daa66cb7801f4decc4656678b700d8794e5a15c628251791ad3ae46a307e2628d564da4,03/06/2025 08:06:00 AM,1,DRIVER,,1922441,,HONDA,CIVIC,IL,2002,NONE,PASSENGER,PERSONAL,S,STRAIGHT AHEAD,Y,,1,,UNK,,,Y,,,,,,,,,,Y,Y,,FRONT,,,,,,,,,,,,,,,,,,,,,,,,,,,,,,,,,
2017164,c03b63a23c44d48de2356b65dde6bf61d37493446535ceba7590aef53daa66cb7801f4decc4656678b700d8794e5a15c628251791ad3ae46a307e2628d564da4,03/06/2025 08:06:00 AM,2,DRIVER,,1922451,,DODGE,CHARGER,IL,2010,NONE,PASSENGER,PERSONAL,S,STRAIGHT AHEAD,,,1,,,,,,,,,,Y,,,,,,,,REAR,,,,,,,,,,,,,,,,,,,,,,,,,,,,,,,,,
2015196,6f75fd71623bf9d857d0a67bfab51e1fa987ef2d02cb0b8c1605e7e30828dd31508ef8e2fb30e4b43b1e66f1b447f219c356c0a467ae9e3dce6b70044659d688,03/02/2025 11:30:00 PM,1,DRIVER,,1920539,,UNKNOWN,OTHER (EXPLAIN IN NARRATIVE),IL,,UNKNOWN,UNKNOWN/NA,UNKNOWN/NA,N,STRAIGHT AHEAD,,,1,,,,,,,,,,,,,,,,Y,,FRONT,,,,,,,,,,,,,,,,,,,,,,,,,,,,,,,,,
2015197,6f75fd71623bf9d857d0a67bfab51e1fa987ef2d02cb0b8c1605e7e30828dd31508ef8e2fb30e4b43b1e66f1b447f219c356c0a467ae9e3dce6b70044659d688,03/02/2025 11:30:00 PM,2,DRIVER,,1920541,,NISSAN,MURANO,IL,2010,NONE,SPORT UTILITY VEHICLE (SUV),TAXI/FOR HIRE,W,STRAIGHT AHEAD,,,1,,,,,,,,,,,,Y,,,,,,SIDE-LEFT-REAR,,,,,,,,,,,,,,,,,,,,,,,,,,,,,,,,,
2015047,ee118d728d15e1572181e7655a7a998aa86b700a7c4ce53acc0cef94c6639a638a81c91bd3525c81aa12e8c464777f894b76cf42911e954786ea77ee3b668c4f,03/02/2025 06:00:00 AM,1,DRIVER,,1920391,,UNKNOWN,OTHER (EXPLAIN IN NARRATIVE),,,UNKNOWN,UNKNOWN/NA,UNKNOWN/NA,UNKNOWN,UNKNOWN/NA,,,1,,,,,,,,,,,,,,,,,,UNKNOWN,,,,,,,,,,,,,,,,,,,,,,,,,,,,,,,,,
2015048,ee118d728d15e1572181e7655a7a998aa86b700a7c4ce53acc0cef94c6639a638a81c91bd3525c81aa12e8c464777f894b76cf42911e954786ea77ee3b668c4f,03/02/2025 06:00:00 AM,2,PARKED,,1920394,,FORD,ESCAPE,IL,2017,NONE,PASSENGER,NOT IN USE,S,PARKED,Y,,0,,PRIVATE TOW,,,Y,Y,,,,,Y,Y,Y,Y,Y,,,FRONT-LEFT-CORNER,,,,,,,,,,,,,,,,,,,,,,,,,,,,,,,,,
2013471,605b7008a368c7e9df301e4ad64e71a6ec26ea47953d939154d4c22338192d799b188eddcdcbda58ca2334c5801516a02e9d3430e18cc845849f43d8c2c00c0c,02/27/2025 06:30:00 PM,1,DRIVER,,1918867,,MAZDA,OTHER (EXPLAIN IN NARRATIVE),IL,,UNKNOWN,UNKNOWN/NA,UNKNOWN/NA,E,STRAIGHT AHEAD,,,1,,,,,,,,,,,,,,,,,Y,UNKNOWN,,,,,,,,,,,,,,,,,,,,,,,,,,,,,,,,,
2013472,605b7008a368c7e9df301e4ad64e71a6ec26ea47953d939154d4c22338192d799b188eddcdcbda58ca2334c5801516a02e9d3430e18cc845849f43d8c2c00c0c,02/27/2025 06:30:00 PM,2,DRIVER,,1918871,,HONDA,CR-V,IL,,UNKNOWN,UNKNOWN/NA,UNKNOWN/NA,E,STRAIGHT AHEAD,,,1,,,,,,,,,Y,,,,,,,,,REAR-RIGHT-CORNER,,,,,,,,,,,,,,,,,,,,,,,,,,,,,,,,,
2012297,3e3538c202cc57b508af31e2d3797ef71a4b700f8d69c99e4a0af071614d70536d2422fd7f3e19f0897228d72b8999b5030afebab587265594882a772d1a5bbb,02/25/2025 05:45:00 PM,1,DRIVER,,1917740,,FREIGHTLINER CORPORATION,FREIGHTLINER CORP.,IL,2025,NONE,TRUCK - SINGLE UNIT,PERSONAL,S,BACKING,,,1,,,,Y,,,,,,,,,,,,,,REAR-LEFT-CORNER,,,,,,,,,,,,,,,,,,,,,,,,,,,,,,,,,
2012298,3e3538c202cc57b508af31e2d3797ef71a4b700f8d69c99e4a0af071614d70536d2422fd7f3e19f0897228d72b8999b5030afebab587265594882a772d1a5bbb,02/25/2025 05:45:00 PM,2,DRIVERLESS,,1917745,,FREIGHTLINER CORPORATION,FREIGHTLINER CORP.,IL,,NONE,TRACTOR W/ SEMI-TRAILER,PERSONAL,S,PARKED,,,0,,,,,Y,,,,,,,,,,,,,FRONT-RIGHT-CORNER,,,,,,,,,,,,,,,,,,,,,,,,,,,,,,,,,
2011976,747317907b570ca5e4431603345f2f5b700dcfd621531dd0d66fe7cc4ffb083c5ff70658b5e3e759f8f5d595e7ac33b63340b929896805b5058afe588543d0fc,02/25/2025 12:15:00 PM,1,DRIVER,1,1917443,,JEEP,PATRIOT,IL,2016,UNKNOWN,SPORT UTILITY VEHICLE (SUV),PERSONAL,E,BACKING,,,2,,,,,,,,,,Y,,,,,,,,REAR,,,,,,,,,,,,,,,,,,,,,,,,,,,,,,,,,
2011977,747317907b570ca5e4431603345f2f5b700dcfd621531dd0d66fe7cc4ffb083c5ff70658b5e3e759f8f5d595e7ac33b63340b929896805b5058afe588543d0fc,02/25/2025 12:15:00 PM,2,PARKED,1,1917451,,GENERAL MOTORS CORPORATION (GMC),TERRAIN,IL,2012,UNKNOWN,SPORT UTILITY VEHICLE (SUV),PERSONAL,W,PARKED,,,1,,,,,,,,,,Y,,,,,,,,REAR,,,,,,,,,,,,,,,,,,,,,,,,,,,,,,,,,
2011260,972d6721de6be3087a1fd9e9b07def21c5579a17d43598f7590c447fb7003833ba87210120b0fa6881ebe4a14a44a78bf6a3de787b7fcc37a94617c7fb5da2c6,02/24/2025 08:54:00 AM,1,DRIVER,,1916754,,ISUZU,OTHER (EXPLAIN IN NARRATIVE),IL,2024,NONE,TRUCK - SINGLE UNIT,OTHER,N,STRAIGHT AHEAD,,,1,,,,,,Y,,,,,,,,,,,,SIDE-RIGHT-FRONT,,,,,,,,,,,,,,,,,,,,,,,,,,,,,,,,,
2011261,972d6721de6be3087a1fd9e9b07def21c5579a17d43598f7590c447fb7003833ba87210120b0fa6881ebe4a14a44a78bf6a3de787b7fcc37a94617c7fb5da2c6,02/24/2025 08:54:00 AM,2,DRIVER,,1916762,,NEW FLYER,OTHER (EXPLAIN IN NARRATIVE),IL,2009,NONE,BUS OVER 15 PASS.,CTA,N,STRAIGHT AHEAD,,,1,,,,,,,,,,,,,,Y,,,,SIDE-LEFT-FRONT,,,,,,,,,,,,,,,,,,,,,,,,,,,,,,,,,
2011112,95806130da90827ce63fe71777681807142af37bacbc3311d89e5b7a4566e902b397e92e84ef06d71b0702b7009f890953277ef29a954d6d59830cf6a5e27af7,02/23/2025 10:10:00 PM,1,DRIVER,,1916610,,MERCURY,OTHER (EXPLAIN IN NARRATIVE),IL,2010,UNKNOWN,PASSENGER,UNKNOWN/NA,S,STRAIGHT AHEAD,Y,,1,,,,,Y,,,,,,,,,,Y,Y,,FRONT,,,,,,,,,,,,,,,,,,,,,,,,,,,,,,,,,
2011113,95806130da90827ce63fe71777681807142af37bacbc3311d89e5b7a4566e902b397e92e84ef06d71b0702b7009f890953277ef29a954d6d59830cf6a5e27af7,02/23/2025 10:10:00 PM,2,DRIVER,,1916614,,MITSUBISHI,MIRAGE,GA,2024,OTHER,PASSENGER,UNKNOWN/NA,S,STRAIGHT AHEAD,,,1,,,,,,,,,Y,Y,Y,Y,Y,,,,,REAR,,,,,,,,,,,,,,,,,,,,,,,,,,,,,,,,,
2011135,cceb8e7ba88f61abaf45851e6d37a2ab3c03837fa81ee99f9ddfb25574ae38f74c35eaeba1415dd19d3613579eb7008025555900e1f3d5882ffe73e75d57ec38,02/23/2025 09:36:00 PM,1,DRIVER,1,1916629,,TOYOTA,CAMRY,IN,2009,NONE,PASSENGER,PERSONAL,S,U-TURN,,,2,,,,,,,,,,,Y,Y,Y,Y,,,,SIDE-LEFT,,,,,,,,,,,,,,,,,,,,,,,,,,,,,,,,,
2011136,cceb8e7ba88f61abaf45851e6d37a2ab3c03837fa81ee99f9ddfb25574ae38f74c35eaeba1415dd19d3613579eb7008025555900e1f3d5882ffe73e75d57ec38,02/23/2025 09:36:00 PM,2,DRIVER,3,1916638,,JEEP,GRAND CHEROKEE,IL,2015,NONE,SPORT UTILITY VEHICLE (SUV),PERSONAL,S,STRAIGHT AHEAD,,,4,,,,,Y,,,,,,,,,,Y,Y,,FRONT,,,,,,,,,,,,,,,,,,,,,,,,,,,,,,,,,
2009596,6dabeede499c2f0fe6beae705708cf71c555436d7c57c4a7bffb9f5e3822715ec2aa523a3f464de15c372495cfad1ee94679628ee724039c31fb5a53a453b700,02/21/2025 09:29:00 AM,1,DRIVER,,1915136,,SUBARU,OUTBACK,IL,2015,UNKNOWN,PASSENGER,PERSONAL,S,STRAIGHT AHEAD,,,1,,,,,Y,,,,,,,,,,,,,FRONT-RIGHT-CORNER,,,,,,,,,,,,,,,,,,,,,,,,,,,,,,,,,
2009597,6dabeede499c2f0fe6beae705708cf71c555436d7c57c4a7bffb9f5e3822715ec2aa523a3f464de15c372495cfad1ee94679628ee724039c31fb5a53a453b700,02/21/2025 09:29:00 AM,2,PARKED,,1915142,N,GENERAL MOTORS CORPORATION (GMC),TRUCK,IL,1999,UNKNOWN,TRUCK - SINGLE UNIT,COMMERCIAL - SINGLE UNIT,N,PARKED,,,0,,,,Y,,,,,,,,,,,,,,UNKNOWN,,,,,,,,,,,,,,,,,,,,,,,,,,,,,,,,,
2008567,97f5c0a9c7b55be775be4912f088ef1a6477313ffd6cc70fef8422ad3b34e3c00758496121fe3c7732437e6d0856430e40f76001bab62ebf6b7004c60bf4f6d6,02/19/2025 11:40:00 AM,1,DRIVER,,1914146,,HONDA,FIT,IL,2013,UNKNOWN,PASSENGER,PERSONAL,UNKNOWN,UNKNOWN/NA,,,1,,,,,,,,,,,,,,,,,,UNKNOWN,,,,,,,,,,,,,,,,,,,,,,,,,,,,,,,,,
2008568,97f5c0a9c7b55be775be4912f088ef1a6477313ffd6cc70fef8422ad3b34e3c00758496121fe3c7732437e6d0856430e40f76001bab62ebf6b7004c60bf4f6d6,02/19/2025 11:40:00 AM,2,DRIVER,,1914150,,HYUNDAI,SANTA FE,IL,2023,UNKNOWN,PASSENGER,PERSONAL,E,UNKNOWN/NA,,,1,,,,,,,,,,Y,,,,,,,,SIDE-RIGHT-REAR,,,,,,,,,,,,,,,,,,,,,,,,,,,,,,,,,
2009119,e00d079b659efb0657368a06676ca34fc56b5bdbec314244c4df4db286b7146dc9fe1558291650a06ef42b700ae89c9406e8fe491c39838eeded4962b116d9ea,02/19/2025 08:30:00 AM,1,DRIVER,,1914679,,CADILLAC,ESCALADE,IL,2013,UNKNOWN,SPORT UTILITY VEHICLE (SUV),PERSONAL,S,STRAIGHT AHEAD,,,1,,,,,,,,Y,Y,,,,,,,,,SIDE-RIGHT-REAR,,,,,,,,,,,,,,,,,,,,,,,,,,,,,,,,,
2005716,9bbfb70068450db95a32c5f31ed9937405644332e83773d2adcad64cd0cfd8bf18aaadcc9793a3fb3cc832f96a1019fb40d7d89bc116fdfcb0a05602ffaaf95d,02/14/2025 09:04:00 AM,1,DRIVER,,1911404,,UNKNOWN,OTHER (EXPLAIN IN NARRATIVE),,,TRAILER COUPLING,UNKNOWN/NA,UNKNOWN/NA,N,UNKNOWN/NA,,,1,,,,,,,,,,,,,,,,,Y,UNKNOWN,,,,,,,,,,,,,,,,,,,,,,,,,,,,,,,,,
2005717,9bbfb70068450db95a32c5f31ed9937405644332e83773d2adcad64cd0cfd8bf18aaadcc9793a3fb3cc832f96a1019fb40d7d89bc116fdfcb0a05602ffaaf95d,02/14/2025 09:04:00 AM,2,DRIVER,,1911408,,TOYOTA,HIGHLANDER,IL,2016,OTHER,PASSENGER,PERSONAL,N,STRAIGHT AHEAD,,,1,,,,,,,,,,,,,,,Y,,,SIDE-LEFT-FRONT,,,,,,,,,,,,,,,,,,,,,,,,,,,,,,,,,
2004654,652cdf66293a1c90bec70dae6f12cfa39e053f4d7690e7cad6c6e296dab654d09a165367d51cf92096d9c909a10213979a4246d2a389d43e55ad288b700608df,02/12/2025 06:30:00 PM,1,DRIVER,,1910392,,FORD,F250,IL,2006,UNKNOWN,PICKUP,PERSONAL,N,STRAIGHT AHEAD,,,1,,,,,,,N,,,,,,,,,,Y,SIDE-RIGHT,,,,,,,,,,,,,,,,,,,,,,,,,,,,,,,,,
2004655,652cdf66293a1c90bec70dae6f12cfa39e053f4d7690e7cad6c6e296dab654d09a165367d51cf92096d9c909a10213979a4246d2a389d43e55ad288b700608df,02/12/2025 06:30:00 PM,2,PARKED,1,1910403,,SUBARU,CROSSTREK,IL,2024,NONE,SPORT UTILITY VEHICLE (SUV),PERSONAL,N,PARKED,,,1,,,,,,,,,,,,,Y,,,,,SIDE-LEFT,,,,,,,,,,,,,,,,,,,,,,,,,,,,,,,,,
2002538,b0fb700e3a4d7440d1d99fbe780c212e8ba89962ec6ca2cb9e9a526d3bb9a552cf7506a82b4812cb427506727b123f275dca63d5d56cd55943ffdc64b7bcf9e0,02/09/2025 01:25:00 AM,1,DRIVER,,1908360,,JEEP,GRAND CHEROKEE,IL,2017,UNKNOWN,PASSENGER,UNKNOWN/NA,N,AVOIDING VEHICLES/OBJECTS,,,1,,,,,Y,,,,,,,,,,Y,Y,,UNKNOWN,,,,,,,,,,,,,,,,,,,,,,,,,,,,,,,,,
2002539,b0fb700e3a4d7440d1d99fbe780c212e8ba89962ec6ca2cb9e9a526d3bb9a552cf7506a82b4812cb427506727b123f275dca63d5d56cd55943ffdc64b7bcf9e0,02/09/2025 01:25:00 AM,2,PARKED,,1908361,,LAND ROVER,OTHER (EXPLAIN IN NARRATIVE),IL,2021,UNKNOWN,PASSENGER,UNKNOWN/NA,N,PARKED,,,0,,,,,,,,,Y,Y,Y,Y,,,,,,UNKNOWN,,,,,,,,,,,,,,,,,,,,,,,,,,,,,,,,,
2002540,b0fb700e3a4d7440d1d99fbe780c212e8ba89962ec6ca2cb9e9a526d3bb9a552cf7506a82b4812cb427506727b123f275dca63d5d56cd55943ffdc64b7bcf9e0,02/09/2025 01:25:00 AM,3,PARKED,,1908362,,TOYOTA,OTHER (EXPLAIN IN NARRATIVE),IL,2024,UNKNOWN,PASSENGER,UNKNOWN/NA,N,PARKED,,,0,,,,,,,,,,Y,N,,,,,,,UNKNOWN,,,,,,,,,,,,,,,,,,,,,,,,,,,,,,,,,
2002546,b0fb700e3a4d7440d1d99fbe780c212e8ba89962ec6ca2cb9e9a526d3bb9a552cf7506a82b4812cb427506727b123f275dca63d5d56cd55943ffdc64b7bcf9e0,02/09/2025 01:25:00 AM,4,DRIVER,,1908366,,UNKNOWN,OTHER (EXPLAIN IN NARRATIVE),,,UNKNOWN,UNKNOWN/NA,UNKNOWN/NA,N,UNKNOWN/NA,,,1,,,,,,,,,,,,,,,,,,UNKNOWN,,,,,,,,,,,,,,,,,,,,,,,,,,,,,,,,,
2001163,8d5084ef52d6322a593971edac618ed82685b924a152a159e881ef15b74cf5693263f4c23bb60d3b5db700bc95b2df364160fd5f3dae2886bfdbd24f5da50216,02/06/2025 07:10:00 PM,1,DRIVER,,1907010,,TOYOTA,PRIUS,IL,2010,UNKNOWN,UNKNOWN/NA,UNKNOWN/NA,UNKNOWN,BACKING,,,1,,,,,,,,,,Y,,,,,,,,REAR,,,,,,,,,,,,,,,,,,,,,,,,,,,,,,,,,
2001164,8d5084ef52d6322a593971edac618ed82685b924a152a159e881ef15b74cf5693263f4c23bb60d3b5db700bc95b2df364160fd5f3dae2886bfdbd24f5da50216,02/06/2025 07:10:00 PM,2,DRIVER,,1907016,,LEXUS,RX,IL,2021,UNKNOWN,UNKNOWN/NA,UNKNOWN/NA,UNKNOWN,STRAIGHT AHEAD,,,1,,,,,,,,,,,Y,Y,,,,,,SIDE-LEFT-REAR,,,,,,,,,,,,,,,,,,,,,,,,,,,,,,,,,
2000895,df180b01291fd02748b852ca68d8703fb700449a6a03d9265d236bfdad8ab9ad5aaf35186b420f2f172d4381cf055be27456414ea323f612dbd58199a20e2364,02/06/2025 08:00:00 AM,1,DRIVER,,1906736,,UNKNOWN,MOTORIZED,,,UNKNOWN,UNKNOWN/NA,UNKNOWN/NA,UNKNOWN,UNKNOWN/NA,,,1,,,,,,,,,,,,,,,,,,UNKNOWN,,,,,,,,,,,,,,,,,,,,,,,,,,,,,,,,,
2000896,df180b01291fd02748b852ca68d8703fb700449a6a03d9265d236bfdad8ab9ad5aaf35186b420f2f172d4381cf055be27456414ea323f612dbd58199a20e2364,02/06/2025 08:00:00 AM,2,PARKED,,1906739,,NISSAN,ALTIMA,IL,2020,NONE,PASSENGER,NOT IN USE,W,PARKED,,,0,,,,,,,,,,Y,Y,Y,,,,,,TOTAL (ALL AREAS),,,,,,,,,,,,,,,,,,,,,,,,,,,,,,,,,
1999881,d4cdb72be897bff7b410cb212117829931a39e3af2f28bcbf8adb7007ecfcf41b7d7adc4fec210da24145db94d9948d9b2689d4d05bbfce7d3c3b22e1ee1195e,02/06/2025 01:30:00 AM,1,DRIVER,,1905765,,JEEP,RENEGADE,IL,2022,UNKNOWN,SPORT UTILITY VEHICLE (SUV),PERSONAL,W,SKIDDING/CONTROL LOSS,Y,,1,,PRIVATE TOW,,,Y,,,,,,,,,,,,,FRONT-RIGHT-CORNER,,,,,,,,,,,,,,,,,,,,,,,,,,,,,,,,,
2001090,01899c88bfacb4c1d761438da0a71b9b1101af45dbeaa7537e045ccecf338afab6fad0baa222d3b8198597fbe6ee17228a2ad06eb6c3eb82f1fb70080ac67a8d,02/05/2025 09:00:00 PM,1,DRIVER,,1906972,,HYUNDAI,SONATA,IL,2020,UNKNOWN,PASSENGER,PERSONAL,W,TURNING LEFT,,,1,,,,,,,,,,,,,,,,,Y,UNKNOWN,,,,,,,,,,,,,,,,,,,,,,,,,,,,,,,,,
2001091,01899c88bfacb4c1d761438da0a71b9b1101af45dbeaa7537e045ccecf338afab6fad0baa222d3b8198597fbe6ee17228a2ad06eb6c3eb82f1fb70080ac67a8d,02/05/2025 09:00:00 PM,2,DRIVER,,1906966,,ACURA,ILX,IL,2013,NONE,PASSENGER,PERSONAL,S,STRAIGHT AHEAD,Y,,1,,unk,6700 S SO SHORE,,Y,,,,,,,Y,,,N,Y,,SIDE-LEFT-REAR,,,,,,,,,,,,,,,,,,,,,,,,,,,,,,,,,
1999314,c92babd9df26c64fb51e42a73bb546218506d741a4be42c5046742047171d587cfd2b273f524670adfca17f50269ffd899d9808e0bdff37ee7b9273a7b70049e,02/05/2025 11:46:00 AM,1,DRIVER,1,1905229,,FORD,F250,IL,2020,UNKNOWN,PICKUP,STATE OWNED,W,STRAIGHT AHEAD,,,2,,,,Y,Y,,,,,,,,,,,,,SIDE-RIGHT-FRONT,,,,,,,,,,,,,,,,,,,,,,,,,,,,,,,,,
1999315,c92babd9df26c64fb51e42a73bb546218506d741a4be42c5046742047171d587cfd2b273f524670adfca17f50269ffd899d9808e0bdff37ee7b9273a7b70049e,02/05/2025 11:46:00 AM,2,DRIVER,,1905235,,NISSAN,MURANO,IL,2021,NONE,PASSENGER,PERSONAL,W,STRAIGHT AHEAD,,,1,,,,Y,,,,,,,Y,,,,,,,SIDE-LEFT-REAR,,,,,,,,,,,,,,,,,,,,,,,,,,,,,,,,,
2004205,488697a12f296f2ffc1507c17c49d69da5d7854cd7a50dd0a870ad56af40e22fe4f9a801b12027be24354370b7003e82c1949d7f164bd60082dddb7cd569586c,02/05/2025 07:35:00 AM,1,DRIVER,,1909945,,FORD,FLEX,MI,2010,UNKNOWN,PASSENGER,PERSONAL,E,SKIDDING/CONTROL LOSS,,,1,,,,,N,N,,,,,,,,Y,Y,,,SIDE-RIGHT-FRONT,,,,,,,,,,,,,,,,,,,,,,,,,,,,,,,,,
2004206,488697a12f296f2ffc1507c17c49d69da5d7854cd7a50dd0a870ad56af40e22fe4f9a801b12027be24354370b7003e82c1949d7f164bd60082dddb7cd569586c,02/05/2025 07:35:00 AM,2,DRIVER,1,1909946,,TOYOTA,HIGHLANDER,IL,2015,UNKNOWN,SPORT UTILITY VEHICLE (SUV),PERSONAL,S,STRAIGHT AHEAD,,,2,,,,,,,,,,,,,,Y,Y,,,FRONT-LEFT-CORNER,,,,,,,,,,,,,,,,,,,,,,,,,,,,,,,,,
1998679,7020e015d0619b5b6acb872f5d24d8fab4e64a2560f438ac5fdbc07b0bc5e12bc2becc3728be44c4d0fc5bc06816e65b70093f7253ae34495de23b3511b5fe23,02/04/2025 08:40:00 AM,1,DRIVER,,1904602,,HONDA,CIVIC,,2015,NONE,PASSENGER,PERSONAL,S,PASSING/OVERTAKING,,,1,,,,,,,,,,,,,,Y,Y,,,SIDE-LEFT-FRONT,,,,,,,,,,,,,,,,,,,,,,,,,,,,,,,,,
1998680,7020e015d0619b5b6acb872f5d24d8fab4e64a2560f438ac5fdbc07b0bc5e12bc2becc3728be44c4d0fc5bc06816e65b70093f7253ae34495de23b3511b5fe23,02/04/2025 08:40:00 AM,2,DRIVER,,1904605,,HONDA,HR-V,IL,2019,NONE,PASSENGER,PERSONAL,S,STRAIGHT AHEAD,,,1,,,,,Y,Y,Y,,,,,,,,,Y,,SIDE-RIGHT-FRONT,,,,,,,,,,,,,,,,,,,,,,,,,,,,,,,,,
1998478,17a95240c012fae3f0daa830439b2bd13d08b1aeedd754de21984b8a49a9e1eacb875cb5f76573b229d3a22d5927c2ccb452d3db45422a1029e8b700c4c96aad,02/03/2025 07:30:00 AM,2,DRIVER,,1904404,,CHEVROLET,VAN,IL,,UNKNOWN,VAN/MINI-VAN,UNKNOWN/NA,W,UNKNOWN/NA,,,1,,,,,Y,,,,,,,,,,Y,Y,,FRONT,,,,,,,,,,,,,,,,,,,,,,,,,,,,,,,,,
1998479,17a95240c012fae3f0daa830439b2bd13d08b1aeedd754de21984b8a49a9e1eacb875cb5f76573b229d3a22d5927c2ccb452d3db45422a1029e8b700c4c96aad,02/03/2025 07:30:00 AM,1,DRIVER,,1904407,,HONDA,PILOT,,2004,NONE,PASSENGER,PERSONAL,N,TURNING LEFT,,,1,,,,,,,Y,Y,Y,,,,,,,,,SIDE-RIGHT,,,,,,,,,,,,,,,,,,,,,,,,,,,,,,,,,
2002220,824f7a61480d975147f1b700db0751e3bf51c38d8b7d5451684cb839c4c29c0930e83eebcb220a6466a0a91c263780ccb7badb90691cb4db8c661ac055f2c549,02/01/2025 03:21:00 PM,1,DRIVER,,1908060,,UNKNOWN,OTHER (EXPLAIN IN NARRATIVE),IL,,NONE,TRUCK - SINGLE UNIT,UNKNOWN/NA,UNKNOWN,STRAIGHT AHEAD,,,1,,,,,,,,,,,,,,,,,,UNKNOWN,,,,,,,,,,,,,,,,,,,,,,,,,,,,,,,,,
2002221,824f7a61480d975147f1b700db0751e3bf51c38d8b7d5451684cb839c4c29c0930e83eebcb220a6466a0a91c263780ccb7badb90691cb4db8c661ac055f2c549,02/01/2025 03:21:00 PM,2,PARKED,,1908052,,VOLKSWAGEN,BEETLE,IL,2015,NONE,PASSENGER,PERSONAL,UNKNOWN,PARKED,,,0,,,,,,,,,,,,,Y,Y,Y,,,TOTAL (ALL AREAS),,,,,,,,,,,,,,,,,,,,,,,,,,,,,,,,,
1996914,0038949789ad359e86a923905af1830cccba63bb11b846e43196fd845f320a858e624c7b700ab3102decfbdd2174ee2135e33bf84294dbf97f971493aaeed48a,01/31/2025 04:35:00 PM,1,DRIVER,,1902944,,FORD,FOCUS,IL,2016,NONE,PASSENGER,PERSONAL,E,STRAIGHT AHEAD,Y,,1,,PRIVATE TOWING COMPANY,UNK LOCATION,,Y,,,,,,,,,,Y,Y,,FRONT,,,,,,,,,,,,,,,,,,,,,,,,,,,,,,,,,
1996915,0038949789ad359e86a923905af1830cccba63bb11b846e43196fd845f320a858e624c7b700ab3102decfbdd2174ee2135e33bf84294dbf97f971493aaeed48a,01/31/2025 04:35:00 PM,2,DRIVER,,1902952,,JEEP,COMPASS,IL,2025,NONE,PASSENGER,PERSONAL,E,STRAIGHT AHEAD,,,1,,,,,,,,,Y,Y,Y,,,,,,,REAR,,,,,,,,,,,,,,,,,,,,,,,,,,,,,,,,,