CRASH_UNIT_ID,CRASH_RECORD_ID,CRASH_DATE,UNIT_NO,UNIT_TYPE,NUM_PASSENGERS,VEHICLE_ID,CMRC_VEH_I,MAKE,MODEL,LIC_PLATE_STATE,VEHICLE_YEAR,VEHICLE_DEFECT,VEHICLE_TYPE,VEHICLE_USE,TRAVEL_DIRECTION,MANEUVER,TOWED_I,FIRE_I,OCCUPANT_CNT,EXCEED_SPEED_LIMIT_I,TOWED_BY,TOWED_TO,AREA_00_I,AREA_01_I,AREA_02_I,AREA_03_I,AREA_04_I,AREA_05_I,AREA_06_I,AREA_07_I,AREA_08_I,AREA_09_I,AREA_10_I,AREA_11_I,AREA_12_I,AREA_99_I,FIRST_CONTACT_POINT,CMV_ID,USDOT_NO,CCMC_NO,ILCC_NO,COMMERCIAL_SRC,GVWR,CARRIER_NAME,CARRIER_STATE,CARRIER_CITY,HAZMAT_PLACARDS_I,HAZMAT_NAME,UN_NO,HAZMAT_PRESENT_I,HAZMAT_REPORT_I,HAZMAT_REPORT_NO,MCS_REPORT_I,MCS_REPORT_NO,HAZMAT_VIO_CAUSE_CRASH_I,MCS_VIO_CAUSE_CRASH_I,IDOT_PERMIT_NO,WIDE_LOAD_I,TRAILER1_WIDTH,TRAILER2_WIDTH,TRAILER1_LENGTH,TRAILER2_LENGTH,TOTAL_VEHICLE_LENGTH,AXLE_CNT,VEHICLE_CONFIG,CARGO_BODY_TYPE,LOAD_TYPE,HAZMAT_OUT_OF_SERVICE_I,MCS_OUT_OF_SERVICE_I,HAZMAT_CLASS
1995449,713071f4d665dbfb952a63f97b60724293a9daa62ab03ba39a2f821329cb700301e4f8c291aff1dc74324e9fa942d63aebf54f04caedc16a2b22eee3972badec,01/29/2025 07:45:00 AM,1,DRIVER,1,1901540,,HYUNDAI,SONATA,IL,2014,UNKNOWN,PASSENGER,UNKNOWN/NA,N,ENTERING TRAFFIC LANE FROM PARKING,,,2,,,,,Y,,,,,,,,,Y,Y,Y,,FRONT-LEFT-CORNER,,,,,,,,,,,,,,,,,,,,,,,,,,,,,,,,,
1995450,713071f4d665dbfb952a63f97b60724293a9daa62ab03ba39a2f821329cb700301e4f8c291aff1dc74324e9fa942d63aebf54f04caedc16a2b22eee3972badec,01/29/2025 07:45:00 AM,2,DRIVER,2,1901560,,TESLA,MODEL Y,IL,2021,UNKNOWN,PASSENGER,UNKNOWN/NA,N,STRAIGHT AHEAD,Y,,3,,PRIVATE TOW,UNKNOWN,,Y,Y,,,,,,,,,,Y,,FRONT-RIGHT-CORNER,,,,,,,,,,,,,,,,,,,,,,,,,,,,,,,,,
1996016,7f0648c66f113c9f7f911453812b80a6363e123bc297d3ff03ac296fee09ccbc1edd65811c0f92db98d53a8b700838a6ca5bf2d381aed776528523b7b347c649,01/28/2025 10:15:00 AM,1,DRIVER,,1902085,,FORD,300 SERIES,,2020,NONE,TRUCK - SINGLE UNIT,UNKNOWN/NA,E,BACKING,,,1,,,,,,,,,,Y,,,,,,,,REAR,,,,,,,,,,,,,,,,,,,,,,,,,,,,,,,,,
1996017,7f0648c66f113c9f7f911453812b80a6363e123bc297d3ff03ac296fee09ccbc1edd65811c0f92db98d53a8b700838a6ca5bf2d381aed776528523b7b347c649,01/28/2025 10:15:00 AM,2,PARKED,2,1902090,,SUBARU,FORESTER,IL,2022,NONE,PASSENGER,NOT IN USE,E,PARKED,,,2,,,,,,,,,,,,,,,,Y,,FRONT,,,,,,,,,,,,,,,,,,,,,,,,,,,,,,,,,
1994022,ff8068c85a8e25782a3a6397b5178b3a2305007213499872fddfaaface18adca141bcb09ae916882ada19ac067b37d14bb6c62d9dbbd974b700166037cdfa798,01/26/2025 05:50:00 PM,1,DRIVER,,1900179,,HONDA,ACCORD,IL,2015,NONE,PASSENGER,PERSONAL,N,STRAIGHT AHEAD,,,1,,,,,,,,,,,,,,,,Y,,FRONT,,,,,,,,,,,,,,,,,,,,,,,,,,,,,,,,,
1994023,ff8068c85a8e25782a3a6397b5178b3a2305007213499872fddfaaface18adca141bcb09ae916882ada19ac067b37d14bb6c62d9dbbd974b700166037cdfa798,01/26/2025 05:50:00 PM,2,DRIVER,1,1900190,,SUBARU,OUTBACK,IL,2021,NONE,PASSENGER,PERSONAL,N,STRAIGHT AHEAD,,,2,,,,,,,,,,Y,,,,,,,,REAR,,,,,,,,,,,,,,,,,,,,,,,,,,,,,,,,,
1993196,8935608e67cddfaf1de9ebf33a123c40db700f9904322fa360c636ea23e80a950eee1c0fefad261033898126acddf95ddd74e97efa3b2a6cd094909a5f9a6938,01/25/2025 09:01:00 AM,1,DRIVER,,1899394,,FORD,F750,IL,2014,UNKNOWN,PASSENGER,PERSONAL,W,STRAIGHT AHEAD,,,1,,,,,,,,,,,,,,,,Y,,FRONT,,,,,,,,,,,,,,,,,,,,,,,,,,,,,,,,,
1993197,8935608e67cddfaf1de9ebf33a123c40db700f9904322fa360c636ea23e80a950eee1c0fefad261033898126acddf95ddd74e97efa3b2a6cd094909a5f9a6938,01/25/2025 09:01:00 AM,2,DRIVER,,1899399,,AUDI,Q5,IL,2021,UNKNOWN,PASSENGER,PERSONAL,W,STRAIGHT AHEAD,,,1,,,,,,,,,,Y,,,,,,,,REAR,,,,,,,,,,,,,,,,,,,,,,,,,,,,,,,,,
1992933,944b7008d40422ca68d98aaa66128ca5e0a95822ffd5d6485991b9207d4c16209f840a1becb19bb0ba79a4882b8802293a3c78a990ee5ee4e5d1f44c5fb86acf,01/24/2025 02:52:00 PM,1,DRIVER,,1899123,,HONDA,ACCORD,IN,2010,UNKNOWN,PASSENGER,PERSONAL,N,STRAIGHT AHEAD,Y,,1,,PRIVATE TOW,UNK,,Y,,,,,,,Y,Y,,Y,Y,,FRONT,,,,,,,,,,,,,,,,,,,,,,,,,,,,,,,,,
1992934,944b7008d40422ca68d98aaa66128ca5e0a95822ffd5d6485991b9207d4c16209f840a1becb19bb0ba79a4882b8802293a3c78a990ee5ee4e5d1f44c5fb86acf,01/24/2025 02:52:00 PM,2,DRIVER,,1899147,,VOLKSWAGEN,ATLAS,IL,2019,UNKNOWN,SPORT UTILITY VEHICLE (SUV),PERSONAL,S,TURNING LEFT,Y,,1,,PRIVATE TOW,UNK,,Y,Y,Y,N,Y,,,,,,,,,SIDE-RIGHT,,,,,,,,,,,,,,,,,,,,,,,,,,,,,,,,,
1992573,e592948bf34890beab845e660f209070ec0c26cc6cdb79672db7003d7f3f1572f924a7a4b57240e9ec01873553cbe2f18358ec064155c49fa21d0a61736d01e6,01/24/2025 09:00:00 AM,1,DRIVER,,1898807,,TOYOTA,CAMRY,,2016,UNKNOWN,UNKNOWN/NA,UNKNOWN/NA,S,OTHER,,,1,,,,,Y,Y,Y,Y,Y,,,,,,,,,SIDE-RIGHT,,,,,,,,,,,,,,,,,,,,,,,,,,,,,,,,,
1992574,e592948bf34890beab845e660f209070ec0c26cc6cdb79672db7003d7f3f1572f924a7a4b57240e9ec01873553cbe2f18358ec064155c49fa21d0a61736d01e6,01/24/2025 09:00:00 AM,2,DRIVER,1,1898779,,HYUNDAI,SONATA,IL,2010,NONE,PASSENGER,PERSONAL,S,SLOW/STOP IN TRAFFIC,,,2,,,,,,,,,,,,,,,Y,,,FRONT-LEFT-CORNER,,,,,,,,,,,,,,,,,,,,,,,,,,,,,,,,,
1991270,2ac11e9d7b7ac48b700e16ea19352d445b792ca63af4a6387c2ea181fb881e97205f657ee15761aee78873876e4a03bbe1a7e1a096f0fb25aca4733c14ec375a,01/22/2025 12:53:00 PM,1,DRIVER,,1897519,,HONDA,OTHER (EXPLAIN IN NARRATIVE),IL,,UNKNOWN,PASSENGER,UNKNOWN/NA,SW,TURNING RIGHT,,,1,,,,,,,,Y,Y,,,,,,,,,SIDE-RIGHT-REAR,,,,,,,,,,,,,,,,,,,,,,,,,,,,,,,,,
1991271,2ac11e9d7b7ac48b700e16ea19352d445b792ca63af4a6387c2ea181fb881e97205f657ee15761aee78873876e4a03bbe1a7e1a096f0fb25aca4733c14ec375a,01/22/2025 12:53:00 PM,2,DRIVER,1,1897521,,VOLKSWAGEN,ATLAS,IL,2018,NONE,PASSENGER,PERSONAL,S,STRAIGHT AHEAD,,,2,,,,,,,,,,,,,,,Y,,,FRONT-LEFT-CORNER,,,,,,,,,,,,,,,,,,,,,,,,,,,,,,,,,
1989626,448cec319828b2ada86a200081a5a7fdfebdbed65ca64d556bde177f8ad8a5d048229e7ebbf4eef29d587bcd62b9f89ba1b977b700b72b1f199d599fef9b6ec3,01/18/2025 09:20:00 PM,1,DRIVER,1,1895918,,MAZDA,CX-5,IL,2020,NONE,PASSENGER,TAXI/FOR HIRE,E,STRAIGHT AHEAD,,,2,,,,,,,Y,Y,,,,,,,,,,SIDE-RIGHT,,,,,,,,,,,,,,,,,,,,,,,,,,,,,,,,,
1989627,448cec319828b2ada86a200081a5a7fdfebdbed65ca64d556bde177f8ad8a5d048229e7ebbf4eef29d587bcd62b9f89ba1b977b700b72b1f199d599fef9b6ec3,01/18/2025 09:20:00 PM,2,DRIVER,,1895921,,LEXUS,ES350,IL,2006,NONE,PASSENGER,PERSONAL,E,PASSING/OVERTAKING,,,1,,,,,,,,,,,,,,Y,,,,SIDE-LEFT,,,,,,,,,,,,,,,,,,,,,,,,,,,,,,,,,
1988652,083bc3204ca6f05804c1bbcb2a7ff70d6b316152984a2f023e9009a75e157c4e235a336815cdb70025caa8aaf55a1331f3950b1863dbc9f01cb399fccbf3628d,01/17/2025 11:00:00 AM,1,DRIVER,1,1894978,,HONDA,PILOT,IL,2014,NONE,SPORT UTILITY VEHICLE (SUV),PERSONAL,W,STRAIGHT AHEAD,,,2,,,,,,Y,,,,,,,,,,,,SIDE-RIGHT,,,,,,,,,,,,,,,,,,,,,,,,,,,,,,,,,
1988653,083bc3204ca6f05804c1bbcb2a7ff70d6b316152984a2f023e9009a75e157c4e235a336815cdb70025caa8aaf55a1331f3950b1863dbc9f01cb399fccbf3628d,01/17/2025 11:00:00 AM,2,DRIVER,,1894986,,"PREVOST CAR / BUS (SAINTE CLAIRE, QUEBEC)","PREVOST CAR, (""PREVOST BUS;"" SAINTE CLAIRE, QUEBEC",IL,2016,NONE,BUS OVER 15 PASS.,CTA,W,STRAIGHT AHEAD,,,1,,,,,,,,,,,,,,Y,,,,SIDE-LEFT,,,,,,,,,,,,,,,,,,,,,,,,,,,,,,,,,
1988072,c09adf2be91c4354f1813a0c39bb9bc14adcbeeb48a361e9a821717ba9044934d2cd093db6a7e2ba85d1afd0bea3f30faef616d48364ed427b7007f8f288bfa7,01/16/2025 01:00:00 PM,1,DRIVER,,1894413,,HONDA,CIVIC,IL,2005,UNKNOWN,PASSENGER,PERSONAL,N,STRAIGHT AHEAD,,,1,,,,,,,,,,,,,,,,Y,,FRONT,,,,,,,,,,,,,,,,,,,,,,,,,,,,,,,,,
1988073,c09adf2be91c4354f1813a0c39bb9bc14adcbeeb48a361e9a821717ba9044934d2cd093db6a7e2ba85d1afd0bea3f30faef616d48364ed427b7007f8f288bfa7,01/16/2025 01:00:00 PM,2,DRIVER,,1894415,,HYUNDAI,TUCSON,IL,2024,UNKNOWN,PASSENGER,PERSONAL,N,STRAIGHT AHEAD,,,1,,,,,,,,,,Y,,,,,,,,REAR,,,,,,,,,,,,,,,,,,,,,,,,,,,,,,,,,
1987982,17c770e813c240672a15d74a9908de36bc6b514e829113353f306a4d939c0faacc9300a5f1a51c49f3bc896d4b518394825e9f09a8fa5b6a89287dd7db700371,01/16/2025 08:55:00 AM,2,DRIVER,,1894338,,AUDI,A8,IL,,UNKNOWN,PASSENGER,UNKNOWN/NA,W,UNKNOWN/NA,,,1,,,,,Y,,,,,,,,,,Y,Y,Y,FRONT,,,,,,,,,,,,,,,,,,,,,,,,,,,,,,,,,
1987985,17c770e813c240672a15d74a9908de36bc6b514e829113353f306a4d939c0faacc9300a5f1a51c49f3bc896d4b518394825e9f09a8fa5b6a89287dd7db700371,01/16/2025 08:55:00 AM,1,DRIVER,1,1894331,,HONDA,CR-V,IL,2004,UNKNOWN,SPORT UTILITY VEHICLE (SUV),PERSONAL,NE,TURNING LEFT,,,2,,,,,Y,,,,,,,,,,N,N,,FRONT-RIGHT-CORNER,,,,,,,,,,,,,,,,,,,,,,,,,,,,,,,,,
1987754,b81130ae3a0aa721b97d2646c553532dae364ec0ccc9c10787b9e12153c3979c9a07974dd8bba3f9929628b659b700b8848bc75dae324f9c89b279b2e48536a6,01/15/2025 08:00:00 PM,1,PARKED,1,1894104,,LINCOLN,NAVIGATOR,IL,2022,NONE,SPORT UTILITY VEHICLE (SUV),TAXI/FOR HIRE,N,PARKED,,,1,,,,,,,,,,Y,,,,,,,,REAR,,,,,,,,,,,,,,,,,,,,,,,,,,,,,,,,,
1987755,b81130ae3a0aa721b97d2646c553532dae364ec0ccc9c10787b9e12153c3979c9a07974dd8bba3f9929628b659b700b8848bc75dae324f9c89b279b2e48536a6,01/15/2025 08:00:00 PM,2,PARKED,1,1894108,,LINCOLN,NAVIGATOR,IL,2022,NONE,SPORT UTILITY VEHICLE (SUV),TAXI/FOR HIRE,N,PARKED,,,1,,,,,,,,,,,,,,,,Y,,FRONT,,,,,,,,,,,,,,,,,,,,,,,,,,,,,,,,,
1987749,1d0ea0f88d5e411af70ba44870b700530ab70344654f29f7998191d4894531897110a4be538146ab8c38bd538bd671356111106e7574824b7f8c54d974f6335d,01/15/2025 07:40:00 PM,1,DRIVER,1,1894101,,TOYOTA,CAMRY,IL,2007,NONE,PASSENGER,PERSONAL,E,STRAIGHT AHEAD,Y,,2,,towed by ohare o4,relocation lot,,Y,Y,Y,Y,Y,,,,,,,,,SIDE-RIGHT,,,,,,,,,,,,,,,,,,,,,,,,,,,,,,,,,
1987750,1d0ea0f88d5e411af70ba44870b700530ab70344654f29f7998191d4894531897110a4be538146ab8c38bd538bd671356111106e7574824b7f8c54d974f6335d,01/15/2025 07:40:00 PM,2,DRIVER,,1894103,,INFINITI,Q50,IL,2024,NONE,SPORT UTILITY VEHICLE (SUV),PERSONAL,W,STRAIGHT AHEAD,Y,,1,,towed by ohare o4,relocation lot,,Y,,,,,,,,,,Y,Y,,FRONT,,,,,,,,,,,,,,,,,,,,,,,,,,,,,,,,,
1987751,1d0ea0f88d5e411af70ba44870b700530ab70344654f29f7998191d4894531897110a4be538146ab8c38bd538bd671356111106e7574824b7f8c54d974f6335d,01/15/2025 07:40:00 PM,3,DRIVER,,1894106,,LINCOLN,MKS,IN,2009,NONE,PASSENGER,PERSONAL,W,STRAIGHT AHEAD,Y,,1,,towed by ohare o4,relocation lot,,Y,,,,,,,,,Y,Y,Y,,FRONT,,,,,,,,,,,,,,,,,,,,,,,,,,,,,,,,,
1987580,3d412b7725c0640ce02d126d66c9e87898ff7abf3e59b884cb700c29921cded0ed06522e6391d37c8910b06d0eaa839588572e577ea3f484331a8f17f193114a,01/14/2025 11:45:00 PM,1,DRIVER,,1893913,,UNKNOWN,OTHER (EXPLAIN IN NARRATIVE),,,UNKNOWN,PICKUP,PERSONAL,W,STRAIGHT AHEAD,,,1,,,,,,,,,,,,,,,,,,UNKNOWN,,,,,,,,,,,,,,,,,,,,,,,,,,,,,,,,,
1987581,3d412b7725c0640ce02d126d66c9e87898ff7abf3e59b884cb700c29921cded0ed06522e6391d37c8910b06d0eaa839588572e577ea3f484331a8f17f193114a,01/14/2025 11:45:00 PM,2,PARKED,,1893917,,LAND ROVER,OTHER (EXPLAIN IN NARRATIVE),IL,2016,UNKNOWN,PASSENGER,PERSONAL,W,PARKED,Y,,0,,JOHNYS ROADSIDE,,,,Y,Y,,,,,,,,,,,SIDE-RIGHT,,,,,,,,,,,,,,,,,,,,,,,,,,,,,,,,,
1986581,d2e0b705e329739dade61dfb7009b32a4c7e07814b2dd39ebbb46be9394da909f133c247afbb2c8ccd9761dac1bf50613994a81ea3e1946b4c5e45a05e9291ed,01/14/2025 10:00:00 AM,1,DRIVER,,1892952,,UNKNOWN,ENCLOSED BODY,IL,,UNKNOWN,UNKNOWN/NA,UNKNOWN/NA,UNKNOWN,UNKNOWN/NA,,,1,,,,,,,,,,,,,,,,,,UNKNOWN,,,,,,,,,,,,,,,,,,,,,,,,,,,,,,,,,
1986582,d2e0b705e329739dade61dfb7009b32a4c7e07814b2dd39ebbb46be9394da909f133c247afbb2c8ccd9761dac1bf50613994a81ea3e1946b4c5e45a05e9291ed,01/14/2025 10:00:00 AM,2,PARKED,,1892961,,CHEVROLET,BLAZER,IL,2019,NONE,PASSENGER,PERSONAL,E,PARKED,,,0,,,,,,,,,,,,,,Y,Y,,,FRONT-LEFT-CORNER,,,,,,,,,,,,,,,,,,,,,,,,,,,,,,,,,
1986998,41d33709ac13e3997f813fc029de3c80e787903a475de4b1bd89402ae9757dfa596806f0195b700d1b04c77cbf1b53d65985b78a0183c3cf3f5dafc1cad27b16,01/14/2025 02:00:00 AM,1,DRIVER,,1893361,,UNKNOWN,OTHER (EXPLAIN IN NARRATIVE),,,NONE,PASSENGER,UNKNOWN/NA,N,SKIDDING/CONTROL LOSS,,,1,,,,,,,,,Y,Y,Y,,,,,,,FRONT,,,,,,,,,,,,,,,,,,,,,,,,,,,,,,,,,
1986999,41d33709ac13e3997f813fc029de3c80e787903a475de4b1bd89402ae9757dfa596806f0195b700d1b04c77cbf1b53d65985b78a0183c3cf3f5dafc1cad27b16,01/14/2025 02:00:00 AM,2,PARKED,,1893364,,HYUNDAI,KONA,IL,2022,NONE,PASSENGER,PERSONAL,N,PARKED,,,0,,,,,,,,Y,Y,Y,,,,,,,,REAR-RIGHT-CORNER,,,,,,,,,,,,,,,,,,,,,,,,,,,,,,,,,
1985808,0e44d25738d589f0d0429c5368203b5cb7371ece98d73e54a29d0cd5d7509dc2d85a9cf61c810390b7163dded7ff91c3e5078bbf65bb7008afede75b1599ccce,01/13/2025 07:40:00 AM,1,DRIVER,,1892216,,HYUNDAI,TUCSON,IL,,UNKNOWN,PASSENGER,PERSONAL,W,STRAIGHT AHEAD,,,1,,,,,,,,,,,,,,,,Y,,FRONT,,,,,,,,,,,,,,,,,,,,,,,,,,,,,,,,,
1985809,0e44d25738d589f0d0429c5368203b5cb7371ece98d73e54a29d0cd5d7509dc2d85a9cf61c810390b7163dded7ff91c3e5078bbf65bb7008afede75b1599ccce,01/13/2025 07:40:00 AM,2,DRIVER,,1892225,,FORD,F150,IL,,UNKNOWN,PICKUP,PERSONAL,W,STRAIGHT AHEAD,,,1,,,,,,,,,,Y,,,,,,,,REAR,,,,,,,,,,,,,,,,,,,,,,,,,,,,,,,,,
1985739,d1efc4e36f3ad27dfe9e0d544354d8a10e0bc2d0ba2b2a6fc73b5fe8744252071fb6daa7dbafea552b81c763a0ed40554aa2434acb7005264ea468909c79364b,01/12/2025 08:40:00 PM,1,DRIVER,,1892140,,HONDA,CR-V,IL,2008,NONE,PASSENGER,UNKNOWN/NA,N,STRAIGHT AHEAD,,,1,,,,,,,,,,,,,,,,Y,,FRONT,,,,,,,,,,,,,,,,,,,,,,,,,,,,,,,,,
1985740,d1efc4e36f3ad27dfe9e0d544354d8a10e0bc2d0ba2b2a6fc73b5fe8744252071fb6daa7dbafea552b81c763a0ed40554aa2434acb7005264ea468909c79364b,01/12/2025 08:40:00 PM,2,DRIVER,,1892143,,HONDA,FIT,IL,2020,NONE,PASSENGER,PERSONAL,N,SLOW/STOP IN TRAFFIC,,,1,,,,,,,,,,Y,,,,,,,,REAR,,,,,,,,,,,,,,,,,,,,,,,,,,,,,,,,,
1985046,3a315402ef57df93cb4da9eb770ec7f2e40f03f957895d62e9401b50460cc48b700091cea6f6264f7283e9967859370a399dc18210aec6df5cd6af52c2275634,01/11/2025 01:00:00 PM,1,DRIVER,,1891836,,FORD,FUSION,IL,2016,UNKNOWN,PASSENGER,PERSONAL,S,STRAIGHT AHEAD,,,1,,,,,,,,,,,,,,,,Y,,FRONT,,,,,,,,,,,,,,,,,,,,,,,,,,,,,,,,,
1985047,3a315402ef57df93cb4da9eb770ec7f2e40f03f957895d62e9401b50460cc48b700091cea6f6264f7283e9967859370a399dc18210aec6df5cd6af52c2275634,01/11/2025 01:00:00 PM,2,DRIVER,1,1891837,,HONDA,INSIGHT,IL,2011,NONE,PASSENGER,PERSONAL,S,SLOW/STOP IN TRAFFIC,,,2,,,,,,,,,,Y,,,,,,,,REAR,,,,,,,,,,,,,,,,,,,,,,,,,,,,,,,,,
1982741,16c3ecb936890a1a2252217e89f2febdb8a4477ad615783b700158f78c1a9a14329f60b06f585ebb6a8661361fa603dda60e2fb486a7756ed9f1a0b6515ec475,01/07/2025 10:51:00 PM,1,DRIVER,,1889244,,FORD,F250,IL,2005,UNKNOWN,TRUCK - SINGLE UNIT,PERSONAL,W,STRAIGHT AHEAD,Y,,1,,,,,Y,,,,,,,,,,Y,Y,,FRONT-LEFT-CORNER,,,,,,,,,,,,,,,,,,,,,,,,,,,,,,,,,
1982742,16c3ecb936890a1a2252217e89f2febdb8a4477ad615783b700158f78c1a9a14329f60b06f585ebb6a8661361fa603dda60e2fb486a7756ed9f1a0b6515ec475,01/07/2025 10:51:00 PM,2,DRIVER,1,1889245,,HONDA,CIVIC,IL,2019,UNKNOWN,PASSENGER,PERSONAL,UNKNOWN,UNKNOWN/NA,Y,,2,,,,,,,,,,,,Y,Y,Y,Y,Y,,SIDE-LEFT-FRONT,,,,,,,,,,,,,,,,,,,,,,,,,,,,,,,,,
1978496,a9284496d85c7ab1af6aa76fb7006cc60befefb1d17d2301565da3a8d7c8c3b2e7c3a3ea1fd0b880e06fcc85872c7bb471821ce73a824fad89f288b11aac65f7,12/30/2024 06:00:00 PM,1,DRIVER,,1885140,,FORD,ESCAPE,IL,2023,NONE,SPORT UTILITY VEHICLE (SUV),PERSONAL,W,ENTER FROM DRIVE/ALLEY,,,1,,,,,Y,Y,,,,,,,,Y,Y,Y,,FRONT,,,,,,,,,,,,,,,,,,,,,,,,,,,,,,,,,
1978497,a9284496d85c7ab1af6aa76fb7006cc60befefb1d17d2301565da3a8d7c8c3b2e7c3a3ea1fd0b880e06fcc85872c7bb471821ce73a824fad89f288b11aac65f7,12/30/2024 06:00:00 PM,2,DRIVER,,1885150,,JEEP,GRAND CHEROKEE,IL,2017,NONE,SPORT UTILITY VEHICLE (SUV),PERSONAL,S,STRAIGHT AHEAD,,,1,,,,,,,,,,,,,,Y,Y,Y,,FRONT-LEFT-CORNER,,,,,,,,,,,,,,,,,,,,,,,,,,,,,,,,,
1978498,a9284496d85c7ab1af6aa76fb7006cc60befefb1d17d2301565da3a8d7c8c3b2e7c3a3ea1fd0b880e06fcc85872c7bb471821ce73a824fad89f288b11aac65f7,12/30/2024 06:00:00 PM,3,PARKED,,1885155,,GENERAL MOTORS CORPORATION (GMC),JIMMY,IL,1999,NONE,SPORT UTILITY VEHICLE (SUV),UNKNOWN/NA,S,PARKED,,,0,,,,,,,,,,Y,Y,Y,,,,,,REAR,,,,,,,,,,,,,,,,,,,,,,,,,,,,,,,,,
1977625,6ae3f55be5432743cb667e07651decae2802fd358f01af99596b700063282ae91bb0c3d0b9b4c68d10fe853a774901acdac76f13cb2ce0f128369d220c3daf9c,12/29/2024 03:56:00 AM,1,DRIVER,4,1884311,,CHEVROLET,CORVETTE,IL,,UNKNOWN,PASSENGER,UNKNOWN/NA,S,BACKING,,,5,,,,,,,,,,,,,,,,,Y,REAR,,,,,,,,,,,,,,,,,,,,,,,,,,,,,,,,,
1977626,6ae3f55be5432743cb667e07651decae2802fd358f01af99596b700063282ae91bb0c3d0b9b4c68d10fe853a774901acdac76f13cb2ce0f128369d220c3daf9c,12/29/2024 03:56:00 AM,2,DRIVER,1,1884310,,FORD,EXPLORER,IL,2020,NONE,SPORT UTILITY VEHICLE (SUV),POLICE,S,STRAIGHT AHEAD,,,2,,,,,,,,,,,,,,,,Y,,FRONT,,,,,,,,,,,,,,,,,,,,,,,,,,,,,,,,,
1976476,aef4462b7c82ded6b7004cd022919f7cb26601e195cc00aa4b27b64223a7ebdc775b913f9872012c059f056f66dc7ac3fbf5ffd7a4acc1a70645d43348e9a290,12/26/2024 11:00:00 PM,1,DRIVER,,1883215,,UNKNOWN,OTHER (EXPLAIN IN NARRATIVE),,,UNKNOWN,TRUCK - SINGLE UNIT,UNKNOWN/NA,N,STRAIGHT AHEAD,,,1,,,,,,,,,,,,,,,,,Y,UNKNOWN,,,,,,,,,,,,,,,,,,,,,,,,,,,,,,,,,
1976477,aef4462b7c82ded6b7004cd022919f7cb26601e195cc00aa4b27b64223a7ebdc775b913f9872012c059f056f66dc7ac3fbf5ffd7a4acc1a70645d43348e9a290,12/26/2024 11:00:00 PM,2,PARKED,,1883219,,GENESIS,G70,IL,2025,NONE,OTHER,OTHER,N,PARKED,Y,,0,,PRIVATE TOW,,,,,,,,,,,,Y,Y,,,SIDE-LEFT,,,,,,,,,,,,,,,,,,,,,,,,,,,,,,,,,
1973736,66c130183dcf5df3b7a44ffa62a2b6182d850a77ff744281efdb4390714956cf02aad6264b96c8ee8a42d921fdccd39f1b53fa57e12b9cb700c31665f6b2f6d3,12/21/2024 12:06:00 PM,1,DRIVER,,1880542,,TOYOTA,PRIUS,IL,2013,NONE,PASSENGER,PERSONAL,W,PASSING/OVERTAKING,,,1,,,,,,,,,,,,,,,,,Y,UNKNOWN,,,,,,,,,,,,,,,,,,,,,,,,,,,,,,,,,
1973737,66c130183dcf5df3b7a44ffa62a2b6182d850a77ff744281efdb4390714956cf02aad6264b96c8ee8a42d921fdccd39f1b53fa57e12b9cb700c31665f6b2f6d3,12/21/2024 12:06:00 PM,2,DRIVER,,1880549,,HYUNDAI,ELANTRA,IL,2020,NONE,PASSENGER,PERSONAL,W,TURNING LEFT,,,1,,,,,,,,,,,Y,Y,,,,,,REAR-LEFT-CORNER,,,,,,,,,,,,,,,,,,,,,,,,,,,,,,,,,
1972932,2a5f817b46c97d45145587deead1edb7003560f1243d7e4510e7e4371beb97bea785491ef7e0734405fd7fac7ad2a8b74e34dc9e3d101b6aa594d76010611177,12/20/2024 12:20:00 PM,1,DRIVER,,1879778,,CADILLAC,ESCALADE,IL,2011,UNKNOWN,SPORT UTILITY VEHICLE (SUV),UNKNOWN/NA,N,STRAIGHT AHEAD,,,1,,,,,,,,,,,,,,Y,Y,Y,,FRONT-LEFT-CORNER,,,,,,,,,,,,,,,,,,,,,,,,,,,,,,,,,
1972933,2a5f817b46c97d45145587deead1edb7003560f1243d7e4510e7e4371beb97bea785491ef7e0734405fd7fac7ad2a8b74e34dc9e3d101b6aa594d76010611177,12/20/2024 12:20:00 PM,2,PARKED,,1879783,,GENERAL MOTORS CORPORATION (GMC),TERRAIN,IL,2020,UNKNOWN,UNKNOWN/NA,PERSONAL,N,PARKED,Y,,0,,,,,,,Y,Y,Y,Y,Y,,,,,,,REAR,,,,,,,,,,,,,,,,,,,,,,,,,,,,,,,,,
1972934,2a5f817b46c97d45145587deead1edb7003560f1243d7e4510e7e4371beb97bea785491ef7e0734405fd7fac7ad2a8b74e34dc9e3d101b6aa594d76010611177,12/20/2024 12:20:00 PM,3,PARKED,,1879789,,BMW,520,IL,2023,UNKNOWN,PASSENGER,PERSONAL,N,PARKED,,,0,,,,,,,,Y,Y,Y,Y,,,,,,,REAR-RIGHT-CORNER,,,,,,,,,,,,,,,,,,,,,,,,,,,,,,,,,