CRASH_UNIT_ID,CRASH_RECORD_ID,CRASH_DATE,UNIT_NO,UNIT_TYPE,NUM_PASSENGERS,VEHICLE_ID,CMRC_VEH_I,MAKE,MODEL,LIC_PLATE_STATE,VEHICLE_YEAR,VEHICLE_DEFECT,VEHICLE_TYPE,VEHICLE_USE,TRAVEL_DIRECTION,MANEUVER,TOWED_I,FIRE_I,OCCUPANT_CNT,EXCEED_SPEED_LIMIT_I,TOWED_BY,TOWED_TO,AREA_00_I,AREA_01_I,AREA_02_I,AREA_03_I,AREA_04_I,AREA_05_I,AREA_06_I,AREA_07_I,AREA_08_I,AREA_09_I,AREA_10_I,AREA_11_I,AREA_12_I,AREA_99_I,FIRST_CONTACT_POINT,CMV_ID,USDOT_NO,CCMC_NO,ILCC_NO,COMMERCIAL_SRC,GVWR,CARRIER_NAME,CARRIER_STATE,CARRIER_CITY,HAZMAT_PLACARDS_I,HAZMAT_NAME,UN_NO,HAZMAT_PRESENT_I,HAZMAT_REPORT_I,HAZMAT_REPORT_NO,MCS_REPORT_I,MCS_REPORT_NO,HAZMAT_VIO_CAUSE_CRASH_I,MCS_VIO_CAUSE_CRASH_I,IDOT_PERMIT_NO,WIDE_LOAD_I,TRAILER1_WIDTH,TRAILER2_WIDTH,TRAILER1_LENGTH,TRAILER2_LENGTH,TOTAL_VEHICLE_LENGTH,AXLE_CNT,VEHICLE_CONFIG,CARGO_BODY_TYPE,LOAD_TYPE,HAZMAT_OUT_OF_SERVICE_I,MCS_OUT_OF_SERVICE_I,HAZMAT_CLASS
1971074,ec3b5ccfdd984508cec4236e66697b7005ae51b8d53c73f424fc5ee5060dfb8feab5f8c817b2f60df35ac2aa81118ecf984f071c8fde21c9246ad263ce08a581,12/17/2024 09:00:00 AM,1,DRIVER,,1877997,,UNKNOWN,OTHER (EXPLAIN IN NARRATIVE),XX,,UNKNOWN,UNKNOWN/NA,UNKNOWN/NA,E,STRAIGHT AHEAD,,,1,,,,,,,,,,,,,,,,,,UNKNOWN,,,,,,,,,,,,,,,,,,,,,,,,,,,,,,,,,
1971081,ec3b5ccfdd984508cec4236e66697b7005ae51b8d53c73f424fc5ee5060dfb8feab5f8c817b2f60df35ac2aa81118ecf984f071c8fde21c9246ad263ce08a581,12/17/2024 09:00:00 AM,2,PARKED,,1878001,,HYUNDAI,SONATA,IL,2016,UNKNOWN,PASSENGER,PERSONAL,E,PARKED,,,0,,,,,,,,,,Y,Y,Y,Y,,,,,REAR-LEFT-CORNER,,,,,,,,,,,,,,,,,,,,,,,,,,,,,,,,,
1969153,8c3b549c36792ce4c7511fac1e13b5b249b3ed016c2dec7ef8d3a7d3ccfce66f1500f2ada9656482675643cfef63017d21b700f8a3f43bab8f91e626151687fc,12/15/2024 01:03:00 AM,1,DRIVER,,1876147,,MERCURY,OTHER (EXPLAIN IN NARRATIVE),IL,2009,UNKNOWN,UNKNOWN/NA,UNKNOWN/NA,S,PASSING/OVERTAKING,,,1,,,,,,,,,,,,,,,,,Y,SIDE-RIGHT,,,,,,,,,,,,,,,,,,,,,,,,,,,,,,,,,
1969154,8c3b549c36792ce4c7511fac1e13b5b249b3ed016c2dec7ef8d3a7d3ccfce66f1500f2ada9656482675643cfef63017d21b700f8a3f43bab8f91e626151687fc,12/15/2024 01:03:00 AM,2,DRIVER,,1876154,,NISSAN,MURANO,IL,2005,NONE,PASSENGER,PERSONAL,S,STRAIGHT AHEAD,,,1,,,,,,,,,,,Y,Y,Y,Y,Y,,,SIDE-LEFT,,,,,,,,,,,,,,,,,,,,,,,,,,,,,,,,,
1983266,6540e82743f0ec8b1db962b700e23f29324ed106d31f2ac51f99d1484bda31c1f5513712c608b0217b4ce291ce8fa9ee8ab8eeccbdbd1c5d6f6edad564927d19,12/14/2024 09:00:00 PM,1,DRIVER,,1889752,,CHRYSLER,OTHER (EXPLAIN IN NARRATIVE),IL,2005,UNKNOWN,PASSENGER,PERSONAL,W,PASSING/OVERTAKING,,,1,,,,,Y,Y,,,,,,,,,,Y,,FRONT-RIGHT-CORNER,,,,,,,,,,,,,,,,,,,,,,,,,,,,,,,,,
1983267,6540e82743f0ec8b1db962b700e23f29324ed106d31f2ac51f99d1484bda31c1f5513712c608b0217b4ce291ce8fa9ee8ab8eeccbdbd1c5d6f6edad564927d19,12/14/2024 09:00:00 PM,2,DRIVER,,1889754,,CHEVROLET,EQUINOX,IL,2005,NONE,SPORT UTILITY VEHICLE (SUV),PERSONAL,W,STRAIGHT AHEAD,Y,,1,,PRIVATE,,,,,,,,Y,Y,Y,,,,,,REAR-LEFT-CORNER,,,,,,,,,,,,,,,,,,,,,,,,,,,,,,,,,
1971038,679ee52e3406582461d815a272c2c041c30731ce00e173efd6662a65db70099d1675be0f9d8ccd7dba0119397577c1bdf2f9c778dd91237a4e56c0f2b4782ab2,12/14/2024 03:00:00 PM,1,DRIVER,,1877974,,UNKNOWN,OTHER (EXPLAIN IN NARRATIVE),,,UNKNOWN,UNKNOWN/NA,UNKNOWN/NA,UNKNOWN,UNKNOWN/NA,,,1,,,,,,,,,,,,,,,,,Y,UNKNOWN,,,,,,,,,,,,,,,,,,,,,,,,,,,,,,,,,
1971039,679ee52e3406582461d815a272c2c041c30731ce00e173efd6662a65db70099d1675be0f9d8ccd7dba0119397577c1bdf2f9c778dd91237a4e56c0f2b4782ab2,12/14/2024 03:00:00 PM,2,PARKED,,1877968,,KIA,SORENTO,IL,2019,UNKNOWN,PASSENGER,PERSONAL,S,PARKED,,,0,,,,,Y,,,,,,,,,,Y,Y,,FRONT,,,,,,,,,,,,,,,,,,,,,,,,,,,,,,,,,
1968600,6e61cb10fdc866b19bb3a52f923f20b7003610a5cc4652f6caf5cfb3c10df5070ea156178f8168fd95084d2fba8fdf0e91c6dc2ceb05d9774a3609ceea4ff8a3,12/14/2024 11:35:00 AM,1,DRIVER,,1875632,,CHRYSLER,PACIFICA,IL,2005,UNKNOWN,PASSENGER,PERSONAL,E,BACKING,,,1,,,,,,,,,,,,,,,Y,,,SIDE-LEFT-FRONT,,,,,,,,,,,,,,,,,,,,,,,,,,,,,,,,,
1968601,6e61cb10fdc866b19bb3a52f923f20b7003610a5cc4652f6caf5cfb3c10df5070ea156178f8168fd95084d2fba8fdf0e91c6dc2ceb05d9774a3609ceea4ff8a3,12/14/2024 11:35:00 AM,2,PARKED,,1875635,,HYUNDAI,TUCSON,IL,2023,UNKNOWN,PASSENGER,NOT IN USE,N,PARKED,,,0,,,,,,,,,,,,,,,,,,REAR-RIGHT-CORNER,,,,,,,,,,,,,,,,,,,,,,,,,,,,,,,,,
1968005,fe6c521b7daf1d48b0b7002457a22d280c83fe3bb6e57181e3d364d476f940ed53fd16c844843bfe64976a19d19b7fb2dd5adadb7eed6a89b2111e06af1aea06,12/13/2024 04:05:00 PM,1,DRIVER,,1875036,,BMW,X5,IL,2009,NONE,PASSENGER,PERSONAL,E,ENTERING TRAFFIC LANE FROM PARKING,,,1,,,,,Y,,,,,,,,,Y,Y,Y,,FRONT-LEFT-CORNER,,,,,,,,,,,,,,,,,,,,,,,,,,,,,,,,,
1968006,fe6c521b7daf1d48b0b7002457a22d280c83fe3bb6e57181e3d364d476f940ed53fd16c844843bfe64976a19d19b7fb2dd5adadb7eed6a89b2111e06af1aea06,12/13/2024 04:05:00 PM,2,DRIVER,,1875049,,GENERAL MOTORS CORPORATION (GMC),DENALI,IL,2024,NONE,PASSENGER,PERSONAL,E,CHANGING LANES,,,1,,,,,,,,Y,Y,Y,,,,,,,,SIDE-RIGHT-REAR,,,,,,,,,,,,,,,,,,,,,,,,,,,,,,,,,
1967847,c51ee85e8bf8ee61e96c16f5c898bf582f2a701e26e80f9ddd56c1302908b716e1715fde663982ea05df46df2428d80bf33aa7e5d21faf9ab700160535efad96,12/13/2024 11:57:00 AM,1,DRIVER,,1874890,,AUTOCAR,AUTOCAR,,2009,NONE,TRUCK - SINGLE UNIT,OTHER,S,STRAIGHT AHEAD,,,1,,,,,,Y,,,,,,,,,,,,SIDE-RIGHT-FRONT,,,,,,,,,,,,,,,,,,,,,,,,,,,,,,,,,
1966982,c993cfb573729bbbe2511aa6b1f6580d9e025535e57996294061b7004312704e24ada71cbaa61463910d01dd38933845ee27cc5048b48b572ff7e19f87c35d3c,12/12/2024 03:54:00 AM,1,DRIVER,,1874052,,BUICK,ENVISION,IL,2019,UNKNOWN,PASSENGER,PERSONAL,N,STRAIGHT AHEAD,Y,,1,,ER,DOTY ROAD,,Y,Y,Y,Y,Y,,,,,,,Y,,SIDE-RIGHT-FRONT,,,,,,,,,,,,,,,,,,,,,,,,,,,,,,,,,
1966983,c993cfb573729bbbe2511aa6b1f6580d9e025535e57996294061b7004312704e24ada71cbaa61463910d01dd38933845ee27cc5048b48b572ff7e19f87c35d3c,12/12/2024 03:54:00 AM,2,PARKED,,1874054,,KIA,SORENTO,AR,2015,NONE,PASSENGER,PERSONAL,N,PARKED,,,0,,,,,,,,,,Y,Y,Y,Y,,,,,SIDE-LEFT-REAR,,,,,,,,,,,,,,,,,,,,,,,,,,,,,,,,,
1966984,c993cfb573729bbbe2511aa6b1f6580d9e025535e57996294061b7004312704e24ada71cbaa61463910d01dd38933845ee27cc5048b48b572ff7e19f87c35d3c,12/12/2024 03:54:00 AM,3,PARKED,,1874056,,HONDA,ACCORD,IL,2010,NONE,PASSENGER,PERSONAL,N,PARKED,,,0,,,,,,,,,Y,Y,Y,,,,,,,REAR,,,,,,,,,,,,,,,,,,,,,,,,,,,,,,,,,
1966652,250391c9b4f50efb700a73802a5947f4208f8a7823972b8e001a4836d34a0ad694037c212cb4b58f9d5d5e8537a123e60d4f6d4995a92ce1f4716f41ab6900e1,12/11/2024 03:00:00 PM,1,DRIVER,,1873736,,UNKNOWN,MOTORIZED,,,UNKNOWN,UNKNOWN/NA,UNKNOWN/NA,E,STRAIGHT AHEAD,,,1,,,,,Y,Y,,,,,,,,,,,,SIDE-RIGHT,,,,,,,,,,,,,,,,,,,,,,,,,,,,,,,,,
1966653,250391c9b4f50efb700a73802a5947f4208f8a7823972b8e001a4836d34a0ad694037c212cb4b58f9d5d5e8537a123e60d4f6d4995a92ce1f4716f41ab6900e1,12/11/2024 03:00:00 PM,2,PARKED,,1873738,,HONDA,ACCORD,IL,2019,NONE,PASSENGER,NOT IN USE,E,PARKED,,,0,,,,,,,,,,,,,,Y,Y,,,SIDE-LEFT,,,,,,,,,,,,,,,,,,,,,,,,,,,,,,,,,
1967695,1da362ca3e434ee98d54d90f3fd3c5de07b276d1c05bfb1876765e52676dbdde1d8ff0e744f88818d01a7586b79d20cb6cd853ddc96050f2b700d28193420929,12/05/2024 03:45:00 PM,1,DRIVER,,1874750,,TOYOTA,OTHER (EXPLAIN IN NARRATIVE),IL,,UNKNOWN,UNKNOWN/NA,UNKNOWN/NA,E,TURNING LEFT,,,1,,,,,,,,,,,,,,,Y,Y,,FRONT-LEFT-CORNER,,,,,,,,,,,,,,,,,,,,,,,,,,,,,,,,,
1967696,1da362ca3e434ee98d54d90f3fd3c5de07b276d1c05bfb1876765e52676dbdde1d8ff0e744f88818d01a7586b79d20cb6cd853ddc96050f2b700d28193420929,12/05/2024 03:45:00 PM,2,DRIVER,,1874772,,INFINITI,QX60,IL,2015,NONE,PASSENGER,PERSONAL,E,TURNING LEFT,,,1,,,,,Y,,,,,,,,,,,,,SIDE-RIGHT,,,,,,,,,,,,,,,,,,,,,,,,,,,,,,,,,
1962444,c7b02872a5a9de635735839c7d177bca431134e2ee61e85c73b90999d6d332257d9993a9b7060e1eb700d3f66e5c8332260a401a3704ef0886e6962c05ed4c0e,12/05/2024 09:00:00 AM,1,DRIVER,,1869684,,TOYOTA,CAMRY,IL,2010,UNKNOWN,PASSENGER,PERSONAL,E,STRAIGHT AHEAD,,,1,,,,,,,,,,Y,,,,,,,,REAR,,,,,,,,,,,,,,,,,,,,,,,,,,,,,,,,,
1962445,c7b02872a5a9de635735839c7d177bca431134e2ee61e85c73b90999d6d332257d9993a9b7060e1eb700d3f66e5c8332260a401a3704ef0886e6962c05ed4c0e,12/05/2024 09:00:00 AM,2,DRIVER,,1869696,,BUICK,ENCLAVE,IL,2019,NONE,PASSENGER,PERSONAL,E,STRAIGHT AHEAD,,,1,,,,Y,,,,,,,,,,,,,,NONE,,,,,,,,,,,,,,,,,,,,,,,,,,,,,,,,,
1961326,a666c797f246af88a303b3f7a72ae492b6a9ff642da9dd1ae06b1d188da124c4c4f9e6461a4f8b700727a80bb26f003828efab2f0224a0f338d0cb3d51b6f00a,12/03/2024 03:05:00 PM,1,DRIVER,,1868594,,JEEP,PATRIOT,IL,,UNKNOWN,PASSENGER,UNKNOWN/NA,E,TURNING LEFT,,,1,,,,,,,,,,,,,,,,Y,,FRONT,,,,,,,,,,,,,,,,,,,,,,,,,,,,,,,,,
1961327,a666c797f246af88a303b3f7a72ae492b6a9ff642da9dd1ae06b1d188da124c4c4f9e6461a4f8b700727a80bb26f003828efab2f0224a0f338d0cb3d51b6f00a,12/03/2024 03:05:00 PM,2,DRIVER,,1868596,,VOLKSWAGEN,JETTA,IN,2023,NONE,PASSENGER,PERSONAL,N,STRAIGHT AHEAD,,,1,,,,,,,,,,,Y,Y,,,,,,SIDE-RIGHT-REAR,,,,,,,,,,,,,,,,,,,,,,,,,,,,,,,,,
1961278,34897b7eecaba7a117255c76494eb89d0b3ca5aa8a5bc765a122a405eb794e36043a09a537a4b700279bfeb3411976825bff6f910db3fe280adb4dd7566121fd,12/02/2024 03:00:00 PM,1,DRIVER,,1868577,,HYUNDAI,SONATA,IL,2015,NONE,PASSENGER,PERSONAL,S,PASSING/OVERTAKING,,,1,,,,,Y,,,,,,,,,,,,,FRONT-RIGHT-CORNER,,,,,,,,,,,,,,,,,,,,,,,,,,,,,,,,,
1961279,34897b7eecaba7a117255c76494eb89d0b3ca5aa8a5bc765a122a405eb794e36043a09a537a4b700279bfeb3411976825bff6f910db3fe280adb4dd7566121fd,12/02/2024 03:00:00 PM,2,DRIVER,,1868583,,PORSCHE,MACAN,IL,2021,NONE,PASSENGER,PERSONAL,N,LEAVING TRAFFIC LANE TO PARK,,,1,,,,,,,,,,,,Y,Y,,,,,SIDE-LEFT,,,,,,,,,,,,,,,,,,,,,,,,,,,,,,,,,
1960844,3c147928b9aab1ecb815aa3753c520e957164e9227909863483251f9a431a2c1a82f4d9576978df4a0e47ae702687c2cacda8e945f8349db12a7ab7005c138fa,12/02/2024 12:30:00 PM,1,DRIVER,,1868160,,NISSAN,PATHFINDER,IL,2006,NONE,SPORT UTILITY VEHICLE (SUV),PERSONAL,S,STRAIGHT AHEAD,,,1,,,,,,,,,,,,,,,,Y,,FRONT,,,,,,,,,,,,,,,,,,,,,,,,,,,,,,,,,
1960845,3c147928b9aab1ecb815aa3753c520e957164e9227909863483251f9a431a2c1a82f4d9576978df4a0e47ae702687c2cacda8e945f8349db12a7ab7005c138fa,12/02/2024 12:30:00 PM,2,DRIVER,1,1868153,,GENERAL MOTORS CORPORATION (GMC),TERRAIN,IL,2017,NONE,SPORT UTILITY VEHICLE (SUV),PERSONAL,W,STRAIGHT AHEAD,,,2,,,,,Y,Y,,,,,,,,,,,,FRONT-RIGHT-CORNER,,,,,,,,,,,,,,,,,,,,,,,,,,,,,,,,,
1959086,f9e4af36c05d9b700a09dc98437fcd090a6fdc31fb0e9289afbea12cc27a5f16762de2f1e16be526023cc8b2d84d209728f103da2e949ec2130e8e5f8eba7b02,11/28/2024 06:30:00 PM,1,DRIVER,,1866459,,UNKNOWN,OTHER (EXPLAIN IN NARRATIVE),,,UNKNOWN,UNKNOWN/NA,UNKNOWN/NA,UNKNOWN,UNKNOWN/NA,,,1,,,,N,,,,,,,,,,,,,Y,UNKNOWN,,,,,,,,,,,,,,,,,,,,,,,,,,,,,,,,,
1959087,f9e4af36c05d9b700a09dc98437fcd090a6fdc31fb0e9289afbea12cc27a5f16762de2f1e16be526023cc8b2d84d209728f103da2e949ec2130e8e5f8eba7b02,11/28/2024 06:30:00 PM,2,PARKED,,1866453,,FORD,EDGE,IL,2016,NONE,SPORT UTILITY VEHICLE (SUV),PERSONAL,N,PARKED,,,0,,,,,Y,Y,Y,,,,,,,,,,,FRONT-RIGHT-CORNER,,,,,,,,,,,,,,,,,,,,,,,,,,,,,,,,,
1956877,2e89ec660bb9dc1e349e6d3b93e23db9a41fb7009bea5d1fa8e2009ce61265f4170dd54a8e28ac115a23eb2708f5b9102cd850b5b985229efc65a1c30972cdd8,11/25/2024 10:22:00 AM,1,DRIVER,,1864324,,FORD,FUSION,XX,,NONE,PASSENGER,PERSONAL,S,ENTERING TRAFFIC LANE FROM PARKING,,,1,,,,,Y,Y,,,,,,,,,,,,FRONT-RIGHT-CORNER,,,,,,,,,,,,,,,,,,,,,,,,,,,,,,,,,
1956878,2e89ec660bb9dc1e349e6d3b93e23db9a41fb7009bea5d1fa8e2009ce61265f4170dd54a8e28ac115a23eb2708f5b9102cd850b5b985229efc65a1c30972cdd8,11/25/2024 10:22:00 AM,2,PARKED,,1864327,,CHEVROLET,MALIBU,IL,2013,NONE,PASSENGER,PERSONAL,N,PARKED,,,0,,,,,,,,,,,Y,Y,,,,,,SIDE-LEFT-REAR,,,,,,,,,,,,,,,,,,,,,,,,,,,,,,,,,
1955954,bd9d183ea1cd0880dbee2578adfc29e8ef59018d82a0d94c83d13ea7d2bef26564536b9ba5ee7053f8943d6cfa55c29b700e0e767d8b740a52f2ec58cfa7783e,11/23/2024 02:15:00 PM,1,DRIVER,,1863420,,HYUNDAI,ELANTRA,IL,2008,UNKNOWN,PASSENGER,PERSONAL,E,OTHER,,,1,,,,,,,,,,,,,,,,Y,,FRONT,,,,,,,,,,,,,,,,,,,,,,,,,,,,,,,,,
1955955,bd9d183ea1cd0880dbee2578adfc29e8ef59018d82a0d94c83d13ea7d2bef26564536b9ba5ee7053f8943d6cfa55c29b700e0e767d8b740a52f2ec58cfa7783e,11/23/2024 02:15:00 PM,2,DRIVER,,1863429,,JEEP,GRAND CHEROKEE,TX,2021,UNKNOWN,SPORT UTILITY VEHICLE (SUV),PERSONAL,E,SLOW/STOP IN TRAFFIC,,,1,,,,,,,,,,Y,,,,,,,,REAR,,,,,,,,,,,,,,,,,,,,,,,,,,,,,,,,,
1955951,402731a5a7d80113b90a2c75713f385b700346c78a7172bd018150d31f49da52ba4be9b99b29dd936e4c101851420dbb9ba7684ec28e76d5771153d92d24bb69,11/23/2024 01:35:00 PM,1,DRIVER,,1863414,,UNKNOWN,OTHER (EXPLAIN IN NARRATIVE),,,UNKNOWN,UNKNOWN/NA,UNKNOWN/NA,UNKNOWN,UNKNOWN/NA,,,1,,,,,,,,,,,,,,,,,Y,UNKNOWN,,,,,,,,,,,,,,,,,,,,,,,,,,,,,,,,,
1954184,3614b70004478002cb5fbeba6cb472bd346c7837763ef41c196e25b681eb72652d62955a6d0fbb4d53f4b0ad84b91b029ec46aced50db743d8798e65fb263c0f,11/21/2024 09:52:00 AM,1,DRIVER,,1861746,,FLEET CAP'N TRAILERS,FLEET CAP'N TRAILERS,IN,2018,UNKNOWN,TRUCK - SINGLE UNIT,OTHER,E,STRAIGHT AHEAD,,,1,,,,,,,,,,,,,,,,Y,,FRONT,,,,,,,,,,,,,,,,,,,,,,,,,,,,,,,,,
1954185,3614b70004478002cb5fbeba6cb472bd346c7837763ef41c196e25b681eb72652d62955a6d0fbb4d53f4b0ad84b91b029ec46aced50db743d8798e65fb263c0f,11/21/2024 09:52:00 AM,2,DRIVER,,1861760,,TESLA,MODEL Y,IL,2023,UNKNOWN,PASSENGER,PERSONAL,E,STRAIGHT AHEAD,,,1,,,,,,,,,Y,Y,Y,,,,,,,REAR,,,,,,,,,,,,,,,,,,,,,,,,,,,,,,,,,
1949827,8b700e34380c7dd8f25b48a32a459b6b3b1fb9f83fe5ba0dd497780ab2879d8c08c087f30c6132407857a77ff592977b93d3f4b4fe0bc7eb67921d5308e477cc,11/13/2024 10:55:00 PM,1,DRIVER,,1857527,,UNKNOWN,OTHER (EXPLAIN IN NARRATIVE),XX,,UNKNOWN,UNKNOWN/NA,UNKNOWN/NA,N,UNKNOWN/NA,,,1,,,,,Y,Y,Y,Y,Y,,,,,,,,,FRONT-RIGHT-CORNER,,,,,,,,,,,,,,,,,,,,,,,,,,,,,,,,,
1949828,8b700e34380c7dd8f25b48a32a459b6b3b1fb9f83fe5ba0dd497780ab2879d8c08c087f30c6132407857a77ff592977b93d3f4b4fe0bc7eb67921d5308e477cc,11/13/2024 10:55:00 PM,2,PARKED,,1857529,,VOLKSWAGEN,JETTA,IL,2016,NONE,PASSENGER,NOT IN USE,N,PARKED,,,0,,,,,,,,,,Y,Y,,,,,,,REAR-RIGHT-CORNER,,,,,,,,,,,,,,,,,,,,,,,,,,,,,,,,,
1946313,88a71eb1d753b700f8da4bd4c9b13113a09f09fc7f05fa3827e504dd24a9f114fd9b45ea8f13405c5649d0c0762a2d54afe2fd5a825282aebe8894388f3cfbbb,11/09/2024 10:57:00 PM,1,DRIVER,,1854182,,HONDA,CIVIC,,2005,NONE,PASSENGER,PERSONAL,W,TURNING LEFT,,,1,,,,,Y,,,,,,,,,,,,,FRONT-RIGHT-CORNER,,,,,,,,,,,,,,,,,,,,,,,,,,,,,,,,,
1946314,88a71eb1d753b700f8da4bd4c9b13113a09f09fc7f05fa3827e504dd24a9f114fd9b45ea8f13405c5649d0c0762a2d54afe2fd5a825282aebe8894388f3cfbbb,11/09/2024 10:57:00 PM,2,DRIVER,,1854185,,LEXUS,GS450H,IL,2013,NONE,PASSENGER,PERSONAL,S,STRAIGHT AHEAD,,,1,,,,,,,,,,,,,,,Y,,,FRONT-LEFT-CORNER,,,,,,,,,,,,,,,,,,,,,,,,,,,,,,,,,
1945438,7670e6d278d88ec1cb16a9ae165b88009029495a59714b09d727a09e9c82e31e20dfdc91bc2c8c1f31fb5167afa1c1ccb8fa5b7002e5ca5be683efabe9b792c7,11/08/2024 02:50:00 PM,1,DRIVER,,1853353,,CHEVROLET,OTHER (EXPLAIN IN NARRATIVE),IL,2006,UNKNOWN,OTHER,PERSONAL,W,STRAIGHT AHEAD,,,1,,,,,Y,,,,,,,,,,Y,Y,,FRONT,,,,,,,,,,,,,,,,,,,,,,,,,,,,,,,,,
1945439,7670e6d278d88ec1cb16a9ae165b88009029495a59714b09d727a09e9c82e31e20dfdc91bc2c8c1f31fb5167afa1c1ccb8fa5b7002e5ca5be683efabe9b792c7,11/08/2024 02:50:00 PM,2,DRIVER,,1853360,,FORD,OTHER (EXPLAIN IN NARRATIVE),IL,2015,UNKNOWN,OTHER,OTHER,W,STRAIGHT AHEAD,,,1,,,,,,,,,Y,Y,,,,,,,,REAR-RIGHT-CORNER,,,,,,,,,,,,,,,,,,,,,,,,,,,,,,,,,
1945024,2e6394ca5c592b444f28793e643dbfabd455f983d3ec9cc1ccef755f093fc82f6a44824d8756ac1426a7ce76029cccfadad0b636b700a0d067ce661d425dee85,11/08/2024 08:15:00 AM,1,DRIVER,,1852952,,UNKNOWN,OTHER (EXPLAIN IN NARRATIVE),,,NONE,PASSENGER,PERSONAL,E,STRAIGHT AHEAD,,,1,,,,,,,,,,,,,,,,N,,UNKNOWN,,,,,,,,,,,,,,,,,,,,,,,,,,,,,,,,,
1945025,2e6394ca5c592b444f28793e643dbfabd455f983d3ec9cc1ccef755f093fc82f6a44824d8756ac1426a7ce76029cccfadad0b636b700a0d067ce661d425dee85,11/08/2024 08:15:00 AM,2,DRIVER,,1852954,,NISSAN,ROGUE,IL,2017,NONE,PASSENGER,PERSONAL,E,STRAIGHT AHEAD,,,1,,,,,,,,,Y,Y,,,,,,,,REAR-RIGHT-CORNER,,,,,,,,,,,,,,,,,,,,,,,,,,,,,,,,,
1947023,374d33a7e290e157c716f881133ed92126f4cf66dcb956edc3cd3480903b25c1620f2af9999789f170520e66ec423f65c5d0b72b7000e0d22e07d9e8ab051aee,11/07/2024 03:15:00 PM,1,DRIVER,,1854842,,"FLEETWOOD ENTERPRISES, INC.","FLEETWOOD ENTERPRISES, INC.",IL,2019,NONE,TRUCK - SINGLE UNIT,PERSONAL,N,BACKING,,,1,,,,,,,,,,,,,,,,,,REAR-RIGHT-CORNER,,,,,,,,,,,,,,,,,,,,,,,,,,,,,,,,,
1947024,374d33a7e290e157c716f881133ed92126f4cf66dcb956edc3cd3480903b25c1620f2af9999789f170520e66ec423f65c5d0b72b7000e0d22e07d9e8ab051aee,11/07/2024 03:15:00 PM,2,PARKED,,1854848,,JEEP,LAREDO,IL,2024,NONE,SPORT UTILITY VEHICLE (SUV),NOT IN USE,S,PARKED,,,0,,,,,,,,,,,Y,,,,,,,REAR-LEFT-CORNER,,,,,,,,,,,,,,,,,,,,,,,,,,,,,,,,,
1943818,eedecc6299eea32146c1cd276ad152b7002c32191510da263d699cb6f74aa82a5b6526c1086ad72e845d2afe1ce14c7e23f9245496499e2b0c33b27b435e805a,11/06/2024 11:08:00 AM,1,DRIVER,,1851819,,CHEVROLET,OTHER (EXPLAIN IN NARRATIVE),IL,2012,NONE,PASSENGER,PERSONAL,W,STRAIGHT AHEAD,,,1,,,,,Y,,,,,,,,,,Y,Y,,FRONT,,,,,,,,,,,,,,,,,,,,,,,,,,,,,,,,,
1943819,eedecc6299eea32146c1cd276ad152b7002c32191510da263d699cb6f74aa82a5b6526c1086ad72e845d2afe1ce14c7e23f9245496499e2b0c33b27b435e805a,11/06/2024 11:08:00 AM,2,DRIVER,,1851821,,BUICK,OTHER (EXPLAIN IN NARRATIVE),IL,2019,NONE,PASSENGER,PERSONAL,W,STRAIGHT AHEAD,,,1,,,,,,,,,Y,Y,Y,,,,,,,REAR,,,,,,,,,,,,,,,,,,,,,,,,,,,,,,,,,
1942064,93d5fbf4420f73044119347a6ca0e404a05f4dc959b6a0b0098e6488585d9641629e43eb42568c541c4342df7c55041de52b8b700c3242a5ba3d1ec5f791be44,11/03/2024 03:45:00 PM,1,DRIVER,,1850139,,TOYOTA,CAMRY,IL,2009,UNKNOWN,PASSENGER,UNKNOWN/NA,S,UNKNOWN/NA,,,1,,,,,,,,,,,,,,,,,Y,UNKNOWN,,,,,,,,,,,,,,,,,,,,,,,,,,,,,,,,,
1942065,93d5fbf4420f73044119347a6ca0e404a05f4dc959b6a0b0098e6488585d9641629e43eb42568c541c4342df7c55041de52b8b700c3242a5ba3d1ec5f791be44,11/03/2024 03:45:00 PM,2,PARKED,1,1850149,,NISSAN,ROGUE,IL,2018,UNKNOWN,SPORT UTILITY VEHICLE (SUV),NOT IN USE,S,PARKED,,,1,,,,,,,,,,Y,,,,,,,,REAR,,,,,,,,,,,,,,,,,,,,,,,,,,,,,,,,,
1941984,1f63de9e7f82823e12aa023eb51a5cc77a7fe8c3687b267448767f3d030156fdb70045b058abe14218b7c11b38ff9e80bd30c1f54f6bda34ff356a5b3f6c3512,11/03/2024 01:35:00 PM,1,DRIVER,,1850122,,CHEVROLET,MALIBU,IL,2015,NONE,PASSENGER,PERSONAL,E,STRAIGHT AHEAD,,,1,,,,,Y,,,,,,,,,,Y,Y,,FRONT,,,,,,,,,,,,,,,,,,,,,,,,,,,,,,,,,
1941985,1f63de9e7f82823e12aa023eb51a5cc77a7fe8c3687b267448767f3d030156fdb70045b058abe14218b7c11b38ff9e80bd30c1f54f6bda34ff356a5b3f6c3512,11/03/2024 01:35:00 PM,2,DRIVER,,1850132,,HONDA,PILOT,IL,2011,UNKNOWN,PASSENGER,PERSONAL,E,STRAIGHT AHEAD,,,1,,,,,,,,,,,,,,,,,,REAR,,,,,,,,,,,,,,,,,,,,,,,,,,,,,,,,,