CRASH_UNIT_ID,CRASH_RECORD_ID,CRASH_DATE,UNIT_NO,UNIT_TYPE,NUM_PASSENGERS,VEHICLE_ID,CMRC_VEH_I,MAKE,MODEL,LIC_PLATE_STATE,VEHICLE_YEAR,VEHICLE_DEFECT,VEHICLE_TYPE,VEHICLE_USE,TRAVEL_DIRECTION,MANEUVER,TOWED_I,FIRE_I,OCCUPANT_CNT,EXCEED_SPEED_LIMIT_I,TOWED_BY,TOWED_TO,AREA_00_I,AREA_01_I,AREA_02_I,AREA_03_I,AREA_04_I,AREA_05_I,AREA_06_I,AREA_07_I,AREA_08_I,AREA_09_I,AREA_10_I,AREA_11_I,AREA_12_I,AREA_99_I,FIRST_CONTACT_POINT,CMV_ID,USDOT_NO,CCMC_NO,ILCC_NO,COMMERCIAL_SRC,GVWR,CARRIER_NAME,CARRIER_STATE,CARRIER_CITY,HAZMAT_PLACARDS_I,HAZMAT_NAME,UN_NO,HAZMAT_PRESENT_I,HAZMAT_REPORT_I,HAZMAT_REPORT_NO,MCS_REPORT_I,MCS_REPORT_NO,HAZMAT_VIO_CAUSE_CRASH_I,MCS_VIO_CAUSE_CRASH_I,IDOT_PERMIT_NO,WIDE_LOAD_I,TRAILER1_WIDTH,TRAILER2_WIDTH,TRAILER1_LENGTH,TRAILER2_LENGTH,TOTAL_VEHICLE_LENGTH,AXLE_CNT,VEHICLE_CONFIG,CARGO_BODY_TYPE,LOAD_TYPE,HAZMAT_OUT_OF_SERVICE_I,MCS_OUT_OF_SERVICE_I,HAZMAT_CLASS
1941930,faedaec1c02a64685e614d26858b88b700bd104026ae75f1d319c5b03c3de9791d8482b4c31df82808773e5986f7b3aac5260928fd72a7ac1e2c961f14f6affa,11/03/2024 12:30:00 PM,1,DRIVER,,1850018,,NISSAN,ROGUE,IL,2016,NONE,SPORT UTILITY VEHICLE (SUV),PERSONAL,UNKNOWN,UNKNOWN/NA,,,1,,,,,Y,,,,,,,,,,,,,UNKNOWN,,,,,,,,,,,,,,,,,,,,,,,,,,,,,,,,,
1940032,f4a3c1f186293d43a91098514e5acc7e069ae2cabaf93846784762004a6c0775de1e9c7455dcb700a68ef73a80efee94b2a896813704da6328493061bc448fdc,10/31/2024 04:57:00 PM,1,DRIVER,,1848219,,NISSAN,ROGUE,IL,2013,UNKNOWN,PASSENGER,PERSONAL,S,STRAIGHT AHEAD,Y,,1,,ALL TOWING AND RECOVERY,314 E. 69TH,,Y,,,,,,,,,,Y,Y,,FRONT,,,,,,,,,,,,,,,,,,,,,,,,,,,,,,,,,
1940033,f4a3c1f186293d43a91098514e5acc7e069ae2cabaf93846784762004a6c0775de1e9c7455dcb700a68ef73a80efee94b2a896813704da6328493061bc448fdc,10/31/2024 04:57:00 PM,2,DRIVER,1,1848229,,JEEP,GRAND CHEROKEE,IL,2017,NONE,PASSENGER,PERSONAL,S,STRAIGHT AHEAD,,,2,,,,,,,,,,Y,,,,,,,,REAR,,,,,,,,,,,,,,,,,,,,,,,,,,,,,,,,,
1940030,f86fea4f8f1c8df094f033d7f83b213ed1d4fec9c455223d63cae4fb73425d0de0b700e705be482efd3bb3567caabaf121e83e1c1745d96b93c2aeaa0da0c49c,10/31/2024 03:00:00 PM,1,DRIVER,,1848213,,UNKNOWN,OTHER (EXPLAIN IN NARRATIVE),,,UNKNOWN,UNKNOWN/NA,UNKNOWN/NA,UNKNOWN,UNKNOWN/NA,,,1,,,,,,,,,,,,,,,,,Y,UNKNOWN,,,,,,,,,,,,,,,,,,,,,,,,,,,,,,,,,
1940031,f86fea4f8f1c8df094f033d7f83b213ed1d4fec9c455223d63cae4fb73425d0de0b700e705be482efd3bb3567caabaf121e83e1c1745d96b93c2aeaa0da0c49c,10/31/2024 03:00:00 PM,2,PARKED,,1848221,,FORD,EDGE,IN,2017,NONE,SPORT UTILITY VEHICLE (SUV),PERSONAL,UNKNOWN,PARKED,,,0,,,,,,,,,,Y,Y,Y,,,,,,REAR-LEFT-CORNER,,,,,,,,,,,,,,,,,,,,,,,,,,,,,,,,,
1940435,8f3b2192ccbcf196de86c308b689d843f9835d05604db700b173dcf9b575c3477b079d1c464d42920ab58b7c0a17d671e845a60685a10e5bc681bcaf1396a58c,10/31/2024 09:50:00 AM,1,DRIVER,,1848583,,TOYOTA,CAMRY,IL,2019,UNKNOWN,PASSENGER,UNKNOWN/NA,E,TURNING LEFT,,,1,,,,,,,,,,,,,,,,Y,,FRONT,,,,,,,,,,,,,,,,,,,,,,,,,,,,,,,,,
1940436,8f3b2192ccbcf196de86c308b689d843f9835d05604db700b173dcf9b575c3477b079d1c464d42920ab58b7c0a17d671e845a60685a10e5bc681bcaf1396a58c,10/31/2024 09:50:00 AM,2,DRIVER,,1848584,,TOYOTA,CAMRY,IL,2007,UNKNOWN,PASSENGER,PERSONAL,W,STRAIGHT AHEAD,,,1,,,,,,,,,,,,,,Y,Y,,,FRONT-LEFT-CORNER,,,,,,,,,,,,,,,,,,,,,,,,,,,,,,,,,
1936857,a1efef68ea3273c4edbeca78d0b27a15d3d6dc8a40fb70055a041a14c9ea6132200c56807284264ba30327f61ba5e53900bd8e4c069a7d9f9a562242b5696ffa,10/27/2024 10:39:00 AM,1,DRIVER,,1845197,,NISSAN,SENTRA,IN,2020,UNKNOWN,PASSENGER,PERSONAL,N,UNKNOWN/NA,,,1,,,,,,,,,,,,,,,,,,FRONT,,,,,,,,,,,,,,,,,,,,,,,,,,,,,,,,,
1936858,a1efef68ea3273c4edbeca78d0b27a15d3d6dc8a40fb70055a041a14c9ea6132200c56807284264ba30327f61ba5e53900bd8e4c069a7d9f9a562242b5696ffa,10/27/2024 10:39:00 AM,2,PARKED,,1845199,,MERCEDES-BENZ,TRUCK,IL,2022,UNKNOWN,SPORT UTILITY VEHICLE (SUV),NOT IN USE,N,PARKED,,,0,,,,,,,,,,,,,,,,,,REAR,,,,,,,,,,,,,,,,,,,,,,,,,,,,,,,,,
1936754,24736f07743918e38090c245690bf3fd2ab409d7d11206b346549641016ecf29bb7004e04e726e60cc33a2d47f885affa40a1b4bc73f8a0f23e2039a6ea883cd,10/27/2024 04:44:00 AM,1,DRIVER,,1845084,,UNKNOWN,OTHER (EXPLAIN IN NARRATIVE),IL,,UNKNOWN,SPORT UTILITY VEHICLE (SUV),PERSONAL,N,UNKNOWN/NA,,,1,,,,,Y,Y,,,,,,,,Y,Y,Y,,FRONT-RIGHT-CORNER,,,,,,,,,,,,,,,,,,,,,,,,,,,,,,,,,
1936755,24736f07743918e38090c245690bf3fd2ab409d7d11206b346549641016ecf29bb7004e04e726e60cc33a2d47f885affa40a1b4bc73f8a0f23e2039a6ea883cd,10/27/2024 04:44:00 AM,2,PARKED,,1845085,,HYUNDAI,SONATA,IL,2008,UNKNOWN,PASSENGER,PERSONAL,N,PARKED,Y,,0,,TO BE DETERMINED,,,Y,Y,,,Y,Y,Y,Y,,Y,Y,Y,,REAR-LEFT-CORNER,,,,,,,,,,,,,,,,,,,,,,,,,,,,,,,,,
1936756,24736f07743918e38090c245690bf3fd2ab409d7d11206b346549641016ecf29bb7004e04e726e60cc33a2d47f885affa40a1b4bc73f8a0f23e2039a6ea883cd,10/27/2024 04:44:00 AM,3,PARKED,,1845090,,NISSAN,ROGUE,IL,2015,UNKNOWN,PASSENGER,PERSONAL,N,PARKED,,,0,,,,,Y,Y,,Y,Y,Y,Y,Y,,Y,Y,Y,,REAR,,,,,,,,,,,,,,,,,,,,,,,,,,,,,,,,,
1936757,24736f07743918e38090c245690bf3fd2ab409d7d11206b346549641016ecf29bb7004e04e726e60cc33a2d47f885affa40a1b4bc73f8a0f23e2039a6ea883cd,10/27/2024 04:44:00 AM,4,PARKED,,1845091,,LEXUS,GS350,IL,2013,UNKNOWN,PASSENGER,PERSONAL,N,PARKED,,,0,,,,,,,,,,Y,,,,,,,,REAR,,,,,,,,,,,,,,,,,,,,,,,,,,,,,,,,,
1936460,3bc661583eadb176d4b8cd938feea3fa9a46c255b700be0a7009b460431eba25bd28876c6c33433ceb96c4be8eaf5b4a34244383572286e1632c96b6df0292ec,10/26/2024 06:00:00 PM,1,DRIVER,,1844812,,LINCOLN,MKZ,IL,2010,UNKNOWN,PASSENGER,PERSONAL,W,STRAIGHT AHEAD,,,1,,,,,Y,,,,,,,,,,Y,Y,,FRONT,,,,,,,,,,,,,,,,,,,,,,,,,,,,,,,,,
1936461,3bc661583eadb176d4b8cd938feea3fa9a46c255b700be0a7009b460431eba25bd28876c6c33433ceb96c4be8eaf5b4a34244383572286e1632c96b6df0292ec,10/26/2024 06:00:00 PM,2,DRIVER,,1844826,,TOYOTA,CAMRY,IL,2018,NONE,PASSENGER,PERSONAL,W,STRAIGHT AHEAD,,,1,,,,,,,,,Y,Y,Y,,,,,,,REAR,,,,,,,,,,,,,,,,,,,,,,,,,,,,,,,,,
1936871,f5ef7c00b39b700a65294ab590508a153d57fca8a0ffd3b42f9bd5cae82d5ecdfef7592aec60fe0f7d69745763b3082c3f43e10b4ec523c3d34cf1cb7be826c0,10/25/2024 04:35:00 PM,1,DRIVER,,1845215,,MAZDA,CX-7,IL,2011,NONE,SPORT UTILITY VEHICLE (SUV),PERSONAL,N,STRAIGHT AHEAD,,,1,,,,,Y,Y,Y,Y,Y,,,,,,,,,SIDE-RIGHT,,,,,,,,,,,,,,,,,,,,,,,,,,,,,,,,,
1936872,f5ef7c00b39b700a65294ab590508a153d57fca8a0ffd3b42f9bd5cae82d5ecdfef7592aec60fe0f7d69745763b3082c3f43e10b4ec523c3d34cf1cb7be826c0,10/25/2024 04:35:00 PM,2,DRIVER,,1845221,,TOYOTA,HIGHLANDER,IL,2009,NONE,SPORT UTILITY VEHICLE (SUV),PERSONAL,N,SLOW/STOP IN TRAFFIC,,,1,,,,,,,,,,,Y,Y,Y,Y,Y,,,SIDE-LEFT,,,,,,,,,,,,,,,,,,,,,,,,,,,,,,,,,
1935550,5b7468d388196d727fba7c2285db2bd9cabbb339b700b5dc1155fc0a2a4661cea1ed38804d7867a7b289c5b9f3a97764fafb740fc8ffcb6a61261fc8dac32d2c,10/25/2024 02:56:00 PM,1,DRIVER,,1843926,,LINCOLN,NAVIGATOR,IL,,NONE,PASSENGER,TAXI/FOR HIRE,SE,STRAIGHT AHEAD,,,1,,,,,Y,,,,,,,,,,,,,FRONT-RIGHT-CORNER,,,,,,,,,,,,,,,,,,,,,,,,,,,,,,,,,
1935551,5b7468d388196d727fba7c2285db2bd9cabbb339b700b5dc1155fc0a2a4661cea1ed38804d7867a7b289c5b9f3a97764fafb740fc8ffcb6a61261fc8dac32d2c,10/25/2024 02:56:00 PM,2,DRIVER,,1843931,,LINCOLN,NAVIGATOR,,,NONE,PASSENGER,TAXI/FOR HIRE,SE,STRAIGHT AHEAD,,,1,,,,,,,,,,,,,Y,Y,,,,SIDE-LEFT,,,,,,,,,,,,,,,,,,,,,,,,,,,,,,,,,
1934375,32ac5ff8ccadfdf16f4786f463170e8097c8281beba26c6c1b80759923736e0fbaacac8039166d142d511b7009a28722319d2ee8be818550341b4eafcac39d90,10/23/2024 07:55:00 PM,1,DRIVER,,1842822,,TOYOTA,AVALON,IL,2013,UNKNOWN,PASSENGER,PERSONAL,W,STRAIGHT AHEAD,,,1,,,,,,,,,,,,,,,,Y,,FRONT,,,,,,,,,,,,,,,,,,,,,,,,,,,,,,,,,
1934376,32ac5ff8ccadfdf16f4786f463170e8097c8281beba26c6c1b80759923736e0fbaacac8039166d142d511b7009a28722319d2ee8be818550341b4eafcac39d90,10/23/2024 07:55:00 PM,2,BICYCLE,,,,,,,,,,,,,,,,,,,,,,,,,,,,,,,,,,,,,,,,,,,,,,,,,,,,,,,,,,,,,,,,,,
1934276,d6fdc173a8651593cb3f2685dc343ab7009dc066f707bf605f9da8f1efbe2edc6f40b0ba5a8c88cbdb6710fc5fcfa4dd29101b20adfed2acaad07f82e5b17f31,10/23/2024 05:51:00 PM,1,DRIVER,,1842727,,UNKNOWN,ENCLOSED BODY,,,UNKNOWN,SPORT UTILITY VEHICLE (SUV),UNKNOWN/NA,N,STRAIGHT AHEAD,,,1,,,,N,,,,,,,,,,,,,Y,UNKNOWN,,,,,,,,,,,,,,,,,,,,,,,,,,,,,,,,,
1934277,d6fdc173a8651593cb3f2685dc343ab7009dc066f707bf605f9da8f1efbe2edc6f40b0ba5a8c88cbdb6710fc5fcfa4dd29101b20adfed2acaad07f82e5b17f31,10/23/2024 05:51:00 PM,2,DRIVER,1,1842732,,DODGE,RAM 1500 PU,IL,2018,NONE,TRUCK - SINGLE UNIT,PERSONAL,N,STRAIGHT AHEAD,,,2,,,,,,Y,,,,,,,,,,,,SIDE-LEFT-FRONT,,,,,,,,,,,,,,,,,,,,,,,,,,,,,,,,,
1933777,d6dc06bcd1c94c55f64bf0c4f5c87e19b9bd0ef1ebaf7c00e020eab7a5ab55eb7009f31f3f3d93f5c5cf1d5c8cff51de0068790a82b25271b90a7f7ae17d3bbc,10/23/2024 08:15:00 AM,1,DRIVER,,1842260,,FORD,F150,IL,2012,UNKNOWN,TRUCK - SINGLE UNIT,PERSONAL,N,STRAIGHT AHEAD,,,1,,,,,,,,,,,,,,,,Y,,FRONT,,,,,,,,,,,,,,,,,,,,,,,,,,,,,,,,,
1933778,d6dc06bcd1c94c55f64bf0c4f5c87e19b9bd0ef1ebaf7c00e020eab7a5ab55eb7009f31f3f3d93f5c5cf1d5c8cff51de0068790a82b25271b90a7f7ae17d3bbc,10/23/2024 08:15:00 AM,2,DRIVER,,1842262,,ACURA,ZDX,IL,2007,UNKNOWN,SPORT UTILITY VEHICLE (SUV),PERSONAL,SW,U-TURN,,,1,,,,,,,,,,,,,,,Y,,,FRONT-LEFT-CORNER,,,,,,,,,,,,,,,,,,,,,,,,,,,,,,,,,
1932123,f09f0616df65bcbc427645aaaeb03822ace627f7ba9643595033096723effb42e721e6e38035f6f7e0eb67c4a108ae4a279aced7e5bd3eb7007f5a9f175b1fa6,10/20/2024 04:30:00 PM,1,DRIVER,,1840666,,UNKNOWN,MOTORIZED,IL,,UNKNOWN,UNKNOWN/NA,UNKNOWN/NA,W,STRAIGHT AHEAD,,,1,,,,,,,,,,,,,,,,,Y,UNKNOWN,,,,,,,,,,,,,,,,,,,,,,,,,,,,,,,,,
1932124,f09f0616df65bcbc427645aaaeb03822ace627f7ba9643595033096723effb42e721e6e38035f6f7e0eb67c4a108ae4a279aced7e5bd3eb7007f5a9f175b1fa6,10/20/2024 04:30:00 PM,2,PARKED,,1840670,,KIA,OTHER (EXPLAIN IN NARRATIVE),IL,2024,NONE,UNKNOWN/NA,NOT IN USE,W,PARKED,,,0,,,,,Y,Y,,,,,,,,,,,,FRONT-RIGHT-CORNER,,,,,,,,,,,,,,,,,,,,,,,,,,,,,,,,,
1931755,cc2ecf5f532a36945c69289704dbe35aa7826304daf34b25fb29fec58d572c6da8a4436fc77bdd89fb2df8d94deb0d0e30f5db7005d7bfb5894b27e6210f78b2,10/20/2024 01:13:00 AM,1,DRIVER,,1840312,,BUICK,REGAL,IL,2003,UNKNOWN,PASSENGER,PERSONAL,W,STRAIGHT AHEAD,Y,,1,,,,,,,,,,,,,,Y,Y,Y,,FRONT-LEFT-CORNER,,,,,,,,,,,,,,,,,,,,,,,,,,,,,,,,,
1931756,cc2ecf5f532a36945c69289704dbe35aa7826304daf34b25fb29fec58d572c6da8a4436fc77bdd89fb2df8d94deb0d0e30f5db7005d7bfb5894b27e6210f78b2,10/20/2024 01:13:00 AM,2,DRIVER,,1840316,,CHEVROLET,MALIBU,IL,2009,NONE,PASSENGER,PERSONAL,E,SLOW/STOP IN TRAFFIC,Y,,1,,,,,,,,,,,,,,Y,Y,Y,,FRONT-LEFT-CORNER,,,,,,,,,,,,,,,,,,,,,,,,,,,,,,,,,
1933961,60b5b70014a6c575f8636df77cf94cb6380ae7f53f71b96660918b830d709b01471550e5c0dd17be8f6eda6b9a186a5015b28b6fb3f23780b79f27dba5685d2c,10/19/2024 03:30:00 PM,2,DRIVER,,1842442,,LEXUS,RX350,IL,2008,NONE,PASSENGER,PERSONAL,E,TURNING LEFT,,,1,,,,,,Y,Y,Y,,,,,,,,,,SIDE-RIGHT,,,,,,,,,,,,,,,,,,,,,,,,,,,,,,,,,
1933962,60b5b70014a6c575f8636df77cf94cb6380ae7f53f71b96660918b830d709b01471550e5c0dd17be8f6eda6b9a186a5015b28b6fb3f23780b79f27dba5685d2c,10/19/2024 03:30:00 PM,1,DRIVER,,1842455,,HYUNDAI,ELANTRA,IL,,NONE,PASSENGER,PERSONAL,E,TURNING LEFT,,,1,,,,,,,,,,,,,,,Y,,,FRONT-LEFT-CORNER,,,,,,,,,,,,,,,,,,,,,,,,,,,,,,,,,
1927376,f0c51bb9d966106adb02f68d4ea470ee5ed1bc8e8e2e2516997f8778f41b700456352c00ae8efc9fc74dac3c508bb30299b98f41d3f3f4e9fc20afaf77262b6a,10/14/2024 08:30:00 AM,1,DRIVER,1,1836204,,CHEVROLET,TRAIL BLAZER,IL,2003,NONE,PASSENGER,PERSONAL,S,SKIDDING/CONTROL LOSS,Y,,2,,city of chicago,111 doty,,Y,,,,,,,,,,Y,Y,,FRONT,,,,,,,,,,,,,,,,,,,,,,,,,,,,,,,,,
1926792,482b1fafefbf4c497ee7046daad3cce41fdcdb71bf87eae2106c1db921d65b700dc7f1bcd5be77f755a7ebcb45edf42588675d0bcc862a0a1a1d236f76bac6ba,10/13/2024 03:00:00 AM,1,DRIVER,,1835616,,BMW,X5,IL,2011,UNKNOWN,PASSENGER,PERSONAL,S,STRAIGHT AHEAD,,,1,,,,,Y,Y,Y,N,N,,N,N,Y,Y,Y,Y,,FRONT,,,,,,,,,,,,,,,,,,,,,,,,,,,,,,,,,
1926793,482b1fafefbf4c497ee7046daad3cce41fdcdb71bf87eae2106c1db921d65b700dc7f1bcd5be77f755a7ebcb45edf42588675d0bcc862a0a1a1d236f76bac6ba,10/13/2024 03:00:00 AM,2,DRIVER,,1835619,,NISSAN,VERSA,IL,2021,UNKNOWN,PASSENGER,PERSONAL,S,SLOW/STOP IN TRAFFIC,,,1,,,,,,,,,Y,Y,Y,N,,,,,,REAR,,,,,,,,,,,,,,,,,,,,,,,,,,,,,,,,,
1926794,482b1fafefbf4c497ee7046daad3cce41fdcdb71bf87eae2106c1db921d65b700dc7f1bcd5be77f755a7ebcb45edf42588675d0bcc862a0a1a1d236f76bac6ba,10/13/2024 03:00:00 AM,3,DRIVER,,1835620,,JEEP,COMPASS,IL,,UNKNOWN,PASSENGER,PERSONAL,S,SLOW/STOP IN TRAFFIC,,,1,,,,,Y,Y,Y,,,,,,,,,,,FRONT-RIGHT-CORNER,,,,,,,,,,,,,,,,,,,,,,,,,,,,,,,,,
1926640,4e57e40de393f4751dc9716f42407a442d79835136da1b700142bcaa4d2413e30be742737d2cff29a6a16829d3ea86ffcef74d3053579da88d6c463f16a0c792,10/12/2024 05:00:00 PM,1,DRIVER,,1835465,,HONDA,CIVIC,IL,1999,UNKNOWN,PASSENGER,UNKNOWN/NA,W,STRAIGHT AHEAD,Y,,1,,STREETS AND SAN,DOTY ROAD,,Y,Y,,,,,,,,,Y,Y,,FRONT-RIGHT-CORNER,,,,,,,,,,,,,,,,,,,,,,,,,,,,,,,,,
1926053,b699cb95c235aefca77f01cf34d670cf6f562fdec6a30d6fdeeff969ef7102a75b51fb78501993f9aaeaf1e3d7db13cc7ce5fcf0b40d1938f7bbcdedffe9b700,10/11/2024 08:10:00 PM,1,DRIVER,,1834896,,TOYOTA,CAMRY,IL,2018,UNKNOWN,PASSENGER,UNKNOWN/NA,S,STRAIGHT AHEAD,,,1,,,,,Y,,,,,,,,,,,,,FRONT-RIGHT-CORNER,,,,,,,,,,,,,,,,,,,,,,,,,,,,,,,,,
1926054,b699cb95c235aefca77f01cf34d670cf6f562fdec6a30d6fdeeff969ef7102a75b51fb78501993f9aaeaf1e3d7db13cc7ce5fcf0b40d1938f7bbcdedffe9b700,10/11/2024 08:10:00 PM,2,DRIVER,1,1834901,,ACURA,TLX,IL,2022,NONE,PASSENGER,RIDESHARE SERVICE,S,STRAIGHT AHEAD,,,2,,,,,,,,,,,,,,,Y,,,FRONT-LEFT-CORNER,,,,,,,,,,,,,,,,,,,,,,,,,,,,,,,,,
1924466,81490b894d278a9ddfcbeb4098ff3b6c6a09934e297b7a226789b14c2eda813f8d217da04c4dd45383aa880f937121691480c778660dba4d2ddeb9b7002359fb,10/09/2024 05:35:00 PM,1,DRIVER,,1833386,,HONDA,CR-V,IL,2012,UNKNOWN,UNKNOWN/NA,UNKNOWN/NA,NW,CHANGING LANES,,,1,,,,,,,,,,,,,,,,,Y,UNKNOWN,,,,,,,,,,,,,,,,,,,,,,,,,,,,,,,,,
1924467,81490b894d278a9ddfcbeb4098ff3b6c6a09934e297b7a226789b14c2eda813f8d217da04c4dd45383aa880f937121691480c778660dba4d2ddeb9b7002359fb,10/09/2024 05:35:00 PM,2,DRIVER,,1833392,,TOYOTA,COROLLA,IL,2019,NONE,PASSENGER,PERSONAL,NW,STRAIGHT AHEAD,,,1,,,,,,,,,,,Y,Y,,,,,,REAR-LEFT-CORNER,,,,,,,,,,,,,,,,,,,,,,,,,,,,,,,,,
1923945,7f308230a51cb32560f13ae4887868b12efb70085964364863a39c83f4601825ed0e09cc349b990a730abdd41ee9c3f6480ec93d6d7b2d7a101533a684f45f9f,10/09/2024 07:20:00 AM,1,DRIVER,,1832899,,LEXUS,LS,IL,1998,UNKNOWN,PASSENGER,PERSONAL,S,STRAIGHT AHEAD,,,1,,,,,,,,,,,,,,,,Y,,FRONT,,,,,,,,,,,,,,,,,,,,,,,,,,,,,,,,,
1923946,7f308230a51cb32560f13ae4887868b12efb70085964364863a39c83f4601825ed0e09cc349b990a730abdd41ee9c3f6480ec93d6d7b2d7a101533a684f45f9f,10/09/2024 07:20:00 AM,2,DRIVER,,1832942,,BUICK,ENCLAVE,IL,2020,NONE,SPORT UTILITY VEHICLE (SUV),PERSONAL,S,SLOW/STOP IN TRAFFIC,,,1,,,,,,,,,,Y,,,,,,,,REAR,,,,,,,,,,,,,,,,,,,,,,,,,,,,,,,,,
1923947,7f308230a51cb32560f13ae4887868b12efb70085964364863a39c83f4601825ed0e09cc349b990a730abdd41ee9c3f6480ec93d6d7b2d7a101533a684f45f9f,10/09/2024 07:20:00 AM,3,DRIVER,,1832950,,MINI,COOPER,IL,2013,NONE,SPORT UTILITY VEHICLE (SUV),PERSONAL,S,SLOW/STOP IN TRAFFIC,,,1,,,,,,,,,,Y,,,,,,,,REAR,,,,,,,,,,,,,,,,,,,,,,,,,,,,,,,,,
1920452,4fcf84d1d7c184563c74b3cdfa0d58a2d228082abf8de558a33bd3a965ad3e36d3731046a07a8e20004c09b96496d77715f75fc648153b700705a6d343893cf5,10/03/2024 11:04:00 PM,1,DRIVER,1,1829576,,HONDA,CIVIC,IL,,UNKNOWN,PASSENGER,UNKNOWN/NA,S,STARTING IN TRAFFIC,,,2,,,,,,,,,,,,,,,,,Y,UNKNOWN,,,,,,,,,,,,,,,,,,,,,,,,,,,,,,,,,
1920453,4fcf84d1d7c184563c74b3cdfa0d58a2d228082abf8de558a33bd3a965ad3e36d3731046a07a8e20004c09b96496d77715f75fc648153b700705a6d343893cf5,10/03/2024 11:04:00 PM,2,DRIVER,,1829574,,CHEVROLET,EQUINOX,IL,2014,NONE,SPORT UTILITY VEHICLE (SUV),PERSONAL,S,STRAIGHT AHEAD,,,1,,,,,,Y,Y,Y,,,,,,,,,,SIDE-RIGHT,,,,,,,,,,,,,,,,,,,,,,,,,,,,,,,,,
1919487,ff2c7cfc44920c0d4b9e8623de19afc9ccc1ab8ef965b4da803bc925bd428eb700589a10de140e638a7c2eaf14ef19ad4699673c3bd880ddda86fda7a2b8acad,10/02/2024 02:51:00 PM,1,DRIVER,,1828643,,FORD,F250,IL,2016,UNKNOWN,PICKUP,UNKNOWN/NA,S,BACKING,,,1,,,,,,,,,,,,,,,,,Y,REAR,,,,,,,,,,,,,,,,,,,,,,,,,,,,,,,,,
1919488,ff2c7cfc44920c0d4b9e8623de19afc9ccc1ab8ef965b4da803bc925bd428eb700589a10de140e638a7c2eaf14ef19ad4699673c3bd880ddda86fda7a2b8acad,10/02/2024 02:51:00 PM,2,PARKED,,1828660,,NISSAN,VERSA,IL,2015,UNKNOWN,PASSENGER,UNKNOWN/NA,N,PARKED,Y,,0,,CITY OF CHICAGO,UNKNOWN,,,,,,,,,,,,,Y,,FRONT-RIGHT-CORNER,,,,,,,,,,,,,,,,,,,,,,,,,,,,,,,,,
1919330,e6735880b52860842b174778176f7341811995370e5bedbbb6c4e7ea3932409a221b7701a53f1a674874b26bb5d006e34c9b700776ca8255b23b43dafa610102,10/02/2024 11:35:00 AM,1,DRIVER,,1828506,Y,FREIGHTLINER CORPORATION,FREIGHTLINER CORP.,NB,2020,NONE,TRACTOR W/ SEMI-TRAILER,COMMERCIAL - MULTI-UNIT,N,TURNING LEFT,,,1,,,,,,,,,,,,,,,,,,SIDE-RIGHT,20174,320526,,205685,SIDE OF TRUCK,3,K & B TRANSPORT,IA,SOUTH SIOUX CITY,,,,N,N,,N,,N,N,,,>102,,53,,78,4,TRACTOR/SEMI-TRAILER,VAN/ENCLOSED BOX,OTHER,N,N,
1919331,e6735880b52860842b174778176f7341811995370e5bedbbb6c4e7ea3932409a221b7701a53f1a674874b26bb5d006e34c9b700776ca8255b23b43dafa610102,10/02/2024 11:35:00 AM,2,DRIVER,,1828511,,CHEVROLET,SUBURBAN,IL,2022,NONE,SPORT UTILITY VEHICLE (SUV),TAXI/FOR HIRE,N,STRAIGHT AHEAD,,,1,,,,,,,,,,,Y,,,,,,,REAR-LEFT-CORNER,,,,,,,,,,,,,,,,,,,,,,,,,,,,,,,,,
1919173,744cfcac0c9085479ced811a755ca730086b496288fdd6f9d425cdf2397ac05760c348a878d2461546b15d8a9208d0f82e3a5945aaf37b700b358afdccc50ac3,10/02/2024 08:20:00 AM,1,DRIVER,,1828346,,UNKNOWN,OTHER (EXPLAIN IN NARRATIVE),,,NONE,UNKNOWN/NA,UNKNOWN/NA,E,STRAIGHT AHEAD,,,1,,,,,,,,,,,,,,,,,Y,FRONT,,,,,,,,,,,,,,,,,,,,,,,,,,,,,,,,,
1919174,744cfcac0c9085479ced811a755ca730086b496288fdd6f9d425cdf2397ac05760c348a878d2461546b15d8a9208d0f82e3a5945aaf37b700b358afdccc50ac3,10/02/2024 08:20:00 AM,2,DRIVER,,1828353,,HONDA,ACCORD,IL,2014,NONE,PASSENGER,PERSONAL,E,STRAIGHT AHEAD,,,1,,,,,,,,,,Y,,,,,,,,REAR,,,,,,,,,,,,,,,,,,,,,,,,,,,,,,,,,
1918961,0817d0ae04de02c76343b9b2fa7e31b95477696c246b7007d01c4cb9c6a34a9bb8fd3c46644e60c4e57a07e43dd375ba3db7b0f3adcb091a661a983fdcdb91e5,10/01/2024 06:44:00 PM,1,DRIVER,3,1828145,,TOYOTA,HIGHLANDER,IL,,UNKNOWN,UNKNOWN/NA,UNKNOWN/NA,S,STRAIGHT AHEAD,,,4,,,,,,,,,,,,,,,,Y,,FRONT,,,,,,,,,,,,,,,,,,,,,,,,,,,,,,,,,
1918962,0817d0ae04de02c76343b9b2fa7e31b95477696c246b7007d01c4cb9c6a34a9bb8fd3c46644e60c4e57a07e43dd375ba3db7b0f3adcb091a661a983fdcdb91e5,10/01/2024 06:44:00 PM,2,DRIVER,1,1828148,,FORD,FOCUS,IL,,UNKNOWN,UNKNOWN/NA,UNKNOWN/NA,S,STRAIGHT AHEAD,,,2,,,,,,,,,,Y,,,,,,Y,,OTHER,,,,,,,,,,,,,,,,,,,,,,,,,,,,,,,,,