CRASH_UNIT_ID,CRASH_RECORD_ID,CRASH_DATE,UNIT_NO,UNIT_TYPE,NUM_PASSENGERS,VEHICLE_ID,CMRC_VEH_I,MAKE,MODEL,LIC_PLATE_STATE,VEHICLE_YEAR,VEHICLE_DEFECT,VEHICLE_TYPE,VEHICLE_USE,TRAVEL_DIRECTION,MANEUVER,TOWED_I,FIRE_I,OCCUPANT_CNT,EXCEED_SPEED_LIMIT_I,TOWED_BY,TOWED_TO,AREA_00_I,AREA_01_I,AREA_02_I,AREA_03_I,AREA_04_I,AREA_05_I,AREA_06_I,AREA_07_I,AREA_08_I,AREA_09_I,AREA_10_I,AREA_11_I,AREA_12_I,AREA_99_I,FIRST_CONTACT_POINT,CMV_ID,USDOT_NO,CCMC_NO,ILCC_NO,COMMERCIAL_SRC,GVWR,CARRIER_NAME,CARRIER_STATE,CARRIER_CITY,HAZMAT_PLACARDS_I,HAZMAT_NAME,UN_NO,HAZMAT_PRESENT_I,HAZMAT_REPORT_I,HAZMAT_REPORT_NO,MCS_REPORT_I,MCS_REPORT_NO,HAZMAT_VIO_CAUSE_CRASH_I,MCS_VIO_CAUSE_CRASH_I,IDOT_PERMIT_NO,WIDE_LOAD_I,TRAILER1_WIDTH,TRAILER2_WIDTH,TRAILER1_LENGTH,TRAILER2_LENGTH,TOTAL_VEHICLE_LENGTH,AXLE_CNT,VEHICLE_CONFIG,CARGO_BODY_TYPE,LOAD_TYPE,HAZMAT_OUT_OF_SERVICE_I,MCS_OUT_OF_SERVICE_I,HAZMAT_CLASS
1918963,0817d0ae04de02c76343b9b2fa7e31b95477696c246b7007d01c4cb9c6a34a9bb8fd3c46644e60c4e57a07e43dd375ba3db7b0f3adcb091a661a983fdcdb91e5,10/01/2024 06:44:00 PM,3,DRIVER,,1828156,,KIA,FORTE,IL,,UNKNOWN,UNKNOWN/NA,UNKNOWN/NA,S,STRAIGHT AHEAD,,,1,,,,,,,,,,Y,,,,,,,,REAR,,,,,,,,,,,,,,,,,,,,,,,,,,,,,,,,,
1917142,36fb310133d912f2940323473b7003820ce101c0060223a7b4ced1caa7fad6fb394d16f567eb7641de145fb4edc56748ad634617cb5cd625d0f83a0d546306ff,09/29/2024 02:50:00 AM,1,DRIVERLESS,,1826403,,JEEP,GLADIATOR,IL,2021,UNKNOWN,PASSENGER,PERSONAL,W,STRAIGHT AHEAD,Y,,0,,city of chicago,pound 6,,Y,,,,,,,,,Y,Y,Y,,FRONT,,,,,,,,,,,,,,,,,,,,,,,,,,,,,,,,,
1916537,ca76bf277c9e7635991eee41f141778e53def2ab911f6407eb926bd1d6fb9fdab700bfca1c9bc6a98e263c199f4bebbfeef747b2c330188239a41861d9e2dedb,09/28/2024 12:20:00 AM,1,DRIVER,1,1825812,,CHRYSLER,300,IL,2021,NONE,PASSENGER,PERSONAL,E,TURNING LEFT,Y,,2,,city,103/doty,,,,,,,Y,Y,Y,Y,Y,Y,Y,Y,FRONT-LEFT-CORNER,,,,,,,,,,,,,,,,,,,,,,,,,,,,,,,,,
1916538,ca76bf277c9e7635991eee41f141778e53def2ab911f6407eb926bd1d6fb9fdab700bfca1c9bc6a98e263c199f4bebbfeef747b2c330188239a41861d9e2dedb,09/28/2024 12:20:00 AM,2,PARKED,,1825811,,HONDA,CR-V,IL,2015,NONE,PASSENGER,PERSONAL,UNKNOWN,PARKED,,,0,,,,,Y,Y,Y,Y,Y,Y,Y,,,,,Y,Y,REAR-RIGHT-CORNER,,,,,,,,,,,,,,,,,,,,,,,,,,,,,,,,,
1916539,ca76bf277c9e7635991eee41f141778e53def2ab911f6407eb926bd1d6fb9fdab700bfca1c9bc6a98e263c199f4bebbfeef747b2c330188239a41861d9e2dedb,09/28/2024 12:20:00 AM,3,PARKED,,1825816,,TOYOTA,SIENNA,IL,2022,NONE,PASSENGER,PERSONAL,E,PARKED,,,0,,,,,Y,Y,Y,Y,Y,,,,,,,,Y,REAR-RIGHT-CORNER,,,,,,,,,,,,,,,,,,,,,,,,,,,,,,,,,
1916540,ca76bf277c9e7635991eee41f141778e53def2ab911f6407eb926bd1d6fb9fdab700bfca1c9bc6a98e263c199f4bebbfeef747b2c330188239a41861d9e2dedb,09/28/2024 12:20:00 AM,4,PARKED,,1825817,,TOYOTA,CAMRY,IL,2003,NONE,PASSENGER,PERSONAL,E,PARKED,,,0,,,,,Y,,,,Y,,,,,,,Y,Y,UNKNOWN,,,,,,,,,,,,,,,,,,,,,,,,,,,,,,,,,
1916541,ca76bf277c9e7635991eee41f141778e53def2ab911f6407eb926bd1d6fb9fdab700bfca1c9bc6a98e263c199f4bebbfeef747b2c330188239a41861d9e2dedb,09/28/2024 12:20:00 AM,5,PARKED,,1825820,,TOYOTA,CAMRY,MN,2009,NONE,PASSENGER,PERSONAL,E,PARKED,,,0,,,,,,,,,Y,Y,,,,,,,Y,OTHER,,,,,,,,,,,,,,,,,,,,,,,,,,,,,,,,,
1916553,ca76bf277c9e7635991eee41f141778e53def2ab911f6407eb926bd1d6fb9fdab700bfca1c9bc6a98e263c199f4bebbfeef747b2c330188239a41861d9e2dedb,09/28/2024 12:20:00 AM,6,PARKED,,1825824,,TOYOTA,HIGHLANDER,IL,2019,NONE,PASSENGER,PERSONAL,E,PARKED,,,0,,,,,Y,Y,N,Y,Y,,,,,,,,Y,REAR-RIGHT-CORNER,,,,,,,,,,,,,,,,,,,,,,,,,,,,,,,,,
1912468,f0e722713a03ea10455bc7bac7bf82b5ef7b7b700885b87136163d8ba67c4d9b0e53bb0ff20f4998c1213328b5c3f395df4afa378dc2c5c5e67d788260621723,09/22/2024 01:44:00 PM,1,DRIVER,1,1821940,,BUICK,ENVISION,,2017,UNKNOWN,SPORT UTILITY VEHICLE (SUV),UNKNOWN/NA,S,STRAIGHT AHEAD,,,2,,,,,Y,Y,,,,,,,,,,,,FRONT-RIGHT-CORNER,,,,,,,,,,,,,,,,,,,,,,,,,,,,,,,,,
1912469,f0e722713a03ea10455bc7bac7bf82b5ef7b7b700885b87136163d8ba67c4d9b0e53bb0ff20f4998c1213328b5c3f395df4afa378dc2c5c5e67d788260621723,09/22/2024 01:44:00 PM,2,DRIVER,3,1821943,,JEEP,CHEROKEE,IL,2019,UNKNOWN,SPORT UTILITY VEHICLE (SUV),UNKNOWN/NA,E,STRAIGHT AHEAD,,,4,,,,,,,,,,,,,Y,Y,Y,,,FRONT-LEFT-CORNER,,,,,,,,,,,,,,,,,,,,,,,,,,,,,,,,,
1912336,a7bdcdb0353d0ac858d78e0906dc3c67799c4d8bb1af702f75ccf4b0232b6b9b0d39ae76f926a9e50e1a52942a9931046b84b70003a750e390e6ab033b13f142,09/22/2024 09:12:00 AM,1,DRIVER,,1821804,,HONDA,CIVIC,IL,2005,UNKNOWN,PASSENGER,OTHER,E,UNKNOWN/NA,,,1,,,,,,,,,,,,,,,,,Y,FRONT,,,,,,,,,,,,,,,,,,,,,,,,,,,,,,,,,
1912337,a7bdcdb0353d0ac858d78e0906dc3c67799c4d8bb1af702f75ccf4b0232b6b9b0d39ae76f926a9e50e1a52942a9931046b84b70003a750e390e6ab033b13f142,09/22/2024 09:12:00 AM,2,DRIVER,1,1821808,,CADILLAC,CTS,IL,2014,NONE,PASSENGER,UNKNOWN/NA,E,SLOW/STOP IN TRAFFIC,,,2,,,,,,,,,,Y,,,,,,,,REAR,,,,,,,,,,,,,,,,,,,,,,,,,,,,,,,,,
1912068,4365fa8bd2575adb55a64fbad3f19fcee0bed2757de873b4d53634b1f199d0bfb5b7ac1f23a267a261a38b44eef985dadf0bf2d627c1e03b7007540422a2940c,09/21/2024 09:46:00 PM,1,DRIVER,,1821564,,INFINITI,QX50,IL,2012,NONE,PASSENGER,PERSONAL,SW,STRAIGHT AHEAD,Y,,1,,CITY OF CHICAGO,10300 S DOTY AVE,,,,,,,,,,,,,,,FRONT,,,,,,,,,,,,,,,,,,,,,,,,,,,,,,,,,
1909856,feb8dd958eee0bfd1637853982c53fbb289284b264da1b15ee8dda80892b0e1ccc69bb7001bdb83fe06392cb172533b45b3b9855ac839f21e1f6e1b9be49cb81,09/19/2024 08:45:00 AM,1,DRIVER,,1819450,,NISSAN,FRONTIER,IL,2024,NONE,PASSENGER,PERSONAL,W,STRAIGHT AHEAD,,,1,,,,,,,,,,,,,,,Y,,,FRONT-RIGHT-CORNER,,,,,,,,,,,,,,,,,,,,,,,,,,,,,,,,,
1909857,feb8dd958eee0bfd1637853982c53fbb289284b264da1b15ee8dda80892b0e1ccc69bb7001bdb83fe06392cb172533b45b3b9855ac839f21e1f6e1b9be49cb81,09/19/2024 08:45:00 AM,2,DRIVER,1,1819476,,CHEVROLET,EXPRESS,IL,2009,NONE,VAN/MINI-VAN,PERSONAL,W,STRAIGHT AHEAD,,,2,,,,,,,,,Y,Y,,,,,,,,REAR,,,,,,,,,,,,,,,,,,,,,,,,,,,,,,,,,
1910289,9d49c2d7fedf791562719d590cb6ba80e62362e6c7b4125248a7fabe05f11f2cd4f72d56ec7a56a070098039e775e89c4b7001c0b4c368ed52e748ed226721d6,09/18/2024 06:30:00 PM,1,DRIVER,,1819873,,JEEP,CHEROKEE,IL,2024,NONE,PASSENGER,PERSONAL,NE,TURNING LEFT,,,1,,,,,,,,,,,,,,Y,Y,Y,Y,FRONT-LEFT-CORNER,,,,,,,,,,,,,,,,,,,,,,,,,,,,,,,,,
1910290,9d49c2d7fedf791562719d590cb6ba80e62362e6c7b4125248a7fabe05f11f2cd4f72d56ec7a56a070098039e775e89c4b7001c0b4c368ed52e748ed226721d6,09/18/2024 06:30:00 PM,2,DRIVER,,1819888,,JEEP,PATRIOT,IL,2014,NONE,PASSENGER,PERSONAL,SW,STRAIGHT AHEAD,,,1,,,,,Y,Y,,,,,,,,,,Y,Y,FRONT-RIGHT-CORNER,,,,,,,,,,,,,,,,,,,,,,,,,,,,,,,,,
1907967,0b700fe0908c21b4b28110f6a4c193f51ad5675d25a448c4adbcf19e7b4f67090eaf002ca0e0785631f396ce2e9f8afc7a5a5a90dab080268f5d8f7f279734b4,09/16/2024 02:40:00 PM,1,DRIVER,,1817648,,GENERAL MOTORS CORPORATION (GMC),TERRAIN,IL,2018,NONE,PASSENGER,PERSONAL,S,ENTERING TRAFFIC LANE FROM PARKING,,,1,,,,,,,,,,,,,Y,Y,,,,SIDE-LEFT,,,,,,,,,,,,,,,,,,,,,,,,,,,,,,,,,
1907968,0b700fe0908c21b4b28110f6a4c193f51ad5675d25a448c4adbcf19e7b4f67090eaf002ca0e0785631f396ce2e9f8afc7a5a5a90dab080268f5d8f7f279734b4,09/16/2024 02:40:00 PM,2,DRIVER,,1817646,,TOYOTA,COROLLA,IL,2003,NONE,PASSENGER,PERSONAL,S,STRAIGHT AHEAD,,,1,,,,,Y,,,,,,,,,,,,,FRONT-RIGHT-CORNER,,,,,,,,,,,,,,,,,,,,,,,,,,,,,,,,,
1904689,a66a4f9e7b398dbac73f61cdc909ad8ae3802a35abeff7637e37b70019ebd0124b098a6825d006e82977bfb33702342874f61751e833c2c71219bf91ce7208c1,09/12/2024 08:30:00 AM,1,DRIVER,,1814538,,JEEP,GRAND CHEROKEE,IL,2022,NONE,PASSENGER,PERSONAL,E,PASSING/OVERTAKING,,,1,,,,,,,,,,,Y,,,Y,Y,,,SIDE-LEFT,,,,,,,,,,,,,,,,,,,,,,,,,,,,,,,,,
1904690,a66a4f9e7b398dbac73f61cdc909ad8ae3802a35abeff7637e37b70019ebd0124b098a6825d006e82977bfb33702342874f61751e833c2c71219bf91ce7208c1,09/12/2024 08:30:00 AM,2,DRIVER,,1814544,N,INTERNATIONAL TRAILER CORPORATION,OTHER (EXPLAIN IN NARRATIVE),IL,1992,NONE,TRACTOR W/O SEMI-TRAILER,COMMERCIAL - SINGLE UNIT,E,TURNING RIGHT,,,1,,,,Y,,,,,,,,,,,,,,FRONT-RIGHT-CORNER,,,,,,,,,,,,,,,,,,,,,,,,,,,,,,,,,
1904193,a20e02fac9b2176228398e3f495ae37ed52df62d6e57a687ad0a7dfe949ab7003477541f3753987b68aa34fcf5b404980ee05ccbd1710c7d0891788929f39a06,09/11/2024 03:45:00 PM,1,DRIVER,,1814034,,HONDA,CIVIC,IL,2023,NONE,PASSENGER,PERSONAL,S,STRAIGHT AHEAD,,,1,,,,,,,,,Y,,,,,,,,,REAR-RIGHT-CORNER,,,,,,,,,,,,,,,,,,,,,,,,,,,,,,,,,
1904194,a20e02fac9b2176228398e3f495ae37ed52df62d6e57a687ad0a7dfe949ab7003477541f3753987b68aa34fcf5b404980ee05ccbd1710c7d0891788929f39a06,09/11/2024 03:45:00 PM,2,DRIVER,,1814041,,UNKNOWN,OTHER (EXPLAIN IN NARRATIVE),,,UNKNOWN,UNKNOWN/NA,UNKNOWN/NA,E,STRAIGHT AHEAD,,,1,,,,,,,,,,,,,,,,,,UNKNOWN,,,,,,,,,,,,,,,,,,,,,,,,,,,,,,,,,
1903296,47354ce5101319a29d2ad01bc92baa67e38b328468dba8c949386a664eb700a4ee1ec9539b4ca4b8221806327134976c913a24ffc299ec2f1cd2f68a412f0cc4,09/10/2024 12:00:00 PM,1,DRIVER,,1813203,,TOYOTA,CAMRY,IL,2021,NONE,PASSENGER,PERSONAL,N,STRAIGHT AHEAD,,,1,,,,,Y,,,,,,,,,,,,,FRONT-RIGHT-CORNER,,,,,,,,,,,,,,,,,,,,,,,,,,,,,,,,,
1903297,47354ce5101319a29d2ad01bc92baa67e38b328468dba8c949386a664eb700a4ee1ec9539b4ca4b8221806327134976c913a24ffc299ec2f1cd2f68a412f0cc4,09/10/2024 12:00:00 PM,2,DRIVER,,1813208,,CHEVROLET,SUBURBAN,IL,,NONE,PASSENGER,PERSONAL,N,STRAIGHT AHEAD,,,1,,,,,,,,,,,,,,,Y,,,FRONT-LEFT-CORNER,,,,,,,,,,,,,,,,,,,,,,,,,,,,,,,,,
1903281,15c422edffc8ad3908b342c984a5cb700e48b3b211e1e0dc62d0b4a9bd84e189f7fce256aef20e767363597fe70a533d5b4fab333334682424abd50084a52fdf,09/10/2024 09:49:00 AM,1,DRIVER,,1813178,,MERCEDES-BENZ,E320,IL,1994,NONE,PASSENGER,PERSONAL,N,STRAIGHT AHEAD,Y,,1,,private,private,,Y,,,,,,,,,,Y,Y,,FRONT,,,,,,,,,,,,,,,,,,,,,,,,,,,,,,,,,
1903282,15c422edffc8ad3908b342c984a5cb700e48b3b211e1e0dc62d0b4a9bd84e189f7fce256aef20e767363597fe70a533d5b4fab333334682424abd50084a52fdf,09/10/2024 09:49:00 AM,2,PARKED,,1813179,,JEEP,LIBERTY,IL,2007,NONE,UNKNOWN/NA,NOT IN USE,N,PARKED,,,0,,,,,,,,,Y,Y,Y,,,,,,,REAR-RIGHT-CORNER,,,,,,,,,,,,,,,,,,,,,,,,,,,,,,,,,
1901289,80d29ea7c7816e945d732c8d3a70be362b808d05e04f15d85ae23c45b5e82bbd17c680bb700fd241cdd5ee3a879520ba6282b592c7b0a1fd8565ed82f8e4a7dc,09/06/2024 07:45:00 PM,1,DRIVER,,1811292,,NISSAN,VERSA,IL,2014,NONE,PASSENGER,PERSONAL,N,BACKING,,,1,,,,,,,,,,Y,,,,,,,,REAR,,,,,,,,,,,,,,,,,,,,,,,,,,,,,,,,,
1901290,80d29ea7c7816e945d732c8d3a70be362b808d05e04f15d85ae23c45b5e82bbd17c680bb700fd241cdd5ee3a879520ba6282b592c7b0a1fd8565ed82f8e4a7dc,09/06/2024 07:45:00 PM,2,PARKED,,1811297,,HONDA,PILOT,IL,2005,NONE,SPORT UTILITY VEHICLE (SUV),NOT IN USE,S,PARKED,,,0,,,,,,,,,,,,,Y,,,,,SIDE-LEFT,,,,,,,,,,,,,,,,,,,,,,,,,,,,,,,,,
1903343,d072a8aeb61186d3b1f339b7000bb32ec068920a50cb5a466d73fd308a285327bcff61295ef713f5e0e436bb38b0519c106eed908469ea8c955fb94379d9acff,09/04/2024 05:45:00 AM,1,DRIVER,,1813234,,UNKNOWN,OTHER (EXPLAIN IN NARRATIVE),,,UNKNOWN,PASSENGER,PERSONAL,W,STRAIGHT AHEAD,,,1,,,,,,,,,,,,,,,,,Y,FRONT,,,,,,,,,,,,,,,,,,,,,,,,,,,,,,,,,
1903344,d072a8aeb61186d3b1f339b7000bb32ec068920a50cb5a466d73fd308a285327bcff61295ef713f5e0e436bb38b0519c106eed908469ea8c955fb94379d9acff,09/04/2024 05:45:00 AM,2,DRIVER,,1813244,,KIA,FORTE,IL,2013,UNKNOWN,PASSENGER,PERSONAL,W,STRAIGHT AHEAD,,,1,,,,,N,,,,N,Y,N,,,,N,Y,,REAR,,,,,,,,,,,,,,,,,,,,,,,,,,,,,,,,,
1903345,d072a8aeb61186d3b1f339b7000bb32ec068920a50cb5a466d73fd308a285327bcff61295ef713f5e0e436bb38b0519c106eed908469ea8c955fb94379d9acff,09/04/2024 05:45:00 AM,3,DRIVER,,1813248,,NISSAN,ROGUE,IL,2022,UNKNOWN,SPORT UTILITY VEHICLE (SUV),PERSONAL,W,STRAIGHT AHEAD,,,1,,,,,,,,,Y,Y,Y,,,,,,,REAR,,,,,,,,,,,,,,,,,,,,,,,,,,,,,,,,,
1899242,0b7003b9baa968cf5022417c65951d92a43ef1f45fd98639be0f9963732816bdf02a3e88905b7bb2afde138198332d8b88f3ff5fe80022f87c2890245eeb1380,09/04/2024 05:30:00 AM,1,DRIVER,,1809349,,JEEP,CHEROKEE,IL,2018,UNKNOWN,PASSENGER,UNKNOWN/NA,E,TURNING LEFT,Y,,1,,,,,Y,Y,,,,,,,,,,Y,,SIDE-RIGHT-FRONT,,,,,,,,,,,,,,,,,,,,,,,,,,,,,,,,,
1899243,0b7003b9baa968cf5022417c65951d92a43ef1f45fd98639be0f9963732816bdf02a3e88905b7bb2afde138198332d8b88f3ff5fe80022f87c2890245eeb1380,09/04/2024 05:30:00 AM,2,DRIVER,,1809352,,INFINITI,QX60,IL,2017,UNKNOWN,SPORT UTILITY VEHICLE (SUV),UNKNOWN/NA,S,TURNING LEFT,,,1,,,,,Y,Y,Y,Y,,,,,,,,,,SIDE-RIGHT,,,,,,,,,,,,,,,,,,,,,,,,,,,,,,,,,
1898727,59f069a4dff8b50b91da4f970d6662cb9fb700131e90b9809e1fb06508efe59b04414f55dd722643b99ab498bce93cda4d103cb8009d23e2add3cf6ad2a432ea,09/01/2024 06:30:00 PM,1,DRIVER,,1808818,,BMW,X5,,2023,UNKNOWN,PASSENGER,PERSONAL,S,OTHER,,,1,,,,,N,Y,,,,,,,,,,,,FRONT-RIGHT-CORNER,,,,,,,,,,,,,,,,,,,,,,,,,,,,,,,,,
1898728,59f069a4dff8b50b91da4f970d6662cb9fb700131e90b9809e1fb06508efe59b04414f55dd722643b99ab498bce93cda4d103cb8009d23e2add3cf6ad2a432ea,09/01/2024 06:30:00 PM,2,DRIVER,1,1808825,,PORSCHE,911,,2020,NONE,PASSENGER,PERSONAL,S,STRAIGHT AHEAD,,,2,,,,,,,,,,,,Y,,,,,,SIDE-LEFT-REAR,,,,,,,,,,,,,,,,,,,,,,,,,,,,,,,,,
1896850,50ecfecd86809c0b700380eadd073e9dc0eba27229d7ee47fde47ce93fae12709066155774061e643ef143563df91e7ad1aeaa96991a5c2d603604d4eb0dcd2b,09/01/2024 04:27:00 AM,1,,,,,,,,,,,,,,,,,,,,,,,,,,,,,,,,,,,,,,,,,,,,,,,,,,,,,,,,,,,,,,,,,,,
1896851,50ecfecd86809c0b700380eadd073e9dc0eba27229d7ee47fde47ce93fae12709066155774061e643ef143563df91e7ad1aeaa96991a5c2d603604d4eb0dcd2b,09/01/2024 04:27:00 AM,1,DRIVER,,1807071,,JEEP,CHEROKEE,IL,2006,UNKNOWN,PASSENGER,UNKNOWN/NA,N,UNKNOWN/NA,Y,,1,,CITY OF CHICAGO,,,Y,Y,Y,Y,Y,,Y,Y,Y,Y,Y,,,UNKNOWN,,,,,,,,,,,,,,,,,,,,,,,,,,,,,,,,,
1895939,9388520d7d8ceca56b70062703faf270e1191407c4a60926905c4d276289555dc17945c52213f81b429cbf44f3a675119aef1d0ad1683d42ab72599d625478c9,08/30/2024 04:30:00 PM,1,DRIVER,,1806185,,UNKNOWN,OTHER (EXPLAIN IN NARRATIVE),,,UNKNOWN,UNKNOWN/NA,UNKNOWN/NA,W,PASSING/OVERTAKING,,,1,,,,,,,,,,,,,,,,,Y,FRONT-RIGHT-CORNER,,,,,,,,,,,,,,,,,,,,,,,,,,,,,,,,,
1895940,9388520d7d8ceca56b70062703faf270e1191407c4a60926905c4d276289555dc17945c52213f81b429cbf44f3a675119aef1d0ad1683d42ab72599d625478c9,08/30/2024 04:30:00 PM,2,DRIVER,,1806190,,DODGE,JOURNEY,IL,2018,NONE,VAN/MINI-VAN,PERSONAL,W,STRAIGHT AHEAD,Y,,1,,PRIVATE TOW,,,,,,,,,,,,Y,Y,,,FRONT-LEFT-CORNER,,,,,,,,,,,,,,,,,,,,,,,,,,,,,,,,,
1895421,cc7ce556ed1ab6d3ec21830ff1058f0b71d4cee276cd20e7702de5106146562651d9c792b7001834ecf4b9b905135ccb619f8766928a48869b0c03760b4f446b,08/30/2024 07:11:00 AM,1,DRIVER,,1805701,,CHEVROLET,MALIBU,IL,2016,NONE,PASSENGER,PERSONAL,N,STRAIGHT AHEAD,Y,,1,,UNK,,,Y,,,,,,,,,,Y,Y,,FRONT,,,,,,,,,,,,,,,,,,,,,,,,,,,,,,,,,
1895422,cc7ce556ed1ab6d3ec21830ff1058f0b71d4cee276cd20e7702de5106146562651d9c792b7001834ecf4b9b905135ccb619f8766928a48869b0c03760b4f446b,08/30/2024 07:11:00 AM,2,DRIVER,,1805704,,CADILLAC,ESCALADE,IL,2016,NONE,PASSENGER,PERSONAL,W,STRAIGHT AHEAD,,,1,,,,,,,,,,,,Y,Y,Y,N,,,SIDE-LEFT,,,,,,,,,,,,,,,,,,,,,,,,,,,,,,,,,
1901417,bdf6b6452cb5bd7077c2088160e0df0c3e7f4ce7bcf92ca36d04eb3e10da97070b01a5b4e2bec9e8e08956d8994cced2b92b0ab7005cb7ecc87e1d05eb044b7b,08/29/2024 10:00:00 PM,1,DRIVER,,1811399,,TOYOTA,RAV4,IL,2017,NONE,PASSENGER,PERSONAL,E,STRAIGHT AHEAD,,,1,,,,,,,,,,,,,,,,Y,,FRONT,,,,,,,,,,,,,,,,,,,,,,,,,,,,,,,,,
1901418,bdf6b6452cb5bd7077c2088160e0df0c3e7f4ce7bcf92ca36d04eb3e10da97070b01a5b4e2bec9e8e08956d8994cced2b92b0ab7005cb7ecc87e1d05eb044b7b,08/29/2024 10:00:00 PM,2,DRIVER,,1811393,,CHEVROLET,CRUZE,IL,2014,NONE,PASSENGER,PERSONAL,E,STRAIGHT AHEAD,,,1,,,,,,,,,,Y,,,,,,,,REAR,,,,,,,,,,,,,,,,,,,,,,,,,,,,,,,,,
1891502,c8454fbdc9b52605d792e6feb7fc392bfc3777dedf023e2f4b398428ef79587b745386297c3af28d8f26a3329cb04eb0827d85f3fd160900f373bfb7000906a3,08/24/2024 11:29:00 PM,1,DRIVER,1,1801951,,TOYOTA,SIENNA,GA,2016,NONE,PASSENGER,PERSONAL,W,STRAIGHT AHEAD,Y,,2,,city of chicago,pound #6,,Y,Y,,,,,,,,Y,Y,Y,,FRONT,,,,,,,,,,,,,,,,,,,,,,,,,,,,,,,,,
1891503,c8454fbdc9b52605d792e6feb7fc392bfc3777dedf023e2f4b398428ef79587b745386297c3af28d8f26a3329cb04eb0827d85f3fd160900f373bfb7000906a3,08/24/2024 11:29:00 PM,2,DRIVER,1,1801961,,DODGE,GRAND CARAVAN,IL,2013,NONE,PASSENGER,PERSONAL,W,SLOW/STOP IN TRAFFIC,,,2,,,,,,,,Y,Y,Y,Y,Y,,,,,,REAR,,,,,,,,,,,,,,,,,,,,,,,,,,,,,,,,,
1889525,142687ae58f93707cc3d51be8ff20586458332b410a42a5448574785e3210c1e7b8eb1102baa775631c6f2f1cb6cd331e9cd6acd208515e3959cb700bbdf29da,08/22/2024 09:47:00 AM,1,DRIVER,,1800058,,UNKNOWN,OTHER (EXPLAIN IN NARRATIVE),,,UNKNOWN,PASSENGER,UNKNOWN/NA,S,STRAIGHT AHEAD,,,1,,,,,,N,Y,Y,Y,,,,,,,,,SIDE-RIGHT-REAR,,,,,,,,,,,,,,,,,,,,,,,,,,,,,,,,,
1889526,142687ae58f93707cc3d51be8ff20586458332b410a42a5448574785e3210c1e7b8eb1102baa775631c6f2f1cb6cd331e9cd6acd208515e3959cb700bbdf29da,08/22/2024 09:47:00 AM,2,DRIVER,,1800062,,TOYOTA,COROLLA,IL,2002,UNKNOWN,PASSENGER,PERSONAL,E,STRAIGHT AHEAD,Y,,1,,PERSONAL TOW,UNKNOWN,,Y,,,,,,,,,,Y,Y,,FRONT,,,,,,,,,,,,,,,,,,,,,,,,,,,,,,,,,
1887748,3b0bb403b12c2a88eadcde83009ca19fb174743de637202fc38d42603cefe34683b85efd1264b6e4c6a07fb482259ecd66b700384f2489f2d432665bda098dbc,08/18/2024 12:00:00 PM,1,DRIVER,,1798353,,UNKNOWN,OTHER (EXPLAIN IN NARRATIVE),IL,,UNKNOWN,PASSENGER,UNKNOWN/NA,W,ENTERING TRAFFIC LANE FROM PARKING,,,1,,,,,,,,,,,,,,,,,Y,SIDE-LEFT-FRONT,,,,,,,,,,,,,,,,,,,,,,,,,,,,,,,,,
1887749,3b0bb403b12c2a88eadcde83009ca19fb174743de637202fc38d42603cefe34683b85efd1264b6e4c6a07fb482259ecd66b700384f2489f2d432665bda098dbc,08/18/2024 12:00:00 PM,2,DRIVER,,1798362,,KIA,SOUL,IL,2021,NONE,SPORT UTILITY VEHICLE (SUV),RIDESHARE SERVICE,W,LEAVING TRAFFIC LANE TO PARK,,,1,,,,,,,Y,,,,,,,,,,,SIDE-RIGHT,,,,,,,,,,,,,,,,,,,,,,,,,,,,,,,,,
1887690,d4d15c9f15a977fd8d12e5996acfe494a292da28e3987e29e25687ad6fdd33441590cd18a16969c666affb5b04f8d2f6fa7b3b9ddb163b700956d4d7c2ff23fd,08/18/2024 03:00:00 AM,1,DRIVER,,1798303,,DODGE,OTHER (EXPLAIN IN NARRATIVE),,2020,NONE,SPORT UTILITY VEHICLE (SUV),PERSONAL,W,STRAIGHT AHEAD,,,1,,,,,,,,,,,,,,,,Y,,FRONT,,,,,,,,,,,,,,,,,,,,,,,,,,,,,,,,,
1887691,d4d15c9f15a977fd8d12e5996acfe494a292da28e3987e29e25687ad6fdd33441590cd18a16969c666affb5b04f8d2f6fa7b3b9ddb163b700956d4d7c2ff23fd,08/18/2024 03:00:00 AM,2,PARKED,,1798308,,CHEVROLET,OTHER (EXPLAIN IN NARRATIVE),IN,2005,NONE,OTHER VEHICLE WITH TRAILER,PERSONAL,E,PARKED IN TRAFFIC LANE,,,0,,,,,Y,,,,,,,,,,,,,FRONT-RIGHT-CORNER,,,,,,,,,,,,,,,,,,,,,,,,,,,,,,,,,
1886826,87a52cd837324c0ba674b74a02565f2546a347526d063e944ecf6437153554d2d4a7eed44bc415dffcd17d913b700e0f244b0ad1814ff3f058fe01ef7a3667eb,08/17/2024 08:40:00 PM,1,DRIVER,,1797476,,VOLVO,S60,IL,2023,NONE,PASSENGER,OTHER,E,ENTERING TRAFFIC LANE FROM PARKING,,,1,,,,,,,,,,,,,,,Y,,,FRONT-LEFT-CORNER,,,,,,,,,,,,,,,,,,,,,,,,,,,,,,,,,