CRASH_UNIT_ID,CRASH_RECORD_ID,CRASH_DATE,UNIT_NO,UNIT_TYPE,NUM_PASSENGERS,VEHICLE_ID,CMRC_VEH_I,MAKE,MODEL,LIC_PLATE_STATE,VEHICLE_YEAR,VEHICLE_DEFECT,VEHICLE_TYPE,VEHICLE_USE,TRAVEL_DIRECTION,MANEUVER,TOWED_I,FIRE_I,OCCUPANT_CNT,EXCEED_SPEED_LIMIT_I,TOWED_BY,TOWED_TO,AREA_00_I,AREA_01_I,AREA_02_I,AREA_03_I,AREA_04_I,AREA_05_I,AREA_06_I,AREA_07_I,AREA_08_I,AREA_09_I,AREA_10_I,AREA_11_I,AREA_12_I,AREA_99_I,FIRST_CONTACT_POINT,CMV_ID,USDOT_NO,CCMC_NO,ILCC_NO,COMMERCIAL_SRC,GVWR,CARRIER_NAME,CARRIER_STATE,CARRIER_CITY,HAZMAT_PLACARDS_I,HAZMAT_NAME,UN_NO,HAZMAT_PRESENT_I,HAZMAT_REPORT_I,HAZMAT_REPORT_NO,MCS_REPORT_I,MCS_REPORT_NO,HAZMAT_VIO_CAUSE_CRASH_I,MCS_VIO_CAUSE_CRASH_I,IDOT_PERMIT_NO,WIDE_LOAD_I,TRAILER1_WIDTH,TRAILER2_WIDTH,TRAILER1_LENGTH,TRAILER2_LENGTH,TOTAL_VEHICLE_LENGTH,AXLE_CNT,VEHICLE_CONFIG,CARGO_BODY_TYPE,LOAD_TYPE,HAZMAT_OUT_OF_SERVICE_I,MCS_OUT_OF_SERVICE_I,HAZMAT_CLASS
1886827,87a52cd837324c0ba674b74a02565f2546a347526d063e944ecf6437153554d2d4a7eed44bc415dffcd17d913b700e0f244b0ad1814ff3f058fe01ef7a3667eb,08/17/2024 08:40:00 PM,2,DRIVER,,1797484,,FORD,EXPEDITION,IL,2022,NONE,PASSENGER,OTHER,NE,LEAVING TRAFFIC LANE TO PARK,,,1,,,,,,,,Y,Y,,,,,,,,,SIDE-RIGHT-REAR,,,,,,,,,,,,,,,,,,,,,,,,,,,,,,,,,
1886295,eb177f5ae045a53b056a155491046861aacceccb7e378a73e3c383ade8386a0ac634b5b3cc3ccc353bbdc5023a5926ccbfd27c9d4c70150ba2b70092aebc73f7,08/17/2024 10:00:00 AM,1,DRIVER,,1796986,Y,"PETERBILT MOTORS COMPANY (DIVISION OF PACCAR, INC.)",OTHER (EXPLAIN IN NARRATIVE),IL,1997,UNKNOWN,TRUCK - SINGLE UNIT,COMMERCIAL - SINGLE UNIT,N,STRAIGHT AHEAD,,,1,,,,,,,,,,,,,,,,Y,,FRONT,19861,,,,,,ROOSTER,,,,,,N,N,,N,,N,N,,,,,,,,,,,,N,N,
1886296,eb177f5ae045a53b056a155491046861aacceccb7e378a73e3c383ade8386a0ac634b5b3cc3ccc353bbdc5023a5926ccbfd27c9d4c70150ba2b70092aebc73f7,08/17/2024 10:00:00 AM,2,DRIVER,,1796993,,TOYOTA,OTHER (EXPLAIN IN NARRATIVE),IL,2012,NONE,PASSENGER,PERSONAL,N,STRAIGHT AHEAD,,,1,,,,,,,,,,Y,,,,,,,,REAR,,,,,,,,,,,,,,,,,,,,,,,,,,,,,,,,,
1886229,46b6aa5f4c38fd367b7006adbecdf56241dfd94296cef688bf7b1e9352f4c55837dbbe073a6ccf3c5cff4885bb845922642ab4ae47862efd6f632ec4eb856789,08/16/2024 12:45:00 PM,1,DRIVER,,1796919,,HONDA,CIVIC,IL,,UNKNOWN,PASSENGER,PERSONAL,N,TURNING LEFT,Y,,1,,private,,,,,,,,,,,,,Y,Y,,FRONT-LEFT-CORNER,,,,,,,,,,,,,,,,,,,,,,,,,,,,,,,,,
1886230,46b6aa5f4c38fd367b7006adbecdf56241dfd94296cef688bf7b1e9352f4c55837dbbe073a6ccf3c5cff4885bb845922642ab4ae47862efd6f632ec4eb856789,08/16/2024 12:45:00 PM,2,DRIVER,,1796921,,CHEVROLET,EQUINOX,IL,2024,UNKNOWN,SPORT UTILITY VEHICLE (SUV),PERSONAL,S,STRAIGHT AHEAD,Y,,1,,private,,,,,,,,,,Y,Y,,,,,SIDE-LEFT,,,,,,,,,,,,,,,,,,,,,,,,,,,,,,,,,
1885562,a2f34fdc2a0faf38dfb742d8a45b915e2ab5b76cf8ec8f507f737b8dbb7db941b4d0930eb79d0b7000dd3edb419a5e89c9ff44f386654847f97de49c3c8ea0b0,08/16/2024 11:38:00 AM,1,DRIVER,,1796284,,UNKNOWN,OTHER (EXPLAIN IN NARRATIVE),,,UNKNOWN,PASSENGER,UNKNOWN/NA,W,STRAIGHT AHEAD,,,1,,,,,,,,,,,,,N,,,,Y,UNKNOWN,,,,,,,,,,,,,,,,,,,,,,,,,,,,,,,,,
1885563,a2f34fdc2a0faf38dfb742d8a45b915e2ab5b76cf8ec8f507f737b8dbb7db941b4d0930eb79d0b7000dd3edb419a5e89c9ff44f386654847f97de49c3c8ea0b0,08/16/2024 11:38:00 AM,2,DRIVER,,1796292,,FORD,F150,IL,2007,UNKNOWN,PICKUP,PERSONAL,W,STRAIGHT AHEAD,Y,,1,,,,,Y,Y,Y,,,,,,,,Y,Y,,FRONT-RIGHT-CORNER,,,,,,,,,,,,,,,,,,,,,,,,,,,,,,,,,
1882768,5bf907d5bec2d921efc16b1870ba8783d42aeda73c306cb4feeccc8642b63ffe4e584dbb6662435f04b3438b3eeebbf107decd0e8f5efbe374cc2ea2b7008a1d,08/12/2024 02:39:00 AM,1,DRIVER,,1793619,,HYUNDAI,ELANTRA,IL,2022,UNKNOWN,PASSENGER,PERSONAL,E,STRAIGHT AHEAD,,,1,,,,,Y,Y,,,,,,,,,,,,FRONT-RIGHT-CORNER,,,,,,,,,,,,,,,,,,,,,,,,,,,,,,,,,
1882769,5bf907d5bec2d921efc16b1870ba8783d42aeda73c306cb4feeccc8642b63ffe4e584dbb6662435f04b3438b3eeebbf107decd0e8f5efbe374cc2ea2b7008a1d,08/12/2024 02:39:00 AM,2,PARKED,,1793617,,BUICK,VERANO,IL,2013,OTHER,PASSENGER,PERSONAL,UNKNOWN,PARKED,,,0,,,,,,,,,,,Y,Y,,,,,,REAR-LEFT-CORNER,,,,,,,,,,,,,,,,,,,,,,,,,,,,,,,,,
1881089,80eabcb9201fec8349b70030dbe6ad20cccc3b061e1bcc76f09e283fcc77c62947ce0ef39962171581be9e8d418c88916ac8fd205496c3d10f7b2db8d5e208e7,08/09/2024 04:25:00 PM,1,DRIVER,1,1792012,,HONDA,CIVIC,IL,2005,UNKNOWN,PASSENGER,PERSONAL,N,STRAIGHT AHEAD,,,2,,,,,Y,Y,Y,,,,,,,,,,,FRONT-RIGHT-CORNER,,,,,,,,,,,,,,,,,,,,,,,,,,,,,,,,,
1881090,80eabcb9201fec8349b70030dbe6ad20cccc3b061e1bcc76f09e283fcc77c62947ce0ef39962171581be9e8d418c88916ac8fd205496c3d10f7b2db8d5e208e7,08/09/2024 04:25:00 PM,2,DRIVER,,1792026,,NISSAN,ROGUE,IL,2011,UNKNOWN,SPORT UTILITY VEHICLE (SUV),PERSONAL,N,ENTERING TRAFFIC LANE FROM PARKING,,,1,,,,,,,,,,,,,,Y,Y,,,FRONT-LEFT-CORNER,,,,,,,,,,,,,,,,,,,,,,,,,,,,,,,,,
1879738,fe6214af52c2a087e835bf486cc2c234c9ec7f5b42379e2d5db2b700b3a848e6085b039d994840260a24a42269cf9833e4e3330bafd40dfaeed9a610c18b06f1,08/07/2024 10:31:00 AM,1,DRIVER,,1790726,,UNKNOWN,ENCLOSED BODY,,,OTHER,PASSENGER,PERSONAL,W,STRAIGHT AHEAD,,,1,,,,,,,,,,,,,,,,,Y,UNKNOWN,,,,,,,,,,,,,,,,,,,,,,,,,,,,,,,,,
1879739,fe6214af52c2a087e835bf486cc2c234c9ec7f5b42379e2d5db2b700b3a848e6085b039d994840260a24a42269cf9833e4e3330bafd40dfaeed9a610c18b06f1,08/07/2024 10:31:00 AM,2,PARKED,,1790733,,BUICK,ENCORE,IL,2023,UNKNOWN,PASSENGER,PERSONAL,UNKNOWN,PARKED,,,0,,,,,,,,,,,,,Y,Y,,,,SIDE-LEFT,,,,,,,,,,,,,,,,,,,,,,,,,,,,,,,,,
1878006,106b7009bba3e7c188bb51e64764f73f986e8b732534dd6a0d427d43df3db0dd72a4eda13f543c64663fa7e4e99cb04a4136734576a30e275fde49940100a8da,08/05/2024 12:05:00 AM,1,DRIVER,,1789077,,NISSAN,ALTIMA,IL,2011,NONE,PASSENGER,PERSONAL,S,STRAIGHT AHEAD,,,1,,,,,Y,,,,,,,,,,Y,Y,,FRONT,,,,,,,,,,,,,,,,,,,,,,,,,,,,,,,,,
1878007,106b7009bba3e7c188bb51e64764f73f986e8b732534dd6a0d427d43df3db0dd72a4eda13f543c64663fa7e4e99cb04a4136734576a30e275fde49940100a8da,08/05/2024 12:05:00 AM,2,DRIVER,,1789079,,UNKNOWN,ENCLOSED BODY,,,UNKNOWN,PASSENGER,PERSONAL,E,STRAIGHT AHEAD,,,1,,,,,,,,,,,Y,Y,,,,,,REAR-LEFT-CORNER,,,,,,,,,,,,,,,,,,,,,,,,,,,,,,,,,
1876760,3b90c9716adab86fbfb93adbf07092b5fc7d26cc3ff1b696579f87f894bff0923cf53b700b989b000f1c97ce7719c754a628ebef446dab5eee30edaf75d0bbb6,08/02/2024 05:15:00 PM,1,DRIVER,,1787875,,MERCEDES-BENZ,OTHER (EXPLAIN IN NARRATIVE),IL,2005,UNKNOWN,PASSENGER,UNKNOWN/NA,W,BACKING,,,1,,,,,,,,,,,,,,Y,,,,SIDE-LEFT,,,,,,,,,,,,,,,,,,,,,,,,,,,,,,,,,
1876762,3b90c9716adab86fbfb93adbf07092b5fc7d26cc3ff1b696579f87f894bff0923cf53b700b989b000f1c97ce7719c754a628ebef446dab5eee30edaf75d0bbb6,08/02/2024 05:15:00 PM,2,PARKED,,1787878,,CROSS TRUCK EQUIPMENT COMPANY,CROSS TRUCK EQUIPMENT CO.,IL,2023,NONE,OTHER,NOT IN USE,W,PARKED,,,0,,,,,,,,,,,,,,,,,,FRONT-LEFT-CORNER,,,,,,,,,,,,,,,,,,,,,,,,,,,,,,,,,
1876349,3aba175735724e7ab4428cda3b6bb08332a5ace4bc88541373f366ec6100fc87de519a280b0bd624d71d08dcec01d38b700b4cf47aa8cbf0f14774bc2fd34974,08/02/2024 05:05:00 PM,1,DRIVER,,1787481,,CHEVROLET,SILVERADO,IL,2005,NONE,PICKUP,PERSONAL,W,STRAIGHT AHEAD,,,1,,,,,,,,,,,,,,,,Y,,FRONT,,,,,,,,,,,,,,,,,,,,,,,,,,,,,,,,,
1876350,3aba175735724e7ab4428cda3b6bb08332a5ace4bc88541373f366ec6100fc87de519a280b0bd624d71d08dcec01d38b700b4cf47aa8cbf0f14774bc2fd34974,08/02/2024 05:05:00 PM,2,DRIVER,,1787490,,HYUNDAI,ELANTRA,IL,2019,NONE,PASSENGER,PERSONAL,W,STRAIGHT AHEAD,,,1,,,,,,,,,,Y,,,,,,,,REAR,,,,,,,,,,,,,,,,,,,,,,,,,,,,,,,,,
1875384,e919b0f1eb8fb7646d2a3c065f4e0ab66dd9df5b1b5c31eda1e7a4737760c72c38bb7004495ac2aa728f4fa67bb622a51556a39924d35e6e826cbd84b87229b7,08/01/2024 11:30:00 AM,1,DRIVER,,1786567,,UNKNOWN,OTHER (EXPLAIN IN NARRATIVE),,,UNKNOWN,UNKNOWN/NA,UNKNOWN/NA,UNKNOWN,OTHER,,,1,,,,,,,,,,,,,,,,,Y,UNKNOWN,,,,,,,,,,,,,,,,,,,,,,,,,,,,,,,,,
1875385,e919b0f1eb8fb7646d2a3c065f4e0ab66dd9df5b1b5c31eda1e7a4737760c72c38bb7004495ac2aa728f4fa67bb622a51556a39924d35e6e826cbd84b87229b7,08/01/2024 11:30:00 AM,2,DRIVER,,1786576,,TOYOTA,CAMRY,IL,2012,UNKNOWN,PASSENGER,TAXI/FOR HIRE,UNKNOWN,OTHER,,,1,,,,,Y,Y,,,,,,,,,,Y,,FRONT-RIGHT-CORNER,,,,,,,,,,,,,,,,,,,,,,,,,,,,,,,,,
1873993,38c6742865c83ff5c72d9ae9798e3d50e5b4f90a70748aa6499af5de76e90beb23a5b515cca8bbbcee0f7c13b700a6273e585e4478b048a0683f0072c70b24a1,07/30/2024 10:04:00 AM,1,DRIVER,,1785243,,HYUNDAI,SONATA,IL,2012,UNKNOWN,PASSENGER,PERSONAL,UNKNOWN,BACKING,,,1,,,,,,,,,,,,,,,,,Y,REAR,,,,,,,,,,,,,,,,,,,,,,,,,,,,,,,,,
1873994,38c6742865c83ff5c72d9ae9798e3d50e5b4f90a70748aa6499af5de76e90beb23a5b515cca8bbbcee0f7c13b700a6273e585e4478b048a0683f0072c70b24a1,07/30/2024 10:04:00 AM,2,DRIVER,,1785253,,CHEVROLET,TRAVERSE,IL,2021,UNKNOWN,SPORT UTILITY VEHICLE (SUV),PERSONAL,UNKNOWN,STRAIGHT AHEAD,,,1,,,,,,,,,,,Y,Y,Y,,,,,SIDE-LEFT,,,,,,,,,,,,,,,,,,,,,,,,,,,,,,,,,
1871513,913d75f942f879b842b700ddc9d8db6d9d714b1c229249be53a3a667338b6a85063333a176c129e6f338f7788c8c14d75fa4050196d46ce7233ae1d0b574eb15,07/26/2024 04:30:00 PM,1,DRIVER,1,1782859,,TOYOTA,PRIUS,IL,2013,NONE,PASSENGER,RIDESHARE SERVICE,E,SLOW/STOP IN TRAFFIC,,,2,,,,,,,Y,Y,,,,,,,,,,SIDE-RIGHT,,,,,,,,,,,,,,,,,,,,,,,,,,,,,,,,,
1871514,913d75f942f879b842b700ddc9d8db6d9d714b1c229249be53a3a667338b6a85063333a176c129e6f338f7788c8c14d75fa4050196d46ce7233ae1d0b574eb15,07/26/2024 04:30:00 PM,2,DRIVER,,1782874,,GENERAL MOTORS CORPORATION (GMC),OTHER (EXPLAIN IN NARRATIVE),IL,2010,NONE,PASSENGER,PERSONAL,E,STRAIGHT AHEAD,,,1,,,,,,,,,,,,Y,Y,Y,,,,SIDE-LEFT,,,,,,,,,,,,,,,,,,,,,,,,,,,,,,,,,
1870952,45f3f2d948287a102bd80262a5c316ef928421baf3d148ac47a4a7157a6bd964d5b700c5140b8957210f4ce06f03c52aae15a14e249c823e5bcdd5840a959c77,07/25/2024 08:30:00 PM,1,DRIVER,,1782328,,UNKNOWN,OTHER (EXPLAIN IN NARRATIVE),IL,,NONE,PASSENGER,UNKNOWN/NA,S,STRAIGHT AHEAD,,,1,,,,,,,,,,,,,,,,,,UNKNOWN,,,,,,,,,,,,,,,,,,,,,,,,,,,,,,,,,
1870953,45f3f2d948287a102bd80262a5c316ef928421baf3d148ac47a4a7157a6bd964d5b700c5140b8957210f4ce06f03c52aae15a14e249c823e5bcdd5840a959c77,07/25/2024 08:30:00 PM,2,DRIVER,,1782333,,HONDA,CR-V,IL,2021,NONE,PASSENGER,PERSONAL,S,STRAIGHT AHEAD,,,1,,,,,,,,Y,Y,,,,,,,,,REAR-RIGHT-CORNER,,,,,,,,,,,,,,,,,,,,,,,,,,,,,,,,,
1870419,e5ccbd58c86da14e5944d75df56c216a2aaaeb4fade585c40bf2069582ac3113928823693a53d360daff5cb7008cb7f92ddec8753fc32f83d35b598719e8917e,07/25/2024 09:00:00 AM,1,DRIVER,,1781823,,HONDA,CR-V,IL,2014,UNKNOWN,SPORT UTILITY VEHICLE (SUV),PERSONAL,S,TURNING LEFT,,,1,,,,,,,,,,,,Y,Y,Y,,,,SIDE-LEFT,,,,,,,,,,,,,,,,,,,,,,,,,,,,,,,,,
1870420,e5ccbd58c86da14e5944d75df56c216a2aaaeb4fade585c40bf2069582ac3113928823693a53d360daff5cb7008cb7f92ddec8753fc32f83d35b598719e8917e,07/25/2024 09:00:00 AM,2,DRIVER,,1781831,,FORD,TRANSIT,IL,2017,UNKNOWN,VAN/MINI-VAN,COMMERCIAL - SINGLE UNIT,W,STRAIGHT AHEAD,,,1,,,,,,,,,,,,,,,Y,,,FRONT-LEFT-CORNER,,,,,,,,,,,,,,,,,,,,,,,,,,,,,,,,,
1870260,6f477e77b00a1d8bf7100fa68eaa34fca89f38541f123cbd3932cc9272dbabc50f8451ed0b700431075fe6a5e9c5a1ce533cdec8aef9f0156d02ba673a947579,07/24/2024 05:34:00 PM,1,DRIVER,,1781667,,UNKNOWN,OTHER (EXPLAIN IN NARRATIVE),,,NONE,PASSENGER,UNKNOWN/NA,S,STRAIGHT AHEAD,,,1,,,,,Y,,,,,,,,,,Y,Y,,FRONT,,,,,,,,,,,,,,,,,,,,,,,,,,,,,,,,,
1870261,6f477e77b00a1d8bf7100fa68eaa34fca89f38541f123cbd3932cc9272dbabc50f8451ed0b700431075fe6a5e9c5a1ce533cdec8aef9f0156d02ba673a947579,07/24/2024 05:34:00 PM,2,BICYCLE,,,,,,,,,,,,,,,,,,,,,,,,,,,,,,,,,,,,,,,,,,,,,,,,,,,,,,,,,,,,,,,,,,
1868267,d1d6538af141f71bc2fd28dbf537607c43fc49b84ca054399b19355ddfa6f097dc167daebcfbb02c91485d86c56cc7e955ec01b7007c72a2844bbf26f5c3c8fb,07/21/2024 08:39:00 PM,1,DRIVER,1,1779760,,BMW,OTHER (EXPLAIN IN NARRATIVE),IL,2019,NONE,SPORT UTILITY VEHICLE (SUV),PERSONAL,S,STRAIGHT AHEAD,,,2,,,,,Y,Y,Y,,,,,,,,,,,SIDE-RIGHT,,,,,,,,,,,,,,,,,,,,,,,,,,,,,,,,,
1868268,d1d6538af141f71bc2fd28dbf537607c43fc49b84ca054399b19355ddfa6f097dc167daebcfbb02c91485d86c56cc7e955ec01b7007c72a2844bbf26f5c3c8fb,07/21/2024 08:39:00 PM,2,PARKED,,1779763,,SATURN,AURA,IA,2003,NONE,PASSENGER,NOT IN USE,N,PARKED,,,0,,,,,Y,Y,Y,,,,,,,,,,,SIDE-RIGHT,,,,,,,,,,,,,,,,,,,,,,,,,,,,,,,,,
1868684,2a97520930fe61b7003df1e11b39263862e1d3fccb58ec928d0a9384861216e2e2693a8de13d4cb9d10657b7f01d01b62e45302dd0f9520ee85c66706383c7d8,07/21/2024 10:40:00 AM,1,DRIVER,,1780154,,HONDA,ODYSSEY,IL,2006,UNKNOWN,PASSENGER,UNKNOWN/NA,E,STRAIGHT AHEAD,,,1,,,,,,,,,,,,,,,,Y,,FRONT,,,,,,,,,,,,,,,,,,,,,,,,,,,,,,,,,
1868685,2a97520930fe61b7003df1e11b39263862e1d3fccb58ec928d0a9384861216e2e2693a8de13d4cb9d10657b7f01d01b62e45302dd0f9520ee85c66706383c7d8,07/21/2024 10:40:00 AM,2,DRIVER,,1780160,,LINCOLN,NAVIGATOR,IL,2020,NONE,PASSENGER,PERSONAL,E,SLOW/STOP IN TRAFFIC,,,1,,,,,,,,,,Y,,,,,,,,REAR,,,,,,,,,,,,,,,,,,,,,,,,,,,,,,,,,
1866866,78d4621ba362cd6fdb9ffc9eb67c3c6eb700900f1597bb5a090fc2b1cf78729de447f7573f39377c474af171470f09380547bfce77ab812b27a28ddf03f49764,07/18/2024 05:25:00 PM,1,DRIVER,,1778418,,MAZDA,CX-5,IL,2017,UNKNOWN,SPORT UTILITY VEHICLE (SUV),UNKNOWN/NA,E,TURNING RIGHT,,,1,,,,,,,,,,,,,,,,,Y,UNKNOWN,,,,,,,,,,,,,,,,,,,,,,,,,,,,,,,,,
1866867,78d4621ba362cd6fdb9ffc9eb67c3c6eb700900f1597bb5a090fc2b1cf78729de447f7573f39377c474af171470f09380547bfce77ab812b27a28ddf03f49764,07/18/2024 05:25:00 PM,2,PARKED,,1778420,,MINI,COOPER,IL,2024,UNKNOWN,OTHER,UNKNOWN/NA,E,PARKED,,,0,,,,,,,,,,Y,Y,Y,,,,,,SIDE-LEFT-REAR,,,,,,,,,,,,,,,,,,,,,,,,,,,,,,,,,
1864929,aeb962e50b9804bcc0af461bb7003c6ef6fdbe5a8c8e296614dd20c94b3905eec2f0d8f43643c5428731c3a0947c52d6f7f0d5812c0390b060bc6964792c4da3,07/16/2024 05:00:00 PM,1,DRIVER,,1776551,,LEXUS,OTHER (EXPLAIN IN NARRATIVE),IL,2017,UNKNOWN,PASSENGER,PERSONAL,N,UNKNOWN/NA,,,1,,,,,,,,,,,,,,,,,Y,FRONT,,,,,,,,,,,,,,,,,,,,,,,,,,,,,,,,,
1864930,aeb962e50b9804bcc0af461bb7003c6ef6fdbe5a8c8e296614dd20c94b3905eec2f0d8f43643c5428731c3a0947c52d6f7f0d5812c0390b060bc6964792c4da3,07/16/2024 05:00:00 PM,2,DRIVER,,1776554,,TOYOTA,COROLLA,IL,2024,NONE,PASSENGER,PERSONAL,N,SLOW/STOP IN TRAFFIC,,,1,,,,,,,,,Y,Y,Y,,,,,,,REAR,,,,,,,,,,,,,,,,,,,,,,,,,,,,,,,,,
1863115,4bcd4e285c88b2134d3dce308e65556f731086d2480b104225de58af234ba4f21a2db700f9538934780fe62ed17ae248fe0fd5902ea327ac3b544b16970609a5,07/14/2024 12:50:00 PM,1,DRIVER,,1774830,,TOYOTA,TACOMA,IL,1995,NONE,PICKUP,UNKNOWN/NA,S,CHANGING LANES,,,1,,,,,,,,,,,,,,,Y,Y,,FRONT,,,,,,,,,,,,,,,,,,,,,,,,,,,,,,,,,
1863116,4bcd4e285c88b2134d3dce308e65556f731086d2480b104225de58af234ba4f21a2db700f9538934780fe62ed17ae248fe0fd5902ea327ac3b544b16970609a5,07/14/2024 12:50:00 PM,2,DRIVER,,1774833,,JEEP,RENEGADE,IL,2018,NONE,PASSENGER,PERSONAL,S,STRAIGHT AHEAD,,,1,,,,,,Y,Y,Y,Y,Y,,,,,,,,SIDE-RIGHT,,,,,,,,,,,,,,,,,,,,,,,,,,,,,,,,,
1863117,4bcd4e285c88b2134d3dce308e65556f731086d2480b104225de58af234ba4f21a2db700f9538934780fe62ed17ae248fe0fd5902ea327ac3b544b16970609a5,07/14/2024 12:50:00 PM,3,DRIVER,,1774839,,SUBARU,FORESTER,IL,2017,NONE,PASSENGER,PERSONAL,S,STRAIGHT AHEAD,,,1,,,,,,,,,,Y,,,,,,,,REAR,,,,,,,,,,,,,,,,,,,,,,,,,,,,,,,,,
1862253,6e2eb3cffa9ed90b7cd99a4802779ec2cacab7001cff0e2d747825958061b859ab9dc8e8a162ab36b423a3d3ceb67c7bcfdb6cdd0168947bd7992ad32df6a2fc,07/13/2024 08:42:00 AM,1,DRIVER,,1774044,,NISSAN,ALTIMA,IL,2020,NONE,PASSENGER,PERSONAL,N,STRAIGHT AHEAD,Y,,1,,private tow,,,Y,,,,,,,,,,Y,Y,,FRONT,,,,,,,,,,,,,,,,,,,,,,,,,,,,,,,,,
1862254,6e2eb3cffa9ed90b7cd99a4802779ec2cacab7001cff0e2d747825958061b859ab9dc8e8a162ab36b423a3d3ceb67c7bcfdb6cdd0168947bd7992ad32df6a2fc,07/13/2024 08:42:00 AM,2,DRIVER,,1774051,,KIA,FORTE,TX,2023,NONE,PASSENGER,PERSONAL,W,STRAIGHT AHEAD,Y,,1,,private tow,,,,,,,,,,Y,Y,Y,,,,SIDE-LEFT,,,,,,,,,,,,,,,,,,,,,,,,,,,,,,,,,
1859995,54b47ae21898cd0a4edcbba027c26e43b700acaedc2ac280386892bd9c359d7cbdba6035bb618e95ec57532c66ec73e7d467b32d875b4249d155a055f36334bf,07/09/2024 06:43:00 PM,1,DRIVER,1,1771907,,JEEP,COMPASS,IL,2018,NONE,PASSENGER,PERSONAL,N,PASSING/OVERTAKING,N,,2,,,,,Y,Y,,,,,,,,,,,,FRONT-RIGHT-CORNER,,,,,,,,,,,,,,,,,,,,,,,,,,,,,,,,,
1859996,54b47ae21898cd0a4edcbba027c26e43b700acaedc2ac280386892bd9c359d7cbdba6035bb618e95ec57532c66ec73e7d467b32d875b4249d155a055f36334bf,07/09/2024 06:43:00 PM,2,DRIVER,1,1771914,,CADILLAC,ESCALADE,IL,2003,NONE,PASSENGER,PERSONAL,N,SLOW/STOP IN TRAFFIC,,,2,,,,,,,,,,,,,,Y,Y,,,FRONT-LEFT-CORNER,,,,,,,,,,,,,,,,,,,,,,,,,,,,,,,,,
1858853,f06b8f05a070f4a14ec9c46068a40a6c8a99dd96d1b393eb1d5631a0dc8f3fd213ac4e96eaee73ca311465ef7081dee09eb0344180b700c600681f03a4f78c60,07/08/2024 10:17:00 AM,1,DRIVER,,1770817,,NOVA BUS,OTHER (EXPLAIN IN NARRATIVE),IL,2023,UNKNOWN,BUS OVER 15 PASS.,CTA,W,STRAIGHT AHEAD,,,1,,,,,Y,Y,,,,,,,,,,,,SIDE-RIGHT-FRONT,,,,,,,,,,,,,,,,,,,,,,,,,,,,,,,,,
1858854,f06b8f05a070f4a14ec9c46068a40a6c8a99dd96d1b393eb1d5631a0dc8f3fd213ac4e96eaee73ca311465ef7081dee09eb0344180b700c600681f03a4f78c60,07/08/2024 10:17:00 AM,2,PARKED,,1770824,,FORD,F150,IL,1997,UNKNOWN,PICKUP,NOT IN USE,W,PARKED,,,0,,,,,,,,,,,,Y,Y,Y,,,,SIDE-LEFT,,,,,,,,,,,,,,,,,,,,,,,,,,,,,,,,,
1857510,b7001d96a26ed38992d84e5010f8fb6e7aeddab7b38b58572cfdb62e5bd5dd260620108e0a9bb62411d170a9973001852f873d5a3a264f69c3f7758c83bc41dc,07/06/2024 02:03:00 AM,1,DRIVER,,1769529,,DODGE,JOURNEY,IL,2017,UNKNOWN,SPORT UTILITY VEHICLE (SUV),UNKNOWN/NA,NW,UNKNOWN/NA,Y,,1,,ad desk 7,103 and doty,,Y,,,,,,,,,,Y,Y,,FRONT,,,,,,,,,,,,,,,,,,,,,,,,,,,,,,,,,
1857511,b7001d96a26ed38992d84e5010f8fb6e7aeddab7b38b58572cfdb62e5bd5dd260620108e0a9bb62411d170a9973001852f873d5a3a264f69c3f7758c83bc41dc,07/06/2024 02:03:00 AM,2,PARKED,,1769530,,LEXUS,RX330,IL,2005,NONE,PASSENGER,NOT IN USE,NW,PARKED,,,0,,,,,,,,,Y,Y,Y,,,,,,,REAR,,,,,,,,,,,,,,,,,,,,,,,,,,,,,,,,,
1858331,a26cae4b700d6723a2444cf0a20bd915f9a069621fea09b15f1a8ebce82e145afe4059012199bf904ab99a0ea5485c2d74283275c82cc5d65016e1ae9d819a05,07/06/2024 01:00:00 AM,1,DRIVER,,1770315,,INFINITI,M37,IL,2013,NONE,PASSENGER,PERSONAL,S,STRAIGHT AHEAD,,,1,,,,,,,,,,,,,,,,,Y,UNKNOWN,,,,,,,,,,,,,,,,,,,,,,,,,,,,,,,,,
1858332,a26cae4b700d6723a2444cf0a20bd915f9a069621fea09b15f1a8ebce82e145afe4059012199bf904ab99a0ea5485c2d74283275c82cc5d65016e1ae9d819a05,07/06/2024 01:00:00 AM,2,PARKED,2,1770317,,HONDA,CIVIC,IL,2011,NONE,PASSENGER,PERSONAL,S,PARKED,,,2,,,,,,,,,,,Y,,,,,,,REAR-LEFT-CORNER,,,,,,,,,,,,,,,,,,,,,,,,,,,,,,,,,
1857418,0e44dc0d08078e33be2545b14d45cbed300557eabb0696ecec6b7008a5d5dc87a1e3c3b8b6ae0541f79874a5fc3ff0161ff526645ebe429e791111da65cbd99b,07/05/2024 09:33:00 PM,1,DRIVER,,1769440,,HYUNDAI,ELANTRA,IL,2013,UNKNOWN,PASSENGER,PERSONAL,E,UNKNOWN/NA,,,1,,,,,N,Y,,,,,,,,,,,,SIDE-RIGHT-FRONT,,,,,,,,,,,,,,,,,,,,,,,,,,,,,,,,,