CRASH_UNIT_ID,CRASH_RECORD_ID,CRASH_DATE,UNIT_NO,UNIT_TYPE,NUM_PASSENGERS,VEHICLE_ID,CMRC_VEH_I,MAKE,MODEL,LIC_PLATE_STATE,VEHICLE_YEAR,VEHICLE_DEFECT,VEHICLE_TYPE,VEHICLE_USE,TRAVEL_DIRECTION,MANEUVER,TOWED_I,FIRE_I,OCCUPANT_CNT,EXCEED_SPEED_LIMIT_I,TOWED_BY,TOWED_TO,AREA_00_I,AREA_01_I,AREA_02_I,AREA_03_I,AREA_04_I,AREA_05_I,AREA_06_I,AREA_07_I,AREA_08_I,AREA_09_I,AREA_10_I,AREA_11_I,AREA_12_I,AREA_99_I,FIRST_CONTACT_POINT,CMV_ID,USDOT_NO,CCMC_NO,ILCC_NO,COMMERCIAL_SRC,GVWR,CARRIER_NAME,CARRIER_STATE,CARRIER_CITY,HAZMAT_PLACARDS_I,HAZMAT_NAME,UN_NO,HAZMAT_PRESENT_I,HAZMAT_REPORT_I,HAZMAT_REPORT_NO,MCS_REPORT_I,MCS_REPORT_NO,HAZMAT_VIO_CAUSE_CRASH_I,MCS_VIO_CAUSE_CRASH_I,IDOT_PERMIT_NO,WIDE_LOAD_I,TRAILER1_WIDTH,TRAILER2_WIDTH,TRAILER1_LENGTH,TRAILER2_LENGTH,TOTAL_VEHICLE_LENGTH,AXLE_CNT,VEHICLE_CONFIG,CARGO_BODY_TYPE,LOAD_TYPE,HAZMAT_OUT_OF_SERVICE_I,MCS_OUT_OF_SERVICE_I,HAZMAT_CLASS
1857419,0e44dc0d08078e33be2545b14d45cbed300557eabb0696ecec6b7008a5d5dc87a1e3c3b8b6ae0541f79874a5fc3ff0161ff526645ebe429e791111da65cbd99b,07/05/2024 09:33:00 PM,2,PARKED,,1769441,,TOYOTA,CAMRY,IL,2024,NONE,PASSENGER,PERSONAL,E,PARKED,,,0,,,,,,,,,,,,,,,Y,,,SIDE-LEFT-FRONT,,,,,,,,,,,,,,,,,,,,,,,,,,,,,,,,,
1856176,16d6311a720d5b432425345b0bce7baa10b7003ff10807c24f1a3a169a4402551d8259d5da11efc3d6d7eb44ad9fd4773344864969cac9371c4e4b389fbc2149,07/03/2024 11:10:00 PM,1,DRIVER,,1768256,,NISSAN,ALTIMA,IL,2018,NONE,PASSENGER,PERSONAL,S,STRAIGHT AHEAD,,,1,,,,Y,,,,,,,,,,,,,,FRONT,,,,,,,,,,,,,,,,,,,,,,,,,,,,,,,,,
1856177,16d6311a720d5b432425345b0bce7baa10b7003ff10807c24f1a3a169a4402551d8259d5da11efc3d6d7eb44ad9fd4773344864969cac9371c4e4b389fbc2149,07/03/2024 11:10:00 PM,2,DRIVER,1,1768261,,BMW,X5,IL,2012,NONE,PASSENGER,PERSONAL,S,SLOW/STOP IN TRAFFIC,,,2,,,,,,,,,Y,Y,Y,,,,,,,REAR,,,,,,,,,,,,,,,,,,,,,,,,,,,,,,,,,
1855422,0a375934348434004aeaaaf44790edf5983db881b09b18ca69d624f0f37e9817e6db75ba7502a7f012bc93d408cd5fd13e9dcb700ae1f275ff15a193d4e99ada,07/03/2024 05:20:00 AM,1,DRIVER,,1767538,,UNKNOWN,MOTORIZED,IL,,UNKNOWN,UNKNOWN/NA,UNKNOWN/NA,UNKNOWN,STRAIGHT AHEAD,,,1,,,,,Y,,,,,,,,,,Y,Y,,FRONT,,,,,,,,,,,,,,,,,,,,,,,,,,,,,,,,,
1855423,0a375934348434004aeaaaf44790edf5983db881b09b18ca69d624f0f37e9817e6db75ba7502a7f012bc93d408cd5fd13e9dcb700ae1f275ff15a193d4e99ada,07/03/2024 05:20:00 AM,2,PARKED,,1767540,,CHEVROLET,COBALT,IL,2008,UNKNOWN,PASSENGER,PERSONAL,N,PARKED,,,0,,,,,Y,,,,Y,Y,Y,,,,Y,Y,,REAR,,,,,,,,,,,,,,,,,,,,,,,,,,,,,,,,,
1855428,0a375934348434004aeaaaf44790edf5983db881b09b18ca69d624f0f37e9817e6db75ba7502a7f012bc93d408cd5fd13e9dcb700ae1f275ff15a193d4e99ada,07/03/2024 05:20:00 AM,3,PARKED,,1767546,,FORD,FOCUS,,2012,UNKNOWN,PASSENGER,PERSONAL,N,PARKED,,,0,,,,,,,,,Y,Y,Y,,,,,,,REAR,,,,,,,,,,,,,,,,,,,,,,,,,,,,,,,,,
1853020,c7acd4264c63dc627cf3120a0b238346a0807e0ee6b79abe7fa16072c304f6199983a9ce4b7003821e06b2524bfd6483788bd081cf5bc473375b3b986afcf8a4,06/29/2024 12:05:00 PM,1,DRIVER,,1765216,,NISSAN,ALTIMA,IL,2008,UNKNOWN,PASSENGER,PERSONAL,S,CHANGING LANES,,,1,,,,,,,Y,Y,Y,,,,,,,,,SIDE-RIGHT-REAR,,,,,,,,,,,,,,,,,,,,,,,,,,,,,,,,,
1853021,c7acd4264c63dc627cf3120a0b238346a0807e0ee6b79abe7fa16072c304f6199983a9ce4b7003821e06b2524bfd6483788bd081cf5bc473375b3b986afcf8a4,06/29/2024 12:05:00 PM,2,DRIVER,,1765220,,FORD,ECONOLINE 100,IL,2001,NONE,VAN/MINI-VAN,PERSONAL,S,STRAIGHT AHEAD,,,1,,,,,,,,,,,,,,,Y,Y,,FRONT-LEFT-CORNER,,,,,,,,,,,,,,,,,,,,,,,,,,,,,,,,,
1850963,605f52ce59279588b700e4e75a37bf5412531cdffc0f06ae4377b06875a7fb3668986c5c28ee75d1a3ae6e298b9776c889b2d3e79365b34b798f16e38f2f7dcf,06/26/2024 03:45:00 PM,1,DRIVER,,1763254,,SCION,XB,IL,2006,NONE,SPORT UTILITY VEHICLE (SUV),PERSONAL,N,STRAIGHT AHEAD,,,1,,,,,,,,,,,,,,,Y,,,FRONT-LEFT-CORNER,,,,,,,,,,,,,,,,,,,,,,,,,,,,,,,,,
1850964,605f52ce59279588b700e4e75a37bf5412531cdffc0f06ae4377b06875a7fb3668986c5c28ee75d1a3ae6e298b9776c889b2d3e79365b34b798f16e38f2f7dcf,06/26/2024 03:45:00 PM,2,PARKED,,1763260,,HYUNDAI,SANTA FE,IL,2007,NONE,SPORT UTILITY VEHICLE (SUV),NOT IN USE,N,PARKED,,,0,,,,,Y,,,,,,,,,,,,,FRONT-RIGHT-CORNER,,,,,,,,,,,,,,,,,,,,,,,,,,,,,,,,,
1850965,605f52ce59279588b700e4e75a37bf5412531cdffc0f06ae4377b06875a7fb3668986c5c28ee75d1a3ae6e298b9776c889b2d3e79365b34b798f16e38f2f7dcf,06/26/2024 03:45:00 PM,3,PARKED,,1763266,,HYUNDAI,SANTA FE,IL,2022,NONE,SPORT UTILITY VEHICLE (SUV),NOT IN USE,N,PARKED,,,0,,,,,,,,,Y,,,,,,,,,SIDE-RIGHT-REAR,,,,,,,,,,,,,,,,,,,,,,,,,,,,,,,,,
1851023,a0f35f7704cd4d708c8d1a0d1708ac3ca6f5aebf1af16da73ade0bafd1775b5a7b079262817dda37d1e90002179bd5eb7a63f8f512cce5ea962d1b700a678b94,06/26/2024 11:00:00 AM,1,DRIVER,,1763311,,NISSAN,OTHER (EXPLAIN IN NARRATIVE),IL,,UNKNOWN,PASSENGER,UNKNOWN/NA,E,STRAIGHT AHEAD,,,1,,,,,Y,,,,,,,,,,Y,Y,,FRONT,,,,,,,,,,,,,,,,,,,,,,,,,,,,,,,,,
1851024,a0f35f7704cd4d708c8d1a0d1708ac3ca6f5aebf1af16da73ade0bafd1775b5a7b079262817dda37d1e90002179bd5eb7a63f8f512cce5ea962d1b700a678b94,06/26/2024 11:00:00 AM,2,DRIVER,,1763306,,TOYOTA,COROLLA,IL,,UNKNOWN,PASSENGER,UNKNOWN/NA,E,STRAIGHT AHEAD,,,1,,,,,,,,,,Y,Y,,,,,,,REAR-LEFT-CORNER,,,,,,,,,,,,,,,,,,,,,,,,,,,,,,,,,
1852205,b7b700888139d86f3d29313900c7e4871383dfde325defd6d87409e33683fc58c174f3ac84fb1eb7a57b93c3e802ee289eaa8cf92dfa00d9b7b3b6d5df8fd94d,06/24/2024 05:16:00 PM,1,DRIVER,,1764426,,VOLKSWAGEN,TOUAREG,IL,2013,UNKNOWN,SPORT UTILITY VEHICLE (SUV),PERSONAL,UNKNOWN,CHANGING LANES,,,1,,,,,Y,Y,,,,,,,,,,,,FRONT-RIGHT-CORNER,,,,,,,,,,,,,,,,,,,,,,,,,,,,,,,,,
1852206,b7b700888139d86f3d29313900c7e4871383dfde325defd6d87409e33683fc58c174f3ac84fb1eb7a57b93c3e802ee289eaa8cf92dfa00d9b7b3b6d5df8fd94d,06/24/2024 05:16:00 PM,2,DRIVER,,1764427,,RIVIAN,R1S,IL,2022,UNKNOWN,VAN/MINI-VAN,COMMERCIAL - SINGLE UNIT,UNKNOWN,STRAIGHT AHEAD,,,1,,,,,,,,,,,Y,Y,,,,,,SIDE-LEFT-REAR,,,,,,,,,,,,,,,,,,,,,,,,,,,,,,,,,
1852262,df4c29b7bb371bad25f161363e015127eb05de2ae6238cf56f251163b286418e985080002ffbc4deea592df6da6ab32d3123db700a7ba6115aaf2cb0413682b5,06/24/2024 04:00:00 PM,1,DRIVER,,1764483,,UNKNOWN,OTHER (EXPLAIN IN NARRATIVE),,,NONE,PASSENGER,PERSONAL,UNKNOWN,UNKNOWN/NA,,,1,,,,,,,,,,,,,,,,,Y,UNKNOWN,,,,,,,,,,,,,,,,,,,,,,,,,,,,,,,,,
1852263,df4c29b7bb371bad25f161363e015127eb05de2ae6238cf56f251163b286418e985080002ffbc4deea592df6da6ab32d3123db700a7ba6115aaf2cb0413682b5,06/24/2024 04:00:00 PM,2,PARKED,,1764490,,NISSAN,MAXIMA,IL,2009,NONE,PASSENGER,PERSONAL,W,PARKED,,,0,,,,,,,,,,,Y,Y,Y,Y,Y,,,SIDE-LEFT,,,,,,,,,,,,,,,,,,,,,,,,,,,,,,,,,
1849316,d3ba6af14f900e42dc2453aee05c63b54b339bc7548b1ed0fec27f0e70dee5cbeff530a8d21dd2b673e9372b91a574305eef88063f49edb70008f09c55492fac,06/24/2024 10:30:00 AM,1,DRIVER,,1762210,,UNKNOWN,OTHER (EXPLAIN IN NARRATIVE),,,UNKNOWN,UNKNOWN/NA,UNKNOWN/NA,UNKNOWN,OTHER,,,1,,,,,,,,,,,,,,,,,Y,UNKNOWN,,,,,,,,,,,,,,,,,,,,,,,,,,,,,,,,,
1849317,d3ba6af14f900e42dc2453aee05c63b54b339bc7548b1ed0fec27f0e70dee5cbeff530a8d21dd2b673e9372b91a574305eef88063f49edb70008f09c55492fac,06/24/2024 10:30:00 AM,2,DRIVER,,1761671,,KIA,OPTIMA / K5,IL,2020,NONE,PASSENGER,PERSONAL,E,STRAIGHT AHEAD,,,1,,,,,Y,,,,,,,,,Y,Y,,,FRONT-LEFT-CORNER,,,,,,,,,,,,,,,,,,,,,,,,,,,,,,,,,
1849318,d3ba6af14f900e42dc2453aee05c63b54b339bc7548b1ed0fec27f0e70dee5cbeff530a8d21dd2b673e9372b91a574305eef88063f49edb70008f09c55492fac,06/24/2024 10:30:00 AM,3,DRIVER,,1762211,,UNKNOWN,OTHER (EXPLAIN IN NARRATIVE),,,UNKNOWN,UNKNOWN/NA,UNKNOWN/NA,UNKNOWN,UNKNOWN/NA,,,1,,,,,,,,,,,,,,,,,Y,UNKNOWN,,,,,,,,,,,,,,,,,,,,,,,,,,,,,,,,,
1849291,ad91d1edd43d8e0a22bbdd2a1d88b103a45a1d8c4177e6e1cb7002436787d8805a31ba79979582a2beb6502011c60e6baca8c418249b91d083c83baa6735e26a,06/24/2024 10:20:00 AM,1,DRIVER,,1761645,,CHEVROLET,TRAX,IN,2019,UNKNOWN,UNKNOWN/NA,UNKNOWN/NA,S,OTHER,,,1,,,,,,,,,,,,,,,,,Y,UNKNOWN,,,,,,,,,,,,,,,,,,,,,,,,,,,,,,,,,
1849292,ad91d1edd43d8e0a22bbdd2a1d88b103a45a1d8c4177e6e1cb7002436787d8805a31ba79979582a2beb6502011c60e6baca8c418249b91d083c83baa6735e26a,06/24/2024 10:20:00 AM,2,DRIVER,,1761660,,AUDI,A4,IL,2018,UNKNOWN,UNKNOWN/NA,UNKNOWN/NA,S,STRAIGHT AHEAD,Y,,1,,unknown,unknown,,,,,,,Y,Y,Y,,,,,,REAR-LEFT-CORNER,,,,,,,,,,,,,,,,,,,,,,,,,,,,,,,,,
1849293,ad91d1edd43d8e0a22bbdd2a1d88b103a45a1d8c4177e6e1cb7002436787d8805a31ba79979582a2beb6502011c60e6baca8c418249b91d083c83baa6735e26a,06/24/2024 10:20:00 AM,3,DRIVER,,1761665,,CHEVROLET,MALIBU,IL,2020,UNKNOWN,UNKNOWN/NA,UNKNOWN/NA,S,STRAIGHT AHEAD,,,1,,,,,,,,,Y,Y,,,,,,,,REAR-RIGHT-CORNER,,,,,,,,,,,,,,,,,,,,,,,,,,,,,,,,,
1851649,449ab5895716ffba4b31fccf0d7e9cc9303927da97583dbb65150ac6848e08287d34f141e10b4d0da015c831bd9fe459e03b2c778b2b700a64a8ee48a0358c02,06/23/2024 10:00:00 PM,1,DRIVER,,1763953,,KIA,OTHER (EXPLAIN IN NARRATIVE),IL,2020,UNKNOWN,PASSENGER,UNKNOWN/NA,E,BACKING,,,1,,,,,Y,Y,Y,Y,,,,,,,,,,SIDE-RIGHT,,,,,,,,,,,,,,,,,,,,,,,,,,,,,,,,,
1851650,449ab5895716ffba4b31fccf0d7e9cc9303927da97583dbb65150ac6848e08287d34f141e10b4d0da015c831bd9fe459e03b2c778b2b700a64a8ee48a0358c02,06/23/2024 10:00:00 PM,2,PARKED,,1763903,,CHEVROLET,TAHOE,IL,2019,NONE,SPORT UTILITY VEHICLE (SUV),PERSONAL,W,PARKED,,,0,,,,,,,,,,,,Y,Y,Y,Y,,,SIDE-LEFT,,,,,,,,,,,,,,,,,,,,,,,,,,,,,,,,,
1847894,e03c5de90c45b169948ca56f93baf939734b700303ab6fc9acdde42311210a509dcb16d88048fa55345e11fb769e2f8735e56d36245fdcb94f37e530af7f1f12,06/22/2024 11:05:00 AM,1,DRIVER,,1760300,,MITSUBISHI,OUTLANDER,IL,2018,NONE,PASSENGER,PERSONAL,E,AVOIDING VEHICLES/OBJECTS,Y,,1,,INSURANCE,,,Y,Y,,,,,,,,,,Y,,FRONT-RIGHT-CORNER,,,,,,,,,,,,,,,,,,,,,,,,,,,,,,,,,
1847895,e03c5de90c45b169948ca56f93baf939734b700303ab6fc9acdde42311210a509dcb16d88048fa55345e11fb769e2f8735e56d36245fdcb94f37e530af7f1f12,06/22/2024 11:05:00 AM,2,PARKED,,1760306,,FORD,EXPLORER,IL,2014,NONE,PASSENGER,PERSONAL,E,PARKED,,,0,,,,,,,,,,,Y,Y,,,,,,SIDE-LEFT-REAR,,,,,,,,,,,,,,,,,,,,,,,,,,,,,,,,,
1847323,8fb404c8c9d89fd9f5b700ef62b6da309d6d6766fd2bb44e08e017e62f6f86d57fd07b5d95bff481877a85555e26ef4e14c742d45ae67707b23ef761a1fa5cd8,06/21/2024 04:11:00 PM,1,DRIVER,,1759743,,FORD,FIESTA,IL,2012,UNKNOWN,PASSENGER,PERSONAL,N,STRAIGHT AHEAD,,,1,,,,,,,,,,,,,,Y,Y,Y,,FRONT-LEFT-CORNER,,,,,,,,,,,,,,,,,,,,,,,,,,,,,,,,,
1847324,8fb404c8c9d89fd9f5b700ef62b6da309d6d6766fd2bb44e08e017e62f6f86d57fd07b5d95bff481877a85555e26ef4e14c742d45ae67707b23ef761a1fa5cd8,06/21/2024 04:11:00 PM,2,DRIVER,,1759751,,HONDA,CIVIC,IL,2018,UNKNOWN,PASSENGER,PERSONAL,N,STRAIGHT AHEAD,,,1,,,,,Y,Y,Y,,,,,,,,,,,FRONT-RIGHT-CORNER,,,,,,,,,,,,,,,,,,,,,,,,,,,,,,,,,
1846955,0bc66116d33fa2cb6285337ff5d7b700e98a3443d85821101c880b8506b29210096ed92e6d533c1bce390c9eb4e81f8c6ddbf1fba48ea3403f5ad2625dc021b7,06/20/2024 01:22:00 PM,1,DRIVER,1,1759405,,KENWORTH MOTOR TRUCK COMPANY,KENWORTH MOTOR TRUCK CO.,IL,2022,NONE,TRACTOR W/ SEMI-TRAILER,UNKNOWN/NA,W,TURNING LEFT,,,2,,,,,,,,,Y,,,,,,,,,REAR-RIGHT-CORNER,,,,,,,,,,,,,,,,,,,,,,,,,,,,,,,,,
1846956,0bc66116d33fa2cb6285337ff5d7b700e98a3443d85821101c880b8506b29210096ed92e6d533c1bce390c9eb4e81f8c6ddbf1fba48ea3403f5ad2625dc021b7,06/20/2024 01:22:00 PM,2,DRIVER,,1759412,,DODGE,RAM 1500 PU,IL,2023,NONE,PICKUP,POLICE,E,STRAIGHT AHEAD,,,1,,,,,,,,,,,,,,,Y,,,FRONT-LEFT-CORNER,,,,,,,,,,,,,,,,,,,,,,,,,,,,,,,,,
1846700,af3e47da4c5cfaa840ae20ac71893ee901b04f5ff6bd4e9990d9af7dbef7c8b0ff0079c10b94816ff7839a85574770abb700cb7e33f6774d1562fadd9639f358,06/19/2024 09:39:00 PM,1,DRIVER,,1759144,,CHEVROLET,OTHER (EXPLAIN IN NARRATIVE),IL,2004,UNKNOWN,SPORT UTILITY VEHICLE (SUV),PERSONAL,E,STRAIGHT AHEAD,,,1,,,,,Y,,,,,,,,,,Y,Y,Y,FRONT,,,,,,,,,,,,,,,,,,,,,,,,,,,,,,,,,
1846701,af3e47da4c5cfaa840ae20ac71893ee901b04f5ff6bd4e9990d9af7dbef7c8b0ff0079c10b94816ff7839a85574770abb700cb7e33f6774d1562fadd9639f358,06/19/2024 09:39:00 PM,2,DRIVER,,1759145,,MERCEDES-BENZ,GLE,IL,2021,UNKNOWN,SPORT UTILITY VEHICLE (SUV),PERSONAL,W,STRAIGHT AHEAD,,,1,,,,,Y,,,,,,,,,,Y,,Y,FRONT,,,,,,,,,,,,,,,,,,,,,,,,,,,,,,,,,
1846702,af3e47da4c5cfaa840ae20ac71893ee901b04f5ff6bd4e9990d9af7dbef7c8b0ff0079c10b94816ff7839a85574770abb700cb7e33f6774d1562fadd9639f358,06/19/2024 09:39:00 PM,3,DRIVER,,1759147,,HONDA,CIVIC,IL,2017,UNKNOWN,PASSENGER,PERSONAL,W,STRAIGHT AHEAD,,,1,,,,,Y,Y,Y,Y,Y,,,,,,,,Y,TOTAL (ALL AREAS),,,,,,,,,,,,,,,,,,,,,,,,,,,,,,,,,
1846703,af3e47da4c5cfaa840ae20ac71893ee901b04f5ff6bd4e9990d9af7dbef7c8b0ff0079c10b94816ff7839a85574770abb700cb7e33f6774d1562fadd9639f358,06/19/2024 09:39:00 PM,4,DRIVER,,1759148,,FORD,OTHER (EXPLAIN IN NARRATIVE),IL,2014,UNKNOWN,SPORT UTILITY VEHICLE (SUV),PERSONAL,W,STRAIGHT AHEAD,,,1,,,,,Y,,,,Y,Y,Y,,,,Y,Y,,FRONT,,,,,,,,,,,,,,,,,,,,,,,,,,,,,,,,,
1846704,af3e47da4c5cfaa840ae20ac71893ee901b04f5ff6bd4e9990d9af7dbef7c8b0ff0079c10b94816ff7839a85574770abb700cb7e33f6774d1562fadd9639f358,06/19/2024 09:39:00 PM,5,DRIVER,,1759149,,CHEVROLET,OTHER (EXPLAIN IN NARRATIVE),IL,2019,UNKNOWN,SPORT UTILITY VEHICLE (SUV),PERSONAL,W,STRAIGHT AHEAD,,,1,,,,,Y,,,,Y,Y,Y,,,,Y,Y,Y,FRONT,,,,,,,,,,,,,,,,,,,,,,,,,,,,,,,,,
1846705,af3e47da4c5cfaa840ae20ac71893ee901b04f5ff6bd4e9990d9af7dbef7c8b0ff0079c10b94816ff7839a85574770abb700cb7e33f6774d1562fadd9639f358,06/19/2024 09:39:00 PM,6,PARKED,,1759150,,GENERAL MOTORS CORPORATION (GMC),YUKON,IL,2007,UNKNOWN,TRUCK - SINGLE UNIT,PERSONAL,W,PARKED,,,0,,,,,Y,,,,,,,,,,Y,Y,Y,FRONT,,,,,,,,,,,,,,,,,,,,,,,,,,,,,,,,,
1845041,2e788f612e0078d644c295a2cd1bee7ec04af56128599225444f38444777573e8f2e367449ab7001bbdf1ea7a3239e815db71a7e9ec3ba841fa6bb3ef6dcd32c,06/18/2024 09:33:00 AM,1,DRIVER,,1757563,,TOYOTA,RAV4,IL,2011,NONE,PASSENGER,PERSONAL,SW,TURNING LEFT,,,1,,,,,,,,,,,,,,,Y,,,FRONT-LEFT-CORNER,,,,,,,,,,,,,,,,,,,,,,,,,,,,,,,,,
1845042,2e788f612e0078d644c295a2cd1bee7ec04af56128599225444f38444777573e8f2e367449ab7001bbdf1ea7a3239e815db71a7e9ec3ba841fa6bb3ef6dcd32c,06/18/2024 09:33:00 AM,2,BICYCLE,,,,,,,,,,,,,,,,,,,,,,,,,,,,,,,,,,,,,,,,,,,,,,,,,,,,,,,,,,,,,,,,,,
1844908,e58fa44bf6d445e18b2a20ce18152f756798d984e5bc2d8f68ba74cd39f23ff3b7e851b6c184a9b70068176bc81fcb286220bb9e481ce857925c6adaa0736a0d,06/18/2024 01:16:00 AM,1,DRIVER,1,1757425,,FORD,EXPLORER,IL,2023,NONE,PASSENGER,POLICE,SE,U-TURN,Y,,2,,,,,,,,,,,,,,Y,Y,,,SIDE-LEFT,,,,,,,,,,,,,,,,,,,,,,,,,,,,,,,,,
1844909,e58fa44bf6d445e18b2a20ce18152f756798d984e5bc2d8f68ba74cd39f23ff3b7e851b6c184a9b70068176bc81fcb286220bb9e481ce857925c6adaa0736a0d,06/18/2024 01:16:00 AM,2,DRIVER,,1757431,,FORD,EXPLORER,IL,2021,NONE,SPORT UTILITY VEHICLE (SUV),POLICE,SE,STRAIGHT AHEAD,,,1,,,,,Y,Y,Y,Y,Y,,,,,,,,,FRONT-RIGHT-CORNER,,,,,,,,,,,,,,,,,,,,,,,,,,,,,,,,,
1844698,bc5cac65ad30532b9e353ef24ca09f627e6f98fcf751c0b3949b7a23a110987400cea131bc1be1fa1b7001e8810a1515e931103ecc67db92b2a9c5adaae606a4,06/17/2024 05:45:00 PM,1,DRIVER,,1757197,,JEEP,CHEROKEE,,,UNKNOWN,UNKNOWN/NA,UNKNOWN/NA,UNKNOWN,STRAIGHT AHEAD,,,1,,,,,,,,,,,,,,,,,Y,UNKNOWN,,,,,,,,,,,,,,,,,,,,,,,,,,,,,,,,,
1844699,bc5cac65ad30532b9e353ef24ca09f627e6f98fcf751c0b3949b7a23a110987400cea131bc1be1fa1b7001e8810a1515e931103ecc67db92b2a9c5adaae606a4,06/17/2024 05:45:00 PM,2,DRIVER,1,1757219,,HONDA,CR-V,IL,2000,UNKNOWN,SPORT UTILITY VEHICLE (SUV),UNKNOWN/NA,N,STRAIGHT AHEAD,,,2,,,,,,,,,,Y,,,,,,,,REAR,,,,,,,,,,,,,,,,,,,,,,,,,,,,,,,,,
1842804,7c5eb700f328577827851436581d6f22f5c8adf66b2a7b6d79e6178adf4abb5a72d1afb4799b74241c86f2ba48b2eacd70149697bac81d131e3bbe1273e128bd,06/15/2024 08:02:00 AM,1,DRIVER,,1755428,,UNKNOWN,OTHER (EXPLAIN IN NARRATIVE),,,UNKNOWN,UNKNOWN/NA,UNKNOWN/NA,SE,UNKNOWN/NA,,,1,,,,,Y,,,,,,,,,,,Y,Y,FRONT-RIGHT-CORNER,,,,,,,,,,,,,,,,,,,,,,,,,,,,,,,,,
1842805,7c5eb700f328577827851436581d6f22f5c8adf66b2a7b6d79e6178adf4abb5a72d1afb4799b74241c86f2ba48b2eacd70149697bac81d131e3bbe1273e128bd,06/15/2024 08:02:00 AM,2,DRIVER,1,1755434,,GENERAL MOTORS CORPORATION (GMC),TERRAIN,IL,2010,UNKNOWN,SPORT UTILITY VEHICLE (SUV),PERSONAL,SE,SLOW/STOP IN TRAFFIC,Y,,2,,herrerras,"whiting, ind",,,,,,Y,Y,Y,,,Y,,,,REAR,,,,,,,,,,,,,,,,,,,,,,,,,,,,,,,,,
1838421,c0cbbf60aa9b3eb45e1bb45b602be4bf002ebec7070a8c79fe5984a9c83a955abb31fe334dbcc8b70099b5d347d4efbde4d5cae2eb3ed5ab9362e510e74698ad,06/09/2024 09:50:00 AM,1,DRIVER,,1751238,,JEEP,WRANGLER,IN,,UNKNOWN,PASSENGER,PERSONAL,W,STRAIGHT AHEAD,,,1,,,,Y,,,,,,,,,,,,,,FRONT,,,,,,,,,,,,,,,,,,,,,,,,,,,,,,,,,
1838422,c0cbbf60aa9b3eb45e1bb45b602be4bf002ebec7070a8c79fe5984a9c83a955abb31fe334dbcc8b70099b5d347d4efbde4d5cae2eb3ed5ab9362e510e74698ad,06/09/2024 09:50:00 AM,2,DRIVER,2,1751252,,NISSAN,VERSA,IL,2015,NONE,PASSENGER,PERSONAL,S,TURNING LEFT,Y,,3,,owner,unk,,Y,,,,,,,,,Y,Y,Y,,SIDE-LEFT,,,,,,,,,,,,,,,,,,,,,,,,,,,,,,,,,
1838012,9422e33e11960db9f366bc6d502055b659def124bb266cad663c310b11eb70001a6390b1ac0060eaced261fb67255867fb590eee9b4f454fe27c0cf29fca7fd0,06/08/2024 06:30:00 PM,1,PARKED,,1750839,,VOLKSWAGEN,JETTA,IL,2020,OTHER,PASSENGER,PERSONAL,UNKNOWN,PARKED,,,0,,,,,,,,,,,,Y,Y,,,,,SIDE-LEFT-REAR,,,,,,,,,,,,,,,,,,,,,,,,,,,,,,,,,
1838013,9422e33e11960db9f366bc6d502055b659def124bb266cad663c310b11eb70001a6390b1ac0060eaced261fb67255867fb590eee9b4f454fe27c0cf29fca7fd0,06/08/2024 06:30:00 PM,2,DRIVER,,1750843,,KIA,SPORTAGE,IL,2024,UNKNOWN,PASSENGER,PERSONAL,N,STRAIGHT AHEAD,,,1,,,,,Y,,,,,,,,,,,Y,,FRONT-RIGHT-CORNER,,,,,,,,,,,,,,,,,,,,,,,,,,,,,,,,,
1835839,31aa23f2a849ad4e6b1f3e28268825d4b4058040ed4dc1bb880db056f9f4ed15fb1a5db95c5b700ce304e98d2271c38900f1b5157ca92ca448d0547e0ed883c6,06/06/2024 03:30:00 AM,1,DRIVER,,1748756,,UNKNOWN,MOTORIZED,,,UNKNOWN,UNKNOWN/NA,UNKNOWN/NA,UNKNOWN,UNKNOWN/NA,,,1,,,,,,,,,,,,,,,,,Y,UNKNOWN,,,,,,,,,,,,,,,,,,,,,,,,,,,,,,,,,
1835840,31aa23f2a849ad4e6b1f3e28268825d4b4058040ed4dc1bb880db056f9f4ed15fb1a5db95c5b700ce304e98d2271c38900f1b5157ca92ca448d0547e0ed883c6,06/06/2024 03:30:00 AM,2,PARKED,,1748757,,CADILLAC,XT5,IL,2017,NONE,PASSENGER,NOT IN USE,S,PARKED,,,0,,,,,,,,,,Y,Y,Y,,,,,,UNKNOWN,,,,,,,,,,,,,,,,,,,,,,,,,,,,,,,,,
1834309,d84224bd70dcdf03d87672fd64bf4333d7988ee05140615395bf476358d05e3e0a9906881e0b95d971b700c99c2e8748289994c812aa75a7feb88779a1b0184e,06/04/2024 08:00:00 AM,1,DRIVER,,1747311,,CHEVROLET,TRAIL BLAZER,IL,2023,UNKNOWN,PASSENGER,PERSONAL,W,STRAIGHT AHEAD,,,1,,,,,,,,,,,,,,,,,Y,UNKNOWN,,,,,,,,,,,,,,,,,,,,,,,,,,,,,,,,,