CRASH_UNIT_ID,CRASH_RECORD_ID,CRASH_DATE,UNIT_NO,UNIT_TYPE,NUM_PASSENGERS,VEHICLE_ID,CMRC_VEH_I,MAKE,MODEL,LIC_PLATE_STATE,VEHICLE_YEAR,VEHICLE_DEFECT,VEHICLE_TYPE,VEHICLE_USE,TRAVEL_DIRECTION,MANEUVER,TOWED_I,FIRE_I,OCCUPANT_CNT,EXCEED_SPEED_LIMIT_I,TOWED_BY,TOWED_TO,AREA_00_I,AREA_01_I,AREA_02_I,AREA_03_I,AREA_04_I,AREA_05_I,AREA_06_I,AREA_07_I,AREA_08_I,AREA_09_I,AREA_10_I,AREA_11_I,AREA_12_I,AREA_99_I,FIRST_CONTACT_POINT,CMV_ID,USDOT_NO,CCMC_NO,ILCC_NO,COMMERCIAL_SRC,GVWR,CARRIER_NAME,CARRIER_STATE,CARRIER_CITY,HAZMAT_PLACARDS_I,HAZMAT_NAME,UN_NO,HAZMAT_PRESENT_I,HAZMAT_REPORT_I,HAZMAT_REPORT_NO,MCS_REPORT_I,MCS_REPORT_NO,HAZMAT_VIO_CAUSE_CRASH_I,MCS_VIO_CAUSE_CRASH_I,IDOT_PERMIT_NO,WIDE_LOAD_I,TRAILER1_WIDTH,TRAILER2_WIDTH,TRAILER1_LENGTH,TRAILER2_LENGTH,TOTAL_VEHICLE_LENGTH,AXLE_CNT,VEHICLE_CONFIG,CARGO_BODY_TYPE,LOAD_TYPE,HAZMAT_OUT_OF_SERVICE_I,MCS_OUT_OF_SERVICE_I,HAZMAT_CLASS
1834310,d84224bd70dcdf03d87672fd64bf4333d7988ee05140615395bf476358d05e3e0a9906881e0b95d971b700c99c2e8748289994c812aa75a7feb88779a1b0184e,06/04/2024 08:00:00 AM,2,DRIVER,,1747307,,TOYOTA,RAV4,IL,2015,NONE,PASSENGER,PERSONAL,W,SLOW/STOP IN TRAFFIC,,,1,,,,,,,,,Y,Y,Y,,,,,,,REAR,,,,,,,,,,,,,,,,,,,,,,,,,,,,,,,,,
1834266,b23376c446eb077d3ede2fe2ba05055fc59bc674fd9ac355313f61f698af921bc40ae0b5d2eb700fbd47dbc821444e2bc3bc354d3ab482cd78d5d1ad45bbd40f,06/04/2024 02:42:00 AM,1,DRIVER,1,1747258,,FORD,FUSION,IN,2019,NONE,PASSENGER,PERSONAL,SE,AVOIDING VEHICLES/OBJECTS,,,2,,,,,Y,Y,Y,Y,Y,Y,Y,Y,Y,Y,Y,Y,,FRONT,,,,,,,,,,,,,,,,,,,,,,,,,,,,,,,,,
1832073,6dd1043229164de0415c6fd97769df721fc2e070fb085ecdb64222d63dc5b10dea3f7fd26890366a553b415a0bb2b029b00b0c0080b5391b27b7003cd6b548ed,06/01/2024 11:00:00 AM,1,DRIVER,,1745162,,HYUNDAI,TUCSON,IL,2023,UNKNOWN,SPORT UTILITY VEHICLE (SUV),PERSONAL,S,STRAIGHT AHEAD,,,1,,,,,,,,,,,,,,,,,Y,FRONT,,,,,,,,,,,,,,,,,,,,,,,,,,,,,,,,,
1832074,6dd1043229164de0415c6fd97769df721fc2e070fb085ecdb64222d63dc5b10dea3f7fd26890366a553b415a0bb2b029b00b0c0080b5391b27b7003cd6b548ed,06/01/2024 11:00:00 AM,2,DRIVER,,1745176,,MERCEDES-BENZ,TRUCK,IL,2022,NONE,VAN/MINI-VAN,OTHER,S,SLOW/STOP IN TRAFFIC,,,1,,,,,,,,,,Y,,,,,,,,REAR,,,,,,,,,,,,,,,,,,,,,,,,,,,,,,,,,
1830999,d47333035daf35bf125f8e68e7b700bcf2ee806ea6f4e9d635294a40277952d51b0470d3f59e6d3438f835574bd82c589a52af3a843ac6ff46cdce20c9d74c87,05/30/2024 07:07:00 PM,1,PEDESTRIAN,,,,,,,,,,,,,,,,,,,,,,,,,,,,,,,,,,,,,,,,,,,,,,,,,,,,,,,,,,,,,,,,,,
1831000,d47333035daf35bf125f8e68e7b700bcf2ee806ea6f4e9d635294a40277952d51b0470d3f59e6d3438f835574bd82c589a52af3a843ac6ff46cdce20c9d74c87,05/30/2024 07:07:00 PM,2,DRIVER,2,1744112,,MERCEDES-BENZ,E-CLASS,WI,2008,NONE,PASSENGER,PERSONAL,S,PASSING/OVERTAKING,,,3,,,,Y,,,,,,,,,,,,,,NONE,,,,,,,,,,,,,,,,,,,,,,,,,,,,,,,,,
1823276,78610fe9cae381a1312440cfd92e90477c25594e6393bcf0bd974c44eb3bd048d046b70025ffc829e63b0e0061641d05c83d1624fcbffb9bed100347c57491ea,05/20/2024 10:00:00 AM,1,DRIVER,,1736699,,CHRYSLER,PACIFICA,IL,,NONE,SPORT UTILITY VEHICLE (SUV),COMMERCIAL - SINGLE UNIT,N,STRAIGHT AHEAD,,,1,,,,,,Y,,,,,,,,,,,,SIDE-RIGHT,,,,,,,,,,,,,,,,,,,,,,,,,,,,,,,,,
1823277,78610fe9cae381a1312440cfd92e90477c25594e6393bcf0bd974c44eb3bd048d046b70025ffc829e63b0e0061641d05c83d1624fcbffb9bed100347c57491ea,05/20/2024 10:00:00 AM,2,DRIVER,1,1736707,,KIA,SPORTAGE,IL,2018,NONE,SPORT UTILITY VEHICLE (SUV),PERSONAL,N,TURNING RIGHT,,,2,,,,,,Y,,,,,,,,,,,,SIDE-RIGHT,,,,,,,,,,,,,,,,,,,,,,,,,,,,,,,,,
1820513,d83a45e3f4fc97df24cc12e5418cc024eeaa85fc4cee33bb8b4b70086053f16c5cd3d9642156e550dbaa2492304a33a1eb38d1b11fd4f28349896d92f3aa2b32,05/16/2024 11:21:00 PM,1,DRIVER,,1734066,,UNKNOWN,OTHER (EXPLAIN IN NARRATIVE),IL,,UNKNOWN,UNKNOWN/NA,UNKNOWN/NA,UNKNOWN,STRAIGHT AHEAD,,,1,,,,,Y,,,,,,,,,,,,,FRONT-RIGHT-CORNER,,,,,,,,,,,,,,,,,,,,,,,,,,,,,,,,,
1820514,d83a45e3f4fc97df24cc12e5418cc024eeaa85fc4cee33bb8b4b70086053f16c5cd3d9642156e550dbaa2492304a33a1eb38d1b11fd4f28349896d92f3aa2b32,05/16/2024 11:21:00 PM,2,PARKED,,1734069,,TOYOTA,CAMRY,IL,2015,NONE,PASSENGER,PERSONAL,S,PARKED,,,0,,,,,,,,,,,Y,,,,,,,REAR-LEFT-CORNER,,,,,,,,,,,,,,,,,,,,,,,,,,,,,,,,,
1818212,d43bc0834de04b3d84a4fbdd12e5eba89d5464ccfc6f5a722cb70084aef6554f0a678d02c1fb41543fcd792b4e79896c2fd75d00a921a40804ee4917209615e7,05/14/2024 12:59:00 AM,1,DRIVER,1,1731838,,MERCEDES-BENZ,C-CLASS,IL,2023,NONE,PASSENGER,PERSONAL,E,STRAIGHT AHEAD,Y,,2,,city of chicago,pound 3,,Y,Y,,,,,,,,,,,,FRONT-RIGHT-CORNER,,,,,,,,,,,,,,,,,,,,,,,,,,,,,,,,,
1818213,d43bc0834de04b3d84a4fbdd12e5eba89d5464ccfc6f5a722cb70084aef6554f0a678d02c1fb41543fcd792b4e79896c2fd75d00a921a40804ee4917209615e7,05/14/2024 12:59:00 AM,2,PARKED,,1731839,,CHEVROLET,TRAVERSE,IL,2016,UNKNOWN,PASSENGER,NOT IN USE,E,PARKED,,,0,,,,,,,,,,,Y,Y,,,,,,REAR-RIGHT-CORNER,,,,,,,,,,,,,,,,,,,,,,,,,,,,,,,,,
1816910,83c0e65f6e6f428a325e9bd70e6d51db1f222b8b61359300fcba4dff4cc4060d364a95e1577ce2c05a4eac25496793c2b58d1600c0ccb6641ef9e53ad6d6b700,05/11/2024 05:30:00 PM,1,DRIVER,,1730633,,CHEVROLET,TRAIL BLAZER,IL,2002,UNKNOWN,OTHER,NOT IN USE,S,UNKNOWN/NA,,,1,,,,,,,,,,,,,,,Y,Y,,UNDER CARRIAGE,,,,,,,,,,,,,,,,,,,,,,,,,,,,,,,,,
1816911,83c0e65f6e6f428a325e9bd70e6d51db1f222b8b61359300fcba4dff4cc4060d364a95e1577ce2c05a4eac25496793c2b58d1600c0ccb6641ef9e53ad6d6b700,05/11/2024 05:30:00 PM,2,DRIVER,,1730643,,TOYOTA,COROLLA,IL,2009,UNKNOWN,PASSENGER,PERSONAL,N,STRAIGHT AHEAD,,,1,,,,,,,,,Y,Y,Y,Y,,,,,,UNKNOWN,,,,,,,,,,,,,,,,,,,,,,,,,,,,,,,,,
1815232,0c1046635ff928cdfa92bf2c7511ebf2c11ea3bc93ab388dc78b49c99e67dd59e3ed07ef3fa14befa7f7ef8b0cdb7001864932a3d4d4f8f28825727ceed5a033,05/09/2024 07:10:00 PM,1,DRIVER,,1729005,,TOYOTA,OTHER (EXPLAIN IN NARRATIVE),IL,2012,NONE,PASSENGER,PERSONAL,N,STRAIGHT AHEAD,,,1,,,,,,,,,,,,,,Y,Y,,,FRONT-LEFT-CORNER,,,,,,,,,,,,,,,,,,,,,,,,,,,,,,,,,
1815233,0c1046635ff928cdfa92bf2c7511ebf2c11ea3bc93ab388dc78b49c99e67dd59e3ed07ef3fa14befa7f7ef8b0cdb7001864932a3d4d4f8f28825727ceed5a033,05/09/2024 07:10:00 PM,2,DRIVER,,1729010,,DODGE,OTHER (EXPLAIN IN NARRATIVE),IL,2017,NONE,PASSENGER,PERSONAL,N,STRAIGHT AHEAD,,,1,,,,,Y,Y,,,,,,,,,,,,FRONT-RIGHT-CORNER,,,,,,,,,,,,,,,,,,,,,,,,,,,,,,,,,
1814733,1e9fec19e5f5709c7f8442eade511521e58e057fd061ed8bffc8e54518a31314f07d41b325e8c8ec81b70036d68cf017d2c25b4ef374cee4b6dd13759caaf5ab,05/09/2024 10:30:00 AM,1,DRIVER,,1728551,,TOYOTA,SEQUOIA,KS,,UNKNOWN,PASSENGER,PERSONAL,S,CHANGING LANES,,,1,,,,,,,,,,,Y,,,,,,,SIDE-LEFT,,,,,,,,,,,,,,,,,,,,,,,,,,,,,,,,,
1814734,1e9fec19e5f5709c7f8442eade511521e58e057fd061ed8bffc8e54518a31314f07d41b325e8c8ec81b70036d68cf017d2c25b4ef374cee4b6dd13759caaf5ab,05/09/2024 10:30:00 AM,2,DRIVER,,1728557,,TOYOTA,CAMRY,IL,,UNKNOWN,PASSENGER,TAXI/FOR HIRE,S,STRAIGHT AHEAD,,,1,,,,,Y,,,,,,,,,,,,,FRONT-LEFT-CORNER,,,,,,,,,,,,,,,,,,,,,,,,,,,,,,,,,
1814203,36fa85a736e045d8adac31d91531e7fbff07acdc65898e292d9e3104217540c5965107c49aafcab2436724e9d01240db700ad1bde645327dc600d2d9ab1e71dc,05/08/2024 03:45:00 PM,2,DRIVER,1,1728023,,CHEVROLET,MALIBU,IL,2012,NONE,PASSENGER,PERSONAL,S,STRAIGHT AHEAD,,,2,,,,,,,,,,,,,Y,Y,,,,SIDE-LEFT,,,,,,,,,,,,,,,,,,,,,,,,,,,,,,,,,
1814204,36fa85a736e045d8adac31d91531e7fbff07acdc65898e292d9e3104217540c5965107c49aafcab2436724e9d01240db700ad1bde645327dc600d2d9ab1e71dc,05/08/2024 03:45:00 PM,1,DRIVER,,1728038,,CHEVROLET,TRUCK,IL,2020,NONE,TRUCK - SINGLE UNIT,CONSTRUCTION/MAINTENANCE,S,STRAIGHT AHEAD,,,1,,,,,,Y,Y,Y,,,,,,,,,,SIDE-RIGHT,,,,,,,,,,,,,,,,,,,,,,,,,,,,,,,,,
1811143,f88d46a1bdf745263bae1a1a815f6518b02b1477b54205a186d0e96101dcb329bc4b15a3d0f9416cb27dd6bdb2ba04b6e6f41a445fb82724b7005d9e7f572ab5,05/04/2024 02:00:00 PM,1,DRIVER,,1725082,,CHEVROLET,MALIBU,,2019,NONE,PASSENGER,PERSONAL,N,STRAIGHT AHEAD,,,1,,,,,,,,,Y,Y,,,,,,,,REAR-RIGHT-CORNER,,,,,,,,,,,,,,,,,,,,,,,,,,,,,,,,,
1811144,f88d46a1bdf745263bae1a1a815f6518b02b1477b54205a186d0e96101dcb329bc4b15a3d0f9416cb27dd6bdb2ba04b6e6f41a445fb82724b7005d9e7f572ab5,05/04/2024 02:00:00 PM,2,DRIVER,,1725093,,CHEVROLET,TRAX,,2018,NONE,PASSENGER,PERSONAL,E,STRAIGHT AHEAD,,,1,,,,,,,,,Y,,,,,,,,,REAR-RIGHT-CORNER,,,,,,,,,,,,,,,,,,,,,,,,,,,,,,,,,
1810943,9bdd2e1ebb01db9879c604968d7c919103d0ab01b90347750568b7995a7acdcbe1eb7006a89463f24f41033b6c4f82956445ec9ca99c97ace8c86ba322767409,05/04/2024 12:30:00 AM,1,DRIVER,,1724902,,HONDA,CR-V,IL,2016,NONE,PASSENGER,PERSONAL,N,STRAIGHT AHEAD,,,1,,,,,Y,,,,,,,,,,,Y,,FRONT,,,,,,,,,,,,,,,,,,,,,,,,,,,,,,,,,
1810944,9bdd2e1ebb01db9879c604968d7c919103d0ab01b90347750568b7995a7acdcbe1eb7006a89463f24f41033b6c4f82956445ec9ca99c97ace8c86ba322767409,05/04/2024 12:30:00 AM,2,DRIVER,,1724900,,TOYOTA,CAMRY,IL,2018,NONE,PASSENGER,PERSONAL,N,SLOW/STOP IN TRAFFIC,,,1,,,,,,,,,Y,Y,Y,,,,,,,REAR,,,,,,,,,,,,,,,,,,,,,,,,,,,,,,,,,
1810843,483b4b9a6c41a98fb893ff5aa74b21d9fa3d70292a0ee1f15da2fbec2cb1ccc8ea69312aa1bd63e17c546b3efbf6408b700216d673fff2af43610cf67794fa06,05/03/2024 11:00:00 PM,1,DRIVER,1,1724805,,NISSAN,ALTIMA,IL,2015,NONE,PASSENGER,UNKNOWN/NA,E,TURNING LEFT,,,2,,,,,,,,,,,,,,Y,Y,N,,FRONT-LEFT-CORNER,,,,,,,,,,,,,,,,,,,,,,,,,,,,,,,,,
1810053,81183af785c811ae6ab6cb70055479010ba25109b27841661e21a345a048b2199597fe991dc168304afeff77da3d2c1dadf8a5b18c3c78a1da93b11b8bdd36d5,05/03/2024 07:57:00 AM,1,DRIVER,,1724041,,TOYOTA,PRIUS,ME,2010,UNKNOWN,PASSENGER,PERSONAL,S,STRAIGHT AHEAD,Y,,1,,unknown,unknown,,Y,,,,,,,,,,,,,FRONT-RIGHT-CORNER,,,,,,,,,,,,,,,,,,,,,,,,,,,,,,,,,
1810054,81183af785c811ae6ab6cb70055479010ba25109b27841661e21a345a048b2199597fe991dc168304afeff77da3d2c1dadf8a5b18c3c78a1da93b11b8bdd36d5,05/03/2024 07:57:00 AM,2,DRIVER,,1724060,,TOYOTA,COROLLA,IL,2013,UNKNOWN,PASSENGER,PERSONAL,S,LEAVING TRAFFIC LANE TO PARK,Y,,1,,unknown,unknown,,,,,,,,Y,,,,,,,REAR-LEFT-CORNER,,,,,,,,,,,,,,,,,,,,,,,,,,,,,,,,,
1812816,39dbcb9971a8e25927360af3a4fd1ca226aa4514bad07e0ffef093f877399ec81f69e3bf0d3af2ea24276e6655dce26ea21865722f67310b7002eca8abe5dc93,05/02/2024 04:08:00 PM,1,DRIVER,,1726684,,DODGE,OTHER (EXPLAIN IN NARRATIVE),IL,2006,UNKNOWN,UNKNOWN/NA,UNKNOWN/NA,S,STRAIGHT AHEAD,,,1,,,,,,,,,,,,,,,,,Y,UNKNOWN,,,,,,,,,,,,,,,,,,,,,,,,,,,,,,,,,
1812817,39dbcb9971a8e25927360af3a4fd1ca226aa4514bad07e0ffef093f877399ec81f69e3bf0d3af2ea24276e6655dce26ea21865722f67310b7002eca8abe5dc93,05/02/2024 04:08:00 PM,2,DRIVER,,1726677,,VOLKSWAGEN,TIGUAN,IL,2021,NONE,PASSENGER,PERSONAL,S,SLOW/STOP IN TRAFFIC,,,1,,,,,,,,,,Y,Y,,,,,,,REAR-LEFT-CORNER,,,,,,,,,,,,,,,,,,,,,,,,,,,,,,,,,
1813049,b8451e06d8df5296c9f113b76fc8de1c449d08c3ceddad5182741501f89b7004cdd884a1de734a38c87f0ded91dfb04bf4efe53d71f6f27284215442b204fd86,05/01/2024 12:40:00 PM,1,DRIVER,,1726908,,DODGE,RAM 2500 PU,IL,2022,UNKNOWN,PICKUP,CONSTRUCTION/MAINTENANCE,W,PASSING/OVERTAKING,,,1,,,,Y,,,,,,,,,,,,,,OTHER,,,,,,,,,,,,,,,,,,,,,,,,,,,,,,,,,
1813050,b8451e06d8df5296c9f113b76fc8de1c449d08c3ceddad5182741501f89b7004cdd884a1de734a38c87f0ded91dfb04bf4efe53d71f6f27284215442b204fd86,05/01/2024 12:40:00 PM,2,DRIVER,,1726909,,BMW,530I,IL,2018,UNKNOWN,PASSENGER,PERSONAL,W,TURNING RIGHT,,,1,,,,,,,,,,,,Y,,,,,,SIDE-LEFT-REAR,,,,,,,,,,,,,,,,,,,,,,,,,,,,,,,,,
1806788,c5bb9f686d355386c3c485697037f25c38d9cdc251aa40ca148de57e90b6c9e26809deca39458027c7f876a847c8761c82d38c394a5b2b70034a6e44f296374a,04/28/2024 01:50:00 PM,1,DRIVER,,1720885,,LEXUS,RX330,IL,2003,UNKNOWN,PASSENGER,PERSONAL,N,STRAIGHT AHEAD,Y,,1,,unknown,unknown,,,,,,,,,,,,,Y,,FRONT,,,,,,,,,,,,,,,,,,,,,,,,,,,,,,,,,
1806789,c5bb9f686d355386c3c485697037f25c38d9cdc251aa40ca148de57e90b6c9e26809deca39458027c7f876a847c8761c82d38c394a5b2b70034a6e44f296374a,04/28/2024 01:50:00 PM,2,DRIVER,,1720890,,NISSAN,ALTIMA,IL,2011,UNKNOWN,PASSENGER,PERSONAL,N,SLOW/STOP IN TRAFFIC,Y,,1,,unknown,unknown,,,,,,,Y,,,,,,,,REAR,,,,,,,,,,,,,,,,,,,,,,,,,,,,,,,,,
1806790,c5bb9f686d355386c3c485697037f25c38d9cdc251aa40ca148de57e90b6c9e26809deca39458027c7f876a847c8761c82d38c394a5b2b70034a6e44f296374a,04/28/2024 01:50:00 PM,3,DRIVER,,1720894,,TESLA,MODEL Y,IL,2023,UNKNOWN,PASSENGER,PERSONAL,N,SLOW/STOP IN TRAFFIC,,,1,,,,,,,,,,Y,,,,,,,,REAR,,,,,,,,,,,,,,,,,,,,,,,,,,,,,,,,,
1805288,16a8e87c6d48ef2633c701983f100fe79ed627e2d38a8e305e776e779598e91c53705d8a2c0668ad541bb1cb595077a1d588b1e52222d34d2057f4110c1b7002,04/26/2024 11:15:00 AM,1,DRIVER,,1719426,,FORD,FUSION,IL,2013,UNKNOWN,PASSENGER,PERSONAL,S,STRAIGHT AHEAD,,,1,,,,,,,,,,,,,,,,Y,,FRONT,,,,,,,,,,,,,,,,,,,,,,,,,,,,,,,,,
1805289,16a8e87c6d48ef2633c701983f100fe79ed627e2d38a8e305e776e779598e91c53705d8a2c0668ad541bb1cb595077a1d588b1e52222d34d2057f4110c1b7002,04/26/2024 11:15:00 AM,2,DRIVER,,1719424,,CHEVROLET,EQUINOX,IL,2020,NONE,SPORT UTILITY VEHICLE (SUV),PERSONAL,S,STRAIGHT AHEAD,,,1,,,,,,,,,,Y,,,,,,,,REAR,,,,,,,,,,,,,,,,,,,,,,,,,,,,,,,,,
1805068,5c39a0796cc8dffdb91c618cb20367fd674864131d782cc4a97594435875059cb2715e477923ff3db700b1a2aa88d4c4e83f91b72c16e123e848474e24a468a5,04/25/2024 08:26:00 PM,1,DRIVER,1,1719219,,UNKNOWN,OTHER (EXPLAIN IN NARRATIVE),,,UNKNOWN,PASSENGER,PERSONAL,E,OTHER,,,2,,,,,,,,,,,Y,Y,Y,Y,,,,SIDE-LEFT,,,,,,,,,,,,,,,,,,,,,,,,,,,,,,,,,
1805069,5c39a0796cc8dffdb91c618cb20367fd674864131d782cc4a97594435875059cb2715e477923ff3db700b1a2aa88d4c4e83f91b72c16e123e848474e24a468a5,04/25/2024 08:26:00 PM,2,DRIVER,,1719223,,CHEVROLET,IMPALA,,2011,UNKNOWN,PASSENGER,PERSONAL,E,STRAIGHT AHEAD,,,1,,,,,Y,,,,,,,,,,,,,FRONT-RIGHT-CORNER,,,,,,,,,,,,,,,,,,,,,,,,,,,,,,,,,
1804358,9cdaa033fbe8fcc8eb6a3d155fefa97bde70a0ee8a5e4ee3871c7a0b700c479763f1ce8fe813faf8d17ff3b5a2f950165f7d0dac28491ed36c2e69df6d67ba5b,04/25/2024 06:55:00 AM,1,DRIVER,2,1718532,,FORD,FOCUS,IL,2012,UNKNOWN,PASSENGER,PERSONAL,E,STRAIGHT AHEAD,Y,,3,,INSURANCE,UNKNOWN,,,,,,,,,,Y,Y,Y,,,SIDE-LEFT,,,,,,,,,,,,,,,,,,,,,,,,,,,,,,,,,
1804359,9cdaa033fbe8fcc8eb6a3d155fefa97bde70a0ee8a5e4ee3871c7a0b700c479763f1ce8fe813faf8d17ff3b5a2f950165f7d0dac28491ed36c2e69df6d67ba5b,04/25/2024 06:55:00 AM,2,PARKED,,1718546,,KIA,SORENTO,IL,2021,UNKNOWN,SPORT UTILITY VEHICLE (SUV),PERSONAL,E,PARKED,Y,,0,,INSURANCE,UNKNOWN,,Y,Y,Y,Y,,,,,,,,,,SIDE-RIGHT,,,,,,,,,,,,,,,,,,,,,,,,,,,,,,,,,
1804360,9cdaa033fbe8fcc8eb6a3d155fefa97bde70a0ee8a5e4ee3871c7a0b700c479763f1ce8fe813faf8d17ff3b5a2f950165f7d0dac28491ed36c2e69df6d67ba5b,04/25/2024 06:55:00 AM,3,PARKED,,1718559,,DODGE,NITRO,IL,2007,UNKNOWN,SPORT UTILITY VEHICLE (SUV),PERSONAL,E,PARKED,Y,,0,,PRIVATE,UNKNOWN,,,Y,Y,Y,Y,,,,,,,,,SIDE-RIGHT,,,,,,,,,,,,,,,,,,,,,,,,,,,,,,,,,
1803305,f7786bc98ea8a89a2bcef878b1b7e440c08fdfb930f5838c457551ae3e8433f332dbe6f609cf8ea81cb0c53b700666d33cb6985217ae0b63a7438418c0d38970,04/23/2024 06:50:00 AM,1,DRIVER,,1717512,,NISSAN,QUEST,IL,2005,NONE,PASSENGER,UNKNOWN/NA,N,UNKNOWN/NA,,,1,,,,,,Y,Y,,,,,,,,,,Y,SIDE-RIGHT,,,,,,,,,,,,,,,,,,,,,,,,,,,,,,,,,
1803306,f7786bc98ea8a89a2bcef878b1b7e440c08fdfb930f5838c457551ae3e8433f332dbe6f609cf8ea81cb0c53b700666d33cb6985217ae0b63a7438418c0d38970,04/23/2024 06:50:00 AM,2,DRIVER,,1717524,,CHEVROLET,MALIBU,IL,2017,NONE,PASSENGER,PERSONAL,N,STRAIGHT AHEAD,,,1,,,,,Y,Y,N,,,,,,N,Y,Y,,Y,SIDE-LEFT,,,,,,,,,,,,,,,,,,,,,,,,,,,,,,,,,
1802564,7ab0b5315e07a9ce5527d9a710a54d9c2e02caa028dbc9677fee0d1e04eb8bf54aa319d8994e8ee3b700a1bda9c7e63e11ca813d7aee67804775d84705601110,04/22/2024 09:00:00 AM,1,DRIVER,,1716775,,HYUNDAI,SANTA FE,IL,2016,UNKNOWN,SPORT UTILITY VEHICLE (SUV),PERSONAL,W,STRAIGHT AHEAD,,,1,,,,,,,,,,,,,,,,,Y,UNKNOWN,,,,,,,,,,,,,,,,,,,,,,,,,,,,,,,,,
1802565,7ab0b5315e07a9ce5527d9a710a54d9c2e02caa028dbc9677fee0d1e04eb8bf54aa319d8994e8ee3b700a1bda9c7e63e11ca813d7aee67804775d84705601110,04/22/2024 09:00:00 AM,2,DRIVER,,1716786,,KIA,TELLURIDE,IL,2022,NONE,PASSENGER,PERSONAL,W,STRAIGHT AHEAD,,,1,,,,,,,,,,,,,,,Y,,,SIDE-LEFT-FRONT,,,,,,,,,,,,,,,,,,,,,,,,,,,,,,,,,
1808102,58dff8c367c870ed8710e42d08b0a0dae91a82e98a5969eb7000a2a841c2542cf2f2d40e092a130c1e13d03aeafe947554f36fac23ebd16ae6b553fbb72c9690,04/21/2024 05:00:00 PM,1,DRIVER,,1722173,,FORD,MUSTANG,IL,2010,UNKNOWN,PASSENGER,PERSONAL,E,BACKING,,,1,,,,,,,,,,,Y,,,,,,,REAR-LEFT-CORNER,,,,,,,,,,,,,,,,,,,,,,,,,,,,,,,,,
1808103,58dff8c367c870ed8710e42d08b0a0dae91a82e98a5969eb7000a2a841c2542cf2f2d40e092a130c1e13d03aeafe947554f36fac23ebd16ae6b553fbb72c9690,04/21/2024 05:00:00 PM,2,DRIVER,,1722155,,NISSAN,ROGUE,IL,2017,NONE,SPORT UTILITY VEHICLE (SUV),OTHER,E,LEAVING TRAFFIC LANE TO PARK,,,1,,,,,Y,,,,,,,,,,,,,FRONT-RIGHT-CORNER,,,,,,,,,,,,,,,,,,,,,,,,,,,,,,,,,
1801038,1bba33ca92fff799c943fa95a97f7eb25306cba265b4212ea27de6eb52b0e96d36d8179bf75c6f1fb70a0678c96d158a3cb70003cf65d40a03c6a2e2c9740962,04/19/2024 03:10:00 PM,1,DRIVER,,1715288,,NISSAN,VERSA,IL,2013,NONE,PASSENGER,PERSONAL,N,TURNING LEFT,,,1,,,,,,,Y,Y,Y,,,,,,,,,TOTAL (ALL AREAS),,,,,,,,,,,,,,,,,,,,,,,,,,,,,,,,,
1801039,1bba33ca92fff799c943fa95a97f7eb25306cba265b4212ea27de6eb52b0e96d36d8179bf75c6f1fb70a0678c96d158a3cb70003cf65d40a03c6a2e2c9740962,04/19/2024 03:10:00 PM,2,DRIVER,,1715280,,FORD,FUSION,IL,2016,NONE,PASSENGER,PERSONAL,S,STRAIGHT AHEAD,,,1,,,,,Y,,,,,,,,,,Y,Y,,TOTAL (ALL AREAS),,,,,,,,,,,,,,,,,,,,,,,,,,,,,,,,,
1800210,022db51cb2aba4f7cefcff1227166bcb121fa0d4177f814765265259856731f9c0a0abe7b73bd3d4caa0f9c0b649913828c403086a5a5dc32229b75b70018c22,04/18/2024 08:15:00 AM,2,DRIVER,,1714552,,TOYOTA,CAMRY,IL,,UNKNOWN,UNKNOWN/NA,UNKNOWN/NA,N,UNKNOWN/NA,,,1,,,,,,,,,Y,Y,Y,,,,,,,REAR,,,,,,,,,,,,,,,,,,,,,,,,,,,,,,,,,
1800225,022db51cb2aba4f7cefcff1227166bcb121fa0d4177f814765265259856731f9c0a0abe7b73bd3d4caa0f9c0b649913828c403086a5a5dc32229b75b70018c22,04/18/2024 08:15:00 AM,1,DRIVER,1,1714528,,NISSAN,SENTRA,IL,2024,UNKNOWN,PASSENGER,PERSONAL,N,UNKNOWN/NA,,,2,,,,,Y,Y,Y,Y,,N,,,,,,Y,,FRONT-RIGHT-CORNER,,,,,,,,,,,,,,,,,,,,,,,,,,,,,,,,,
1800024,e43b2ecb5c3bbafece2873909659e1daf5506590fd57f0d4d5b2ee319a8a3eb700335b5669726d8c35048cf685c954de4365d969501b89a369ce9c69d7ccad0b,04/17/2024 11:00:00 PM,1,DRIVER,,1714349,,UNKNOWN,OTHER (EXPLAIN IN NARRATIVE),IL,,UNKNOWN,PASSENGER,PERSONAL,N,STRAIGHT AHEAD,,,1,,,,,,,,,,,,,,,,,Y,FRONT-RIGHT-CORNER,,,,,,,,,,,,,,,,,,,,,,,,,,,,,,,,,
1800025,e43b2ecb5c3bbafece2873909659e1daf5506590fd57f0d4d5b2ee319a8a3eb700335b5669726d8c35048cf685c954de4365d969501b89a369ce9c69d7ccad0b,04/17/2024 11:00:00 PM,2,PARKED,,1714350,,NISSAN,ALTIMA,IL,2021,NONE,PASSENGER,NOT IN USE,UNKNOWN,PARKED,,,0,,,,,,,,,,,Y,Y,,,,,,REAR-LEFT-CORNER,,,,,,,,,,,,,,,,,,,,,,,,,,,,,,,,,