CRASH_UNIT_ID,CRASH_RECORD_ID,CRASH_DATE,UNIT_NO,UNIT_TYPE,NUM_PASSENGERS,VEHICLE_ID,CMRC_VEH_I,MAKE,MODEL,LIC_PLATE_STATE,VEHICLE_YEAR,VEHICLE_DEFECT,VEHICLE_TYPE,VEHICLE_USE,TRAVEL_DIRECTION,MANEUVER,TOWED_I,FIRE_I,OCCUPANT_CNT,EXCEED_SPEED_LIMIT_I,TOWED_BY,TOWED_TO,AREA_00_I,AREA_01_I,AREA_02_I,AREA_03_I,AREA_04_I,AREA_05_I,AREA_06_I,AREA_07_I,AREA_08_I,AREA_09_I,AREA_10_I,AREA_11_I,AREA_12_I,AREA_99_I,FIRST_CONTACT_POINT,CMV_ID,USDOT_NO,CCMC_NO,ILCC_NO,COMMERCIAL_SRC,GVWR,CARRIER_NAME,CARRIER_STATE,CARRIER_CITY,HAZMAT_PLACARDS_I,HAZMAT_NAME,UN_NO,HAZMAT_PRESENT_I,HAZMAT_REPORT_I,HAZMAT_REPORT_NO,MCS_REPORT_I,MCS_REPORT_NO,HAZMAT_VIO_CAUSE_CRASH_I,MCS_VIO_CAUSE_CRASH_I,IDOT_PERMIT_NO,WIDE_LOAD_I,TRAILER1_WIDTH,TRAILER2_WIDTH,TRAILER1_LENGTH,TRAILER2_LENGTH,TOTAL_VEHICLE_LENGTH,AXLE_CNT,VEHICLE_CONFIG,CARGO_BODY_TYPE,LOAD_TYPE,HAZMAT_OUT_OF_SERVICE_I,MCS_OUT_OF_SERVICE_I,HAZMAT_CLASS
1798541,10bfd1ccdf3bdfd2d650b603e2d90959422a215b365bc03691965ac9f002c1647aa4f214c7c6bc8bce079e9e782cde947b6e3379f042ce7a0121cbe9a9b700e1,04/16/2024 08:10:00 AM,1,DRIVER,,1712906,,NISSAN,ROGUE,,,UNKNOWN,PASSENGER,UNKNOWN/NA,S,STRAIGHT AHEAD,,,1,,,,,,,,,,,,,Y,Y,Y,Y,,FRONT-LEFT-CORNER,,,,,,,,,,,,,,,,,,,,,,,,,,,,,,,,,
1798542,10bfd1ccdf3bdfd2d650b603e2d90959422a215b365bc03691965ac9f002c1647aa4f214c7c6bc8bce079e9e782cde947b6e3379f042ce7a0121cbe9a9b700e1,04/16/2024 08:10:00 AM,2,PARKED,,1712909,,DODGE,JOURNEY,IL,2014,NONE,PASSENGER,PERSONAL,S,PARKED,,,0,,,,,,,,,Y,Y,,,,,,,N,REAR-RIGHT-CORNER,,,,,,,,,,,,,,,,,,,,,,,,,,,,,,,,,
1797012,716c9b6156ea064af0f44c5e7fae6d6bf99e13adca835dd158dc9c757639fb0b3df5835ad53e94fb700588d97e2fb2a5c8600f3165ead6a3a41cf1ee4e2f8cff,04/14/2024 01:47:00 AM,1,DRIVER,1,1711470,,AUDI,OTHER (EXPLAIN IN NARRATIVE),IL,2007,UNKNOWN,PASSENGER,UNKNOWN/NA,N,STRAIGHT AHEAD,Y,,2,,rello towing inc,,,Y,,,,,,,,,,Y,Y,,UNKNOWN,,,,,,,,,,,,,,,,,,,,,,,,,,,,,,,,,
1797013,716c9b6156ea064af0f44c5e7fae6d6bf99e13adca835dd158dc9c757639fb0b3df5835ad53e94fb700588d97e2fb2a5c8600f3165ead6a3a41cf1ee4e2f8cff,04/14/2024 01:47:00 AM,2,DRIVER,1,1711478,,SATURN,OTHER (EXPLAIN IN NARRATIVE),IL,2007,UNKNOWN,PASSENGER,UNKNOWN/NA,E,STRAIGHT AHEAD,Y,,2,,rello towing in,,,Y,,,,,,,,,,Y,Y,,UNKNOWN,,,,,,,,,,,,,,,,,,,,,,,,,,,,,,,,,
1797014,716c9b6156ea064af0f44c5e7fae6d6bf99e13adca835dd158dc9c757639fb0b3df5835ad53e94fb700588d97e2fb2a5c8600f3165ead6a3a41cf1ee4e2f8cff,04/14/2024 01:47:00 AM,3,PEDESTRIAN,,,,,,,,,,,,,,,,,,,,,,,,,,,,,,,,,,,,,,,,,,,,,,,,,,,,,,,,,,,,,,,,,,
1796148,d00c52cd7c017ca06cf4fd5597719e19e2d9e5c17c36140aac8c441a6adf8846fae4b700b5c85082c54f0384875f9a477f40193eeaf2759e6899434d515266f1,04/12/2024 07:20:00 PM,1,DRIVER,,1710632,,CHEVROLET,MALIBU,IL,,NONE,PASSENGER,UNKNOWN/NA,S,BACKING,,,1,,,,,,,,,,Y,,,,,,,,REAR,,,,,,,,,,,,,,,,,,,,,,,,,,,,,,,,,
1796149,d00c52cd7c017ca06cf4fd5597719e19e2d9e5c17c36140aac8c441a6adf8846fae4b700b5c85082c54f0384875f9a477f40193eeaf2759e6899434d515266f1,04/12/2024 07:20:00 PM,2,PARKED,1,1710635,,CHEVROLET,TAHOE,IN,2023,NONE,SPORT UTILITY VEHICLE (SUV),PERSONAL,N,PARKED,,,1,,,,,,,,,,,,,,,,Y,,FRONT,,,,,,,,,,,,,,,,,,,,,,,,,,,,,,,,,
1796238,f1d233a8ca76bb654af581645797dcb70092939945922bb2a1215ce7f9fd9b9478f88cf2a8bb114d8b27eba0f79b05675336b4cfa234e8bde7cddff660b1a49d,04/12/2024 06:10:00 PM,1,DRIVER,,1710729,,HYUNDAI,SANTA FE,FL,2019,UNKNOWN,SPORT UTILITY VEHICLE (SUV),PERSONAL,E,STRAIGHT AHEAD,,,1,,,,,,,,Y,Y,,,,,,,,,SIDE-RIGHT-REAR,,,,,,,,,,,,,,,,,,,,,,,,,,,,,,,,,
1796239,f1d233a8ca76bb654af581645797dcb70092939945922bb2a1215ce7f9fd9b9478f88cf2a8bb114d8b27eba0f79b05675336b4cfa234e8bde7cddff660b1a49d,04/12/2024 06:10:00 PM,2,DRIVER,,1710736,,TOYOTA,PRIUS,IL,2015,NONE,PASSENGER,PERSONAL,N,STRAIGHT AHEAD,,,1,,,,,Y,Y,,,,,,,,,,,,SIDE-RIGHT-FRONT,,,,,,,,,,,,,,,,,,,,,,,,,,,,,,,,,
1793695,583ea5dee8dad47a98a9941a7683542c78b6c574619ee09723700304e65ae99a9879362e1c0ffcd5c56e070d8e7908413c91983e1bb700341d31cd5be28509a8,04/09/2024 10:02:00 AM,1,DRIVER,,1708277,N,CHEVROLET,TRUCK,IL,2003,NONE,TRUCK - SINGLE UNIT,STATE OWNED,W,BACKING,,,1,,,,,,,,,Y,Y,,,,,,,,REAR-RIGHT-CORNER,,,,,,,,,,,,,,,,,,,,,,,,,,,,,,,,,
1793696,583ea5dee8dad47a98a9941a7683542c78b6c574619ee09723700304e65ae99a9879362e1c0ffcd5c56e070d8e7908413c91983e1bb700341d31cd5be28509a8,04/09/2024 10:02:00 AM,2,DRIVER,,1708288,N,LINCOLN,AVIATOR,IL,2022,UNKNOWN,SPORT UTILITY VEHICLE (SUV),UNKNOWN/NA,E,STRAIGHT AHEAD,,,1,,,,,,,,,,,,,,,N,Y,,FRONT,,,,,,,,,,,,,,,,,,,,,,,,,,,,,,,,,
1791729,ca9678b700d0ab74ebe04a03d7fcd006f5d07c178a0989b3143ebf5509a2a5ec58710a3e2aeec8ebd03286b353320200165927a5b129f12ebdef1f6fb8c85a02,04/05/2024 10:49:00 PM,1,DRIVER,,1706368,,NISSAN,ROGUE,IL,2011,UNKNOWN,PASSENGER,UNKNOWN/NA,W,STRAIGHT AHEAD,Y,,1,,E&R,,,,,,,,,,,,Y,Y,Y,,FRONT-LEFT-CORNER,,,,,,,,,,,,,,,,,,,,,,,,,,,,,,,,,
1791730,ca9678b700d0ab74ebe04a03d7fcd006f5d07c178a0989b3143ebf5509a2a5ec58710a3e2aeec8ebd03286b353320200165927a5b129f12ebdef1f6fb8c85a02,04/05/2024 10:49:00 PM,2,DRIVER,1,1706369,,FORD,ESCAPE,,2019,UNKNOWN,PASSENGER,PERSONAL,W,SLOW/STOP IN TRAFFIC,,,2,,,,,,,,,Y,Y,Y,,,,,,,REAR,,,,,,,,,,,,,,,,,,,,,,,,,,,,,,,,,
1791312,7b4f5e274a6110fb47c2c0bc591afe631bb3b42bb0b6437b257ef169782267b7b35ccc866adf7c84d1420f429ed00b70031ebffa5d9abce568b0c49fd5da6b60,04/05/2024 12:54:00 PM,1,DRIVER,1,1705957,,TOYOTA,CAMRY,IL,2009,UNKNOWN,PASSENGER,PERSONAL,N,STRAIGHT AHEAD,,,2,,,,,Y,,,,,,,,,,,,,FRONT-RIGHT-CORNER,,,,,,,,,,,,,,,,,,,,,,,,,,,,,,,,,
1791334,7b4f5e274a6110fb47c2c0bc591afe631bb3b42bb0b6437b257ef169782267b7b35ccc866adf7c84d1420f429ed00b70031ebffa5d9abce568b0c49fd5da6b60,04/05/2024 12:54:00 PM,2,PEDESTRIAN,,,,,,,,,,,,,,,,,,,,,,,,,,,,,,,,,,,,,,,,,,,,,,,,,,,,,,,,,,,,,,,,,,
1790618,faf162768efc1a90ac82601fd1634d78c1bdef0cadf036a00869d35cfaead9c0a722083256d7b309ee375ae71d9d7a664bf207fb700b1d379e0f131c7950c815,04/04/2024 07:33:00 AM,1,DRIVER,,1705292,,BUICK,ENCORE,IL,2019,UNKNOWN,PASSENGER,PERSONAL,W,STRAIGHT AHEAD,Y,,1,,cpd,Doty Road,,Y,,,,,,,,,,,Y,,SIDE-LEFT-FRONT,,,,,,,,,,,,,,,,,,,,,,,,,,,,,,,,,
1790619,faf162768efc1a90ac82601fd1634d78c1bdef0cadf036a00869d35cfaead9c0a722083256d7b309ee375ae71d9d7a664bf207fb700b1d379e0f131c7950c815,04/04/2024 07:33:00 AM,2,DRIVER,,1705303,N,INTERNATIONAL TRAILER CORPORATION,OTHER (EXPLAIN IN NARRATIVE),IL,2019,NONE,TRUCK - SINGLE UNIT,COMMERCIAL - SINGLE UNIT,W,STRAIGHT AHEAD,,,1,,,,,,,,,,,Y,,,,,,,REAR-LEFT-CORNER,,,,,,,,,,,,,,,,,,,,,,,,,,,,,,,,,
1791226,ad7a61aa2f919f301d5d49213754966fd29bf269e57ea70b8e85bf8407527411d25981214ae65118bcab95f8f25b61b944638469cf58b4857b666d31eb700a35,04/01/2024 02:20:00 PM,1,DRIVER,,1705876,,FORD,EXPLORER,IL,2016,UNKNOWN,SPORT UTILITY VEHICLE (SUV),UNKNOWN/NA,S,CHANGING LANES,,,1,,,,,Y,,,,,,,,,,,,,FRONT-RIGHT-CORNER,,,,,,,,,,,,,,,,,,,,,,,,,,,,,,,,,
1791227,ad7a61aa2f919f301d5d49213754966fd29bf269e57ea70b8e85bf8407527411d25981214ae65118bcab95f8f25b61b944638469cf58b4857b666d31eb700a35,04/01/2024 02:20:00 PM,2,DRIVER,,1705872,,DODGE,CHARGER,IL,2010,NONE,PASSENGER,PERSONAL,S,STRAIGHT AHEAD,,,1,,,,,,,,,,,Y,Y,,,,,,SIDE-LEFT-REAR,,,,,,,,,,,,,,,,,,,,,,,,,,,,,,,,,
1783970,b7bd7302a7d3c61f103a38286e429cfcb52178dfa4f3a8145fd3b229524cd6ff4d088f9db6d72c8ffc75ffc99b794db947ef332eb6a82db7007b5813cbd3efce,03/23/2024 09:00:00 PM,1,DRIVER,,1698891,,FORD,FUSION,MI,2010,NONE,PASSENGER,PERSONAL,W,SLOW/STOP IN TRAFFIC,,,1,,,,,,,Y,Y,,,,,,,,,,SIDE-RIGHT,,,,,,,,,,,,,,,,,,,,,,,,,,,,,,,,,
1783971,b7bd7302a7d3c61f103a38286e429cfcb52178dfa4f3a8145fd3b229524cd6ff4d088f9db6d72c8ffc75ffc99b794db947ef332eb6a82db7007b5813cbd3efce,03/23/2024 09:00:00 PM,2,DRIVER,,1698885,,JEEP,RENEGADE,IL,2018,NONE,PASSENGER,PERSONAL,S,STARTING IN TRAFFIC,,,1,,,,,,,,,,,,,,,,Y,,FRONT,,,,,,,,,,,,,,,,,,,,,,,,,,,,,,,,,
1782300,292b947c6c22d399a0fbb802197b9c67e3e8b06c94028dad6f7fffbb1e7d4529ef70900873d03c6c88f53c9c8b7002985eee579218f0d10e53a567f47e8b2c20,03/21/2024 05:12:00 PM,1,DRIVER,,1697259,,GENERAL MOTORS CORPORATION (GMC),TERRAIN,IL,2015,NONE,PASSENGER,PERSONAL,S,STRAIGHT AHEAD,Y,,1,,hardy's towing & recovery,6800 s cottage,,Y,,,,,,,,,,,,,FRONT-RIGHT-CORNER,,,,,,,,,,,,,,,,,,,,,,,,,,,,,,,,,
1782301,292b947c6c22d399a0fbb802197b9c67e3e8b06c94028dad6f7fffbb1e7d4529ef70900873d03c6c88f53c9c8b7002985eee579218f0d10e53a567f47e8b2c20,03/21/2024 05:12:00 PM,2,PARKED,,1697277,,MITSUBISHI,OUTLANDER,IL,2023,NONE,PASSENGER,PERSONAL,S,PARKED,,,0,,,,,,,,,,,Y,Y,,,,,,REAR-LEFT-CORNER,,,,,,,,,,,,,,,,,,,,,,,,,,,,,,,,,
1781708,5a4ecdf314749e2a3cb082675b53b700b0e32d0213c24aeac54f5680b124d706d22c6999c393aa35422cad04ca39058dc95b7c76f1d018f7356813ce5ed69805,03/20/2024 03:40:00 PM,1,DRIVER,,1696688,,CHEVROLET,VENTURE,IN,2001,UNKNOWN,VAN/MINI-VAN,PERSONAL,N,STRAIGHT AHEAD,Y,,1,,,,,Y,Y,,,,,,,,,Y,Y,,FRONT,,,,,,,,,,,,,,,,,,,,,,,,,,,,,,,,,
1781709,5a4ecdf314749e2a3cb082675b53b700b0e32d0213c24aeac54f5680b124d706d22c6999c393aa35422cad04ca39058dc95b7c76f1d018f7356813ce5ed69805,03/20/2024 03:40:00 PM,2,PARKED,,1696679,,FORD,ESCAPE,IL,2017,UNKNOWN,PASSENGER,NOT IN USE,UNKNOWN,PARKED,,,0,,,,,,,,,,,Y,Y,Y,Y,Y,,,SIDE-LEFT,,,,,,,,,,,,,,,,,,,,,,,,,,,,,,,,,
1781654,90a1a2342c6555a4542f58bfb4ebada39fe0f85b814de397046f3fd7c53d18eaa85f2537ea51f8278f9a1d9d397f4b1993c9fd393dbb60e27153d056b700e6fa,03/20/2024 03:00:00 PM,1,DRIVER,1,1696633,,FORD,FOCUS,IL,2006,UNKNOWN,PASSENGER,PERSONAL,UNKNOWN,TURNING LEFT,,,2,,,,Y,,,,,,,,,,,,,,UNKNOWN,,,,,,,,,,,,,,,,,,,,,,,,,,,,,,,,,
1781655,90a1a2342c6555a4542f58bfb4ebada39fe0f85b814de397046f3fd7c53d18eaa85f2537ea51f8278f9a1d9d397f4b1993c9fd393dbb60e27153d056b700e6fa,03/20/2024 03:00:00 PM,2,PEDESTRIAN,,,,,,,,,,,,,,,,,,,,,,,,,,,,,,,,,,,,,,,,,,,,,,,,,,,,,,,,,,,,,,,,,,
1779626,944f18e3103d00f52880ffcebe6a37f1db6309fe45a7d039288c1fb71b7b7e1af90b56b0f58cb59aad16451bd103b71c0f060b428eb700098bf3811e9bdb411d,03/17/2024 06:30:00 PM,1,DRIVER,,1694678,,UNKNOWN,OTHER (EXPLAIN IN NARRATIVE),IL,,UNKNOWN,UNKNOWN/NA,UNKNOWN/NA,UNKNOWN,DRIVING WRONG WAY,,,1,,,,,,,,,,,,,,,,,Y,SIDE-LEFT,,,,,,,,,,,,,,,,,,,,,,,,,,,,,,,,,
1779627,944f18e3103d00f52880ffcebe6a37f1db6309fe45a7d039288c1fb71b7b7e1af90b56b0f58cb59aad16451bd103b71c0f060b428eb700098bf3811e9bdb411d,03/17/2024 06:30:00 PM,2,DRIVER,,1694682,,CHRYSLER,SEBRING,IL,1999,UNKNOWN,PASSENGER,PERSONAL,UNKNOWN,UNKNOWN/NA,,,1,,,,,,,,,,,Y,Y,,,,,,SIDE-LEFT,,,,,,,,,,,,,,,,,,,,,,,,,,,,,,,,,
1781036,5ed0b70010a2f090267c9028f259d944804694d7e87a3fcea72694fdf80ff4d2a21fdb6fd6d64f1f2652d777358ac85b039d2a1a8d4da28a21e95e596d8ee4d5,03/16/2024 10:30:00 AM,1,DRIVER,,1696027,,VOLVO,OTHER (EXPLAIN IN NARRATIVE),IL,2010,NONE,PASSENGER,PERSONAL,E,CHANGING LANES,,,1,,,,,,,,,,,,,,,Y,,,FRONT-LEFT-CORNER,,,,,,,,,,,,,,,,,,,,,,,,,,,,,,,,,
1781037,5ed0b70010a2f090267c9028f259d944804694d7e87a3fcea72694fdf80ff4d2a21fdb6fd6d64f1f2652d777358ac85b039d2a1a8d4da28a21e95e596d8ee4d5,03/16/2024 10:30:00 AM,2,DRIVER,,1696035,,SUBARU,OUTBACK,IL,2014,NONE,PASSENGER,PERSONAL,E,STRAIGHT AHEAD,,,1,,,,,Y,Y,,,,,,,,,,,,FRONT-RIGHT-CORNER,,,,,,,,,,,,,,,,,,,,,,,,,,,,,,,,,
1777326,617b70029813cad9f7c64429f119310cb24fab7ed5c3bbd8d27ffa9426c10b8380a7ac7be82e00ef5c4934b3f82d1d915aaf61aee2a2a7baa2537ec7ff729d10,03/14/2024 04:00:00 PM,1,DRIVER,,1692481,,CHEVROLET,SILVERADO,IL,2023,UNKNOWN,PICKUP,UNKNOWN/NA,UNKNOWN,BACKING,,,1,,,,,,,,,Y,,,,,,,,Y,REAR,,,,,,,,,,,,,,,,,,,,,,,,,,,,,,,,,
1777327,617b70029813cad9f7c64429f119310cb24fab7ed5c3bbd8d27ffa9426c10b8380a7ac7be82e00ef5c4934b3f82d1d915aaf61aee2a2a7baa2537ec7ff729d10,03/14/2024 04:00:00 PM,2,DRIVER,,1692509,,GENERAL MOTORS CORPORATION (GMC),TERRAIN,IN,2016,UNKNOWN,SPORT UTILITY VEHICLE (SUV),PERSONAL,UNKNOWN,STRAIGHT AHEAD,,,1,,,,,Y,,,,,,,,,,,,,FRONT-RIGHT-CORNER,,,,,,,,,,,,,,,,,,,,,,,,,,,,,,,,,
1776794,5b7007db05eaef5f01f4eb33e045d32c4b6d957ecf6b849da70836b29ab8a67d4c64614737a732a3527115ea2d2bd058ad65c8321a42b6d6dc3ba0818a4862f0,03/13/2024 03:53:00 PM,1,DRIVER,,1691973,,CHEVROLET,OTHER (EXPLAIN IN NARRATIVE),IL,2013,UNKNOWN,PASSENGER,PERSONAL,S,TURNING LEFT,,,1,,,,,Y,,,,,,,,,,Y,,,FRONT,,,,,,,,,,,,,,,,,,,,,,,,,,,,,,,,,
1776795,5b7007db05eaef5f01f4eb33e045d32c4b6d957ecf6b849da70836b29ab8a67d4c64614737a732a3527115ea2d2bd058ad65c8321a42b6d6dc3ba0818a4862f0,03/13/2024 03:53:00 PM,2,DRIVER,,1691980,,CHEVROLET,OTHER (EXPLAIN IN NARRATIVE),IL,2015,UNKNOWN,PASSENGER,PERSONAL,E,STRAIGHT AHEAD,,,1,,,,,Y,,,,,,,,,,Y,,,FRONT,,,,,,,,,,,,,,,,,,,,,,,,,,,,,,,,,
1775635,5bec07790e7725064e54bed95a47fa4480e06cb700d947b4d47e9a57cf526e1b0ad3aa204fe88a0c774a82e7c8b99e5ab55f37473a981ed761aea1e59b041cd8,03/12/2024 06:23:00 AM,1,DRIVER,,1690861,,TOYOTA,OTHER (EXPLAIN IN NARRATIVE),IL,2005,NONE,PASSENGER,PERSONAL,S,TURNING RIGHT,Y,,1,,OWNERS INSURANCE,,,Y,,,,,,,,,,Y,Y,,SIDE-LEFT-FRONT,,,,,,,,,,,,,,,,,,,,,,,,,,,,,,,,,
1775636,5bec07790e7725064e54bed95a47fa4480e06cb700d947b4d47e9a57cf526e1b0ad3aa204fe88a0c774a82e7c8b99e5ab55f37473a981ed761aea1e59b041cd8,03/12/2024 06:23:00 AM,2,DRIVER,,1690866,,FORD,F250,IL,2019,NONE,PICKUP,PERSONAL,S,TURNING RIGHT,,,1,,,,Y,,,,,,,,,,,,,,SIDE-RIGHT-FRONT,,,,,,,,,,,,,,,,,,,,,,,,,,,,,,,,,
1773750,5f82da8f9b1640d84dea37b3d7a84930912ce5e4a40a34b700e21262cc84e4b6f9f2d1cc925cdd9fb292261eba1ed90ed85cdb828005c6c244b538453e5b441c,03/09/2024 02:55:00 AM,1,DRIVER,,1689043,,JEEP,COMPASS,IL,2023,OTHER,SPORT UTILITY VEHICLE (SUV),PERSONAL,W,STRAIGHT AHEAD,Y,,1,,CITY OF CHICAGO,CITY POUND,,,,,,,,,,,Y,Y,,,FRONT-LEFT-CORNER,,,,,,,,,,,,,,,,,,,,,,,,,,,,,,,,,
1773751,5f82da8f9b1640d84dea37b3d7a84930912ce5e4a40a34b700e21262cc84e4b6f9f2d1cc925cdd9fb292261eba1ed90ed85cdb828005c6c244b538453e5b441c,03/09/2024 02:55:00 AM,2,DRIVERLESS,,1689046,,HONDA,CR-V,IL,2016,UNKNOWN,PASSENGER,PERSONAL,W,PARKED,,,0,,,,,Y,Y,Y,Y,Y,,,,,,,,,REAR-RIGHT-CORNER,,,,,,,,,,,,,,,,,,,,,,,,,,,,,,,,,
1772981,10e30c2866ae58b700aa8ba657b307ff58f2fccde8285a73dd501e697bf090d70c0f356d6f248f04207e7c9a7b48d52405be2cb9fa4dc3fa46b8fb97c227de62,03/08/2024 08:15:00 AM,1,DRIVER,,1688344,,HONDA,ACCORD,IL,2016,UNKNOWN,PASSENGER,PERSONAL,N,SKIDDING/CONTROL LOSS,,,1,,,,,Y,Y,,,,,,,,N,N,,,FRONT-LEFT-CORNER,,,,,,,,,,,,,,,,,,,,,,,,,,,,,,,,,
1772982,10e30c2866ae58b700aa8ba657b307ff58f2fccde8285a73dd501e697bf090d70c0f356d6f248f04207e7c9a7b48d52405be2cb9fa4dc3fa46b8fb97c227de62,03/08/2024 08:15:00 AM,2,DRIVER,,1688348,,ACURA,RLX,IL,2021,NONE,PASSENGER,PERSONAL,N,STRAIGHT AHEAD,,,1,,,,,,,,,,Y,Y,Y,,,,,,REAR,,,,,,,,,,,,,,,,,,,,,,,,,,,,,,,,,
1771776,4b1f75b700641fac1f7a078365d417507d375980d727871634db6287113d24a3b02373f0c503d44971661eaecc077ef7fbc9377fc370015ddd93144f8eb52a59,03/06/2024 06:45:00 AM,1,DRIVER,,1687178,,UNKNOWN,MOTORIZED,IL,,UNKNOWN,UNKNOWN/NA,UNKNOWN/NA,W,TURNING RIGHT,,,1,,,,,Y,,,,,,,,,,,,,FRONT-RIGHT-CORNER,,,,,,,,,,,,,,,,,,,,,,,,,,,,,,,,,
1771777,4b1f75b700641fac1f7a078365d417507d375980d727871634db6287113d24a3b02373f0c503d44971661eaecc077ef7fbc9377fc370015ddd93144f8eb52a59,03/06/2024 06:45:00 AM,2,PEDESTRIAN,,,,,,,,,,,,,,,,,,,,,,,,,,,,,,,,,,,,,,,,,,,,,,,,,,,,,,,,,,,,,,,,,,
1770992,b96d7a859f7fab561336bf3323407d59bd2f60231cd9ed18ed55bb1d2d04b69d11a2f0dc0558e5ead6d6669aabb70032464ac7076071b541254eac2727608006,03/04/2024 09:48:00 PM,1,DRIVER,,1686430,,NISSAN,VERSA,IL,2010,UNKNOWN,PASSENGER,UNKNOWN/NA,N,STRAIGHT AHEAD,,,1,,,,,,Y,Y,,,,,,,,,Y,N,FRONT,,,,,,,,,,,,,,,,,,,,,,,,,,,,,,,,,
1770993,b96d7a859f7fab561336bf3323407d59bd2f60231cd9ed18ed55bb1d2d04b69d11a2f0dc0558e5ead6d6669aabb70032464ac7076071b541254eac2727608006,03/04/2024 09:48:00 PM,2,DRIVER,,1686435,,HONDA,ACCORD,IL,2023,NONE,PASSENGER,PERSONAL,N,SLOW/STOP IN TRAFFIC,,,1,,,,,,,,,,Y,,,,,Y,,,REAR,,,,,,,,,,,,,,,,,,,,,,,,,,,,,,,,,
1770831,8db1626d84a9b6230a3c818a2e8b7008ec100fc2f415f21cd758afa8a5b473a92c0067b744d9ec575de3512e2d01b645edab7630220f02fc0b300000e900ed18,03/04/2024 05:20:00 PM,1,DRIVER,,1686262,,DODGE,CHARGER,IL,2022,NONE,PASSENGER,PERSONAL,N,STRAIGHT AHEAD,,,1,,,,,Y,,,,,,,,,,Y,Y,,FRONT-RIGHT-CORNER,,,,,,,,,,,,,,,,,,,,,,,,,,,,,,,,,
1770832,8db1626d84a9b6230a3c818a2e8b7008ec100fc2f415f21cd758afa8a5b473a92c0067b744d9ec575de3512e2d01b645edab7630220f02fc0b300000e900ed18,03/04/2024 05:20:00 PM,2,DRIVER,1,1686273,,CHRYSLER,CARAVAN,IL,2010,NONE,PASSENGER,PERSONAL,W,STRAIGHT AHEAD,,,2,,,,,Y,Y,,,,,,,,N,N,Y,,UNKNOWN,,,,,,,,,,,,,,,,,,,,,,,,,,,,,,,,,
1770110,5d21eb198aa9f1c2f9d35b42f5f72b97c34d38f6a66d4ce8b1c0ed14bd6388bbec83728d0a191038e6df0135db4af0cebd5fbacf21afb31bc76b7009c381c4d2,03/03/2024 02:50:00 PM,1,DRIVER,,1685579,,DODGE,GRAND CARAVAN,IL,2015,UNKNOWN,PASSENGER,PERSONAL,E,STRAIGHT AHEAD,,,1,,,,Y,,,,,,,,,,,N,,,FRONT-LEFT-CORNER,,,,,,,,,,,,,,,,,,,,,,,,,,,,,,,,,
1770111,5d21eb198aa9f1c2f9d35b42f5f72b97c34d38f6a66d4ce8b1c0ed14bd6388bbec83728d0a191038e6df0135db4af0cebd5fbacf21afb31bc76b7009c381c4d2,03/03/2024 02:50:00 PM,2,PEDESTRIAN,,,,,,,,,,,,,,,,,,,,,,,,,,,,,,,,,,,,,,,,,,,,,,,,,,,,,,,,,,,,,,,,,,
1769161,89210c3d956bdf0965807f75bb26443c450b700d898bdf0ecd940c7df15882a92d0d149c7b4f55861cba85b6543f4dd80a4dfd0f2c817d3fe9275e7554839577,03/02/2024 06:14:00 AM,1,DRIVER,,1684670,,KIA,OPTIMA / K5,IL,2020,UNKNOWN,PASSENGER,PERSONAL,UNKNOWN,UNKNOWN/NA,Y,,1,,CITY OF CHICAGO,POUND1,,Y,,,,,,,,,,,Y,,FRONT-RIGHT-CORNER,,,,,,,,,,,,,,,,,,,,,,,,,,,,,,,,,
1768089,e331bb212f6171bb83a0cace5140cb9f61e9b700e762a3a96f8a909525a644829debf1f3275c416634bfb7f5d4fe809bbd79f6e7d531e819e35640ce0cb6c9e3,02/29/2024 10:08:00 AM,1,DRIVER,,1683634,,FORD,300 SERIES,IL,2016,NONE,VAN/MINI-VAN,UNKNOWN/NA,N,PASSING/OVERTAKING,N,,1,,,,,,,,,,,,Y,Y,Y,,,,SIDE-LEFT-FRONT,,,,,,,,,,,,,,,,,,,,,,,,,,,,,,,,,
1768090,e331bb212f6171bb83a0cace5140cb9f61e9b700e762a3a96f8a909525a644829debf1f3275c416634bfb7f5d4fe809bbd79f6e7d531e819e35640ce0cb6c9e3,02/29/2024 10:08:00 AM,2,DRIVER,,1683645,,PIERCE ARROW,PIERCE ARROW,IL,,NONE,OTHER,FIRE,NE,STARTING IN TRAFFIC,,,1,,,,,Y,,,,,,,,,,,,,FRONT-RIGHT-CORNER,,,,,,,,,,,,,,,,,,,,,,,,,,,,,,,,,
1767853,863076a0bd764561b170fbe8d018856fc5702d6a6d86593e0e1f1354ae623ff7aab6ccb0a7d887fb07e9b700661449e5f6162e1c6eb33716f2d79d8f4690bc6a,02/28/2024 01:10:00 PM,1,DRIVER,,1683409,,LEXUS,RX300,IL,2002,NONE,PASSENGER,PERSONAL,NW,BACKING,,,1,,,,,,,,,,Y,,,,,,,,REAR,,,,,,,,,,,,,,,,,,,,,,,,,,,,,,,,,
1767854,863076a0bd764561b170fbe8d018856fc5702d6a6d86593e0e1f1354ae623ff7aab6ccb0a7d887fb07e9b700661449e5f6162e1c6eb33716f2d79d8f4690bc6a,02/28/2024 01:10:00 PM,2,DRIVER,,1683411,,MAZDA,CX-5,IL,2024,NONE,PASSENGER,PERSONAL,SE,STRAIGHT AHEAD,,,1,,,,,,,,,,,,,,,,Y,,FRONT,,,,,,,,,,,,,,,,,,,,,,,,,,,,,,,,,