CRASH_UNIT_ID,CRASH_RECORD_ID,CRASH_DATE,UNIT_NO,UNIT_TYPE,NUM_PASSENGERS,VEHICLE_ID,CMRC_VEH_I,MAKE,MODEL,LIC_PLATE_STATE,VEHICLE_YEAR,VEHICLE_DEFECT,VEHICLE_TYPE,VEHICLE_USE,TRAVEL_DIRECTION,MANEUVER,TOWED_I,FIRE_I,OCCUPANT_CNT,EXCEED_SPEED_LIMIT_I,TOWED_BY,TOWED_TO,AREA_00_I,AREA_01_I,AREA_02_I,AREA_03_I,AREA_04_I,AREA_05_I,AREA_06_I,AREA_07_I,AREA_08_I,AREA_09_I,AREA_10_I,AREA_11_I,AREA_12_I,AREA_99_I,FIRST_CONTACT_POINT,CMV_ID,USDOT_NO,CCMC_NO,ILCC_NO,COMMERCIAL_SRC,GVWR,CARRIER_NAME,CARRIER_STATE,CARRIER_CITY,HAZMAT_PLACARDS_I,HAZMAT_NAME,UN_NO,HAZMAT_PRESENT_I,HAZMAT_REPORT_I,HAZMAT_REPORT_NO,MCS_REPORT_I,MCS_REPORT_NO,HAZMAT_VIO_CAUSE_CRASH_I,MCS_VIO_CAUSE_CRASH_I,IDOT_PERMIT_NO,WIDE_LOAD_I,TRAILER1_WIDTH,TRAILER2_WIDTH,TRAILER1_LENGTH,TRAILER2_LENGTH,TOTAL_VEHICLE_LENGTH,AXLE_CNT,VEHICLE_CONFIG,CARGO_BODY_TYPE,LOAD_TYPE,HAZMAT_OUT_OF_SERVICE_I,MCS_OUT_OF_SERVICE_I,HAZMAT_CLASS
1766290,a345f58f521f16fcea4c71a94c9c21f595279205b40f5545cf5e2f404daedc0e55c6fbb7003b3cd40ef126a56bf99ea5704043333addba57fbbea3e616ae46c1,02/26/2024 02:30:00 PM,1,DRIVER,,1681871,,UNKNOWN,OTHER (EXPLAIN IN NARRATIVE),,,UNKNOWN,TRACTOR W/ SEMI-TRAILER,OTHER,W,PASSING/OVERTAKING,,,1,,,,,,,,,,,,,,,,,Y,REAR-RIGHT-CORNER,,,,,,,,,,,,,,,,,,,,,,,,,,,,,,,,,
1766291,a345f58f521f16fcea4c71a94c9c21f595279205b40f5545cf5e2f404daedc0e55c6fbb7003b3cd40ef126a56bf99ea5704043333addba57fbbea3e616ae46c1,02/26/2024 02:30:00 PM,2,DRIVER,,1681886,,VOLKSWAGEN,TIGUAN,IL,2023,NONE,SPORT UTILITY VEHICLE (SUV),PERSONAL,W,STRAIGHT AHEAD,Y,,1,,Private,tow yard,,Y,,,,,,,,,Y,Y,Y,,FRONT-LEFT-CORNER,,,,,,,,,,,,,,,,,,,,,,,,,,,,,,,,,
1765339,0bc5348c55378f82c98b79e62831223b39433a06dc71acb294a04a8fe2ddab3e6314ef05f3ae14ffd495f3b4594d63fb700cc4b386c33e70425fad1bc7c77a36,02/25/2024 01:56:00 AM,1,DRIVER,2,1680970,,JEEP,GRAND CHEROKEE,IL,2020,NONE,PASSENGER,PERSONAL,S,OTHER,Y,,3,,PRIVATE TOW,RESIDENCE,,Y,Y,,,,,,,,,,,,FRONT-RIGHT-CORNER,,,,,,,,,,,,,,,,,,,,,,,,,,,,,,,,,
1765340,0bc5348c55378f82c98b79e62831223b39433a06dc71acb294a04a8fe2ddab3e6314ef05f3ae14ffd495f3b4594d63fb700cc4b386c33e70425fad1bc7c77a36,02/25/2024 01:56:00 AM,2,PARKED,,1680973,,DODGE,CHARGER,IL,2014,NONE,PASSENGER,PERSONAL,S,PARKED,,,0,,,,,,,,,,,Y,Y,Y,Y,,,,REAR-LEFT-CORNER,,,,,,,,,,,,,,,,,,,,,,,,,,,,,,,,,
1765341,0bc5348c55378f82c98b79e62831223b39433a06dc71acb294a04a8fe2ddab3e6314ef05f3ae14ffd495f3b4594d63fb700cc4b386c33e70425fad1bc7c77a36,02/25/2024 01:56:00 AM,3,PARKED,,1680974,,FORD,ESCAPE,IL,2013,NONE,PASSENGER,PERSONAL,S,PARKED,,,0,,,,,Y,,,,Y,Y,Y,,,,Y,Y,,REAR,,,,,,,,,,,,,,,,,,,,,,,,,,,,,,,,,
1765342,0bc5348c55378f82c98b79e62831223b39433a06dc71acb294a04a8fe2ddab3e6314ef05f3ae14ffd495f3b4594d63fb700cc4b386c33e70425fad1bc7c77a36,02/25/2024 01:56:00 AM,4,PARKED,,1680976,,HYUNDAI,TUCSON,IL,2017,NONE,PASSENGER,PERSONAL,S,PARKED,,,0,,,,,,,,,Y,Y,Y,,,,,,,REAR,,,,,,,,,,,,,,,,,,,,,,,,,,,,,,,,,
1766560,771d6da0b499e270afc0cc9ad5364aa9c94985dfbb1d4204664d7c9b453fe57cd17bf735b70005bd94c99ea7ecf2f31912ebaf18a1c9bf191328194a5ab0f33a,02/24/2024 02:14:00 PM,1,DRIVER,,1682151,,HONDA,CIVIC,IL,2018,UNKNOWN,PASSENGER,PERSONAL,N,STRAIGHT AHEAD,,,1,,,,,Y,Y,,,,,,,,,,Y,,REAR-RIGHT-CORNER,,,,,,,,,,,,,,,,,,,,,,,,,,,,,,,,,
1766561,771d6da0b499e270afc0cc9ad5364aa9c94985dfbb1d4204664d7c9b453fe57cd17bf735b70005bd94c99ea7ecf2f31912ebaf18a1c9bf191328194a5ab0f33a,02/24/2024 02:14:00 PM,2,DRIVER,,1682153,,JEEP,GRAND CHEROKEE,IL,2021,UNKNOWN,PASSENGER,PERSONAL,W,STRAIGHT AHEAD,Y,,1,,PRIVATE TOW,,,Y,,,,,,,,,,Y,Y,,FRONT,,,,,,,,,,,,,,,,,,,,,,,,,,,,,,,,,
1766562,771d6da0b499e270afc0cc9ad5364aa9c94985dfbb1d4204664d7c9b453fe57cd17bf735b70005bd94c99ea7ecf2f31912ebaf18a1c9bf191328194a5ab0f33a,02/24/2024 02:14:00 PM,3,DRIVER,,1682155,,NISSAN,SENTRA,IL,2015,UNKNOWN,PASSENGER,PERSONAL,E,SLOW/STOP IN TRAFFIC,,,1,,,,,,,,,,,,Y,Y,Y,Y,,,SIDE-LEFT,,,,,,,,,,,,,,,,,,,,,,,,,,,,,,,,,
1762849,6a98a9e028de23cb3058fcaa18be5007789fb7004fad15a51b87f8f0d6b39803013b9a1fe8341c57a1dcf408d66647317f0c25b592f05caa8b818e3d33feca36,02/21/2024 12:10:00 AM,1,DRIVER,,1678542,,TESLA,MODEL 3,IL,2020,UNKNOWN,PASSENGER,PERSONAL,E,STRAIGHT AHEAD,Y,,1,,UNKNOWN,UNKNOWN,,Y,,,,,,,,,,Y,Y,,FRONT,,,,,,,,,,,,,,,,,,,,,,,,,,,,,,,,,
1761412,31dc17116f5c8ae8e787dbb70048937344fe37981b5b043f9af7a72975d31797049a59456afc63e6bb909080cb86e69c3b74c729dca3eb9b96ea8664d50a894c,02/18/2024 11:15:00 AM,1,DRIVER,,1677161,,KIA,FORTE,IL,2013,NONE,PASSENGER,PERSONAL,S,STRAIGHT AHEAD,,,1,,,,,,,,,,,,,,,,Y,,FRONT,,,,,,,,,,,,,,,,,,,,,,,,,,,,,,,,,
1761413,31dc17116f5c8ae8e787dbb70048937344fe37981b5b043f9af7a72975d31797049a59456afc63e6bb909080cb86e69c3b74c729dca3eb9b96ea8664d50a894c,02/18/2024 11:15:00 AM,2,DRIVER,,1677163,,HONDA,ODYSSEY,IL,2011,NONE,PASSENGER,PERSONAL,S,SLOW/STOP IN TRAFFIC,,,1,,,,,,,,,,Y,,,,,,,,REAR,,,,,,,,,,,,,,,,,,,,,,,,,,,,,,,,,
1760826,033422814aa95d4e006a962df7fb1b0f9b5cee7590ae1051acc3f99b70071d5a3ea1a2305ee861996b35439ae6ef7177ed918b4314068aa4f7e5bec8d17cb624,02/17/2024 11:00:00 AM,1,DRIVER,,1676611,Y,INTERNATIONAL HARVESTER COMPANY,INTERNATIONAL HARVESTER CO.,IN,2020,UNKNOWN,TRUCK - SINGLE UNIT,COMMERCIAL - SINGLE UNIT,S,STRAIGHT AHEAD,,,1,,,,Y,,,,,,,,,,,,,,SIDE-RIGHT-REAR,18714,1438609,,,,,"CORFU FOODS, INC.",IL,BENSENVILLE,,,,,,,,,,,,,,,,,,,"SINGLE UNIT TRUCK, 2 AXLES, 6 TIRES",OTHER,OTHER,,,
1760827,033422814aa95d4e006a962df7fb1b0f9b5cee7590ae1051acc3f99b70071d5a3ea1a2305ee861996b35439ae6ef7177ed918b4314068aa4f7e5bec8d17cb624,02/17/2024 11:00:00 AM,2,PARKED,,1676631,Y,CHEVROLET,EXPRESS,IL,2017,CARGO,UNKNOWN/NA,COMMERCIAL - SINGLE UNIT,S,PARKED,,,0,,,,,,Y,,,,,,,,,,,,SIDE-RIGHT-FRONT,18715,,,,,,PILSEN HEATING & AMP ; COOLING,IL,CHICAGO,,,,,,,,,,,,,,,,,,,,,,,,
1763656,be9bdee3aaac12d23b5c1eae5d62e23fecc1f71e638b700f27bfd765cb797f76fbdcaf27e3103681cb5314b97df65581f932f1708786665da3e3d9aa221324cd,02/16/2024 04:15:00 PM,1,DRIVER,,1679326,,UNKNOWN,OTHER (EXPLAIN IN NARRATIVE),,,UNKNOWN,PASSENGER,UNKNOWN/NA,N,STRAIGHT AHEAD,,,1,,,,,Y,Y,,,,,,,,,,,,SIDE-RIGHT-FRONT,,,,,,,,,,,,,,,,,,,,,,,,,,,,,,,,,
1763657,be9bdee3aaac12d23b5c1eae5d62e23fecc1f71e638b700f27bfd765cb797f76fbdcaf27e3103681cb5314b97df65581f932f1708786665da3e3d9aa221324cd,02/16/2024 04:15:00 PM,2,DRIVER,,1679330,,JEEP,GRAND CHEROKEE,IL,2012,UNKNOWN,PASSENGER,PERSONAL,N,STRAIGHT AHEAD,,,1,,,,,,,,,,,,,,Y,Y,,,SIDE-LEFT-FRONT,,,,,,,,,,,,,,,,,,,,,,,,,,,,,,,,,
1759954,79f0dc91ea088db0b0785496a600e4961deab44e75f00e027158c62ab56074e44e8fa6153dbb700565c31427b72434d3202ca9974043c0f13e2d6bf3ac11375d,02/15/2024 03:49:00 PM,1,DRIVER,,1675740,,CHEVROLET,CAMARO,,2013,NONE,PASSENGER,PERSONAL,N,PASSING/OVERTAKING,,,1,,,,,,,,,,,,,,,,,Y,UNKNOWN,,,,,,,,,,,,,,,,,,,,,,,,,,,,,,,,,
1759955,79f0dc91ea088db0b0785496a600e4961deab44e75f00e027158c62ab56074e44e8fa6153dbb700565c31427b72434d3202ca9974043c0f13e2d6bf3ac11375d,02/15/2024 03:49:00 PM,2,DRIVER,,1675745,,CHEROKEE CAMPER,CHEROKEE CAMPER,IN,2006,NONE,SINGLE UNIT TRUCK WITH TRAILER,COMMERCIAL - SINGLE UNIT,N,STRAIGHT AHEAD,,,1,,,,Y,,,,,,,,,,,,,N,NONE,,,,,,,,,,,,,,,,,,,,,,,,,,,,,,,,,
1759239,0a430153831f4a8f45660a74cd16575b3ca72d74930765181be43b37f8867cf052bc3746be1b82cde14b59acbeb70031f61731a5894923cf09256edcd279cfba,02/14/2024 09:52:00 AM,1,DRIVER,,1675056,,JEEP,GRAND CHEROKEE,IL,2015,UNKNOWN,PASSENGER,PERSONAL,S,CHANGING LANES,,,1,,,,,Y,,,,,,,,,,,Y,,FRONT-RIGHT-CORNER,,,,,,,,,,,,,,,,,,,,,,,,,,,,,,,,,
1759240,0a430153831f4a8f45660a74cd16575b3ca72d74930765181be43b37f8867cf052bc3746be1b82cde14b59acbeb70031f61731a5894923cf09256edcd279cfba,02/14/2024 09:52:00 AM,2,DRIVER,,1675062,,LINCOLN,MKX,IL,2007,OTHER,UNKNOWN/NA,PERSONAL,S,MERGING,,,1,,,,,,,,,,,,,,,,,Y,UNKNOWN,,,,,,,,,,,,,,,,,,,,,,,,,,,,,,,,,
1757979,05fc84a58df462ef59485f327a2539dcf9229ba6b2359a8eb5bb48f0768ab962623906d54d811bf3768327bebf24eba7c56dba7b5fd969244984166eb6b8b700,02/12/2024 09:30:00 AM,1,DRIVER,,1673834,,JEEP,GRAND CHEROKEE,IL,2014,UNKNOWN,SPORT UTILITY VEHICLE (SUV),OTHER,S,STRAIGHT AHEAD,Y,,1,,city,pound 2,,Y,Y,Y,,,,,,,,Y,Y,,FRONT,,,,,,,,,,,,,,,,,,,,,,,,,,,,,,,,,
1757980,05fc84a58df462ef59485f327a2539dcf9229ba6b2359a8eb5bb48f0768ab962623906d54d811bf3768327bebf24eba7c56dba7b5fd969244984166eb6b8b700,02/12/2024 09:30:00 AM,2,DRIVER,,1673840,,FORD,FOCUS,IL,2016,UNKNOWN,PASSENGER,PERSONAL,S,STRAIGHT AHEAD,Y,,1,,,,,,,,Y,Y,Y,Y,Y,,,,,,REAR,,,,,,,,,,,,,,,,,,,,,,,,,,,,,,,,,
1757981,05fc84a58df462ef59485f327a2539dcf9229ba6b2359a8eb5bb48f0768ab962623906d54d811bf3768327bebf24eba7c56dba7b5fd969244984166eb6b8b700,02/12/2024 09:30:00 AM,3,PARKED,,1673843,,JAGUAR,XF,IL,2009,UNKNOWN,PASSENGER,PERSONAL,UNKNOWN,PARKED,,,0,,,,,,,,,,,,Y,Y,Y,Y,,,SIDE-RIGHT,,,,,,,,,,,,,,,,,,,,,,,,,,,,,,,,,
1757875,e28a3a854cfd0fd69c3dec67197971b81a74b4f170f1fb9d4c6e014a3f85ed968ca754b34581cef724b700cae671f7e1f3719fd790a35828c0c658f6b5bf75d5,02/12/2024 07:45:00 AM,1,DRIVER,,1673740,,CHEVROLET,EQUINOX,IL,2018,NONE,PASSENGER,PERSONAL,UNKNOWN,UNKNOWN/NA,,,1,,,,,,,,,Y,Y,Y,,,,,,,REAR,,,,,,,,,,,,,,,,,,,,,,,,,,,,,,,,,
1757876,e28a3a854cfd0fd69c3dec67197971b81a74b4f170f1fb9d4c6e014a3f85ed968ca754b34581cef724b700cae671f7e1f3719fd790a35828c0c658f6b5bf75d5,02/12/2024 07:45:00 AM,2,DRIVER,,1673743,,LEXUS,ES350,IL,2007,NONE,PASSENGER,PERSONAL,UNKNOWN,OTHER,,,1,,,,,Y,,,,,,,,,,Y,Y,,FRONT,,,,,,,,,,,,,,,,,,,,,,,,,,,,,,,,,
1758312,0aeaf432fc2fa416eb74b1b70055ad58b54d3fd063ce6e65160c8c71b5b6e938deb6ca64b08a75ba806db50f24ec0eab502fcc36389ab0340cc5f139ebb58f47,02/10/2024 10:00:00 PM,1,DRIVER,,1674158,,TOYOTA,SIENNA,IL,2000,UNKNOWN,SPORT UTILITY VEHICLE (SUV),UNKNOWN/NA,W,PASSING/OVERTAKING,,,1,,,,,,,,,,,,,,,,,Y,UNKNOWN,,,,,,,,,,,,,,,,,,,,,,,,,,,,,,,,,
1758313,0aeaf432fc2fa416eb74b1b70055ad58b54d3fd063ce6e65160c8c71b5b6e938deb6ca64b08a75ba806db50f24ec0eab502fcc36389ab0340cc5f139ebb58f47,02/10/2024 10:00:00 PM,2,DRIVER,,1674166,,TOYOTA,CAMRY,IL,2017,UNKNOWN,PASSENGER,UNKNOWN/NA,W,STRAIGHT AHEAD,,,1,,,,,,,,,Y,,,,,,,,,REAR-RIGHT-CORNER,,,,,,,,,,,,,,,,,,,,,,,,,,,,,,,,,
1757192,fab8af988a631e848548811807fd07ac70d6be00518fdac333ad72acbfbb1f279d6e73358b40e647cfb6ae60214a9ef7d43ab3b1b7005a5414c0de8bb906dc2a,02/10/2024 07:08:00 PM,1,DRIVER,,1673092,,TOYOTA,COROLLA,IL,2003,UNKNOWN,PASSENGER,UNKNOWN/NA,S,STRAIGHT AHEAD,,,1,,,,,,,,,,,,,,,,,Y,UNKNOWN,,,,,,,,,,,,,,,,,,,,,,,,,,,,,,,,,
1757193,fab8af988a631e848548811807fd07ac70d6be00518fdac333ad72acbfbb1f279d6e73358b40e647cfb6ae60214a9ef7d43ab3b1b7005a5414c0de8bb906dc2a,02/10/2024 07:08:00 PM,2,DRIVER,,1673094,,FORD,FUSION,IL,2016,UNKNOWN,PASSENGER,PERSONAL,S,SLOW/STOP IN TRAFFIC,,,1,,,,,,,,Y,Y,Y,Y,Y,,,,,,REAR,,,,,,,,,,,,,,,,,,,,,,,,,,,,,,,,,
1757291,2a8fe3f673dcee3048b7008d57d652350c70b5d22d855945ec0bc037875399268a93670ae64e2f0568bf5a0f991d9cb45a2dd6ccc8dae47d7910fe474b3d8bc1,02/10/2024 10:01:00 AM,1,DRIVER,,1673181,,TOYOTA,CAMRY,,,UNKNOWN,PASSENGER,UNKNOWN/NA,E,STRAIGHT AHEAD,,,1,,,,,,,,,,,,,,,Y,,,FRONT-LEFT-CORNER,,,,,,,,,,,,,,,,,,,,,,,,,,,,,,,,,
1757292,2a8fe3f673dcee3048b7008d57d652350c70b5d22d855945ec0bc037875399268a93670ae64e2f0568bf5a0f991d9cb45a2dd6ccc8dae47d7910fe474b3d8bc1,02/10/2024 10:01:00 AM,2,PEDESTRIAN,,,,,,,,,,,,,,,,,,,,,,,,,,,,,,,,,,,,,,,,,,,,,,,,,,,,,,,,,,,,,,,,,,
1757697,ccb2026ec685337964ae48edecb8d4cea118e57ca292936fe2c623d8300256533f2d645d3a142b700c0d6feb844b77ef8298b10605c321cbd50049a9968ab393,02/10/2024 09:00:00 AM,1,DRIVER,,1673575,,LINCOLN,NAVIGATOR,IL,2023,UNKNOWN,SPORT UTILITY VEHICLE (SUV),OTHER,N,STRAIGHT AHEAD,,,1,,,,,Y,Y,N,,,,,,,,,Y,,FRONT-RIGHT-CORNER,,,,,,,,,,,,,,,,,,,,,,,,,,,,,,,,,
1757698,ccb2026ec685337964ae48edecb8d4cea118e57ca292936fe2c623d8300256533f2d645d3a142b700c0d6feb844b77ef8298b10605c321cbd50049a9968ab393,02/10/2024 09:00:00 AM,2,PARKED,,1673579,,MITSUBISHI,OUTLANDER,IL,2009,UNKNOWN,SPORT UTILITY VEHICLE (SUV),PERSONAL,N,PARKED,,,0,,,,,,,,,,,,,Y,Y,Y,Y,,FRONT-LEFT-CORNER,,,,,,,,,,,,,,,,,,,,,,,,,,,,,,,,,
1756676,9536fa376f6b389dd7962b810c79606779d3a1a5dab700edfa15064003dc375468977f3edb4240f0edc2cf87d4be5db6ef05f5b275e0dcf02e60538d20b24efd,02/09/2024 11:45:00 PM,1,DRIVER,2,1672608,,AUDI,Q5,IL,2017,NONE,PASSENGER,PERSONAL,S,STRAIGHT AHEAD,,,3,,,,Y,,,,,,,,,,,,,,NONE,,,,,,,,,,,,,,,,,,,,,,,,,,,,,,,,,
1756687,9536fa376f6b389dd7962b810c79606779d3a1a5dab700edfa15064003dc375468977f3edb4240f0edc2cf87d4be5db6ef05f5b275e0dcf02e60538d20b24efd,02/09/2024 11:45:00 PM,2,PEDESTRIAN,,,,,,,,,,,,,,,,,,,,,,,,,,,,,,,,,,,,,,,,,,,,,,,,,,,,,,,,,,,,,,,,,,
1755763,a2c45dd116a7d659239dfe7782577b700547d73896a023498daee561019d110ab5dbfe97b657c32562c419819cd554112e028b3626d4db53a02e4ab9978ccd18,02/08/2024 01:10:00 PM,1,DRIVER,,1671731,,HONDA,ACCORD,IL,2016,UNKNOWN,PASSENGER,UNKNOWN/NA,S,STRAIGHT AHEAD,,,1,,,,,,,,Y,N,,,,,,,,,SIDE-RIGHT-REAR,,,,,,,,,,,,,,,,,,,,,,,,,,,,,,,,,
1755764,a2c45dd116a7d659239dfe7782577b700547d73896a023498daee561019d110ab5dbfe97b657c32562c419819cd554112e028b3626d4db53a02e4ab9978ccd18,02/08/2024 01:10:00 PM,2,DRIVER,,1671735,,FORD,MUSTANG,IL,2019,UNKNOWN,PASSENGER,OTHER,S,STRAIGHT AHEAD,,,1,,,,,,,,,,,,Y,,,,,,SIDE-LEFT-REAR,,,,,,,,,,,,,,,,,,,,,,,,,,,,,,,,,
1754782,f4540711a74cbe3dae0356ec402347c9393d2b7c5f1c48ae44220b9691d73fa6512cb399ac2a878f912d2833c356ae699f2fb76565f0f997b700a4369ffb4107,02/06/2024 03:00:00 PM,1,DRIVER,,1670774,,UNKNOWN,OTHER (EXPLAIN IN NARRATIVE),IL,,NONE,TRACTOR W/ SEMI-TRAILER,UNKNOWN/NA,S,TURNING LEFT,,,1,,,,Y,,,,,,,,,,,,,N,NONE,,,,,,,,,,,,,,,,,,,,,,,,,,,,,,,,,
1754783,f4540711a74cbe3dae0356ec402347c9393d2b7c5f1c48ae44220b9691d73fa6512cb399ac2a878f912d2833c356ae699f2fb76565f0f997b700a4369ffb4107,02/06/2024 03:00:00 PM,2,DRIVER,,1670770,,KIA,SOUL,IL,2013,NONE,PASSENGER,PERSONAL,S,TURNING LEFT,,,1,,,,,N,Y,Y,Y,,,,,,,,,,SIDE-RIGHT,,,,,,,,,,,,,,,,,,,,,,,,,,,,,,,,,
1754225,717e997608126cf8bc71583d363add43eb8fac1a8dbb70069dbcb6318fea081c3521acdf93572e1fb99a3f6b88dcf9e748140c63e7989682aca31ff83ba31097,02/05/2024 04:10:00 PM,1,DRIVER,2,1670237,,JEEP,CHEROKEE,IL,2020,UNKNOWN,PASSENGER,PERSONAL,W,OTHER,Y,,3,,Personal tow,,,Y,,,,,,,,,Y,Y,Y,,FRONT,,,,,,,,,,,,,,,,,,,,,,,,,,,,,,,,,
1754226,717e997608126cf8bc71583d363add43eb8fac1a8dbb70069dbcb6318fea081c3521acdf93572e1fb99a3f6b88dcf9e748140c63e7989682aca31ff83ba31097,02/05/2024 04:10:00 PM,2,DRIVER,,1670250,,NISSAN,ROGUE,IL,2021,UNKNOWN,PASSENGER,PERSONAL,S,OTHER,Y,,1,,Personal tow,,,,,,,,,,,,Y,Y,Y,,FRONT-LEFT-CORNER,,,,,,,,,,,,,,,,,,,,,,,,,,,,,,,,,
1753947,cc5565a4e532610c305c7d09345528070476d48dbdc911a95d05378ae2bcc597ab0fe13c2458503b7008ead1ed08a8e666eebb30f44cee8fdb388bb553e35b21,02/05/2024 08:25:00 AM,1,DRIVER,,1669976,,FORD,EXPLORER,IL,2010,NONE,PASSENGER,PERSONAL,N,STRAIGHT AHEAD,,,1,,,,,Y,,,,,,,,,,,,,FRONT-RIGHT-CORNER,,,,,,,,,,,,,,,,,,,,,,,,,,,,,,,,,
1753948,cc5565a4e532610c305c7d09345528070476d48dbdc911a95d05378ae2bcc597ab0fe13c2458503b7008ead1ed08a8e666eebb30f44cee8fdb388bb553e35b21,02/05/2024 08:25:00 AM,2,DRIVER,,1669979,,LEXUS,ES350,IL,2010,NONE,PASSENGER,PERSONAL,N,STRAIGHT AHEAD,,,1,,,,,,,,,,,Y,,,,,,,REAR-LEFT-CORNER,,,,,,,,,,,,,,,,,,,,,,,,,,,,,,,,,
1751784,b1453a5867763810328ed8a59a8f04caf77db9cfff84c2f514d61a77734695f10e86db0ff1a30d291da7e2445d873f5bb540a7c9999e4785b7001b1272c0032c,02/01/2024 03:21:00 PM,1,DRIVER,,1667862,,GENERAL MOTORS CORPORATION (GMC),OTHER (EXPLAIN IN NARRATIVE),IL,2009,UNKNOWN,PICKUP,PERSONAL,S,MERGING,,,1,,,,,N,,,,,,,,,,Y,Y,,FRONT,,,,,,,,,,,,,,,,,,,,,,,,,,,,,,,,,
1751785,b1453a5867763810328ed8a59a8f04caf77db9cfff84c2f514d61a77734695f10e86db0ff1a30d291da7e2445d873f5bb540a7c9999e4785b7001b1272c0032c,02/01/2024 03:21:00 PM,2,DRIVER,,1667875,,HONDA,OTHER (EXPLAIN IN NARRATIVE),IL,2000,UNKNOWN,PASSENGER,PERSONAL,S,STRAIGHT AHEAD,Y,,1,,UNKNOWN,UNKNOWN,,Y,Y,Y,Y,,,,,,,,,,SIDE-RIGHT,,,,,,,,,,,,,,,,,,,,,,,,,,,,,,,,,
1754237,661ac6308d831ba9d60cd0550e8fccb2b7008b1f2ae3676db91dd6b750e88353f0b730dcd2148d9febb6e023dd8ba02e6b98b622921a36bc75592a48270b26a2,01/30/2024 05:30:00 PM,1,DRIVER,,1670254,,JEEP,CHEROKEE,IL,2018,UNKNOWN,SPORT UTILITY VEHICLE (SUV),PERSONAL,S,STRAIGHT AHEAD,,,1,,,,,Y,Y,,,,,,,,,,,,OTHER,,,,,,,,,,,,,,,,,,,,,,,,,,,,,,,,,
1758506,d7f66157a62ffab7bb940f26c3c38fdff266c7308273b4ecc46afb7495e88d7642d679c887ca54148fa5828e7233fc4d9ceb7ed195593adfab40e08698b70042,01/27/2024 09:15:00 PM,1,DRIVER,,1674351,,JAGUAR,F-PACE,IL,2018,UNKNOWN,PASSENGER,PERSONAL,E,STRAIGHT AHEAD,,,1,,,,,,Y,Y,Y,Y,,,,,,,,,SIDE-RIGHT,,,,,,,,,,,,,,,,,,,,,,,,,,,,,,,,,
1758507,d7f66157a62ffab7bb940f26c3c38fdff266c7308273b4ecc46afb7495e88d7642d679c887ca54148fa5828e7233fc4d9ceb7ed195593adfab40e08698b70042,01/27/2024 09:15:00 PM,2,DRIVER,,1674352,,DODGE,GRAND CARAVAN,IL,2014,NONE,VAN/MINI-VAN,PERSONAL,N,STRAIGHT AHEAD,,,1,,,,,,,,,,,,,,,Y,Y,,FRONT-LEFT-CORNER,,,,,,,,,,,,,,,,,,,,,,,,,,,,,,,,,
1748307,878b7edde160494be4f5a6ab63dc24312cb2e13f0689d2ffc41dcb203ab31edb99201b70056729327ac934379fd3d58f02305a6554e225bd5ee52ab0d8343572,01/26/2024 12:51:00 PM,1,DRIVER,,1664537,,HONDA,CR-V,IL,2016,UNKNOWN,PASSENGER,PERSONAL,S,STRAIGHT AHEAD,,,1,,,,,Y,,,,,,,,,,Y,Y,,FRONT,,,,,,,,,,,,,,,,,,,,,,,,,,,,,,,,,
1748308,878b7edde160494be4f5a6ab63dc24312cb2e13f0689d2ffc41dcb203ab31edb99201b70056729327ac934379fd3d58f02305a6554e225bd5ee52ab0d8343572,01/26/2024 12:51:00 PM,2,DRIVER,,1664541,,LEXUS,ES300,IL,2002,UNKNOWN,PASSENGER,PERSONAL,E,STRAIGHT AHEAD,,,1,,,,,,,,,,Y,Y,Y,,,,,,REAR-LEFT-CORNER,,,,,,,,,,,,,,,,,,,,,,,,,,,,,,,,,
1745164,89573bafb3e4751477a4b85b08e4b22ef75941ebaf7fa61f7ff9e5eae8685d7fd32217e13acd97b5d62e430e4c237b7008f800bcc2dee438e488f63b8c93db92,01/21/2024 03:00:00 PM,1,DRIVER,,1661569,,GENERAL MOTORS CORPORATION (GMC),TRUCK,IN,2023,NONE,TRUCK - SINGLE UNIT,OTHER,S,BACKING,,,1,,,,,,,,,Y,Y,Y,,,,,,,REAR,,,,,,,,,,,,,,,,,,,,,,,,,,,,,,,,,
1745165,89573bafb3e4751477a4b85b08e4b22ef75941ebaf7fa61f7ff9e5eae8685d7fd32217e13acd97b5d62e430e4c237b7008f800bcc2dee438e488f63b8c93db92,01/21/2024 03:00:00 PM,2,DRIVER,1,1661563,,HONDA,CR-V,IL,2008,NONE,PASSENGER,PERSONAL,N,STRAIGHT AHEAD,,,2,,,,,Y,,,,,,,,,,Y,Y,,FRONT,,,,,,,,,,,,,,,,,,,,,,,,,,,,,,,,,
1744602,4b052c04a61c2d10e805c0f95d7eb4fb03470cb930e41e79f86016cfc851e80508d47f46e5bd17ff87b70049062eafc99ef412653b06e7c6a950fd825626903a,01/20/2024 04:00:00 PM,1,DRIVER,,1660988,Y,UNKNOWN,OTHER (EXPLAIN IN NARRATIVE),IL,,UNKNOWN,TRUCK - SINGLE UNIT,COMMERCIAL - SINGLE UNIT,N,UNKNOWN/NA,,,1,,,,,Y,,,,,,,,,,,,,SIDE-RIGHT,18562,,,,,1,FED X,XX,,,,,U,U,,U,,U,U,,,,,,,,,,OTHER,UNKNOWN,N,N,