CRASH_UNIT_ID,CRASH_RECORD_ID,CRASH_DATE,UNIT_NO,UNIT_TYPE,NUM_PASSENGERS,VEHICLE_ID,CMRC_VEH_I,MAKE,MODEL,LIC_PLATE_STATE,VEHICLE_YEAR,VEHICLE_DEFECT,VEHICLE_TYPE,VEHICLE_USE,TRAVEL_DIRECTION,MANEUVER,TOWED_I,FIRE_I,OCCUPANT_CNT,EXCEED_SPEED_LIMIT_I,TOWED_BY,TOWED_TO,AREA_00_I,AREA_01_I,AREA_02_I,AREA_03_I,AREA_04_I,AREA_05_I,AREA_06_I,AREA_07_I,AREA_08_I,AREA_09_I,AREA_10_I,AREA_11_I,AREA_12_I,AREA_99_I,FIRST_CONTACT_POINT,CMV_ID,USDOT_NO,CCMC_NO,ILCC_NO,COMMERCIAL_SRC,GVWR,CARRIER_NAME,CARRIER_STATE,CARRIER_CITY,HAZMAT_PLACARDS_I,HAZMAT_NAME,UN_NO,HAZMAT_PRESENT_I,HAZMAT_REPORT_I,HAZMAT_REPORT_NO,MCS_REPORT_I,MCS_REPORT_NO,HAZMAT_VIO_CAUSE_CRASH_I,MCS_VIO_CAUSE_CRASH_I,IDOT_PERMIT_NO,WIDE_LOAD_I,TRAILER1_WIDTH,TRAILER2_WIDTH,TRAILER1_LENGTH,TRAILER2_LENGTH,TOTAL_VEHICLE_LENGTH,AXLE_CNT,VEHICLE_CONFIG,CARGO_BODY_TYPE,LOAD_TYPE,HAZMAT_OUT_OF_SERVICE_I,MCS_OUT_OF_SERVICE_I,HAZMAT_CLASS
1744603,4b052c04a61c2d10e805c0f95d7eb4fb03470cb930e41e79f86016cfc851e80508d47f46e5bd17ff87b70049062eafc99ef412653b06e7c6a950fd825626903a,01/20/2024 04:00:00 PM,2,PARKED,,1660995,,NISSAN,SENTRA,IL,2008,UNKNOWN,PASSENGER,NOT IN USE,N,PARKED,,,0,,,,,,,,,,,,,,Y,Y,,,SIDE-LEFT,,,,,,,,,,,,,,,,,,,,,,,,,,,,,,,,,
1743940,2f1bb70065e1f68ca651b3d199eb88c37765032a95197ad615e25ee0d78d65f065b3f7bfc29ea4dbb2e89084bc58b805818df3dbd48e01356b4967592c1ed422,01/19/2024 09:00:00 AM,1,DRIVER,,1660341,,UNKNOWN,OTHER (EXPLAIN IN NARRATIVE),,,UNKNOWN,UNKNOWN/NA,UNKNOWN/NA,E,UNKNOWN/NA,,,1,,,,,Y,,,,,,,,,,Y,Y,,FRONT,,,,,,,,,,,,,,,,,,,,,,,,,,,,,,,,,
1743941,2f1bb70065e1f68ca651b3d199eb88c37765032a95197ad615e25ee0d78d65f065b3f7bfc29ea4dbb2e89084bc58b805818df3dbd48e01356b4967592c1ed422,01/19/2024 09:00:00 AM,2,PARKED,,1660350,,FORD,EXPEDITION,IL,2007,UNKNOWN,SPORT UTILITY VEHICLE (SUV),UNKNOWN/NA,E,PARKED,Y,,0,,,,,,,,,Y,Y,Y,,,,,,,REAR,,,,,,,,,,,,,,,,,,,,,,,,,,,,,,,,,
1741707,1a8a7035fb6b1cfae55262b62ee0b7009a1f9160d548a78c08e7648a268bafad258ffcf8a2cb20f0bd549fe838e2e422adbec1c57262a9af81749058620974bb,01/16/2024 09:30:00 AM,1,DRIVER,1,1658176,,BMW,OTHER (EXPLAIN IN NARRATIVE),IL,2016,UNKNOWN,PASSENGER,UNKNOWN/NA,S,STRAIGHT AHEAD,,,2,,,,,,,,,,,,,,,,Y,,FRONT,,,,,,,,,,,,,,,,,,,,,,,,,,,,,,,,,
1741708,1a8a7035fb6b1cfae55262b62ee0b7009a1f9160d548a78c08e7648a268bafad258ffcf8a2cb20f0bd549fe838e2e422adbec1c57262a9af81749058620974bb,01/16/2024 09:30:00 AM,2,DRIVER,,1658188,,CHEVROLET,CRUZE,IL,2017,UNKNOWN,PASSENGER,PERSONAL,W,STRAIGHT AHEAD,,,1,,,,,,,,,,,Y,Y,,,,,,SIDE-LEFT-REAR,,,,,,,,,,,,,,,,,,,,,,,,,,,,,,,,,
1743150,83c1f95716b3eb7008e9bedf841ac613a81727f7c8c350d37ebc5d97ffa9fffc1867cd47600b828a2789ad766742bc10f8d988cf22fd2470bb4713f5b683a8dc,01/16/2024 07:57:00 AM,1,DRIVER,,1659564,,FORD,F450,IL,2016,NONE,OTHER,OTHER,W,STRAIGHT AHEAD,Y,,1,,B & R TOWING,PRIVATE,,,,,,,,,,,,,Y,,FRONT,,,,,,,,,,,,,,,,,,,,,,,,,,,,,,,,,
1743151,83c1f95716b3eb7008e9bedf841ac613a81727f7c8c350d37ebc5d97ffa9fffc1867cd47600b828a2789ad766742bc10f8d988cf22fd2470bb4713f5b683a8dc,01/16/2024 07:57:00 AM,2,DRIVER,,1659577,,NISSAN,FRONTIER,FL,2005,UNKNOWN,SPORT UTILITY VEHICLE (SUV),PERSONAL,W,STRAIGHT AHEAD,,,1,,,,,,,,,,Y,,,,,,,,REAR,,,,,,,,,,,,,,,,,,,,,,,,,,,,,,,,,
1740628,7ed488ed3ac870280f837a185a314e2a8ec88774bece09e93b700dcb16e75f33ab6cd1616498c0411d2c4a4b8c5a6bf25fe99bd3a66dc446bc7e64ffe0084ec5,01/14/2024 11:08:00 AM,1,DRIVER,,1657126,,NISSAN,VERSA,IL,2009,NONE,PASSENGER,PERSONAL,S,STRAIGHT AHEAD,,,1,,,,,Y,,,,,,,,,,,N,,FRONT-RIGHT-CORNER,,,,,,,,,,,,,,,,,,,,,,,,,,,,,,,,,
1740629,7ed488ed3ac870280f837a185a314e2a8ec88774bece09e93b700dcb16e75f33ab6cd1616498c0411d2c4a4b8c5a6bf25fe99bd3a66dc446bc7e64ffe0084ec5,01/14/2024 11:08:00 AM,2,PARKED,,1657130,,VOLKSWAGEN,JETTA,IL,2017,NONE,PASSENGER,PERSONAL,S,PARKED,,,0,,,,,,,,,,,,,,Y,,,,SIDE-LEFT-FRONT,,,,,,,,,,,,,,,,,,,,,,,,,,,,,,,,,
1740630,7ed488ed3ac870280f837a185a314e2a8ec88774bece09e93b700dcb16e75f33ab6cd1616498c0411d2c4a4b8c5a6bf25fe99bd3a66dc446bc7e64ffe0084ec5,01/14/2024 11:08:00 AM,3,PARKED,,1657131,,MERCEDES-BENZ,TRUCK,IL,2018,NONE,VAN/MINI-VAN,OTHER,S,PARKED,,,0,,,,,,,,,,Y,Y,,,,,,,REAR-LEFT-CORNER,,,,,,,,,,,,,,,,,,,,,,,,,,,,,,,,,
1740317,692cfebdff498792e54305b396a6170485863de86dc202a5cda520fe5b4b27b7005a7b4bb8c05cd883dbaf2d2b16909b72b16c484876f859ee21cae11f394480,01/13/2024 03:51:00 PM,1,DRIVER,,1656829,,FORD,TRANSIT CONNECT,IL,2013,NONE,VAN/MINI-VAN,PERSONAL,W,STRAIGHT AHEAD,Y,,1,,cpd,doty,,Y,,,,,,,,Y,Y,Y,Y,,FRONT,,,,,,,,,,,,,,,,,,,,,,,,,,,,,,,,,
1740318,692cfebdff498792e54305b396a6170485863de86dc202a5cda520fe5b4b27b7005a7b4bb8c05cd883dbaf2d2b16909b72b16c484876f859ee21cae11f394480,01/13/2024 03:51:00 PM,2,PARKED,,1656835,,GENERAL MOTORS CORPORATION (GMC),SIERRA,IN,,NONE,PICKUP,NOT IN USE,W,PARKED,,,0,,,,,Y,Y,Y,Y,Y,,,,,,,Y,,SIDE-RIGHT,,,,,,,,,,,,,,,,,,,,,,,,,,,,,,,,,
1740332,74b555126473d9c1e51ff9ea718f26ae351dc884229fec4ad011d4c81eff1247aab2d566306e3441c8be44d883975df9b17eb4440b4ee4b537c29b700864ccae,01/13/2024 03:30:00 PM,1,DRIVER,,1656850,,FORD,F150,IL,2015,UNKNOWN,PICKUP,UNKNOWN/NA,W,STRAIGHT AHEAD,,,1,,,,,,,,,,,,,,,,,Y,FRONT,,,,,,,,,,,,,,,,,,,,,,,,,,,,,,,,,
1740333,74b555126473d9c1e51ff9ea718f26ae351dc884229fec4ad011d4c81eff1247aab2d566306e3441c8be44d883975df9b17eb4440b4ee4b537c29b700864ccae,01/13/2024 03:30:00 PM,2,DRIVER,,1656848,,CHRYSLER,TOWN & COUNTRY,IL,2013,NONE,VAN/MINI-VAN,PERSONAL,N,STARTING IN TRAFFIC,,,1,,,,,Y,Y,Y,,,,,,,,Y,Y,,FRONT-RIGHT-CORNER,,,,,,,,,,,,,,,,,,,,,,,,,,,,,,,,,
1756435,ca9b1756b7001455b0c31d6e3ad04688e5fe0dd61f5f655f65f843d975623c4ca904930759f6fc99d3f99aafff01e9691b6d75400861eeaae512094eed730796,01/13/2024 01:14:00 PM,1,DRIVER,1,1672370,,GENERAL MOTORS CORPORATION (GMC),ACADIA,IL,2013,UNKNOWN,SPORT UTILITY VEHICLE (SUV),PERSONAL,W,SLOW/STOP IN TRAFFIC,,,2,,,,,Y,Y,,,,,,,,,,Y,,FRONT-RIGHT-CORNER,,,,,,,,,,,,,,,,,,,,,,,,,,,,,,,,,
1756436,ca9b1756b7001455b0c31d6e3ad04688e5fe0dd61f5f655f65f843d975623c4ca904930759f6fc99d3f99aafff01e9691b6d75400861eeaae512094eed730796,01/13/2024 01:14:00 PM,2,PARKED,,1672371,,JEEP,GRAND CHEROKEE,IL,2020,UNKNOWN,OTHER VEHICLE WITH TRAILER,PERSONAL,W,PARKED,,,0,,,,,,,,,,Y,,Y,Y,,,,,REAR-LEFT-CORNER,,,,,,,,,,,,,,,,,,,,,,,,,,,,,,,,,
1756437,ca9b1756b7001455b0c31d6e3ad04688e5fe0dd61f5f655f65f843d975623c4ca904930759f6fc99d3f99aafff01e9691b6d75400861eeaae512094eed730796,01/13/2024 01:14:00 PM,3,DRIVER,,1672372,,NISSAN,SENTRA,IL,2013,UNKNOWN,PASSENGER,PERSONAL,W,STRAIGHT AHEAD,,,1,,,,,Y,Y,,,,,,,,,,,,FRONT-LEFT-CORNER,,,,,,,,,,,,,,,,,,,,,,,,,,,,,,,,,
1737738,658781ec944b43e3b09927e2e8e158c838ebd21afebfacb8db750a819bc2b775eedd4da7ba5c948106db382c2429b70039f8761ce1b684eb320333c0dc6ffe30,01/09/2024 10:46:00 AM,1,DRIVER,,1654350,,UNKNOWN,OTHER (EXPLAIN IN NARRATIVE),IL,,UNKNOWN,OTHER,OTHER,N,SKIDDING/CONTROL LOSS,Y,,1,,STREETS AND SANITATION,,,Y,Y,Y,Y,Y,,,,,,,,,SIDE-RIGHT,,,,,,,,,,,,,,,,,,,,,,,,,,,,,,,,,
1737739,658781ec944b43e3b09927e2e8e158c838ebd21afebfacb8db750a819bc2b775eedd4da7ba5c948106db382c2429b70039f8761ce1b684eb320333c0dc6ffe30,01/09/2024 10:46:00 AM,2,DRIVER,,1654351,,VOLKSWAGEN,JETTA,IL,2008,UNKNOWN,PASSENGER,PERSONAL,S,AVOIDING VEHICLES/OBJECTS,,,1,,,,,,,,,,,Y,Y,,,,,,SIDE-LEFT-REAR,,,,,,,,,,,,,,,,,,,,,,,,,,,,,,,,,
1737596,1b700e0a3ad2b9662adeb1744b711c40342fc7b3c913533096e52ad635cd8632effd377489153685e9d030ba9bc940ff03fc8b51d3c85e2549bb7d4c5872df5f,01/08/2024 11:07:00 PM,1,DRIVER,,1654227,,FORD,EXPLORER,,2018,UNKNOWN,UNKNOWN/NA,UNKNOWN/NA,UNKNOWN,STRAIGHT AHEAD,,,1,,,,,,,,,,,,,,,,Y,,FRONT,,,,,,,,,,,,,,,,,,,,,,,,,,,,,,,,,
1737597,1b700e0a3ad2b9662adeb1744b711c40342fc7b3c913533096e52ad635cd8632effd377489153685e9d030ba9bc940ff03fc8b51d3c85e2549bb7d4c5872df5f,01/08/2024 11:07:00 PM,2,DRIVER,,1654223,,FORD,FUSION,IL,2010,UNKNOWN,PASSENGER,PERSONAL,UNKNOWN,STRAIGHT AHEAD,,,1,,,,,,,,,,Y,,,,,,,,REAR,,,,,,,,,,,,,,,,,,,,,,,,,,,,,,,,,
1737885,2083ec0f3fa0f3d41e17bcb37ddccb3b19d74d41239cecb70008ebbcdca97205e17721664cc491536f166896268da97c37a7f48d2681774df6ea4857c6c458c3,01/08/2024 05:45:00 PM,1,DRIVER,,1654487,,MAZDA,OTHER (EXPLAIN IN NARRATIVE),IL,2017,NONE,PASSENGER,PERSONAL,W,STRAIGHT AHEAD,,,1,,,,,,,,,,,,,,,,Y,,FRONT,,,,,,,,,,,,,,,,,,,,,,,,,,,,,,,,,
1737886,2083ec0f3fa0f3d41e17bcb37ddccb3b19d74d41239cecb70008ebbcdca97205e17721664cc491536f166896268da97c37a7f48d2681774df6ea4857c6c458c3,01/08/2024 05:45:00 PM,2,DRIVER,,1654504,,MERCEDES-BENZ,OTHER (EXPLAIN IN NARRATIVE),IL,2014,NONE,PASSENGER,PERSONAL,W,STRAIGHT AHEAD,,,1,,,,,,,,,,,,Y,Y,Y,,,,SIDE-RIGHT,,,,,,,,,,,,,,,,,,,,,,,,,,,,,,,,,
1738465,1ada4374b09834cc741faf3be40956a93681691869568e8c899b700a594e9aa40c5a9ac9b043baa7a18f18e4fe1e399705e8fe1d94cb793e5946943e4bdd8505,01/08/2024 05:10:00 PM,1,DRIVER,,1655036,,UNKNOWN,OTHER (EXPLAIN IN NARRATIVE),,,UNKNOWN,UNKNOWN/NA,UNKNOWN/NA,W,STRAIGHT AHEAD,,,1,,,,,,,,,,,,,,,,,Y,FRONT,,,,,,,,,,,,,,,,,,,,,,,,,,,,,,,,,
1738466,1ada4374b09834cc741faf3be40956a93681691869568e8c899b700a594e9aa40c5a9ac9b043baa7a18f18e4fe1e399705e8fe1d94cb793e5946943e4bdd8505,01/08/2024 05:10:00 PM,2,PEDESTRIAN,,,,,,,,,,,,,,,,,,,,,,,,,,,,,,,,,,,,,,,,,,,,,,,,,,,,,,,,,,,,,,,,,,
1734777,03ea09bed89f5169efa04d63ebb8465abf043469b0c1e71e848246ac9adcf746e0af32b0b05b885ba9c99248e9b7009b13f35cd0b6ea397b3d2226cb3fe1bb63,01/03/2024 03:51:00 PM,1,DRIVER,,1651532,,ACURA,CL,IL,2005,NONE,PASSENGER,PERSONAL,SE,U-TURN,,,1,,,,,Y,Y,,,,,,,,,,Y,,FRONT-RIGHT-CORNER,,,,,,,,,,,,,,,,,,,,,,,,,,,,,,,,,
1734778,03ea09bed89f5169efa04d63ebb8465abf043469b0c1e71e848246ac9adcf746e0af32b0b05b885ba9c99248e9b7009b13f35cd0b6ea397b3d2226cb3fe1bb63,01/03/2024 03:51:00 PM,2,DRIVER,,1651547,Y,NEW FLYER,OTHER (EXPLAIN IN NARRATIVE),IL,2009,NONE,BUS OVER 15 PASS.,CTA,NW,STRAIGHT AHEAD,,,1,,,,,,,,,,,,Y,Y,Y,N,,,SIDE-LEFT,18464,,,,,,CHICAGO TRANSIT AUTHORITY,IL,CHICAGO,,,,,,,,,,,,,,,,,,,BUS,BUS,OTHER,,,
1734534,a83a8b4b3c0f2ae287fabeeb70066a1662ee311b394bff6a163d6f0b3b12db7dd39e05afc0ea6e0991fba7001e30196d9d29cff5ada13209d087282aea2761e3,12/31/2023 11:30:00 PM,1,DRIVER,,1651278,,UNKNOWN,OTHER (EXPLAIN IN NARRATIVE),,,UNKNOWN,UNKNOWN/NA,UNKNOWN/NA,N,UNKNOWN/NA,,,1,,,,,,,,,,,,,,,,,Y,UNKNOWN,,,,,,,,,,,,,,,,,,,,,,,,,,,,,,,,,
1734535,a83a8b4b3c0f2ae287fabeeb70066a1662ee311b394bff6a163d6f0b3b12db7dd39e05afc0ea6e0991fba7001e30196d9d29cff5ada13209d087282aea2761e3,12/31/2023 11:30:00 PM,2,PARKED,,1651281,,MAZDA,CX-7,IL,2019,NONE,SPORT UTILITY VEHICLE (SUV),NOT IN USE,N,PARKED,,,0,,,,,,,,Y,,Y,,Y,,,,,,REAR-RIGHT-CORNER,,,,,,,,,,,,,,,,,,,,,,,,,,,,,,,,,
1731476,7683fde6028d4b0abdd20673c5a604559e425795e133a80175f82e052ec2ae64460769814db9149f4a8fc79f9174c46daf8636c5af82f3cec97b700ff092d544,12/27/2023 05:00:00 PM,1,DRIVER,,1648330,,JEEP,COMPASS,IL,2018,UNKNOWN,SPORT UTILITY VEHICLE (SUV),UNKNOWN/NA,W,UNKNOWN/NA,,,1,,,,,,,,,,,,,,,,,Y,UNKNOWN,,,,,,,,,,,,,,,,,,,,,,,,,,,,,,,,,
1731477,7683fde6028d4b0abdd20673c5a604559e425795e133a80175f82e052ec2ae64460769814db9149f4a8fc79f9174c46daf8636c5af82f3cec97b700ff092d544,12/27/2023 05:00:00 PM,2,DRIVER,,1648334,,CHEVROLET,MALIBU,IL,2012,NONE,PASSENGER,PERSONAL,W,PASSING/OVERTAKING,,,1,,,,,Y,,,,,,,,,,,,,FRONT-RIGHT-CORNER,,,,,,,,,,,,,,,,,,,,,,,,,,,,,,,,,
1730225,70e789744f1f84c2d46b42640d8b855d3604ab1482ad1f397f3e6e110f6c9b700c26946ba77b55e7b9c1ccd452e2d00d44e0059689eb3af0a677b5fa1645c6d7,12/26/2023 07:39:00 AM,1,DRIVER,,1647144,,MERCEDES-BENZ,CLA,CA,2019,NONE,PASSENGER,PERSONAL,S,CHANGING LANES,Y,,1,,CITY OF CHICAGO,POUND #6,,Y,Y,,,,,,,,Y,Y,Y,,FRONT-RIGHT-CORNER,,,,,,,,,,,,,,,,,,,,,,,,,,,,,,,,,
1730226,70e789744f1f84c2d46b42640d8b855d3604ab1482ad1f397f3e6e110f6c9b700c26946ba77b55e7b9c1ccd452e2d00d44e0059689eb3af0a677b5fa1645c6d7,12/26/2023 07:39:00 AM,2,PARKED,,1647145,,BUICK,OTHER (EXPLAIN IN NARRATIVE),IL,2019,NONE,PASSENGER,PERSONAL,S,PARKED,,,0,,,,,,,,,,Y,Y,Y,,,,,,REAR-LEFT-CORNER,,,,,,,,,,,,,,,,,,,,,,,,,,,,,,,,,
1730227,70e789744f1f84c2d46b42640d8b855d3604ab1482ad1f397f3e6e110f6c9b700c26946ba77b55e7b9c1ccd452e2d00d44e0059689eb3af0a677b5fa1645c6d7,12/26/2023 07:39:00 AM,3,PARKED,,1647146,,TOYOTA,OTHER (EXPLAIN IN NARRATIVE),IL,1999,NONE,PASSENGER,PERSONAL,S,PARKED,,,0,,,,,,,,,,,,Y,Y,,Y,Y,,REAR-LEFT-CORNER,,,,,,,,,,,,,,,,,,,,,,,,,,,,,,,,,
1730230,70e789744f1f84c2d46b42640d8b855d3604ab1482ad1f397f3e6e110f6c9b700c26946ba77b55e7b9c1ccd452e2d00d44e0059689eb3af0a677b5fa1645c6d7,12/26/2023 07:39:00 AM,4,PARKED,,1647150,,DODGE,RAM 1500 PU,IL,2017,NONE,VAN/MINI-VAN,OTHER,S,PARKED,,,0,,,,,,,,,Y,Y,Y,,,,,,,REAR,,,,,,,,,,,,,,,,,,,,,,,,,,,,,,,,,
1730252,029435f96eb811372af41a592b9d3f5810c580c0ac9c7223f6ffd33d6dcf934abcd79c2d888a0e0a199f1fc5fbb7003c6d4323b7a55d1f3fc347cc6da7abd293,12/26/2023 01:00:00 AM,1,DRIVER,,1647169,,FORD,ESCAPE,IL,2020,UNKNOWN,SPORT UTILITY VEHICLE (SUV),PERSONAL,N,STRAIGHT AHEAD,Y,,1,,PRIVATE,UNKNOWN,,Y,Y,,Y,Y,,,,,,,,,SIDE-RIGHT,,,,,,,,,,,,,,,,,,,,,,,,,,,,,,,,,
1730253,029435f96eb811372af41a592b9d3f5810c580c0ac9c7223f6ffd33d6dcf934abcd79c2d888a0e0a199f1fc5fbb7003c6d4323b7a55d1f3fc347cc6da7abd293,12/26/2023 01:00:00 AM,2,DRIVERLESS,,1647176,,JEEP,JEEP,IL,2018,UNKNOWN,SPORT UTILITY VEHICLE (SUV),NOT IN USE,N,PARKED,,,0,,,,,,,,,,,,,,Y,Y,,,FRONT-LEFT-CORNER,,,,,,,,,,,,,,,,,,,,,,,,,,,,,,,,,
1729105,91434833e88a20aef1a0113ed3b8c1f9f005a1b18129bf6ae2672ae992cf58cb220e8f4d51e99a9bcbaba124efc150b5c68c8cb700a06c69dcb75e69223e698c,12/23/2023 12:54:00 PM,1,DRIVER,,1646059,,TOYOTA,COROLLA,IL,2022,NONE,PASSENGER,PERSONAL,W,MERGING,,,1,,,,,,,,,,,,,Y,Y,Y,,,FRONT-LEFT-CORNER,,,,,,,,,,,,,,,,,,,,,,,,,,,,,,,,,
1729106,91434833e88a20aef1a0113ed3b8c1f9f005a1b18129bf6ae2672ae992cf58cb220e8f4d51e99a9bcbaba124efc150b5c68c8cb700a06c69dcb75e69223e698c,12/23/2023 12:54:00 PM,2,DRIVER,,1646066,,TOYOTA,RAV4,,2010,UNKNOWN,PASSENGER,UNKNOWN/NA,W,STRAIGHT AHEAD,,,1,,,,,Y,Y,Y,,,,,,,,,,,SIDE-RIGHT,,,,,,,,,,,,,,,,,,,,,,,,,,,,,,,,,
1727980,5b2603039533cff086c655f15a6ce0c37d2e15607a0664c77322fb4b7001ff270c97ca9c85ef61c0a14345ccff88785046a930e571dec44c205212474b715445,12/22/2023 02:05:00 PM,1,DRIVER,,1644977,,JEEP,LIBERTY,IL,2005,NONE,PASSENGER,PERSONAL,S,STRAIGHT AHEAD,,,1,,,,,,,,,,,,,,,Y,Y,,FRONT-LEFT-CORNER,,,,,,,,,,,,,,,,,,,,,,,,,,,,,,,,,
1727981,5b2603039533cff086c655f15a6ce0c37d2e15607a0664c77322fb4b7001ff270c97ca9c85ef61c0a14345ccff88785046a930e571dec44c205212474b715445,12/22/2023 02:05:00 PM,2,DRIVER,,1644993,,HONDA,CIVIC,IL,2018,NONE,PASSENGER,PERSONAL,S,STRAIGHT AHEAD,,,1,,,,,,,,,Y,Y,,,,,,,,REAR-RIGHT-CORNER,,,,,,,,,,,,,,,,,,,,,,,,,,,,,,,,,
1727022,4082d0861f17bcddd51a3afedfb07bc2178dd8da7959477c58dc5ccf94a2b06c78aef7c755b18886d39339320f9284c304db70087761b7a67117745119ee25f4,12/20/2023 07:41:00 PM,1,DRIVER,,1644069,,TOYOTA,CAMRY,IL,2014,UNKNOWN,PASSENGER,TAXI/FOR HIRE,SE,TURNING LEFT,,,1,,,,,N,N,,,,,,,Y,Y,Y,Y,,SIDE-LEFT-FRONT,,,,,,,,,,,,,,,,,,,,,,,,,,,,,,,,,
1727023,4082d0861f17bcddd51a3afedfb07bc2178dd8da7959477c58dc5ccf94a2b06c78aef7c755b18886d39339320f9284c304db70087761b7a67117745119ee25f4,12/20/2023 07:41:00 PM,2,DRIVER,,1644075,,FORD,EDGE,IL,2016,NONE,SPORT UTILITY VEHICLE (SUV),PERSONAL,E,TURNING LEFT,,,1,,,,,Y,Y,Y,Y,,,,,,,,,,SIDE-LEFT-FRONT,,,,,,,,,,,,,,,,,,,,,,,,,,,,,,,,,
1725040,537d0c8f9d7a088120459828ccf92dad9b5102c5d2b73d63ce9b2bff44ce79266959fb5e559d144b2c0b67d201423bed5a43347b566b700bde1e8dc464e6ba32,12/17/2023 05:15:00 PM,1,DRIVER,,1642133,,UNKNOWN,OTHER (EXPLAIN IN NARRATIVE),,,UNKNOWN,UNKNOWN/NA,UNKNOWN/NA,UNKNOWN,UNKNOWN/NA,,,1,,,,,,,,,,,,,,,,,Y,UNKNOWN,,,,,,,,,,,,,,,,,,,,,,,,,,,,,,,,,
1725041,537d0c8f9d7a088120459828ccf92dad9b5102c5d2b73d63ce9b2bff44ce79266959fb5e559d144b2c0b67d201423bed5a43347b566b700bde1e8dc464e6ba32,12/17/2023 05:15:00 PM,2,PARKED,,1642137,,TESLA,MODEL 3,IL,2019,NONE,PASSENGER,NOT IN USE,N,PARKED,,,0,,,,,,,,,,,Y,Y,N,,,,,SIDE-LEFT-REAR,,,,,,,,,,,,,,,,,,,,,,,,,,,,,,,,,
1723141,46e71344df66c605e3cef4d5c7375545946c4857c0504c9de2bee60cf4d18465ca589328e3ea48d4abbfbf6398599dcb878d0a57a882905d37b70005df13f064,12/15/2023 09:07:00 AM,1,DRIVER,,1640330,,FORD,EXPLORER,IL,2015,NONE,SPORT UTILITY VEHICLE (SUV),PERSONAL,N,STARTING IN TRAFFIC,,,1,,,,,,,,,,,,,,,Y,N,,FRONT-LEFT-CORNER,,,,,,,,,,,,,,,,,,,,,,,,,,,,,,,,,
1723142,46e71344df66c605e3cef4d5c7375545946c4857c0504c9de2bee60cf4d18465ca589328e3ea48d4abbfbf6398599dcb878d0a57a882905d37b70005df13f064,12/15/2023 09:07:00 AM,2,DRIVER,1,1640336,,FORD,EXPLORER,IL,2020,NONE,SPORT UTILITY VEHICLE (SUV),POLICE,NE,PASSING/OVERTAKING,,,2,,,,,,,,,Y,Y,,,,,,,,REAR-RIGHT-CORNER,,,,,,,,,,,,,,,,,,,,,,,,,,,,,,,,,
1721157,330b2b0aa82fb0803ebff000324f7e662b090f355d4ce13705c61e3d0e89d1785a0f919736d1853ffe755c8224dbab56c97c4429ffece26b70007c5985036897,12/12/2023 08:15:00 AM,1,DRIVER,,1638407,,TOYOTA,OTHER (EXPLAIN IN NARRATIVE),IL,2007,UNKNOWN,SPORT UTILITY VEHICLE (SUV),UNKNOWN/NA,W,UNKNOWN/NA,,,1,,,,,,,,,,,,,,,,,Y,FRONT,,,,,,,,,,,,,,,,,,,,,,,,,,,,,,,,,
1721158,330b2b0aa82fb0803ebff000324f7e662b090f355d4ce13705c61e3d0e89d1785a0f919736d1853ffe755c8224dbab56c97c4429ffece26b70007c5985036897,12/12/2023 08:15:00 AM,2,DRIVER,,1638411,,HONDA,CR-V,IL,2007,NONE,SPORT UTILITY VEHICLE (SUV),PERSONAL,W,STRAIGHT AHEAD,,,1,,,,,,,,,,Y,,,,,,,,REAR,,,,,,,,,,,,,,,,,,,,,,,,,,,,,,,,,
1719346,24115c6d3593c99fc34461e6c84717edfdbfb7001505b98ed2c2380238787ba8ff2fb6cce107ba2f36e9272deb4715c98750cc10f64d3423235c3bb4340abb79,12/09/2023 09:45:00 AM,1,DRIVER,1,1636652,,FORD,TRANSIT,IL,2016,NONE,VAN/MINI-VAN,OTHER,N,TURNING RIGHT,,,2,,,,,Y,,,,,,,,,,Y,Y,,FRONT,,,,,,,,,,,,,,,,,,,,,,,,,,,,,,,,,
1719347,24115c6d3593c99fc34461e6c84717edfdbfb7001505b98ed2c2380238787ba8ff2fb6cce107ba2f36e9272deb4715c98750cc10f64d3423235c3bb4340abb79,12/09/2023 09:45:00 AM,2,DRIVER,,1636658,,CHEVROLET,EQUINOX,IL,2011,NONE,VAN/MINI-VAN,PERSONAL,E,STRAIGHT AHEAD,Y,,1,,OWNER,UNK,,,Y,Y,Y,,,,,,,,,,SIDE-RIGHT,,,,,,,,,,,,,,,,,,,,,,,,,,,,,,,,,
1718817,a6618d30663d8ddf6127a1be48438a212fa528909346e72cbcfccd7c8823d632fe90e92313cb700960a236cabff08ac6b8e9669ca10dca1478f9cb32bd194f13,12/08/2023 04:18:00 PM,1,DRIVER,,1636144,,UNKNOWN,OTHER (EXPLAIN IN NARRATIVE),XX,,UNKNOWN,UNKNOWN/NA,UNKNOWN/NA,UNKNOWN,UNKNOWN/NA,,,1,,,,,,,,,,,,,,,,,Y,UNKNOWN,,,,,,,,,,,,,,,,,,,,,,,,,,,,,,,,,