CRASH_UNIT_ID,CRASH_RECORD_ID,CRASH_DATE,UNIT_NO,UNIT_TYPE,NUM_PASSENGERS,VEHICLE_ID,CMRC_VEH_I,MAKE,MODEL,LIC_PLATE_STATE,VEHICLE_YEAR,VEHICLE_DEFECT,VEHICLE_TYPE,VEHICLE_USE,TRAVEL_DIRECTION,MANEUVER,TOWED_I,FIRE_I,OCCUPANT_CNT,EXCEED_SPEED_LIMIT_I,TOWED_BY,TOWED_TO,AREA_00_I,AREA_01_I,AREA_02_I,AREA_03_I,AREA_04_I,AREA_05_I,AREA_06_I,AREA_07_I,AREA_08_I,AREA_09_I,AREA_10_I,AREA_11_I,AREA_12_I,AREA_99_I,FIRST_CONTACT_POINT,CMV_ID,USDOT_NO,CCMC_NO,ILCC_NO,COMMERCIAL_SRC,GVWR,CARRIER_NAME,CARRIER_STATE,CARRIER_CITY,HAZMAT_PLACARDS_I,HAZMAT_NAME,UN_NO,HAZMAT_PRESENT_I,HAZMAT_REPORT_I,HAZMAT_REPORT_NO,MCS_REPORT_I,MCS_REPORT_NO,HAZMAT_VIO_CAUSE_CRASH_I,MCS_VIO_CAUSE_CRASH_I,IDOT_PERMIT_NO,WIDE_LOAD_I,TRAILER1_WIDTH,TRAILER2_WIDTH,TRAILER1_LENGTH,TRAILER2_LENGTH,TOTAL_VEHICLE_LENGTH,AXLE_CNT,VEHICLE_CONFIG,CARGO_BODY_TYPE,LOAD_TYPE,HAZMAT_OUT_OF_SERVICE_I,MCS_OUT_OF_SERVICE_I,HAZMAT_CLASS
1718818,a6618d30663d8ddf6127a1be48438a212fa528909346e72cbcfccd7c8823d632fe90e92313cb700960a236cabff08ac6b8e9669ca10dca1478f9cb32bd194f13,12/08/2023 04:18:00 PM,2,PARKED,,1636151,,ACURA,ZDX,IL,2016,NONE,PASSENGER,PERSONAL,UNKNOWN,PARKED,,,0,,,,,,,,,,,Y,,,,,,,REAR-LEFT-CORNER,,,,,,,,,,,,,,,,,,,,,,,,,,,,,,,,,
1718826,552430daec3556e30cda0feea0e4b7c2a5e81226e5afd10b9e8ef5e8b5ee5b66429498f56514ce81b700783b0d65bde809136f0ee9cd381e800fcb45f3f9738e,12/08/2023 04:15:00 PM,1,DRIVER,1,1636153,,FORD,ESCAPE,IL,2022,NONE,SPORT UTILITY VEHICLE (SUV),PERSONAL,NE,TURNING RIGHT,,,2,,,,,,,,,,,,,,,,Y,,FRONT,,,,,,,,,,,,,,,,,,,,,,,,,,,,,,,,,
1718827,552430daec3556e30cda0feea0e4b7c2a5e81226e5afd10b9e8ef5e8b5ee5b66429498f56514ce81b700783b0d65bde809136f0ee9cd381e800fcb45f3f9738e,12/08/2023 04:15:00 PM,2,DRIVER,,1636161,,FORD,CLUB WAGON E150,IL,2021,NONE,TRUCK - SINGLE UNIT,NOT IN USE,S,STRAIGHT AHEAD,,,1,,,,,,,Y,,,,,,,,,,,SIDE-RIGHT,,,,,,,,,,,,,,,,,,,,,,,,,,,,,,,,,
1718673,43a2e850c9ec65a8306ba7a45efbccb700e51c5f34a3498cb8b7e2c61bf18608f5c1a338244d50d1d8caa6f616213973e39ba2ae8c73ae0bb1fa39bacfa78666,12/07/2023 05:30:00 PM,1,DRIVER,,1636004,,TOYOTA,RAV4,,2011,NONE,SPORT UTILITY VEHICLE (SUV),PERSONAL,W,STRAIGHT AHEAD,,,1,,,,,Y,,,,,,,,,,,,,FRONT-RIGHT-CORNER,,,,,,,,,,,,,,,,,,,,,,,,,,,,,,,,,
1718674,43a2e850c9ec65a8306ba7a45efbccb700e51c5f34a3498cb8b7e2c61bf18608f5c1a338244d50d1d8caa6f616213973e39ba2ae8c73ae0bb1fa39bacfa78666,12/07/2023 05:30:00 PM,2,DRIVER,,1636014,,TOYOTA,RAV4,NV,2014,NONE,SPORT UTILITY VEHICLE (SUV),PERSONAL,N,STRAIGHT AHEAD,,,1,,,,,,,,,Y,,,,,,,,,SIDE-RIGHT-REAR,,,,,,,,,,,,,,,,,,,,,,,,,,,,,,,,,
1719565,d00119b2670664bfa94c74656ae9350ec652d440f521bb8124584f167902d9964818d2c0425733d8f7fe24cbb5f4cc1264f9a0cb700503de5772fae2088d3805,12/07/2023 03:40:00 PM,1,DRIVER,,1636866,,TOYOTA,RAV4,IL,2020,NONE,SPORT UTILITY VEHICLE (SUV),PERSONAL,W,LEAVING TRAFFIC LANE TO PARK,,,1,,,,,,,,,,,,,,,Y,Y,,FRONT-LEFT-CORNER,,,,,,,,,,,,,,,,,,,,,,,,,,,,,,,,,
1719566,d00119b2670664bfa94c74656ae9350ec652d440f521bb8124584f167902d9964818d2c0425733d8f7fe24cbb5f4cc1264f9a0cb700503de5772fae2088d3805,12/07/2023 03:40:00 PM,2,DRIVER,,1636870,,TOYOTA,4RUNNER,IL,2006,NONE,SPORT UTILITY VEHICLE (SUV),PERSONAL,W,SLOW/STOP IN TRAFFIC,,,1,,,,,,,Y,Y,Y,Y,,,,,,,,REAR-RIGHT-CORNER,,,,,,,,,,,,,,,,,,,,,,,,,,,,,,,,,
1724800,d5840fadc33c5f1c6420574b9f0e9f21214a4a72209d5a2d5d8735756b44b06eda45bad12e9faa70cda9aacb32b41102dedbb7009e4082bfc73c92f6a467c48e,12/07/2023 07:20:00 AM,1,DRIVER,,1641906,,NISSAN,ROGUE,IL,2020,NONE,PASSENGER,PERSONAL,N,PASSING/OVERTAKING,,,1,,,,,,,,,,,,,,,,,,SIDE-RIGHT,,,,,,,,,,,,,,,,,,,,,,,,,,,,,,,,,
1724801,d5840fadc33c5f1c6420574b9f0e9f21214a4a72209d5a2d5d8735756b44b06eda45bad12e9faa70cda9aacb32b41102dedbb7009e4082bfc73c92f6a467c48e,12/07/2023 07:20:00 AM,2,DRIVER,1,1641907,,HONDA,PILOT,IL,2021,NONE,PASSENGER,PERSONAL,N,TURNING LEFT,,,2,,,,,,,,,,,,,,,Y,,,FRONT-LEFT-CORNER,,,,,,,,,,,,,,,,,,,,,,,,,,,,,,,,,
1717723,30d9d314e3fc1fa4d995b05b9ba27ec06cb7007152d1fc3b3ce7b1b87e948088e39df624d36f63d64c720f0df75eec6d289a28471b9c74bca9c78c77b5730359,12/06/2023 08:26:00 PM,1,DRIVER,,1635092,,UNKNOWN,ENCLOSED BODY,IL,,UNKNOWN,PASSENGER,PERSONAL,W,UNKNOWN/NA,,,1,,,,N,,,,,,,,,,,,,Y,UNKNOWN,,,,,,,,,,,,,,,,,,,,,,,,,,,,,,,,,
1717724,30d9d314e3fc1fa4d995b05b9ba27ec06cb7007152d1fc3b3ce7b1b87e948088e39df624d36f63d64c720f0df75eec6d289a28471b9c74bca9c78c77b5730359,12/06/2023 08:26:00 PM,2,DRIVER,,1635095,,TOYOTA,AVALON,IL,2001,NONE,PASSENGER,PERSONAL,W,STRAIGHT AHEAD,Y,,1,,private tow,private tow,,,,,,,,,,Y,Y,Y,Y,,FRONT-LEFT-CORNER,,,,,,,,,,,,,,,,,,,,,,,,,,,,,,,,,
1716373,4be65d7d5ed59832d5349ab83f2236ec874cb7007b52e070a594a0f80dcee1e353a9614518b3f6ff62d2525696a1a9e713d089f0d4344d002909a2df50aaff7c,12/05/2023 04:04:00 AM,1,DRIVER,,1633797,,NISSAN,OTHER (EXPLAIN IN NARRATIVE),IL,2012,WHEELS,PASSENGER,PERSONAL,S,STRAIGHT AHEAD,,,1,,,,,Y,,,,,,,,,,,Y,,SIDE-RIGHT-FRONT,,,,,,,,,,,,,,,,,,,,,,,,,,,,,,,,,
1723480,6e0b21a25390050ece64c32810d3d6fe8a1732295796ae33389c197efd12695cb7000769800c413494280a3ca388edbdbd014589c1cc4948ae247cc81cfd5d9f,12/04/2023 04:40:00 PM,1,DRIVER,4,1640642,,HONDA,ODYSSEY,IL,2001,UNKNOWN,VAN/MINI-VAN,UNKNOWN/NA,N,BACKING,,,5,,,,,,,,,Y,Y,Y,,,,,,,REAR,,,,,,,,,,,,,,,,,,,,,,,,,,,,,,,,,
1723481,6e0b21a25390050ece64c32810d3d6fe8a1732295796ae33389c197efd12695cb7000769800c413494280a3ca388edbdbd014589c1cc4948ae247cc81cfd5d9f,12/04/2023 04:40:00 PM,2,DRIVER,3,1640643,,LEXUS,RX330,IL,2006,NONE,PASSENGER,PERSONAL,S,STRAIGHT AHEAD,,,4,,,,,Y,,,,,,,,,,Y,Y,,FRONT,,,,,,,,,,,,,,,,,,,,,,,,,,,,,,,,,
1715615,2bba822f68147b70081a7447b5a716a3eb71164f37d60b1037c2e2e96135f0123b7336d4c8fdf7f1646845f0359e93afecdad7e467ba59926bfa7f886c4cc875,12/03/2023 06:20:00 PM,2,DRIVER,1,1633059,,NISSAN,ALTIMA,IL,2018,UNKNOWN,PASSENGER,PERSONAL,N,UNKNOWN/NA,,,2,,,,,,,,,,,,,,,Y,Y,,FRONT-LEFT-CORNER,,,,,,,,,,,,,,,,,,,,,,,,,,,,,,,,,
1715616,2bba822f68147b70081a7447b5a716a3eb71164f37d60b1037c2e2e96135f0123b7336d4c8fdf7f1646845f0359e93afecdad7e467ba59926bfa7f886c4cc875,12/03/2023 06:20:00 PM,1,DRIVER,,1633064,,TOYOTA,COROLLA,IL,2009,UNKNOWN,PASSENGER,PERSONAL,N,UNKNOWN/NA,,,1,,,,,,,,,Y,Y,Y,,,,,,,REAR,,,,,,,,,,,,,,,,,,,,,,,,,,,,,,,,,
1715569,e06bfbbffaee454e307b002768adb99851b66a9e244f55392f2c3b5b75ded1d8502bab964fa0f0f8197f8dd439439a6e4b700d281c64845f281e0d5601a5345e,12/03/2023 12:00:00 AM,1,DRIVER,,1633015,,UNKNOWN,MOTORIZED,,,UNKNOWN,UNKNOWN/NA,UNKNOWN/NA,N,UNKNOWN/NA,,,1,,,,,,,,,,,,,,,,,Y,FRONT,,,,,,,,,,,,,,,,,,,,,,,,,,,,,,,,,
1715570,e06bfbbffaee454e307b002768adb99851b66a9e244f55392f2c3b5b75ded1d8502bab964fa0f0f8197f8dd439439a6e4b700d281c64845f281e0d5601a5345e,12/03/2023 12:00:00 AM,2,PARKED,,1633017,,NISSAN,ROGUE,IL,2018,NONE,SPORT UTILITY VEHICLE (SUV),PERSONAL,N,PARKED,,,0,,,,,,,,,Y,,N,,,,,,,REAR-RIGHT-CORNER,,,,,,,,,,,,,,,,,,,,,,,,,,,,,,,,,
1715320,25d7c6f36e9d72b75bbf3a7c534b7003b2aa0a4aba7e8d7fdd9d435a9c0e674758a88bc0f995b2decd3764834d81cd1d61276d1e95224b4df080febd5a8341a8,12/02/2023 05:00:00 AM,1,DRIVER,,1632806,,UNKNOWN,MOTORIZED,,,UNKNOWN,UNKNOWN/NA,UNKNOWN/NA,UNKNOWN,UNKNOWN/NA,,,1,,,,,,,,,,,,,,,,,Y,UNKNOWN,,,,,,,,,,,,,,,,,,,,,,,,,,,,,,,,,
1715321,25d7c6f36e9d72b75bbf3a7c534b7003b2aa0a4aba7e8d7fdd9d435a9c0e674758a88bc0f995b2decd3764834d81cd1d61276d1e95224b4df080febd5a8341a8,12/02/2023 05:00:00 AM,2,PARKED,,1632808,,HYUNDAI,GENESIS,IL,2013,NONE,PASSENGER,NOT IN USE,UNKNOWN,PARKED,,,0,,,,,,,,,,,,,,,Y,,,FRONT-LEFT-CORNER,,,,,,,,,,,,,,,,,,,,,,,,,,,,,,,,,
1713686,16279e0691c58bc50adc9257a66e59a2a03919da3e1e6dcdf10c1f65baefeb9cf5b68bc1794cb9b700f4306586b6a131abf911d348088fe02538daaa98fdfb82,12/01/2023 08:30:00 AM,1,DRIVER,,1631243,,HONDA,CR-V,IN,2011,NONE,SPORT UTILITY VEHICLE (SUV),PERSONAL,W,BACKING,,,1,,,,,,,,,Y,,,,,,,,,REAR-RIGHT-CORNER,,,,,,,,,,,,,,,,,,,,,,,,,,,,,,,,,
1713687,16279e0691c58bc50adc9257a66e59a2a03919da3e1e6dcdf10c1f65baefeb9cf5b68bc1794cb9b700f4306586b6a131abf911d348088fe02538daaa98fdfb82,12/01/2023 08:30:00 AM,2,DRIVER,,1631258,,HONDA,CR-V,IL,2022,NONE,SPORT UTILITY VEHICLE (SUV),PERSONAL,W,STRAIGHT AHEAD,,,1,,,,,,,,,,,,,,,Y,,,FRONT-LEFT-CORNER,,,,,,,,,,,,,,,,,,,,,,,,,,,,,,,,,
1713389,8c3d42650b5310eb8307fb6aa58e495f7a328c3289face2efc166c8d036188d6e8f7b58c3a2741715ecdd57481c71e9b700b235c148780e02a4071ec9e9e5899,11/30/2023 05:14:00 PM,1,DRIVER,,1630961,,TOYOTA,PRIUS,IL,2023,UNKNOWN,PASSENGER,PERSONAL,N,ENTERING TRAFFIC LANE FROM PARKING,,,1,,,,,,,,,,,,,,,Y,,,FRONT-LEFT-CORNER,,,,,,,,,,,,,,,,,,,,,,,,,,,,,,,,,
1713390,8c3d42650b5310eb8307fb6aa58e495f7a328c3289face2efc166c8d036188d6e8f7b58c3a2741715ecdd57481c71e9b700b235c148780e02a4071ec9e9e5899,11/30/2023 05:14:00 PM,2,DRIVER,,1630965,,MAZDA,MAZDA6,IL,2003,UNKNOWN,PASSENGER,PERSONAL,N,STRAIGHT AHEAD,N,,1,,,,Y,,,,,,,,,,,,,,FRONT-RIGHT-CORNER,,,,,,,,,,,,,,,,,,,,,,,,,,,,,,,,,
1712127,770ef57e7d131b3e31bec25bb700ffac1036be27452d53499a3353cd3d2248bef2ed15578b8adde2b563ce22b7a2927c39aa9aeb78d8759a52b2bebb495fb78f,11/28/2023 05:15:00 PM,1,DRIVER,,1629756,,UNKNOWN,OTHER (EXPLAIN IN NARRATIVE),IL,,UNKNOWN,PICKUP,UNKNOWN/NA,W,U-TURN,,,1,,,,,,,,,,,,,,,,,Y,UNKNOWN,,,,,,,,,,,,,,,,,,,,,,,,,,,,,,,,,
1712128,770ef57e7d131b3e31bec25bb700ffac1036be27452d53499a3353cd3d2248bef2ed15578b8adde2b563ce22b7a2927c39aa9aeb78d8759a52b2bebb495fb78f,11/28/2023 05:15:00 PM,2,DRIVER,,1629757,,CHRYSLER,CARAVAN,,,NONE,OTHER,STATE OWNED,W,STRAIGHT AHEAD,,,1,,,,,,,,,Y,,,,,,,,,REAR-RIGHT-CORNER,,,,,,,,,,,,,,,,,,,,,,,,,,,,,,,,,
1710744,cbbbb98d92a2b226b8079ef26bf5f80c53f3c157e1b19e870e7763416ebe1829cd090420df8b62124be7a29b700acfae50508c075e200be7a63403f3c4ce617e,11/25/2023 08:10:00 PM,1,DRIVER,,1628395,,TOYOTA,PRIUS,IL,2016,NONE,PASSENGER,PERSONAL,S,PASSING/OVERTAKING,,,1,,,,,Y,Y,Y,Y,Y,,N,N,N,N,N,,,SIDE-LEFT,,,,,,,,,,,,,,,,,,,,,,,,,,,,,,,,,
1710745,cbbbb98d92a2b226b8079ef26bf5f80c53f3c157e1b19e870e7763416ebe1829cd090420df8b62124be7a29b700acfae50508c075e200be7a63403f3c4ce617e,11/25/2023 08:10:00 PM,2,DRIVER,1,1628396,,JEEP,CHEROKEE,IL,2019,NONE,SPORT UTILITY VEHICLE (SUV),PERSONAL,S,STRAIGHT AHEAD,,,2,,,,,,,,,,,Y,Y,Y,,,,,SIDE-LEFT,,,,,,,,,,,,,,,,,,,,,,,,,,,,,,,,,
1709786,92578c2b8bf9673d4122abf3091953fa707f357fb6f02491593cafd63d4a43add484e26c2171d09f736340fca7ff64420b70093668346f7ebe58711be523d646,11/24/2023 08:15:00 PM,1,DRIVER,3,1627472,,HONDA,ACCORD,IL,2020,UNKNOWN,PASSENGER,PERSONAL,N,STRAIGHT AHEAD,,,4,,,,,,,,Y,Y,,,,,,,,,SIDE-RIGHT,,,,,,,,,,,,,,,,,,,,,,,,,,,,,,,,,
1709787,92578c2b8bf9673d4122abf3091953fa707f357fb6f02491593cafd63d4a43add484e26c2171d09f736340fca7ff64420b70093668346f7ebe58711be523d646,11/24/2023 08:15:00 PM,2,DRIVER,,1627475,Y,FORD,OTHER (EXPLAIN IN NARRATIVE),IL,,UNKNOWN,TRACTOR W/ SEMI-TRAILER,STATE OWNED,N,STRAIGHT AHEAD,,,1,,,,,,,,,,,,,,,Y,,,FRONT-LEFT-CORNER,18274,,,,DRIVER,,USPS,IL,CHICAGO,,,,N,N,,U,,N,U,,,,,,,,,TRACTOR/SEMI-TRAILER,VAN/ENCLOSED BOX,OTHER,N,N,
1706257,3f1ca1b9193993382bf073437187f27fa6adcb3c5ea6f19c00ab70040dcd7541a2c8533e21c260f7a4a87cca965839a10a7f1ab8f3894e1985a8abe8a9219526,11/17/2023 07:30:00 PM,1,DRIVER,,1624089,,UNKNOWN,OTHER (EXPLAIN IN NARRATIVE),XX,,UNKNOWN,UNKNOWN/NA,UNKNOWN/NA,UNKNOWN,UNKNOWN/NA,,,1,,,,,,,,,,,,,,,,,,UNKNOWN,,,,,,,,,,,,,,,,,,,,,,,,,,,,,,,,,
1706258,3f1ca1b9193993382bf073437187f27fa6adcb3c5ea6f19c00ab70040dcd7541a2c8533e21c260f7a4a87cca965839a10a7f1ab8f3894e1985a8abe8a9219526,11/17/2023 07:30:00 PM,2,PARKED,,1624101,N,JEEP,WAGONEER,KS,2023,UNKNOWN,SPORT UTILITY VEHICLE (SUV),UNKNOWN/NA,UNKNOWN,PARKED,,,0,,,,,,,,,Y,Y,,,,,,,,REAR-RIGHT-CORNER,,,,,,,,,,,,,,,,,,,,,,,,,,,,,,,,,
1704514,b522dfff45d950e7aa0cf9b7003132ba85f739905985a6eec17ca8d9761c9fb4419c4151ce8e61d1dc9b7c12eb5f6b80b999dfa2a75a27c6a0d050f8a8f34924,11/16/2023 10:12:00 AM,1,DRIVER,,1622414,,MERCEDES-BENZ,OTHER (EXPLAIN IN NARRATIVE),IL,2017,UNKNOWN,VAN/MINI-VAN,OTHER,W,STRAIGHT AHEAD,,,1,,,,,,,,,,,,,,,,Y,,FRONT,,,,,,,,,,,,,,,,,,,,,,,,,,,,,,,,,
1704515,b522dfff45d950e7aa0cf9b7003132ba85f739905985a6eec17ca8d9761c9fb4419c4151ce8e61d1dc9b7c12eb5f6b80b999dfa2a75a27c6a0d050f8a8f34924,11/16/2023 10:12:00 AM,2,DRIVER,,1622427,,TESLA,MODEL Y,IL,2023,UNKNOWN,PASSENGER,PERSONAL,W,STRAIGHT AHEAD,,,1,,,,,,,,,,Y,,,,,,,,REAR,,,,,,,,,,,,,,,,,,,,,,,,,,,,,,,,,
1703793,d80e712e18aad5c8a7746af6a3c8f45bcc76cdc3147805520a4aa90b74d9846136a3fd3a2e8f218c75c70986be039b600ee7fb0bed5bc070eb700280532ed74b,11/15/2023 02:00:00 AM,1,DRIVER,,1621703,,UNKNOWN,OTHER (EXPLAIN IN NARRATIVE),,,UNKNOWN,UNKNOWN/NA,UNKNOWN/NA,E,STRAIGHT AHEAD,,,1,,,,,,,,,,,,,,,,Y,,FRONT,,,,,,,,,,,,,,,,,,,,,,,,,,,,,,,,,
1703794,d80e712e18aad5c8a7746af6a3c8f45bcc76cdc3147805520a4aa90b74d9846136a3fd3a2e8f218c75c70986be039b600ee7fb0bed5bc070eb700280532ed74b,11/15/2023 02:00:00 AM,2,PARKED,,1621706,,CHEVROLET,OTHER (EXPLAIN IN NARRATIVE),IL,2008,NONE,PASSENGER,PERSONAL,E,PARKED IN TRAFFIC LANE,,,0,,,,,,,,,,Y,,,,,,Y,,REAR,,,,,,,,,,,,,,,,,,,,,,,,,,,,,,,,,
1702399,bff3862a082227d56537b8a2b700a8491361fa2e9d46a2a4e3035061bc95a6e1ae91a90b0c46997214903ce18f4c876d671d889395d2d533a58571cbdb0d51a2,11/13/2023 09:50:00 AM,1,DRIVER,,1620370,,AUDI,A6,IL,2014,NONE,PASSENGER,PERSONAL,W,OTHER,,,1,,,,,,,,,,,,,,,Y,,,FRONT-LEFT-CORNER,,,,,,,,,,,,,,,,,,,,,,,,,,,,,,,,,
1702400,bff3862a082227d56537b8a2b700a8491361fa2e9d46a2a4e3035061bc95a6e1ae91a90b0c46997214903ce18f4c876d671d889395d2d533a58571cbdb0d51a2,11/13/2023 09:50:00 AM,2,DRIVER,,1620382,,MITSUBISHI,LANCER,IL,2008,UNKNOWN,PASSENGER,PERSONAL,W,STRAIGHT AHEAD,,,1,,,,,,Y,Y,Y,,,,,,,,,,SIDE-RIGHT,,,,,,,,,,,,,,,,,,,,,,,,,,,,,,,,,
1701932,4ac87b58ff748202df34571fc97c4a6aca581b6270c8d8c1ba26bb700e6895bbfa163eb973c6e3921f985d9fe3e0db115c474b5b1b99d17e883cecb3efa4b5ff,11/12/2023 12:50:00 PM,1,DRIVER,,1619921,,MERCEDES-BENZ,250 SERIES,WI,2017,UNKNOWN,PASSENGER,PERSONAL,N,UNKNOWN/NA,,,1,,,,,,,,,,,,,,,Y,Y,,FRONT-LEFT-CORNER,,,,,,,,,,,,,,,,,,,,,,,,,,,,,,,,,
1701933,4ac87b58ff748202df34571fc97c4a6aca581b6270c8d8c1ba26bb700e6895bbfa163eb973c6e3921f985d9fe3e0db115c474b5b1b99d17e883cecb3efa4b5ff,11/12/2023 12:50:00 PM,2,DRIVER,,1619932,,TOYOTA,CAMRY,IL,2014,UNKNOWN,PASSENGER,PERSONAL,E,STRAIGHT AHEAD,,,1,,,,,Y,Y,Y,,,,,,,,,,,SIDE-LEFT-FRONT,,,,,,,,,,,,,,,,,,,,,,,,,,,,,,,,,
1702005,c119b006bb87edc30fc0a08bdf40746be920c19062fbd39d1ca4b700726f73331ad009c29ef1ac12a541e837d65318ed20de727809e82793cd44d97ceff4e727,11/11/2023 05:33:00 PM,1,DRIVER,1,1619981,,JEEP,CHEROKEE,IL,2019,UNKNOWN,PASSENGER,PERSONAL,N,STRAIGHT AHEAD,,,2,,,,,Y,,,,,,,,,,Y,Y,,FRONT,,,,,,,,,,,,,,,,,,,,,,,,,,,,,,,,,
1702006,c119b006bb87edc30fc0a08bdf40746be920c19062fbd39d1ca4b700726f73331ad009c29ef1ac12a541e837d65318ed20de727809e82793cd44d97ceff4e727,11/11/2023 05:33:00 PM,2,DRIVER,3,1619982,,BUICK,ENCORE,IL,2019,NONE,PASSENGER,PERSONAL,N,SLOW/STOP IN TRAFFIC,,,4,,,,,Y,,,,Y,Y,Y,,,,Y,Y,,REAR,,,,,,,,,,,,,,,,,,,,,,,,,,,,,,,,,
1702007,c119b006bb87edc30fc0a08bdf40746be920c19062fbd39d1ca4b700726f73331ad009c29ef1ac12a541e837d65318ed20de727809e82793cd44d97ceff4e727,11/11/2023 05:33:00 PM,3,DRIVER,1,1619983,,CHEVROLET,IMPALA,IL,2017,NONE,PASSENGER,PERSONAL,N,SLOW/STOP IN TRAFFIC,,,2,,,,,,,,,Y,Y,Y,,,,,,,REAR,,,,,,,,,,,,,,,,,,,,,,,,,,,,,,,,,
1700084,00eb5b6eb43ad17e1308a04af3817c86a923b6f1eddee2ffec9d550a4b4929225051cd1b700b59d6578b5a29550ddf1401030fd6f177f6767476a57cc69c8f66,11/09/2023 02:25:00 PM,1,DRIVER,,1618174,,TOYOTA,PRIUS,IL,2005,UNKNOWN,PASSENGER,PERSONAL,S,STRAIGHT AHEAD,,,1,,,,,Y,Y,Y,,,,,,,,,,,SIDE-RIGHT,,,,,,,,,,,,,,,,,,,,,,,,,,,,,,,,,
1700085,00eb5b6eb43ad17e1308a04af3817c86a923b6f1eddee2ffec9d550a4b4929225051cd1b700b59d6578b5a29550ddf1401030fd6f177f6767476a57cc69c8f66,11/09/2023 02:25:00 PM,2,DRIVER,1,1618180,,BMW,OTHER (EXPLAIN IN NARRATIVE),IL,2014,UNKNOWN,SPORT UTILITY VEHICLE (SUV),PERSONAL,E,STRAIGHT AHEAD,,,2,,,,,,,,,,,,,,,,,,TOTAL (ALL AREAS),,,,,,,,,,,,,,,,,,,,,,,,,,,,,,,,,
1699586,42f89db6d75e3c548cd7ba39f1d2e818e7be27caefe0a500b7e98da965999dd08e99bff410937369d6892b70014d8671a1270c2009297ef97376ad54b7af3054,11/09/2023 04:55:00 AM,1,DRIVER,,1617704,,UNKNOWN,OTHER (EXPLAIN IN NARRATIVE),IL,,UNKNOWN,SPORT UTILITY VEHICLE (SUV),UNKNOWN/NA,E,STRAIGHT AHEAD,,,1,,,,,,,,,,,,,,N,,,,SIDE-RIGHT,,,,,,,,,,,,,,,,,,,,,,,,,,,,,,,,,
1699587,42f89db6d75e3c548cd7ba39f1d2e818e7be27caefe0a500b7e98da965999dd08e99bff410937369d6892b70014d8671a1270c2009297ef97376ad54b7af3054,11/09/2023 04:55:00 AM,2,PARKED,1,1617706,,NISSAN,JUKE,IL,2012,NONE,SPORT UTILITY VEHICLE (SUV),NOT IN USE,E,PARKED,,,1,,,,,,,,,,,,,,Y,,,,SIDE-LEFT,,,,,,,,,,,,,,,,,,,,,,,,,,,,,,,,,
1698649,b35c22dfb700453671aac7c5e1725b5dcd2068f4a053d2559fcae8ff4f81debff26403415310ba063e5daa23184b8e9895587fe1e78c41edc3de227337810cbc,11/07/2023 02:16:00 PM,1,DRIVER,,1616809,Y,ISUZU,OTHER (EXPLAIN IN NARRATIVE),IL,2019,NONE,TRUCK - SINGLE UNIT,COMMERCIAL - SINGLE UNIT,W,STRAIGHT AHEAD,,,1,,,,,,,,,,,,,,Y,,,,SIDE-LEFT,18178,,,,DRIVER,,SHRED IT,IL,SCHILLER PARK,,,,N,N,,N,,N,N,,,,,,,,,"SINGLE UNIT TRUCK, 2 AXLES, 6 TIRES",OTHER,UNKNOWN,N,N,
1698650,b35c22dfb700453671aac7c5e1725b5dcd2068f4a053d2559fcae8ff4f81debff26403415310ba063e5daa23184b8e9895587fe1e78c41edc3de227337810cbc,11/07/2023 02:16:00 PM,2,DRIVER,,1616817,,CHEVROLET,OTHER (EXPLAIN IN NARRATIVE),IL,2018,NONE,PASSENGER,PERSONAL,E,STRAIGHT AHEAD,,,1,,,,,,,,,,,Y,,,,,,,SIDE-LEFT-REAR,,,,,,,,,,,,,,,,,,,,,,,,,,,,,,,,,
1697561,db7dbefc71f39b54928882958bdb7007d87ac3814f73060d7e219bff8305def4e06f64c3331cf8b215ff49a867bddc563170c34a81a95ae326a99275148fc9cb,11/05/2023 06:53:00 PM,1,DRIVER,,1615747,,JEEP,COMPASS,IL,,UNKNOWN,SPORT UTILITY VEHICLE (SUV),PERSONAL,N,STRAIGHT AHEAD,,,1,,,,,,,,,,,,,,,,Y,,FRONT,,,,,,,,,,,,,,,,,,,,,,,,,,,,,,,,,
1697562,db7dbefc71f39b54928882958bdb7007d87ac3814f73060d7e219bff8305def4e06f64c3331cf8b215ff49a867bddc563170c34a81a95ae326a99275148fc9cb,11/05/2023 06:53:00 PM,2,DRIVER,,1615752,,HONDA,CIVIC,IL,2010,NONE,PASSENGER,PERSONAL,N,STRAIGHT AHEAD,,,1,,,,,,,,,Y,Y,Y,,,,,,,REAR,,,,,,,,,,,,,,,,,,,,,,,,,,,,,,,,,
1696039,9bf1aa362e1942df11d168b700617ddbeb6661031b47e4b5763062a0a7c4e4738b03b8f1f4c59c5edcffe91274aaa0c5e65fcd7581d9947de6c7fa873e1b563c,11/03/2023 03:30:00 PM,1,DRIVER,,1614315,,UNKNOWN,MOTORIZED,,,UNKNOWN,PASSENGER,UNKNOWN/NA,NE,STRAIGHT AHEAD,,,1,,,,,,,,,,,,,,,,,Y,FRONT-LEFT-CORNER,,,,,,,,,,,,,,,,,,,,,,,,,,,,,,,,,