CRASH_UNIT_ID,CRASH_RECORD_ID,CRASH_DATE,UNIT_NO,UNIT_TYPE,NUM_PASSENGERS,VEHICLE_ID,CMRC_VEH_I,MAKE,MODEL,LIC_PLATE_STATE,VEHICLE_YEAR,VEHICLE_DEFECT,VEHICLE_TYPE,VEHICLE_USE,TRAVEL_DIRECTION,MANEUVER,TOWED_I,FIRE_I,OCCUPANT_CNT,EXCEED_SPEED_LIMIT_I,TOWED_BY,TOWED_TO,AREA_00_I,AREA_01_I,AREA_02_I,AREA_03_I,AREA_04_I,AREA_05_I,AREA_06_I,AREA_07_I,AREA_08_I,AREA_09_I,AREA_10_I,AREA_11_I,AREA_12_I,AREA_99_I,FIRST_CONTACT_POINT,CMV_ID,USDOT_NO,CCMC_NO,ILCC_NO,COMMERCIAL_SRC,GVWR,CARRIER_NAME,CARRIER_STATE,CARRIER_CITY,HAZMAT_PLACARDS_I,HAZMAT_NAME,UN_NO,HAZMAT_PRESENT_I,HAZMAT_REPORT_I,HAZMAT_REPORT_NO,MCS_REPORT_I,MCS_REPORT_NO,HAZMAT_VIO_CAUSE_CRASH_I,MCS_VIO_CAUSE_CRASH_I,IDOT_PERMIT_NO,WIDE_LOAD_I,TRAILER1_WIDTH,TRAILER2_WIDTH,TRAILER1_LENGTH,TRAILER2_LENGTH,TOTAL_VEHICLE_LENGTH,AXLE_CNT,VEHICLE_CONFIG,CARGO_BODY_TYPE,LOAD_TYPE,HAZMAT_OUT_OF_SERVICE_I,MCS_OUT_OF_SERVICE_I,HAZMAT_CLASS
1696040,9bf1aa362e1942df11d168b700617ddbeb6661031b47e4b5763062a0a7c4e4738b03b8f1f4c59c5edcffe91274aaa0c5e65fcd7581d9947de6c7fa873e1b563c,11/03/2023 03:30:00 PM,2,DRIVER,3,1614372,,FORD,OTHER (EXPLAIN IN NARRATIVE),IL,2019,NONE,VAN/MINI-VAN,AMBULANCE,SW,TURNING LEFT,,,4,,,,,,,,,,,Y,,,,,,,REAR-LEFT-CORNER,,,,,,,,,,,,,,,,,,,,,,,,,,,,,,,,,
1695723,afa84d1dceebdd539ec6da46ed94f9eccb700c142b9fd3355292140a9b8435d2c0aa46a3a4f82f65c05eb2cafadfc180425d1467b5bfb2e6c84951157b94fdf6,11/03/2023 09:05:00 AM,1,DRIVER,,1614028,,DODGE,JOURNEY,IL,2016,UNKNOWN,PASSENGER,PERSONAL,S,STRAIGHT AHEAD,,,1,,,,,,,,,,,,,,,,,Y,UNKNOWN,,,,,,,,,,,,,,,,,,,,,,,,,,,,,,,,,
1695724,afa84d1dceebdd539ec6da46ed94f9eccb700c142b9fd3355292140a9b8435d2c0aa46a3a4f82f65c05eb2cafadfc180425d1467b5bfb2e6c84951157b94fdf6,11/03/2023 09:05:00 AM,2,DRIVER,,1614025,,KIA,OPTIMA / K5,IL,2019,NONE,PASSENGER,PERSONAL,S,SLOW/STOP IN TRAFFIC,,,1,,,,,,,,,,Y,,,,,,,,REAR,,,,,,,,,,,,,,,,,,,,,,,,,,,,,,,,,
1692145,64fbf39b40e3a1bc3e9eb1af055e6e838ad12ac02d3f12de712bc91c366a4e25ed79cdd9185788f3b15f29309306aca5b98f6634bf13afb7000f46cb90544258,10/28/2023 11:00:00 PM,1,DRIVER,,1610574,,UNKNOWN,OTHER (EXPLAIN IN NARRATIVE),,,UNKNOWN,UNKNOWN/NA,UNKNOWN/NA,S,UNKNOWN/NA,,,1,,,,,,,,,,,,,,,,,Y,UNKNOWN,,,,,,,,,,,,,,,,,,,,,,,,,,,,,,,,,
1692146,64fbf39b40e3a1bc3e9eb1af055e6e838ad12ac02d3f12de712bc91c366a4e25ed79cdd9185788f3b15f29309306aca5b98f6634bf13afb7000f46cb90544258,10/28/2023 11:00:00 PM,2,PARKED,,1610577,,CHEVROLET,BLAZER,,2020,NONE,SPORT UTILITY VEHICLE (SUV),NOT IN USE,S,PARKED,Y,,0,,,,,Y,Y,Y,Y,Y,,,,,,,,,REAR-RIGHT-CORNER,,,,,,,,,,,,,,,,,,,,,,,,,,,,,,,,,
1691564,236647386e23f1d57cb6504949dd45c356a189dd0eb8f089dffe9b62dfab4ea6d06a6145646862b7007d31a31121bfda067d3ee529279ee0e1d519377f7b754f,10/28/2023 12:30:00 PM,1,DRIVER,,1610017,,CHRYSLER,PACIFICA,MI,2019,UNKNOWN,VAN/MINI-VAN,PERSONAL,UNKNOWN,CHANGING LANES,,,1,,,,,,Y,Y,Y,,,,,,,,,,SIDE-RIGHT,,,,,,,,,,,,,,,,,,,,,,,,,,,,,,,,,
1691565,236647386e23f1d57cb6504949dd45c356a189dd0eb8f089dffe9b62dfab4ea6d06a6145646862b7007d31a31121bfda067d3ee529279ee0e1d519377f7b754f,10/28/2023 12:30:00 PM,2,DRIVER,,1610024,,DODGE,DURANGO,IL,2015,UNKNOWN,PASSENGER,PERSONAL,UNKNOWN,STRAIGHT AHEAD,,,1,,,,,,,,,,,,,,Y,Y,,,FRONT-LEFT-CORNER,,,,,,,,,,,,,,,,,,,,,,,,,,,,,,,,,
1690284,647fe59911af062586975381ec8382b3a7f174ba2cea021bf651dca5cab700b293d5cb7518c7f52ca1f4db407a9b65e5306a81d0d704ae31ec27e85cbd5b341b,10/26/2023 04:52:00 PM,1,DRIVER,,1608785,,DODGE,DURANGO,IL,2006,UNKNOWN,SPORT UTILITY VEHICLE (SUV),PERSONAL,E,STRAIGHT AHEAD,,,1,,,,,,,,,,,,,,,,Y,,FRONT,,,,,,,,,,,,,,,,,,,,,,,,,,,,,,,,,
1690285,647fe59911af062586975381ec8382b3a7f174ba2cea021bf651dca5cab700b293d5cb7518c7f52ca1f4db407a9b65e5306a81d0d704ae31ec27e85cbd5b341b,10/26/2023 04:52:00 PM,2,DRIVER,,1608795,,NISSAN,ALTIMA,IL,2008,NONE,PASSENGER,PERSONAL,E,STRAIGHT AHEAD,Y,,1,,PRIVATE TOW,UNKNOWN,,Y,,,,Y,Y,Y,,,,Y,Y,,REAR,,,,,,,,,,,,,,,,,,,,,,,,,,,,,,,,,
1690286,647fe59911af062586975381ec8382b3a7f174ba2cea021bf651dca5cab700b293d5cb7518c7f52ca1f4db407a9b65e5306a81d0d704ae31ec27e85cbd5b341b,10/26/2023 04:52:00 PM,3,DRIVER,1,1608803,,KIA,FORTE,IL,2022,UNKNOWN,PASSENGER,PERSONAL,E,STRAIGHT AHEAD,,,2,,,,,,,,,,Y,,,,,,,,REAR,,,,,,,,,,,,,,,,,,,,,,,,,,,,,,,,,
1688833,dd8d711f2d6a95430fd63e50da070dac5f9a2be43cb3fbb70053ec42bde144eb3389a148a440486a68032b59c1c56306fbcd2093bb3eff71ebc3e76c91eb3f94,10/24/2023 06:50:00 PM,1,DRIVER,,1607406,,UNKNOWN,OTHER (EXPLAIN IN NARRATIVE),,,UNKNOWN,UNKNOWN/NA,UNKNOWN/NA,UNKNOWN,UNKNOWN/NA,,,1,,,,,,,,,,,,,,,,,Y,UNKNOWN,,,,,,,,,,,,,,,,,,,,,,,,,,,,,,,,,
1688834,dd8d711f2d6a95430fd63e50da070dac5f9a2be43cb3fbb70053ec42bde144eb3389a148a440486a68032b59c1c56306fbcd2093bb3eff71ebc3e76c91eb3f94,10/24/2023 06:50:00 PM,2,PARKED,,1607409,,NISSAN,ROGUE,AZ,2020,NONE,PASSENGER,NOT IN USE,N,PARKED,,,0,,,,,,,Y,,,,,,,,,,,UNKNOWN,,,,,,,,,,,,,,,,,,,,,,,,,,,,,,,,,
1688464,f8105d68def239a95311298fbd03236a587caa472766a8032fa328df0158d334239e188482329d08f835db2fb7fb5788cf28c1fe82b64814e0de33e62bfb7001,10/23/2023 09:30:00 PM,1,DRIVER,,1607060,,CHEVROLET,TAHOE,IL,,UNKNOWN,PASSENGER,UNKNOWN/NA,E,STRAIGHT AHEAD,,,1,,,,,Y,,,,,,,,,,,Y,,FRONT-RIGHT-CORNER,,,,,,,,,,,,,,,,,,,,,,,,,,,,,,,,,
1688465,f8105d68def239a95311298fbd03236a587caa472766a8032fa328df0158d334239e188482329d08f835db2fb7fb5788cf28c1fe82b64814e0de33e62bfb7001,10/23/2023 09:30:00 PM,2,DRIVER,2,1607069,,CHEVROLET,TRAVERSE,IL,2016,UNKNOWN,PASSENGER,PERSONAL,E,STARTING IN TRAFFIC,Y,,3,,UNK,9925 S PARNELL AVE,,,,,,,,,,,,Y,,,FRONT-LEFT-CORNER,,,,,,,,,,,,,,,,,,,,,,,,,,,,,,,,,
1687966,03015c1fe421cd8fc9f65fd342df2f1a6e826bbd539ccecc9aec0b7ad5c2a05fd3c4b700bb2b5a424e6d641ad28a9d978fa217926e32b502aae57d6e489856ed,10/23/2023 02:30:00 PM,1,DRIVER,,1606581,,UNKNOWN,OTHER (EXPLAIN IN NARRATIVE),IL,,UNKNOWN,UNKNOWN/NA,UNKNOWN/NA,UNKNOWN,UNKNOWN/NA,,,1,,,,,,,,,,,,,,,,,Y,UNKNOWN,,,,,,,,,,,,,,,,,,,,,,,,,,,,,,,,,
1687967,03015c1fe421cd8fc9f65fd342df2f1a6e826bbd539ccecc9aec0b7ad5c2a05fd3c4b700bb2b5a424e6d641ad28a9d978fa217926e32b502aae57d6e489856ed,10/23/2023 02:30:00 PM,2,PARKED,,1606593,,DODGE,RAM 1500 PU,IL,,NONE,PICKUP,OTHER,S,PARKED,,,0,,,,,Y,Y,Y,Y,Y,,,,,,,,,TOTAL (ALL AREAS),,,,,,,,,,,,,,,,,,,,,,,,,,,,,,,,,
1687114,0a99d39724b70053be8176359133794a613cccdf1093edb4ce8df2da48f4bdc3b69cda818447cf02d407a924292fcea984ec498644209879e95d3169c53a7883,10/22/2023 12:30:00 PM,1,DRIVER,,1605799,,UNKNOWN,OTHER (EXPLAIN IN NARRATIVE),XX,,UNKNOWN,TRUCK - SINGLE UNIT,UNKNOWN/NA,E,BACKING,,,1,,,,,,,,,,,,,,,,,Y,REAR,,,,,,,,,,,,,,,,,,,,,,,,,,,,,,,,,
1687115,0a99d39724b70053be8176359133794a613cccdf1093edb4ce8df2da48f4bdc3b69cda818447cf02d407a924292fcea984ec498644209879e95d3169c53a7883,10/22/2023 12:30:00 PM,2,PARKED,,1605807,,MERCEDES-BENZ,C-CLASS,OH,2015,UNKNOWN,PASSENGER,PERSONAL,W,PARKED,Y,,0,,unknown,unknown,,Y,,,,,,,,,,Y,Y,,FRONT,,,,,,,,,,,,,,,,,,,,,,,,,,,,,,,,,
1689413,ca17277e6d47e62e737771323c495f43a019ff277698cba3142dda95a45257ecf539e77c18b700edfbd4c9c25d4eea338fa3e30219ade939449e6b835a09c56e,10/21/2023 02:15:00 PM,1,DRIVER,,1607950,,CHEVROLET,CRUZE,IL,2014,UNKNOWN,UNKNOWN/NA,UNKNOWN/NA,W,BACKING,,,1,,,,,,,,,,,,,,,,,Y,UNKNOWN,,,,,,,,,,,,,,,,,,,,,,,,,,,,,,,,,
1689414,ca17277e6d47e62e737771323c495f43a019ff277698cba3142dda95a45257ecf539e77c18b700edfbd4c9c25d4eea338fa3e30219ade939449e6b835a09c56e,10/21/2023 02:15:00 PM,2,DRIVER,1,1607953,,CHRYSLER,TOWN & COUNTRY,IL,2014,UNKNOWN,PASSENGER,PERSONAL,E,SLOW/STOP IN TRAFFIC,,,2,,,,,,,,,,,,,,,,Y,,FRONT,,,,,,,,,,,,,,,,,,,,,,,,,,,,,,,,,
1685436,70a2c0d31eb700e35d20f2c3318b1592751277d4453f2bd5738dd2b1fbdefc9a5550ffe26ce7fa3eb6b9f55069ed511a17f84efb5de40eb434a7b3b4a4923bdc,10/19/2023 10:30:00 PM,1,DRIVER,,1604153,,TOYOTA,CAMRY,IL,1999,NONE,PASSENGER,PERSONAL,W,U-TURN,,,1,,,,,,,,,,,,,,,Y,Y,,FRONT-LEFT-CORNER,,,,,,,,,,,,,,,,,,,,,,,,,,,,,,,,,
1685437,70a2c0d31eb700e35d20f2c3318b1592751277d4453f2bd5738dd2b1fbdefc9a5550ffe26ce7fa3eb6b9f55069ed511a17f84efb5de40eb434a7b3b4a4923bdc,10/19/2023 10:30:00 PM,2,DRIVER,,1604156,,TOYOTA,COROLLA,IL,2018,NONE,PASSENGER,PERSONAL,N,STRAIGHT AHEAD,,,1,,,,,Y,Y,Y,,,,,,N,N,N,,,SIDE-RIGHT,,,,,,,,,,,,,,,,,,,,,,,,,,,,,,,,,
1685169,698ca6ed427a0a0d9d460d5a512d0d726811b7c52217337efabed6611729772512e83d8b98fb79a26c4291ae66d1833748ae1ffd7abeef029c30a2b7009cd27c,10/19/2023 04:00:00 PM,1,DRIVER,,1603894,,HONDA,ODYSSEY,IL,2012,UNKNOWN,SPORT UTILITY VEHICLE (SUV),PERSONAL,UNKNOWN,STRAIGHT AHEAD,,,1,,,,,,,,,Y,,,,,,,,,SIDE-RIGHT-REAR,,,,,,,,,,,,,,,,,,,,,,,,,,,,,,,,,
1685170,698ca6ed427a0a0d9d460d5a512d0d726811b7c52217337efabed6611729772512e83d8b98fb79a26c4291ae66d1833748ae1ffd7abeef029c30a2b7009cd27c,10/19/2023 04:00:00 PM,2,DRIVER,,1603904,,CHEVROLET,TRAX,IL,2017,UNKNOWN,SPORT UTILITY VEHICLE (SUV),PERSONAL,UNKNOWN,ENTER FROM DRIVE/ALLEY,,,1,,,,,Y,,,,,,,,,,,,,FRONT-RIGHT-CORNER,,,,,,,,,,,,,,,,,,,,,,,,,,,,,,,,,
1682876,7e13a122792a41b1a445b70039076382cf6d9dd2a324e7ac0515e0b4065760baf90a55adc997f89639fdd6de4d7638917d4472a1eaec650239699cd91662218f,10/15/2023 04:06:00 PM,1,DRIVER,,1601704,,HYUNDAI,SANTA FE,IL,2021,NONE,PASSENGER,PERSONAL,UNKNOWN,UNKNOWN/NA,,,1,,,,,,,,,,,,,,,,Y,,FRONT,,,,,,,,,,,,,,,,,,,,,,,,,,,,,,,,,
1682877,7e13a122792a41b1a445b70039076382cf6d9dd2a324e7ac0515e0b4065760baf90a55adc997f89639fdd6de4d7638917d4472a1eaec650239699cd91662218f,10/15/2023 04:06:00 PM,2,PARKED,,1601707,,KIA,FORTE,IL,2013,NONE,PASSENGER,NOT IN USE,UNKNOWN,PARKED,,,0,,,,,,,,,,,Y,,,,,,,SIDE-LEFT-REAR,,,,,,,,,,,,,,,,,,,,,,,,,,,,,,,,,
1682960,4f1a982ca3c680ec9d3eea1b3dba29db61f19103eba872c9719a0d3fc85802dcbd75395a252fd724bebf405d6e0e33e9a3724b7000e939fc16108786db623813,10/14/2023 09:00:00 PM,1,DRIVER,,1601776,,JEEP,GLADIATOR,IL,2020,NONE,SPORT UTILITY VEHICLE (SUV),PERSONAL,SE,BACKING,,,1,,,,,,,,,,,,,,,,,Y,REAR,,,,,,,,,,,,,,,,,,,,,,,,,,,,,,,,,
1682961,4f1a982ca3c680ec9d3eea1b3dba29db61f19103eba872c9719a0d3fc85802dcbd75395a252fd724bebf405d6e0e33e9a3724b7000e939fc16108786db623813,10/14/2023 09:00:00 PM,2,DRIVER,,1601778,,TOYOTA,RAV4,IL,2014,NONE,SPORT UTILITY VEHICLE (SUV),PERSONAL,NW,STRAIGHT AHEAD,,,1,,,,,Y,,,,,,,,,,,Y,,FRONT-RIGHT-CORNER,,,,,,,,,,,,,,,,,,,,,,,,,,,,,,,,,
1681466,6e14fc9d3c4fa890cf1f01acd83e513ddba632db2dbfcfcdb3f964d52a6cc7785184d75e7625d1d197c8aac28d2b7004acf52f01311a3971220cb63d76fc418d,10/14/2023 10:20:00 AM,1,DRIVER,,1600357,,JEEP,WRANGLER,IL,2004,NONE,SPORT UTILITY VEHICLE (SUV),PERSONAL,W,STRAIGHT AHEAD,,,1,,,,,,,,,,,,,,,,Y,,FRONT,,,,,,,,,,,,,,,,,,,,,,,,,,,,,,,,,
1681467,6e14fc9d3c4fa890cf1f01acd83e513ddba632db2dbfcfcdb3f964d52a6cc7785184d75e7625d1d197c8aac28d2b7004acf52f01311a3971220cb63d76fc418d,10/14/2023 10:20:00 AM,2,DRIVER,,1600358,,TOYOTA,CAMRY,IL,2009,NONE,PASSENGER,PERSONAL,W,SLOW/STOP IN TRAFFIC,,,1,,,,,,,,,,Y,,,,,,,,REAR,,,,,,,,,,,,,,,,,,,,,,,,,,,,,,,,,
1679322,1a8dd857d3a6be14a394465ff1a697384ad22a9c6b15ae53489b700fd82561912ca0e76355da38de789edc111e5316a821ad8d4533ba28f92a881dc7d25cf668,10/11/2023 11:15:00 AM,1,DRIVER,1,1598257,,UNKNOWN,OTHER (EXPLAIN IN NARRATIVE),IL,,UNKNOWN,UNKNOWN/NA,UNKNOWN/NA,W,CHANGING LANES,,,2,,,,,,,,,,,,,,,,,Y,SIDE-RIGHT,,,,,,,,,,,,,,,,,,,,,,,,,,,,,,,,,
1679323,1a8dd857d3a6be14a394465ff1a697384ad22a9c6b15ae53489b700fd82561912ca0e76355da38de789edc111e5316a821ad8d4533ba28f92a881dc7d25cf668,10/11/2023 11:15:00 AM,2,DRIVER,1,1598260,,HONDA,PILOT,IL,2018,NONE,SPORT UTILITY VEHICLE (SUV),PERSONAL,W,STRAIGHT AHEAD,,,2,,,,,,,,,,,Y,Y,Y,Y,Y,,,SIDE-LEFT,,,,,,,,,,,,,,,,,,,,,,,,,,,,,,,,,
1677704,9867c3c26555138256ddf0037f24011a7d5e1ff02e03b700f1a0bd2d2ffe3794f82baa8f0c46464b8906085895f667ea9381c40307736c0f6034115b69423b81,10/09/2023 02:13:00 AM,1,DRIVER,,1596726,,ACURA,TLX,IL,2021,UNKNOWN,PASSENGER,PERSONAL,W,STRAIGHT AHEAD,Y,,1,,CITY OF CHICAGO,701 N SACRAMENTO,,Y,,,,,,,,,Y,Y,Y,,FRONT,,,,,,,,,,,,,,,,,,,,,,,,,,,,,,,,,
1677118,e809db9da6e7b27ec49a18607207d12fe70813b58a873732b5b1c8e131500baa6b996cbb9ac36f14b70011179da0deaa62c37db5425da1c504fbd00eedfab910,10/07/2023 06:23:00 PM,1,DRIVER,,1596176,,DODGE,DAKOTA,IN,,UNKNOWN,PICKUP,PERSONAL,N,STRAIGHT AHEAD,,,1,,,,,,,,,,Y,,,,,,Y,,FRONT,,,,,,,,,,,,,,,,,,,,,,,,,,,,,,,,,
1677119,e809db9da6e7b27ec49a18607207d12fe70813b58a873732b5b1c8e131500baa6b996cbb9ac36f14b70011179da0deaa62c37db5425da1c504fbd00eedfab910,10/07/2023 06:23:00 PM,2,DRIVER,,1596178,,DODGE,CARAVAN,WI,,UNKNOWN,VAN/MINI-VAN,UNKNOWN/NA,N,STRAIGHT AHEAD,Y,,1,,herrera towing,,,,,,,,,,,,,,Y,,FRONT,,,,,,,,,,,,,,,,,,,,,,,,,,,,,,,,,
1677120,e809db9da6e7b27ec49a18607207d12fe70813b58a873732b5b1c8e131500baa6b996cbb9ac36f14b70011179da0deaa62c37db5425da1c504fbd00eedfab910,10/07/2023 06:23:00 PM,3,DRIVER,16,1596189,,FORD,VAN,WI,,UNKNOWN,BUS UP TO 15 PASS.,SCHOOL BUS,N,SLOW/STOP IN TRAFFIC,,,17,,,,,,,,,,Y,,,,,,,,REAR,,,,,,,,,,,,,,,,,,,,,,,,,,,,,,,,,
1676409,5718a2efe2ee7e24ca33f09fac1d5f1bfff1f204ecc8b700473d1bf012fc2c35cdf7ba234da70d7dfdb4f7f7c4e73693be6349e6bbc3c5e833dd46a0162699d1,10/06/2023 06:00:00 PM,1,DRIVER,,1595480,,FORD,ESCAPE,IL,2015,UNKNOWN,SPORT UTILITY VEHICLE (SUV),UNKNOWN/NA,S,UNKNOWN/NA,,,1,,,,,,,,,,,,,,,,Y,,FRONT-RIGHT-CORNER,,,,,,,,,,,,,,,,,,,,,,,,,,,,,,,,,
1676410,5718a2efe2ee7e24ca33f09fac1d5f1bfff1f204ecc8b700473d1bf012fc2c35cdf7ba234da70d7dfdb4f7f7c4e73693be6349e6bbc3c5e833dd46a0162699d1,10/06/2023 06:00:00 PM,2,DRIVER,,1595490,,TOYOTA,CAMRY,IL,2007,UNKNOWN,PASSENGER,UNKNOWN/NA,S,SLOW/STOP IN TRAFFIC,,,1,,,,,,,,,,,Y,,,,,,,REAR-LEFT-CORNER,,,,,,,,,,,,,,,,,,,,,,,,,,,,,,,,,
1675582,3eb62942c6da3b4e1233d0d6a5c4d2db63e97ccddac9f48d3937b325b0277d6a21487fce32fcd473f53ad6ba3467b9ed168f41e19e35227e57ee047a2bb7001a,10/05/2023 03:50:00 PM,1,DRIVER,,1594708,,BUICK,ENCLAVE,IL,2008,NONE,SPORT UTILITY VEHICLE (SUV),PERSONAL,N,STRAIGHT AHEAD,,,1,,,,,,,,,,,Y,Y,Y,,,,,REAR-LEFT-CORNER,,,,,,,,,,,,,,,,,,,,,,,,,,,,,,,,,
1675587,3eb62942c6da3b4e1233d0d6a5c4d2db63e97ccddac9f48d3937b325b0277d6a21487fce32fcd473f53ad6ba3467b9ed168f41e19e35227e57ee047a2bb7001a,10/05/2023 03:50:00 PM,2,DRIVER,,1594713,,TOYOTA,YARIS,IL,2019,NONE,PASSENGER,PERSONAL,N,STRAIGHT AHEAD,,,1,,,,,Y,Y,,,,,,,,,,,,FRONT-RIGHT-CORNER,,,,,,,,,,,,,,,,,,,,,,,,,,,,,,,,,
1674958,6b4199d5539ddfcb2c237043ac49b7df8691dcb700f25114df2d8c2d645ad00898cf64a138703731374e896f81b979a7ccff0b5f17e4582599d7c15492b089b6,10/04/2023 08:05:00 PM,1,DRIVER,,1594119,,UNKNOWN,OTHER (EXPLAIN IN NARRATIVE),IL,,UNKNOWN,PASSENGER,PERSONAL,N,STRAIGHT AHEAD,,,1,,,,,,,,,,,,,,,,,,FRONT-RIGHT-CORNER,,,,,,,,,,,,,,,,,,,,,,,,,,,,,,,,,
1674959,6b4199d5539ddfcb2c237043ac49b7df8691dcb700f25114df2d8c2d645ad00898cf64a138703731374e896f81b979a7ccff0b5f17e4582599d7c15492b089b6,10/04/2023 08:05:00 PM,2,PARKED,2,1594122,,CHEVROLET,MALIBU,IL,,NONE,PASSENGER,NOT IN USE,N,PARKED,,,2,,,,,,,,,,Y,Y,,,,,,,REAR-RIGHT-CORNER,,,,,,,,,,,,,,,,,,,,,,,,,,,,,,,,,
1673546,fb7000ab5c3dd2edb80c6b9588886dcbd036623f9382b2c2e0839512d5ab06939f434fe4404af65e20812cd78b236558f08f2af61cf0a4772b8d8768ee534fcc,10/03/2023 07:55:00 AM,1,DRIVER,,1592784,,VOLKSWAGEN,TIGUAN,IN,2015,UNKNOWN,SPORT UTILITY VEHICLE (SUV),PERSONAL,N,STRAIGHT AHEAD,,,1,,,,,Y,Y,,,,,,,,,,,,FRONT-RIGHT-CORNER,,,,,,,,,,,,,,,,,,,,,,,,,,,,,,,,,
1673547,fb7000ab5c3dd2edb80c6b9588886dcbd036623f9382b2c2e0839512d5ab06939f434fe4404af65e20812cd78b236558f08f2af61cf0a4772b8d8768ee534fcc,10/03/2023 07:55:00 AM,2,DRIVER,,1592796,,CHEVROLET,EQUINOX,IL,2020,UNKNOWN,SPORT UTILITY VEHICLE (SUV),PERSONAL,N,STRAIGHT AHEAD,,,1,,,,,,,,,,,Y,Y,,,,,,REAR-LEFT-CORNER,,,,,,,,,,,,,,,,,,,,,,,,,,,,,,,,,
1673005,acfb00df8a39b70043fcf86dc2d56e431c58d11643e65b84208f48f942af70a878191c5bb734fddbd7e7a9866fe15dd40ad485674b8b117c531a05440e5c69eb,10/02/2023 12:10:00 PM,1,DRIVER,,1592286,,LEXUS,ES300,IL,2018,NONE,SPORT UTILITY VEHICLE (SUV),PERSONAL,S,BACKING,,,1,,,,,,,,,,,Y,,,,,,,REAR,,,,,,,,,,,,,,,,,,,,,,,,,,,,,,,,,
1673006,acfb00df8a39b70043fcf86dc2d56e431c58d11643e65b84208f48f942af70a878191c5bb734fddbd7e7a9866fe15dd40ad485674b8b117c531a05440e5c69eb,10/02/2023 12:10:00 PM,2,DRIVER,,1592292,,VOLKSWAGEN,JETTA,IL,2021,NONE,PASSENGER,PERSONAL,N,STRAIGHT AHEAD,,,1,,,,,Y,,,,,,,,,,,,,FRONT-RIGHT-CORNER,,,,,,,,,,,,,,,,,,,,,,,,,,,,,,,,,
1673312,0d86930e7998b89539a21437c9188e66281ddd63a88680c94027c8d038541622975171e8c5b7003c917a8921a815841c108978604ae2a368389ec145073e17ec,10/01/2023 11:00:00 PM,1,DRIVER,,1592553,,LEXUS,OTHER (EXPLAIN IN NARRATIVE),IL,2005,NONE,UNKNOWN/NA,UNKNOWN/NA,S,STRAIGHT AHEAD,,,1,,,,,,,,,,,N,,,,,,,UNKNOWN,,,,,,,,,,,,,,,,,,,,,,,,,,,,,,,,,
1673313,0d86930e7998b89539a21437c9188e66281ddd63a88680c94027c8d038541622975171e8c5b7003c917a8921a815841c108978604ae2a368389ec145073e17ec,10/01/2023 11:00:00 PM,2,PARKED,,1592554,,NISSAN,TRUCK,IL,2014,NONE,PASSENGER,NOT IN USE,S,PARKED,,,0,,,,,,,,,,,Y,Y,,,,,,SIDE-LEFT-REAR,,,,,,,,,,,,,,,,,,,,,,,,,,,,,,,,,
1672627,9fc06ea23b1f09ad101e2d1fe4af6eab7000612c16f496e0eb794252a8b6a62f0240300519dc88e6c7f6cc810bd39b7872778b2f4933c1b3753b89fb0896c004,10/01/2023 05:20:00 PM,1,DRIVER,2,1591922,,CHEVROLET,TRAVERSE,IL,2009,UNKNOWN,SPORT UTILITY VEHICLE (SUV),PERSONAL,N,TURNING LEFT,Y,,3,,CITY OF CHICAGO,,,Y,Y,,,,,Y,,,Y,Y,Y,,FRONT,,,,,,,,,,,,,,,,,,,,,,,,,,,,,,,,,
1672628,9fc06ea23b1f09ad101e2d1fe4af6eab7000612c16f496e0eb794252a8b6a62f0240300519dc88e6c7f6cc810bd39b7872778b2f4933c1b3753b89fb0896c004,10/01/2023 05:20:00 PM,2,DRIVER,,1591934,,VOLKSWAGEN,JETTA,IL,2014,UNKNOWN,PASSENGER,PERSONAL,W,STRAIGHT AHEAD,Y,,1,,JERRY'S PERFORMANCE,RIDGE AVE,,,,,,,,,,,Y,Y,,,FRONT-LEFT-CORNER,,,,,,,,,,,,,,,,,,,,,,,,,,,,,,,,,
1678073,cf2a49f2956f7fc833988ddf2ba479604abbc7126be035d17681977cb3da24973966b7ae3467263443554cb86182b6dcbdce5b4f11953b7008483b2a977bfddb,09/30/2023 12:05:00 AM,1,DRIVER,,1597086,,BMW,OTHER (EXPLAIN IN NARRATIVE),IL,2013,UNKNOWN,PASSENGER,UNKNOWN/NA,E,STRAIGHT AHEAD,,,1,,,,,,,,,,,Y,Y,,,,,,REAR-LEFT-CORNER,,,,,,,,,,,,,,,,,,,,,,,,,,,,,,,,,
1678074,cf2a49f2956f7fc833988ddf2ba479604abbc7126be035d17681977cb3da24973966b7ae3467263443554cb86182b6dcbdce5b4f11953b7008483b2a977bfddb,09/30/2023 12:05:00 AM,2,PARKED,,1597134,,CHEVROLET,OTHER (EXPLAIN IN NARRATIVE),IL,2009,NONE,PASSENGER,PERSONAL,E,PARKED,Y,,0,,,,,,,,,,,Y,Y,,,,,,REAR-LEFT-CORNER,,,,,,,,,,,,,,,,,,,,,,,,,,,,,,,,,
1671002,8d341094e3871b3b6e8daa0338a403cf66a80917bde53e3bedac4d9b9fcdb7004e3b9807baecda8038564b990332d7f715b79c6c5ee71d5ae1a4181a83e7c58c,09/29/2023 03:15:00 PM,1,DRIVER,,1590361,,UNKNOWN,MOTORIZED,,,UNKNOWN,UNKNOWN/NA,UNKNOWN/NA,UNKNOWN,UNKNOWN/NA,,,1,,,,,,,,,,,,,,,,,Y,UNKNOWN,,,,,,,,,,,,,,,,,,,,,,,,,,,,,,,,,