CRASH_UNIT_ID,CRASH_RECORD_ID,CRASH_DATE,UNIT_NO,UNIT_TYPE,NUM_PASSENGERS,VEHICLE_ID,CMRC_VEH_I,MAKE,MODEL,LIC_PLATE_STATE,VEHICLE_YEAR,VEHICLE_DEFECT,VEHICLE_TYPE,VEHICLE_USE,TRAVEL_DIRECTION,MANEUVER,TOWED_I,FIRE_I,OCCUPANT_CNT,EXCEED_SPEED_LIMIT_I,TOWED_BY,TOWED_TO,AREA_00_I,AREA_01_I,AREA_02_I,AREA_03_I,AREA_04_I,AREA_05_I,AREA_06_I,AREA_07_I,AREA_08_I,AREA_09_I,AREA_10_I,AREA_11_I,AREA_12_I,AREA_99_I,FIRST_CONTACT_POINT,CMV_ID,USDOT_NO,CCMC_NO,ILCC_NO,COMMERCIAL_SRC,GVWR,CARRIER_NAME,CARRIER_STATE,CARRIER_CITY,HAZMAT_PLACARDS_I,HAZMAT_NAME,UN_NO,HAZMAT_PRESENT_I,HAZMAT_REPORT_I,HAZMAT_REPORT_NO,MCS_REPORT_I,MCS_REPORT_NO,HAZMAT_VIO_CAUSE_CRASH_I,MCS_VIO_CAUSE_CRASH_I,IDOT_PERMIT_NO,WIDE_LOAD_I,TRAILER1_WIDTH,TRAILER2_WIDTH,TRAILER1_LENGTH,TRAILER2_LENGTH,TOTAL_VEHICLE_LENGTH,AXLE_CNT,VEHICLE_CONFIG,CARGO_BODY_TYPE,LOAD_TYPE,HAZMAT_OUT_OF_SERVICE_I,MCS_OUT_OF_SERVICE_I,HAZMAT_CLASS
1671003,8d341094e3871b3b6e8daa0338a403cf66a80917bde53e3bedac4d9b9fcdb7004e3b9807baecda8038564b990332d7f715b79c6c5ee71d5ae1a4181a83e7c58c,09/29/2023 03:15:00 PM,2,PARKED,,1590358,,CHEVROLET,TAHOE,IL,2011,UNKNOWN,SPORT UTILITY VEHICLE (SUV),PERSONAL,W,PARKED,,,0,,,,,Y,Y,Y,,,,,,,,,,,SIDE-RIGHT-FRONT,,,,,,,,,,,,,,,,,,,,,,,,,,,,,,,,,
1670308,643436f0cdfc9fe2f603494cdb0ce9aaf08567c512c8b700c3c62adc25709107e5919755d68e71f0f30ad294f1959d1f2e119bba4eb7c72b980abe0bc4df1e22,09/28/2023 12:07:00 PM,1,DRIVER,,1589698,,TOYOTA,RAV4,IL,2021,UNKNOWN,PASSENGER,UNKNOWN/NA,S,STRAIGHT AHEAD,N,,1,,,,,Y,Y,,,,,,,,,Y,Y,,UNKNOWN,,,,,,,,,,,,,,,,,,,,,,,,,,,,,,,,,
1670309,643436f0cdfc9fe2f603494cdb0ce9aaf08567c512c8b700c3c62adc25709107e5919755d68e71f0f30ad294f1959d1f2e119bba4eb7c72b980abe0bc4df1e22,09/28/2023 12:07:00 PM,2,DRIVERLESS,,1589705,,FORD,ESCAPE,IL,2020,UNKNOWN,PASSENGER,UNKNOWN/NA,S,PARKED,,,0,,,,,,,,,Y,Y,Y,,,,,,,REAR,,,,,,,,,,,,,,,,,,,,,,,,,,,,,,,,,
1669990,70a960ead22f829fc235978ba4324b7004bbcdb019ad6d95474bc3feafe8caf6de8786cbe9e57831c7e68d58b051a840faa09e941480889c8a8587081d934d74,09/27/2023 02:30:00 PM,1,DRIVER,,1589390,,UNKNOWN,OTHER (EXPLAIN IN NARRATIVE),,,UNKNOWN,PASSENGER,UNKNOWN/NA,W,ENTERING TRAFFIC LANE FROM PARKING,,,1,,,,,,,,,,,,,,,,,Y,UNKNOWN,,,,,,,,,,,,,,,,,,,,,,,,,,,,,,,,,
1669991,70a960ead22f829fc235978ba4324b7004bbcdb019ad6d95474bc3feafe8caf6de8786cbe9e57831c7e68d58b051a840faa09e941480889c8a8587081d934d74,09/27/2023 02:30:00 PM,2,DRIVER,2,1589393,,FORD,FUSION,IL,2010,NONE,PASSENGER,PERSONAL,W,STRAIGHT AHEAD,,,3,,,,,,,,Y,Y,,,,,,,,,SIDE-RIGHT-REAR,,,,,,,,,,,,,,,,,,,,,,,,,,,,,,,,,
1670052,09ab665a4929b4f9cb8fa3a0c9091725280faee5dd2aeafec692dadbc8c3496756e43c80b02d084ef35465cb70083aaf125307aecbef63a2c17343bfecbc50aa,09/27/2023 01:40:00 PM,1,DRIVER,1,1589447,,NISSAN,SENTRA,IL,2010,UNKNOWN,PASSENGER,UNKNOWN/NA,NW,PASSING/OVERTAKING,,,2,,,,,,,,,,,,,Y,Y,,,,SIDE-LEFT,,,,,,,,,,,,,,,,,,,,,,,,,,,,,,,,,
1670053,09ab665a4929b4f9cb8fa3a0c9091725280faee5dd2aeafec692dadbc8c3496756e43c80b02d084ef35465cb70083aaf125307aecbef63a2c17343bfecbc50aa,09/27/2023 01:40:00 PM,2,DRIVER,,1589451,,NISSAN,ROGUE,IL,2019,NONE,PASSENGER,PERSONAL,NW,CHANGING LANES,,,1,,,,,Y,,,,,,,,,,,Y,,FRONT-RIGHT-CORNER,,,,,,,,,,,,,,,,,,,,,,,,,,,,,,,,,
1669058,c9dc0db6f2159260231b854209280b4d912542a6ff457ea079339566ab1ba489c203042293a87b925c216b93da93f45f38a3f07e1d09182e3a09e91e5fccb700,09/26/2023 01:40:00 PM,1,DRIVER,,1588504,,BUICK,LUCERNE,IL,2009,UNKNOWN,PASSENGER,PERSONAL,N,STRAIGHT AHEAD,,,1,,,,,Y,,,,,,,,,,Y,Y,,FRONT,,,,,,,,,,,,,,,,,,,,,,,,,,,,,,,,,
1669059,c9dc0db6f2159260231b854209280b4d912542a6ff457ea079339566ab1ba489c203042293a87b925c216b93da93f45f38a3f07e1d09182e3a09e91e5fccb700,09/26/2023 01:40:00 PM,2,DRIVER,,1588510,,TOYOTA,CAMRY,IL,2014,UNKNOWN,PASSENGER,PERSONAL,N,STRAIGHT AHEAD,,,1,,,,,,,,,Y,Y,Y,,,,,,,REAR,,,,,,,,,,,,,,,,,,,,,,,,,,,,,,,,,
1668593,cdea0d01a1d62879ffa709cf3a6d2d4eec7e103de3a4cfa11928edba787e2d3deb678ac5427eb70072ffd1507a5113237272c7266d7369402d23d96ed559af86,09/25/2023 05:00:00 PM,3,DRIVER,,1588097,,NISSAN,ROGUE,IL,2019,UNKNOWN,PASSENGER,PERSONAL,W,STRAIGHT AHEAD,,,1,,,,,,,,,Y,Y,Y,,,,,,,REAR,,,,,,,,,,,,,,,,,,,,,,,,,,,,,,,,,
1668594,cdea0d01a1d62879ffa709cf3a6d2d4eec7e103de3a4cfa11928edba787e2d3deb678ac5427eb70072ffd1507a5113237272c7266d7369402d23d96ed559af86,09/25/2023 05:00:00 PM,1,DRIVER,,1588124,,CHRYSLER,300,IL,2008,UNKNOWN,UNKNOWN/NA,PERSONAL,W,STRAIGHT AHEAD,N,,1,,,,,Y,,,,,,,,,,Y,Y,,FRONT,,,,,,,,,,,,,,,,,,,,,,,,,,,,,,,,,
1668595,cdea0d01a1d62879ffa709cf3a6d2d4eec7e103de3a4cfa11928edba787e2d3deb678ac5427eb70072ffd1507a5113237272c7266d7369402d23d96ed559af86,09/25/2023 05:00:00 PM,2,DRIVER,,1588144,,TOYOTA,C-HR,IL,,UNKNOWN,PASSENGER,PERSONAL,W,STRAIGHT AHEAD,,,1,,,,,Y,,,,Y,Y,Y,,,,Y,Y,,REAR,,,,,,,,,,,,,,,,,,,,,,,,,,,,,,,,,
1668448,cda6a84a647f538f443391b92b1b96c1595f150a46a89114254f6882031fe10f3bdd0103b700cb72b767c48637efacadcf3cf8dc5015e9df64cabe41b62399d6,09/25/2023 09:05:00 AM,1,DRIVER,,1587937,,MERCEDES-BENZ,E-CLASS,IL,2014,UNKNOWN,PASSENGER,PERSONAL,N,STRAIGHT AHEAD,,,1,,,,,,,,,,,,,,Y,,,,SIDE-LEFT,,,,,,,,,,,,,,,,,,,,,,,,,,,,,,,,,
1668449,cda6a84a647f538f443391b92b1b96c1595f150a46a89114254f6882031fe10f3bdd0103b700cb72b767c48637efacadcf3cf8dc5015e9df64cabe41b62399d6,09/25/2023 09:05:00 AM,2,DRIVER,,1587926,Y,CHEVROLET,EXPRESS,IL,2020,UNKNOWN,BUS UP TO 15 PASS.,COMMERCIAL - SINGLE UNIT,S,STRAIGHT AHEAD,,,1,,,,,,,,,,,,Y,,N,,,,SIDE-LEFT-REAR,,,,,,,,,,,,,,,,,,,,,,,,,,,,,,,,,
1664853,02d73a78307661f64a670636203d022f436553bb7001477d83b2a5be4c0c6336d0e347c1e49367cd8e3e6cd560bfd83166695a5b6e465198950d6704bd2fa25a,09/19/2023 06:44:00 PM,1,DRIVER,,1584486,,SUBARU,OTHER (EXPLAIN IN NARRATIVE),IL,2014,UNKNOWN,PASSENGER,PERSONAL,E,STRAIGHT AHEAD,,,1,,,,,,,,,,,,,,,,Y,,FRONT,,,,,,,,,,,,,,,,,,,,,,,,,,,,,,,,,
1664854,02d73a78307661f64a670636203d022f436553bb7001477d83b2a5be4c0c6336d0e347c1e49367cd8e3e6cd560bfd83166695a5b6e465198950d6704bd2fa25a,09/19/2023 06:44:00 PM,2,DRIVER,,1584496,,VOLKSWAGEN,JETTA,IL,2019,NONE,PASSENGER,PERSONAL,E,STRAIGHT AHEAD,,,1,,,,,,,,,,Y,,,,,,,,REAR,,,,,,,,,,,,,,,,,,,,,,,,,,,,,,,,,
1663349,fa65496678ea939861452e39726f641643db4b8eb85205e014397387c458759fbf8e0bde53c154dbec0b70055de7f5866a4d99895cfc9e323f18073877582ea1,09/18/2023 07:25:00 AM,1,DRIVER,,1583044,,HONDA,ACCORD,IL,2011,UNKNOWN,PASSENGER,UNKNOWN/NA,N,STRAIGHT AHEAD,,,1,,,,,Y,,,,,,,,,,Y,Y,,FRONT,,,,,,,,,,,,,,,,,,,,,,,,,,,,,,,,,
1663350,fa65496678ea939861452e39726f641643db4b8eb85205e014397387c458759fbf8e0bde53c154dbec0b70055de7f5866a4d99895cfc9e323f18073877582ea1,09/18/2023 07:25:00 AM,2,DRIVER,,1583048,,TOYOTA,SIENNA,IL,2011,NONE,VAN/MINI-VAN,PERSONAL,N,SLOW/STOP IN TRAFFIC,,,1,,,,,,,,,Y,Y,Y,,,,,,,REAR,,,,,,,,,,,,,,,,,,,,,,,,,,,,,,,,,
1658934,f8543127960d8311561cedb74fe3d6144be4aaaa37a667db6bf5f102759ec3c654b1b70084767ad6c6594969498b39122d97bbbeb1c7d37ddf5725d66c8208f1,09/11/2023 07:50:00 AM,1,DRIVER,,1578803,,FORD,FIESTA,IL,2015,UNKNOWN,PASSENGER,UNKNOWN/NA,S,CHANGING LANES,,,1,,,,,Y,Y,Y,Y,Y,,N,N,N,N,N,,,SIDE-RIGHT,,,,,,,,,,,,,,,,,,,,,,,,,,,,,,,,,
1658935,f8543127960d8311561cedb74fe3d6144be4aaaa37a667db6bf5f102759ec3c654b1b70084767ad6c6594969498b39122d97bbbeb1c7d37ddf5725d66c8208f1,09/11/2023 07:50:00 AM,2,DRIVER,,1578810,,TOYOTA,PRIUS,IL,2015,NONE,PASSENGER,PERSONAL,S,STRAIGHT AHEAD,,,1,,,,,,,,,,,Y,Y,Y,Y,Y,,,SIDE-LEFT,,,,,,,,,,,,,,,,,,,,,,,,,,,,,,,,,
1658055,6e30fe7422aa9ef95b827978bf3a3f28452e071b08e6e7ef4f31e5f814f81d4d9c1564ae176bec7857df3de98a23b700aa924c1ece9824f347cfbec358eb2e7f,09/10/2023 11:53:00 PM,1,DRIVER,,1577959,,HYUNDAI,SONATA,IL,2014,UNKNOWN,PASSENGER,UNKNOWN/NA,S,STRAIGHT AHEAD,,,1,,,,,Y,,,,,,,,,,,,,FRONT-RIGHT-CORNER,,,,,,,,,,,,,,,,,,,,,,,,,,,,,,,,,
1658056,6e30fe7422aa9ef95b827978bf3a3f28452e071b08e6e7ef4f31e5f814f81d4d9c1564ae176bec7857df3de98a23b700aa924c1ece9824f347cfbec358eb2e7f,09/10/2023 11:53:00 PM,2,DRIVER,,1577963,,HONDA,ACCORD,IL,2017,UNKNOWN,PASSENGER,PERSONAL,S,SLOW/STOP IN TRAFFIC,,,1,,,,,,,,,,,Y,,,,,,,REAR-LEFT-CORNER,,,,,,,,,,,,,,,,,,,,,,,,,,,,,,,,,
1658438,052b700e4a0eeace82f1ab29369e8aac9e0ecc715fb0fe0c368e9ab0b739591e1a0a2f6b5fb5d98303d85ac669e9c8f9404151a844e06561f6b520aa87001ce6,09/10/2023 08:06:00 PM,1,DRIVER,,1578324,,FORD,EXPEDITION,IL,2023,UNKNOWN,PASSENGER,OTHER,N,STRAIGHT AHEAD,,,1,,,,,,Y,Y,Y,,,,,,,,,,SIDE-RIGHT,,,,,,,,,,,,,,,,,,,,,,,,,,,,,,,,,
1658439,052b700e4a0eeace82f1ab29369e8aac9e0ecc715fb0fe0c368e9ab0b739591e1a0a2f6b5fb5d98303d85ac669e9c8f9404151a844e06561f6b520aa87001ce6,09/10/2023 08:06:00 PM,2,DRIVER,,1578338,,TOYOTA,PRIUS,IL,2011,NONE,PASSENGER,PERSONAL,N,STRAIGHT AHEAD,,,1,,,,,,,,,,,,,Y,Y,,,,SIDE-LEFT,,,,,,,,,,,,,,,,,,,,,,,,,,,,,,,,,
1657681,91b9be83826344c351390f09b8087f5f5ecaf94f04eafb32fe749acc437ee4a4feb70034b5ae346537b61dd3a4a276c23b0042933714592c3d9c98f370865dcd,09/10/2023 12:30:00 PM,1,DRIVER,,1577601,,UNKNOWN,OTHER (EXPLAIN IN NARRATIVE),,,UNKNOWN,UNKNOWN/NA,UNKNOWN/NA,S,OTHER,,,1,,,,,,,,,,,,,,,Y,,,FRONT-LEFT-CORNER,,,,,,,,,,,,,,,,,,,,,,,,,,,,,,,,,
1657682,91b9be83826344c351390f09b8087f5f5ecaf94f04eafb32fe749acc437ee4a4feb70034b5ae346537b61dd3a4a276c23b0042933714592c3d9c98f370865dcd,09/10/2023 12:30:00 PM,2,DRIVER,,1577602,,NISSAN,JUKE,,,NONE,PASSENGER,PERSONAL,S,STRAIGHT AHEAD,,,1,,,,,Y,,,,,,,,,,,,,FRONT-RIGHT-CORNER,,,,,,,,,,,,,,,,,,,,,,,,,,,,,,,,,
1657286,117478af4b5d5705bb311f5b81c41344540fd96a08bd2a419f854b80409571e7f51fdd49c4aa97cf805b5dbb8f21f7b7001e5b832d972db1b5ba1ff9ddfbc23a,09/09/2023 01:00:00 PM,1,DRIVER,,1577237,,HONDA,CR-V,IL,2007,NONE,SPORT UTILITY VEHICLE (SUV),PERSONAL,N,MERGING,,,1,,,,,N,,,,Y,Y,Y,,,,N,N,,REAR,,,,,,,,,,,,,,,,,,,,,,,,,,,,,,,,,
1657287,117478af4b5d5705bb311f5b81c41344540fd96a08bd2a419f854b80409571e7f51fdd49c4aa97cf805b5dbb8f21f7b7001e5b832d972db1b5ba1ff9ddfbc23a,09/09/2023 01:00:00 PM,2,DRIVER,,1577224,,CHEVROLET,CRUZE,IL,2012,NONE,PASSENGER,PERSONAL,N,STRAIGHT AHEAD,Y,,1,,PRIVATE TOW,,,Y,Y,,,,,,,,Y,Y,Y,,FRONT,,,,,,,,,,,,,,,,,,,,,,,,,,,,,,,,,
1657512,b03417acbe8c119a9e2ed41e14ed5554aa2bd0dcb4163fe631d0658fb700f646d07f486265077b85698c05096323c15a2f7c73f8a74d9083d3f1d05c05b9e613,09/09/2023 12:01:00 PM,1,DRIVER,,1577454,,HONDA,ACCORD,IL,2013,NONE,PASSENGER,PERSONAL,N,STRAIGHT AHEAD,Y,,1,,,,,Y,,,,,,,,,,Y,Y,,FRONT,,,,,,,,,,,,,,,,,,,,,,,,,,,,,,,,,
1657513,b03417acbe8c119a9e2ed41e14ed5554aa2bd0dcb4163fe631d0658fb700f646d07f486265077b85698c05096323c15a2f7c73f8a74d9083d3f1d05c05b9e613,09/09/2023 12:01:00 PM,2,DRIVER,,1577455,,TOYOTA,HIGHLANDER,IL,2015,NONE,PASSENGER,PERSONAL,N,STRAIGHT AHEAD,,,1,,,,,,,,,Y,Y,Y,,,,,,,REAR,,,,,,,,,,,,,,,,,,,,,,,,,,,,,,,,,
1656570,af7e329037833119cdf8a58e09236830b700d38b0d87951a259a4a05595d2d5442e62feeefa528f178214e5425616cdc54611dff3f5e09631f4257c9387bdc83,09/08/2023 04:19:00 PM,1,DRIVER,,1576538,,CHEVROLET,IMPALA,,,UNKNOWN,UNKNOWN/NA,UNKNOWN/NA,N,ENTERING TRAFFIC LANE FROM PARKING,,,1,,,,,,,,,,,,,,,Y,,,FRONT-LEFT-CORNER,,,,,,,,,,,,,,,,,,,,,,,,,,,,,,,,,
1656571,af7e329037833119cdf8a58e09236830b700d38b0d87951a259a4a05595d2d5442e62feeefa528f178214e5425616cdc54611dff3f5e09631f4257c9387bdc83,09/08/2023 04:19:00 PM,2,PEDESTRIAN,,,,,,,,,,,,,,,,,,,,,,,,,,,,,,,,,,,,,,,,,,,,,,,,,,,,,,,,,,,,,,,,,,
1655985,9beb989b3250825e28c4eef980362748db55b63e0bbc811f05f8df3e686f25ec9002d6d5b20f8ac9bdc177e7b5eea705aa528d43e6d72a3c939ef1b700b9671f,09/07/2023 03:30:00 PM,1,DRIVER,,1575986,,UNKNOWN,MOTORIZED,,,UNKNOWN,PASSENGER,UNKNOWN/NA,N,PASSING/OVERTAKING,,,1,,,,,,,,,,,,,,,,,Y,SIDE-LEFT,,,,,,,,,,,,,,,,,,,,,,,,,,,,,,,,,
1655986,9beb989b3250825e28c4eef980362748db55b63e0bbc811f05f8df3e686f25ec9002d6d5b20f8ac9bdc177e7b5eea705aa528d43e6d72a3c939ef1b700b9671f,09/07/2023 03:30:00 PM,2,DRIVER,,1575999,,TOYOTA,COROLLA,IL,2007,NONE,PASSENGER,PERSONAL,N,SLOW/STOP IN TRAFFIC,,,1,,,,,Y,,,,,,,,,,,,,FRONT-RIGHT-CORNER,,,,,,,,,,,,,,,,,,,,,,,,,,,,,,,,,
1653771,4d895e15e68da84f2b30912cc9d4917b7f1bd0c629d1d12ff06af64698f3b7002ad2ce9543352630963b4ceb55ef0879692ac082df323a1e54fe58aac0894006,09/04/2023 05:00:00 PM,1,DRIVER,,1573863,,TOYOTA,CAMRY,IL,,UNKNOWN,PASSENGER,PERSONAL,W,STRAIGHT AHEAD,,,1,,,,,,,,,,,,,,,,,Y,FRONT,,,,,,,,,,,,,,,,,,,,,,,,,,,,,,,,,
1653772,4d895e15e68da84f2b30912cc9d4917b7f1bd0c629d1d12ff06af64698f3b7002ad2ce9543352630963b4ceb55ef0879692ac082df323a1e54fe58aac0894006,09/04/2023 05:00:00 PM,2,BICYCLE,,,,,,,,,,,,,,,,,,,,,,,,,,,,,,,,,,,,,,,,,,,,,,,,,,,,,,,,,,,,,,,,,,
1653730,8d7d2e1ad21b4c038a7bffba4b7ad5800403663212fb9191d2e8b4d9937138086c76ae8c28ea763043ebd826d9fbad4b680795651092bb5fb700dd42e9dcb1fb,09/04/2023 08:50:00 AM,1,DRIVER,,1573820,,NISSAN,NISSAN Z,IL,2017,UNKNOWN,PASSENGER,PERSONAL,S,DRIVING WRONG WAY,Y,,1,,CITY TOW,CITY POUND 6,,Y,Y,,,,,,Y,Y,Y,Y,Y,,FRONT,,,,,,,,,,,,,,,,,,,,,,,,,,,,,,,,,
1653731,8d7d2e1ad21b4c038a7bffba4b7ad5800403663212fb9191d2e8b4d9937138086c76ae8c28ea763043ebd826d9fbad4b680795651092bb5fb700dd42e9dcb1fb,09/04/2023 08:50:00 AM,2,DRIVER,,1573891,,TOYOTA,COROLLA,WI,2006,UNKNOWN,PASSENGER,PERSONAL,N,STRAIGHT AHEAD,Y,,1,,CITY,RELOCATED IRVING/MONTROSE,,Y,Y,Y,,,,Y,Y,Y,Y,Y,Y,,TOTAL (ALL AREAS),,,,,,,,,,,,,,,,,,,,,,,,,,,,,,,,,
1652706,424784343f47b4b0265fb70073dfc2945df6f7af2e27677caf70f4bdc993f2d1e29f416e057f2056cfb2360fdac68f530c163134624ea69dfa4b78927661b252,09/02/2023 11:10:00 PM,1,DRIVER,3,1572836,,TESLA,MODEL 3,IL,2022,UNKNOWN,PASSENGER,PERSONAL,UNKNOWN,STRAIGHT AHEAD,,,4,,,,,Y,Y,Y,Y,Y,,,,,,,,,SIDE-RIGHT,,,,,,,,,,,,,,,,,,,,,,,,,,,,,,,,,
1652707,424784343f47b4b0265fb70073dfc2945df6f7af2e27677caf70f4bdc993f2d1e29f416e057f2056cfb2360fdac68f530c163134624ea69dfa4b78927661b252,09/02/2023 11:10:00 PM,2,DRIVER,,1572841,,TOYOTA,COROLLA,IL,2004,NONE,PASSENGER,PERSONAL,SE,TURNING RIGHT,,,1,,,,,,,,,,,,,,Y,Y,Y,,FRONT-LEFT-CORNER,,,,,,,,,,,,,,,,,,,,,,,,,,,,,,,,,
1650286,742604e74bb0fb354b70011f96b720f9c05b457f90a47b2e4eced6fadc4dd976f7d4624acea1d66fe2378cc50ed70d4df931ae69535dfb4df020ccb62668783f,08/30/2023 08:29:00 PM,1,BICYCLE,,,,,,,,,,,,,,,,,,,,,,,,,,,,,,,,,,,,,,,,,,,,,,,,,,,,,,,,,,,,,,,,,,
1650287,742604e74bb0fb354b70011f96b720f9c05b457f90a47b2e4eced6fadc4dd976f7d4624acea1d66fe2378cc50ed70d4df931ae69535dfb4df020ccb62668783f,08/30/2023 08:29:00 PM,2,DRIVER,,1570537,,NISSAN,MAXIMA,IL,2012,NONE,PASSENGER,PERSONAL,S,ENTERING TRAFFIC LANE FROM PARKING,,,1,,,,Y,,,,,,,,,,,,,,SIDE-LEFT,,,,,,,,,,,,,,,,,,,,,,,,,,,,,,,,,
1648678,ac909fff902ed64ce272257a213db476e3808ad008a1beb236304cd44d4ee5afb70000f2d13f11198cdb4153f20f7dca0e48e80415e79711f4f5a1bd944d39ce,08/28/2023 03:50:00 PM,1,DRIVER,,1568970,,HYUNDAI,TUCSON,IL,2019,UNKNOWN,UNKNOWN/NA,UNKNOWN/NA,S,TURNING LEFT,Y,,1,,PRIVATE,,,N,Y,Y,Y,Y,,,N,N,,N,N,,SIDE-RIGHT-REAR,,,,,,,,,,,,,,,,,,,,,,,,,,,,,,,,,
1648679,ac909fff902ed64ce272257a213db476e3808ad008a1beb236304cd44d4ee5afb70000f2d13f11198cdb4153f20f7dca0e48e80415e79711f4f5a1bd944d39ce,08/28/2023 03:50:00 PM,2,DRIVER,1,1568978,,CHEVROLET,EQUINOX,IL,2019,UNKNOWN,UNKNOWN/NA,UNKNOWN/NA,E,OTHER,Y,,2,,PRIVATE,,,Y,,,,,,,,,,Y,Y,,FRONT,,,,,,,,,,,,,,,,,,,,,,,,,,,,,,,,,
1647805,8e55c7bfb6848c2f4ef88badaa0d79ab700964b4f7191eeec099193d01745b296d922f11c1bea98ca3e2e07ce70f4ea9e2bd3f4a0be657d1335d49e5e45eca02,08/27/2023 01:50:00 PM,1,DRIVER,,1568140,,FORD,FUSION,IL,2017,UNKNOWN,PASSENGER,PERSONAL,W,TURNING LEFT,,,1,,,,,N,Y,Y,Y,,,,,,,,,,SIDE-RIGHT,,,,,,,,,,,,,,,,,,,,,,,,,,,,,,,,,
1647806,8e55c7bfb6848c2f4ef88badaa0d79ab700964b4f7191eeec099193d01745b296d922f11c1bea98ca3e2e07ce70f4ea9e2bd3f4a0be657d1335d49e5e45eca02,08/27/2023 01:50:00 PM,2,DRIVER,,1568148,,MERCEDES-BENZ,GLC,IL,2020,UNKNOWN,PASSENGER,PERSONAL,W,TURNING LEFT,,,1,,,,,,,,,,,,,,,,,Y,UNKNOWN,,,,,,,,,,,,,,,,,,,,,,,,,,,,,,,,,
1647746,aa538003cdee274c69ab477ca433cec7ba1995aef2b6bad445ab7001a44cb8411099f76105569f6a3600256e80f463bfca60484670f45ee090e1bbdb4b484795,08/27/2023 07:36:00 AM,2,PARKED,,1568084,N,GENERAL MOTORS CORPORATION (GMC),CANYON,IL,2016,NONE,PICKUP,COMMERCIAL - SINGLE UNIT,S,PARKED,,,0,,,,,,,,,,,Y,Y,Y,Y,Y,,,SIDE-LEFT,,,,,,,,,,,,,,,,,,,,,,,,,,,,,,,,,
1647747,aa538003cdee274c69ab477ca433cec7ba1995aef2b6bad445ab7001a44cb8411099f76105569f6a3600256e80f463bfca60484670f45ee090e1bbdb4b484795,08/27/2023 07:36:00 AM,3,PARKED,,1568086,,CHEVROLET,EQUINOX,IL,2020,NONE,PASSENGER,PERSONAL,S,PARKED,Y,,0,,,,,,,,,,Y,,,Y,Y,Y,,,SIDE-LEFT,,,,,,,,,,,,,,,,,,,,,,,,,,,,,,,,,
1647748,aa538003cdee274c69ab477ca433cec7ba1995aef2b6bad445ab7001a44cb8411099f76105569f6a3600256e80f463bfca60484670f45ee090e1bbdb4b484795,08/27/2023 07:36:00 AM,4,PARKED,,1568087,,FORD,ESCAPE,IL,2007,NONE,PASSENGER,PERSONAL,S,PARKED,,,0,,,,,,,,,,Y,,,,,,Y,,FRONT,,,,,,,,,,,,,,,,,,,,,,,,,,,,,,,,,
1647749,aa538003cdee274c69ab477ca433cec7ba1995aef2b6bad445ab7001a44cb8411099f76105569f6a3600256e80f463bfca60484670f45ee090e1bbdb4b484795,08/27/2023 07:36:00 AM,1,DRIVER,,1568088,,INFINITI,Q50,IL,2020,UNKNOWN,PASSENGER,PERSONAL,N,OTHER,,,1,,,,,,,,,,,,,,Y,Y,Y,N,FRONT-LEFT-CORNER,,,,,,,,,,,,,,,,,,,,,,,,,,,,,,,,,
1646349,70155d51da4147a00d5eb672fb7001ddbc1c8523be4b9deddffa3e8b8387a40696af49f6f8f43b8268bd9618fd51cfecf197c82ce1f623dd5719d1a86d431e81,08/25/2023 11:30:00 AM,1,DRIVER,,1566736,,BMW,OTHER (EXPLAIN IN NARRATIVE),IL,2022,NONE,PASSENGER,PERSONAL,E,SLOW/STOP IN TRAFFIC,,,1,,,,,,,,,,,,,,,Y,,,FRONT-LEFT-CORNER,,,,,,,,,,,,,,,,,,,,,,,,,,,,,,,,,
1646350,70155d51da4147a00d5eb672fb7001ddbc1c8523be4b9deddffa3e8b8387a40696af49f6f8f43b8268bd9618fd51cfecf197c82ce1f623dd5719d1a86d431e81,08/25/2023 11:30:00 AM,2,DRIVER,,1566739,,CHEVROLET,COBALT,IL,2005,NONE,PASSENGER,PERSONAL,S,STARTING IN TRAFFIC,,,1,,,,,Y,,,,,,,,,,,,,FRONT-RIGHT-CORNER,,,,,,,,,,,,,,,,,,,,,,,,,,,,,,,,,
1646339,c7d5af7192c9985b7008284f5c1bc533845560a66ba21315fcc39010c014070c54f12f69fbf5b7e1af853f6b79d1fcb5b38fed0db9d94d9b0fec5b53beb7808e,08/25/2023 11:00:00 AM,1,DRIVER,,1566729,,NEW FLYER,OTHER (EXPLAIN IN NARRATIVE),IL,2000,UNKNOWN,BUS OVER 15 PASS.,CTA,W,TURNING RIGHT,,,1,,,,,,,,,,,Y,Y,,,,,,SIDE-LEFT-REAR,,,,,,,,,,,,,,,,,,,,,,,,,,,,,,,,,
1646340,c7d5af7192c9985b7008284f5c1bc533845560a66ba21315fcc39010c014070c54f12f69fbf5b7e1af853f6b79d1fcb5b38fed0db9d94d9b0fec5b53beb7808e,08/25/2023 11:00:00 AM,2,DRIVER,,1566733,,CHEVROLET,SUBURBAN,IL,2022,UNKNOWN,PASSENGER,PERSONAL,W,STRAIGHT AHEAD,,,1,,,,,Y,,,,,,,,,,,,,FRONT-RIGHT-CORNER,,,,,,,,,,,,,,,,,,,,,,,,,,,,,,,,,