CRASH_UNIT_ID,CRASH_RECORD_ID,CRASH_DATE,UNIT_NO,UNIT_TYPE,NUM_PASSENGERS,VEHICLE_ID,CMRC_VEH_I,MAKE,MODEL,LIC_PLATE_STATE,VEHICLE_YEAR,VEHICLE_DEFECT,VEHICLE_TYPE,VEHICLE_USE,TRAVEL_DIRECTION,MANEUVER,TOWED_I,FIRE_I,OCCUPANT_CNT,EXCEED_SPEED_LIMIT_I,TOWED_BY,TOWED_TO,AREA_00_I,AREA_01_I,AREA_02_I,AREA_03_I,AREA_04_I,AREA_05_I,AREA_06_I,AREA_07_I,AREA_08_I,AREA_09_I,AREA_10_I,AREA_11_I,AREA_12_I,AREA_99_I,FIRST_CONTACT_POINT,CMV_ID,USDOT_NO,CCMC_NO,ILCC_NO,COMMERCIAL_SRC,GVWR,CARRIER_NAME,CARRIER_STATE,CARRIER_CITY,HAZMAT_PLACARDS_I,HAZMAT_NAME,UN_NO,HAZMAT_PRESENT_I,HAZMAT_REPORT_I,HAZMAT_REPORT_NO,MCS_REPORT_I,MCS_REPORT_NO,HAZMAT_VIO_CAUSE_CRASH_I,MCS_VIO_CAUSE_CRASH_I,IDOT_PERMIT_NO,WIDE_LOAD_I,TRAILER1_WIDTH,TRAILER2_WIDTH,TRAILER1_LENGTH,TRAILER2_LENGTH,TOTAL_VEHICLE_LENGTH,AXLE_CNT,VEHICLE_CONFIG,CARGO_BODY_TYPE,LOAD_TYPE,HAZMAT_OUT_OF_SERVICE_I,MCS_OUT_OF_SERVICE_I,HAZMAT_CLASS
1645884,0479411f5eba62e526e89c43664e075300cbd8e566072e330b7228fa42a03d7801868d7c0c9628fcd1211e5d6379cf95b5c3321a3773898ca706d89293b70024,08/24/2023 03:42:00 PM,1,DRIVER,1,1566350,,HONDA,PILOT,IL,2008,NONE,PASSENGER,PERSONAL,E,STRAIGHT AHEAD,,,2,,,,,,,,,,,,,,,,Y,,FRONT,,,,,,,,,,,,,,,,,,,,,,,,,,,,,,,,,
1645885,0479411f5eba62e526e89c43664e075300cbd8e566072e330b7228fa42a03d7801868d7c0c9628fcd1211e5d6379cf95b5c3321a3773898ca706d89293b70024,08/24/2023 03:42:00 PM,2,DRIVER,1,1566355,,CHEVROLET,EQUINOX,IL,2018,NONE,PASSENGER,PERSONAL,N,STRAIGHT AHEAD,Y,,2,,,,,,,,,,,Y,Y,,,,,,REAR-LEFT-CORNER,,,,,,,,,,,,,,,,,,,,,,,,,,,,,,,,,
1644856,02c24df036e2962e775680a2b9944615330d98daf1fa148e982d15ab15db4933e9924b7002d3d7b3ab095a2fc07c6eb2e0f52e3ac045e735caba74ddb0485146,08/23/2023 08:39:00 AM,1,DRIVER,,1565292,,JEEP,RENEGADE,IL,2017,NONE,PASSENGER,PERSONAL,N,STRAIGHT AHEAD,N,,1,,,,,Y,,,,,,,,,,Y,Y,,FRONT,,,,,,,,,,,,,,,,,,,,,,,,,,,,,,,,,
1644857,02c24df036e2962e775680a2b9944615330d98daf1fa148e982d15ab15db4933e9924b7002d3d7b3ab095a2fc07c6eb2e0f52e3ac045e735caba74ddb0485146,08/23/2023 08:39:00 AM,2,DRIVER,,1565299,,JEEP,CHEROKEE,IL,2014,NONE,PASSENGER,PERSONAL,N,STRAIGHT AHEAD,,,1,,,,,,,,,Y,Y,Y,,,,,,,REAR,,,,,,,,,,,,,,,,,,,,,,,,,,,,,,,,,
1648763,efac529917ffb1ddbbbe14374f66b79c3cd4c819d492ef69f6ecb29771021f4c32bd3bec642ff3d23ac425ec596e7fe3732eb7b700705057fe074ff9ba3a91cc,08/22/2023 06:10:00 AM,2,DRIVER,,1569044,,JEEP,GRAND CHEROKEE,IL,2017,UNKNOWN,UNKNOWN/NA,UNKNOWN/NA,SE,TURNING RIGHT,,,1,,,,,,,,,,,,,Y,Y,,,,SIDE-LEFT-FRONT,,,,,,,,,,,,,,,,,,,,,,,,,,,,,,,,,
1648764,efac529917ffb1ddbbbe14374f66b79c3cd4c819d492ef69f6ecb29771021f4c32bd3bec642ff3d23ac425ec596e7fe3732eb7b700705057fe074ff9ba3a91cc,08/22/2023 06:10:00 AM,1,DRIVER,,1569045,,JEEP,COMPASS,IL,2023,NONE,PASSENGER,PERSONAL,SE,TURNING LEFT,,,1,,,,,Y,,,,,,,,,,,Y,,FRONT-RIGHT-CORNER,,,,,,,,,,,,,,,,,,,,,,,,,,,,,,,,,
1643739,9e5df8c1d0a1151cfe72807d3731fc98f781fd5f233523d5d2d8b700917d64892e1956545813bd7ee01fcc34496019ee8052d4413694025bd5c750bc9bc23a0b,08/21/2023 05:40:00 PM,1,DRIVER,,1564262,,FORD,EXPLORER,IL,2017,NONE,PASSENGER,UNKNOWN/NA,S,STRAIGHT AHEAD,Y,,1,,private,unknown,,Y,,,,,,,,,,,,,FRONT-RIGHT-CORNER,,,,,,,,,,,,,,,,,,,,,,,,,,,,,,,,,
1643740,9e5df8c1d0a1151cfe72807d3731fc98f781fd5f233523d5d2d8b700917d64892e1956545813bd7ee01fcc34496019ee8052d4413694025bd5c750bc9bc23a0b,08/21/2023 05:40:00 PM,2,DRIVERLESS,,1564271,,LINCOLN,AVIATOR,IL,2018,UNKNOWN,PASSENGER,NOT IN USE,S,PARKED,,,0,,,,,,,,,,,Y,,,,,,,SIDE-LEFT-REAR,,,,,,,,,,,,,,,,,,,,,,,,,,,,,,,,,
1646341,efac529917ffb1ddbbbe14374f66b79c3cd4c819d492ef69f6ecb29771021f4c32bd3bec642ff3d23ac425ec596e7fe3732eb7b700705057fe074ff9ba3a91cc,08/21/2023 06:10:00 AM,1,DRIVER,,1566728,,UNKNOWN,OTHER (EXPLAIN IN NARRATIVE),IL,,UNKNOWN,UNKNOWN/NA,UNKNOWN/NA,SE,TURNING RIGHT,,,1,,,,,,,,,,,,,Y,Y,,,,SIDE-LEFT-FRONT,,,,,,,,,,,,,,,,,,,,,,,,,,,,,,,,,
1646342,efac529917ffb1ddbbbe14374f66b79c3cd4c819d492ef69f6ecb29771021f4c32bd3bec642ff3d23ac425ec596e7fe3732eb7b700705057fe074ff9ba3a91cc,08/21/2023 06:10:00 AM,2,DRIVER,,1566730,,JEEP,COMPASS,IL,2023,NONE,PASSENGER,PERSONAL,SE,TURNING LEFT,,,1,,,,,Y,,,,,,,,,,,Y,,FRONT-RIGHT-CORNER,,,,,,,,,,,,,,,,,,,,,,,,,,,,,,,,,
1642275,888279e2ef3d61a790e29deb4bc05f41224b5af61c316693336e36d2619334f039ba10d1010507b7001a900bd04054af88713390687cc2409ee56ecf136baaee,08/19/2023 02:50:00 PM,1,DRIVER,,1562864,,GENERAL MOTORS CORPORATION (GMC),SIERRA,IL,2018,UNKNOWN,PICKUP,PERSONAL,S,BACKING,,,1,,,,,,,,,,Y,,,,,,,,REAR,,,,,,,,,,,,,,,,,,,,,,,,,,,,,,,,,
1642276,888279e2ef3d61a790e29deb4bc05f41224b5af61c316693336e36d2619334f039ba10d1010507b7001a900bd04054af88713390687cc2409ee56ecf136baaee,08/19/2023 02:50:00 PM,2,DRIVER,,1562865,,FORD,FOCUS,IL,2015,UNKNOWN,PASSENGER,PERSONAL,S,OTHER,,,1,,,,,,,,,,,,,,,,Y,,FRONT,,,,,,,,,,,,,,,,,,,,,,,,,,,,,,,,,
1639904,143d5ddd0f4d78e1cffafe0a3e68c4811e0d82e5ae2ec8f7f6f730ddcc50cc27443e9410f92ee8899d247bab700c4b9eea6dcc573f3035f4789f96374d0a6246,08/16/2023 10:00:00 AM,1,DRIVER,,1560576,,UNKNOWN,OTHER (EXPLAIN IN NARRATIVE),,,UNKNOWN,UNKNOWN/NA,UNKNOWN/NA,UNKNOWN,UNKNOWN/NA,,,1,,,,,,,,,,,,,,,,,Y,UNKNOWN,,,,,,,,,,,,,,,,,,,,,,,,,,,,,,,,,
1639905,143d5ddd0f4d78e1cffafe0a3e68c4811e0d82e5ae2ec8f7f6f730ddcc50cc27443e9410f92ee8899d247bab700c4b9eea6dcc573f3035f4789f96374d0a6246,08/16/2023 10:00:00 AM,2,PARKED,,1560585,,SCION,TC,IL,2013,NONE,PASSENGER,NOT IN USE,E,PARKED,,,0,,,,,,Y,Y,Y,,,,,,,,,,SIDE-RIGHT,,,,,,,,,,,,,,,,,,,,,,,,,,,,,,,,,
1639362,386ac6146625a91184fd0e50133ae51643c7d377724b9e95ad22d4ae204d2e9209c172ec4b7000da928e0f699d7063d5f6fccec12b8069ddf12e14682b0b9b25,08/15/2023 02:40:00 PM,1,DRIVER,,1560067,,DODGE,AVENGER,IL,2011,UNKNOWN,PASSENGER,UNKNOWN/NA,W,BACKING,,,1,,,,,,,,,,Y,,,,,,,,REAR,,,,,,,,,,,,,,,,,,,,,,,,,,,,,,,,,
1639363,386ac6146625a91184fd0e50133ae51643c7d377724b9e95ad22d4ae204d2e9209c172ec4b7000da928e0f699d7063d5f6fccec12b8069ddf12e14682b0b9b25,08/15/2023 02:40:00 PM,2,PARKED,1,1560072,,MAZDA,CX-9,IL,2012,NONE,SPORT UTILITY VEHICLE (SUV),PERSONAL,E,PARKED,,,1,,,,,,,,,,,,,,,,Y,,FRONT,,,,,,,,,,,,,,,,,,,,,,,,,,,,,,,,,
1638962,fbece9c5640114988a9217043fe613606d0620f8367dd60486adba21c457bb700eb24be651cae96d3104dc17fc6ef17d981272773840628478d7c8ad1c353d49,08/14/2023 06:40:00 PM,1,DRIVER,2,1559672,,CHEVROLET,OTHER (EXPLAIN IN NARRATIVE),IL,2012,NONE,PASSENGER,PERSONAL,W,TURNING LEFT,,,3,,,,,,,,,,,,,,,Y,,,FRONT-LEFT-CORNER,,,,,,,,,,,,,,,,,,,,,,,,,,,,,,,,,
1638963,fbece9c5640114988a9217043fe613606d0620f8367dd60486adba21c457bb700eb24be651cae96d3104dc17fc6ef17d981272773840628478d7c8ad1c353d49,08/14/2023 06:40:00 PM,2,DRIVER,,1559683,,HONDA,MOTORCYCLE,IL,1980,NONE,MOTORCYCLE (OVER 150CC),PERSONAL,N,STRAIGHT AHEAD,,,1,,,,,,,,,,,,,,,,Y,,FRONT-RIGHT-CORNER,,,,,,,,,,,,,,,,,,,,,,,,,,,,,,,,,
1638757,2571cfd64aa94d63324a6f1342181b38c3645c290f9df0aafb40a479464d57dc059eb8cd8caa262f0c076e66651b6135e738ee6e7f435bfb7092f38548b7007f,08/14/2023 04:07:00 PM,1,DRIVER,2,1559474,,FORD,SUPER DUTY,IL,2008,NONE,PICKUP,OTHER,W,STRAIGHT AHEAD,,,3,,,,,Y,Y,Y,Y,Y,,,,,,,,,SIDE-RIGHT,,,,,,,,,,,,,,,,,,,,,,,,,,,,,,,,,
1638758,2571cfd64aa94d63324a6f1342181b38c3645c290f9df0aafb40a479464d57dc059eb8cd8caa262f0c076e66651b6135e738ee6e7f435bfb7092f38548b7007f,08/14/2023 04:07:00 PM,2,PARKED,,1559483,,HONDA,CR-V,IL,1999,NONE,PASSENGER,PERSONAL,W,PARKED,Y,,0,,private tow,home,,,,,,,Y,Y,Y,Y,,,,,REAR-LEFT-CORNER,,,,,,,,,,,,,,,,,,,,,,,,,,,,,,,,,
1638332,238ab92528eda6ac422589ca119289e4dceefa75171624d0a69ed58dc4c4445e1569ca9f1e2caba38b700639e3d5d63016b6621b85d2a106051844d105011488,08/13/2023 09:48:00 PM,1,DRIVER,,1559058,,NISSAN,SENTRA,IL,2023,UNKNOWN,PASSENGER,PERSONAL,SE,MERGING,,,1,,,,,,,,,,,,,,Y,Y,,,FRONT-LEFT-CORNER,,,,,,,,,,,,,,,,,,,,,,,,,,,,,,,,,
1638333,238ab92528eda6ac422589ca119289e4dceefa75171624d0a69ed58dc4c4445e1569ca9f1e2caba38b700639e3d5d63016b6621b85d2a106051844d105011488,08/13/2023 09:48:00 PM,2,DRIVER,1,1559061,,DODGE,DURANGO,IL,2022,NONE,SPORT UTILITY VEHICLE (SUV),PERSONAL,S,STRAIGHT AHEAD,,,2,,,,,Y,Y,,,,,,,,,,,,FRONT-RIGHT-CORNER,,,,,,,,,,,,,,,,,,,,,,,,,,,,,,,,,
1636326,48a8c43c723dcafb467adbe6427deb643711401b6927825ba93917178edcd99a06d9fe193d91975ae7da8c6a385f6f676903e1d5a000556a2bab70086d610527,08/10/2023 06:30:00 PM,1,DRIVER,,1557136,,TOYOTA,COROLLA,IL,2020,UNKNOWN,PASSENGER,PERSONAL,S,AVOIDING VEHICLES/OBJECTS,,,1,,,,,,,,,,,,,,,,,Y,UNKNOWN,,,,,,,,,,,,,,,,,,,,,,,,,,,,,,,,,
1636327,48a8c43c723dcafb467adbe6427deb643711401b6927825ba93917178edcd99a06d9fe193d91975ae7da8c6a385f6f676903e1d5a000556a2bab70086d610527,08/10/2023 06:30:00 PM,2,DRIVERLESS,,1557139,,HONDA,ACCORD,IL,2021,NONE,PASSENGER,PERSONAL,S,PARKED,Y,,0,,,,,,,,,,,,,,,,,Y,UNKNOWN,,,,,,,,,,,,,,,,,,,,,,,,,,,,,,,,,
1635715,36c01ac67d91151deb6cca95c8922ced4e3bc8c1deb700386581fec3af3e3ae0349262e15da1a8957b57080e327403468e756392d6e8b1c28d3542fda35841cd,08/09/2023 06:02:00 PM,1,DRIVER,,1556554,,TOYOTA,RAV4,IL,2020,NONE,PASSENGER,PERSONAL,S,STRAIGHT AHEAD,,,1,,,,,Y,Y,Y,Y,,,,,,,,,,SIDE-RIGHT-FRONT,,,,,,,,,,,,,,,,,,,,,,,,,,,,,,,,,
1635716,36c01ac67d91151deb6cca95c8922ced4e3bc8c1deb700386581fec3af3e3ae0349262e15da1a8957b57080e327403468e756392d6e8b1c28d3542fda35841cd,08/09/2023 06:02:00 PM,2,PARKED,,1556557,,SUBARU,OUTBACK,IL,2021,UNKNOWN,PASSENGER,PERSONAL,S,PARKED,,,0,,,,,,,,,,,,,,,Y,,,SIDE-LEFT-FRONT,,,,,,,,,,,,,,,,,,,,,,,,,,,,,,,,,
1635758,2b865b700396bbc162c1c3c7a6e322e4afc38ce255c350628eef31dd857078e5f7fe7634f538683752c5c4c07fe0a05127fb286ab32dab6b9893559b241d60e2,08/09/2023 02:00:00 PM,1,DRIVER,,1556595,,UNKNOWN,OTHER (EXPLAIN IN NARRATIVE),,,UNKNOWN,UNKNOWN/NA,UNKNOWN/NA,UNKNOWN,UNKNOWN/NA,,,1,,,,,,,,,,,,,,,,,Y,UNKNOWN,,,,,,,,,,,,,,,,,,,,,,,,,,,,,,,,,
1635759,2b865b700396bbc162c1c3c7a6e322e4afc38ce255c350628eef31dd857078e5f7fe7634f538683752c5c4c07fe0a05127fb286ab32dab6b9893559b241d60e2,08/09/2023 02:00:00 PM,2,PARKED,,1556597,,CHEVROLET,TRAVERSE,IL,2022,UNKNOWN,SPORT UTILITY VEHICLE (SUV),NOT IN USE,UNKNOWN,PARKED,,,0,,,,,,,,,,,,Y,,,Y,,,UNKNOWN,,,,,,,,,,,,,,,,,,,,,,,,,,,,,,,,,
1633885,c748595d1d5b1dffe67fa376836ccf42c498c61c54dec211e5d4e50e6d5d4d9b51826975b56c3daffe76fe41cc208aebdb85b804de75dfa4bd431a0f62b700ff,08/06/2023 03:15:00 PM,1,DRIVER,,1554795,,UNKNOWN,OTHER (EXPLAIN IN NARRATIVE),,,UNKNOWN,UNKNOWN/NA,UNKNOWN/NA,UNKNOWN,UNKNOWN/NA,,,1,,,,,,,,,,,,,,,,,Y,UNKNOWN,,,,,,,,,,,,,,,,,,,,,,,,,,,,,,,,,
1633886,c748595d1d5b1dffe67fa376836ccf42c498c61c54dec211e5d4e50e6d5d4d9b51826975b56c3daffe76fe41cc208aebdb85b804de75dfa4bd431a0f62b700ff,08/06/2023 03:15:00 PM,2,PARKED,,1554793,,INFINITI,QX50,IL,2020,NONE,PASSENGER,PERSONAL,E,PARKED,,,0,,,,,,Y,Y,Y,Y,,,,,,,,,SIDE-RIGHT,,,,,,,,,,,,,,,,,,,,,,,,,,,,,,,,,
1633589,3e059f508d315c6071190f166134fcf1bdb3359c30894de75ee30885531cb584d49a262c3c2430b96351b76522f837c72f819f38c0d4cba72c1a860b7004455c,08/06/2023 12:00:00 PM,1,DRIVER,,1554509,,UNKNOWN,OTHER (EXPLAIN IN NARRATIVE),,,UNKNOWN,UNKNOWN/NA,UNKNOWN/NA,UNKNOWN,UNKNOWN/NA,,,1,,,,,,,,,,,,,,,,,,UNKNOWN,,,,,,,,,,,,,,,,,,,,,,,,,,,,,,,,,
1633590,3e059f508d315c6071190f166134fcf1bdb3359c30894de75ee30885531cb584d49a262c3c2430b96351b76522f837c72f819f38c0d4cba72c1a860b7004455c,08/06/2023 12:00:00 PM,2,PARKED,,1554512,,FORD,OTHER (EXPLAIN IN NARRATIVE),,,UNKNOWN,BUS UP TO 15 PASS.,NOT IN USE,E,PARKED,,,0,,,,,,,,,,,Y,,,,,,,REAR-LEFT-CORNER,,,,,,,,,,,,,,,,,,,,,,,,,,,,,,,,,
1633540,012f162e867055d823512c1649ed794413dd78d0b700694d23db903fa25d787cc93c598accfdb5b78b198551bf5f7d2ef153a6c8e2ca8a09a05f50396237329c,08/06/2023 01:30:00 AM,1,DRIVER,,1554462,,CHEVROLET,SILVERADO,IL,2001,NONE,PASSENGER,PERSONAL,W,STRAIGHT AHEAD,,,1,,,,,,,,,,,,,,,,Y,Y,FRONT,,,,,,,,,,,,,,,,,,,,,,,,,,,,,,,,,
1633541,012f162e867055d823512c1649ed794413dd78d0b700694d23db903fa25d787cc93c598accfdb5b78b198551bf5f7d2ef153a6c8e2ca8a09a05f50396237329c,08/06/2023 01:30:00 AM,2,DRIVER,,1554463,,CHEVROLET,SUBURBAN,IL,2023,UNKNOWN,SPORT UTILITY VEHICLE (SUV),TAXI/FOR HIRE,W,STRAIGHT AHEAD,,,1,,,,,,,,,,,,,,,,,,REAR,,,,,,,,,,,,,,,,,,,,,,,,,,,,,,,,,
1633030,e3e907535a0a8e277afab700f4f83e14ac4f720dfce28b04224ef700863fbd4780c7f104440759a3c9c825b9ea458688eaa961ca97d7c5f82f2b2dfa0fdad335,08/05/2023 03:50:00 PM,1,DRIVER,,1553965,,DODGE,GRAND CARAVAN,IL,2019,NONE,VAN/MINI-VAN,PERSONAL,S,STRAIGHT AHEAD,,,1,,,,,Y,Y,Y,,,,,,,,,,,FRONT-RIGHT-CORNER,,,,,,,,,,,,,,,,,,,,,,,,,,,,,,,,,
1633031,e3e907535a0a8e277afab700f4f83e14ac4f720dfce28b04224ef700863fbd4780c7f104440759a3c9c825b9ea458688eaa961ca97d7c5f82f2b2dfa0fdad335,08/05/2023 03:50:00 PM,2,DRIVER,1,1553974,,FORD,EXPLORER,IL,2010,NONE,SPORT UTILITY VEHICLE (SUV),PERSONAL,S,STRAIGHT AHEAD,,,2,,,,,,,,,,,Y,Y,Y,,,,,REAR-LEFT-CORNER,,,,,,,,,,,,,,,,,,,,,,,,,,,,,,,,,
1634840,331eaa5f7e11682ca1b5202e07be2def0bfa44ee74c705c91d2790044f1737dad4b2b5222495b4304257b7009cd7fcff241afc23654b3f73a46f52b46752b997,08/04/2023 11:20:00 PM,1,DRIVER,,1555710,,HYUNDAI,SONATA,IL,2013,UNKNOWN,PASSENGER,PERSONAL,N,CHANGING LANES,,,1,,,,,,Y,Y,Y,,,,,,,,,,SIDE-LEFT-REAR,,,,,,,,,,,,,,,,,,,,,,,,,,,,,,,,,
1634841,331eaa5f7e11682ca1b5202e07be2def0bfa44ee74c705c91d2790044f1737dad4b2b5222495b4304257b7009cd7fcff241afc23654b3f73a46f52b46752b997,08/04/2023 11:20:00 PM,2,DRIVER,2,1555711,,HONDA,CIVIC,IL,2002,UNKNOWN,PASSENGER,PERSONAL,N,SLOW/STOP IN TRAFFIC,,,3,,,,,,,,,,,Y,,,,,,,REAR-LEFT-CORNER,,,,,,,,,,,,,,,,,,,,,,,,,,,,,,,,,
1637198,331eaa5f7e11682ca1b5202e07be2def0bfa44ee74c705c91d2790044f1737dad4b2b5222495b4304257b7009cd7fcff241afc23654b3f73a46f52b46752b997,08/04/2023 11:20:00 PM,1,DRIVER,,1557965,,HYUNDAI,SONATA,IL,2013,UNKNOWN,PASSENGER,PERSONAL,N,CHANGING LANES,,,1,,,,,,Y,Y,Y,,,,,,,,,,SIDE-LEFT-REAR,,,,,,,,,,,,,,,,,,,,,,,,,,,,,,,,,
1637199,331eaa5f7e11682ca1b5202e07be2def0bfa44ee74c705c91d2790044f1737dad4b2b5222495b4304257b7009cd7fcff241afc23654b3f73a46f52b46752b997,08/04/2023 11:20:00 PM,2,DRIVER,2,1557966,,HONDA,CIVIC,IL,2002,UNKNOWN,PASSENGER,PERSONAL,N,SLOW/STOP IN TRAFFIC,,,3,,,,,,,,,,,Y,,,,,,,REAR-LEFT-CORNER,,,,,,,,,,,,,,,,,,,,,,,,,,,,,,,,,
1631580,60ff454e2a404d21bcc5a431bba3a2bcd427c8e75278cc546c5c4624aa27f99eb75df369aa96944796dc5fc6127bd913b70065f10af3bbeee88918b76d8d0298,08/03/2023 05:18:00 PM,1,PARKED,2,1552588,,INFINITI,Q60,IL,2017,UNKNOWN,PASSENGER,PERSONAL,W,PARKED,,,2,,,,,,,,,,,,,Y,Y,Y,,,SIDE-LEFT,,,,,,,,,,,,,,,,,,,,,,,,,,,,,,,,,
1631581,60ff454e2a404d21bcc5a431bba3a2bcd427c8e75278cc546c5c4624aa27f99eb75df369aa96944796dc5fc6127bd913b70065f10af3bbeee88918b76d8d0298,08/03/2023 05:18:00 PM,2,DRIVER,,1552603,,FORD,FOCUS,IL,2018,UNKNOWN,PASSENGER,PERSONAL,W,STRAIGHT AHEAD,,,1,,,,,Y,Y,Y,Y,,,,,,,,,,FRONT-RIGHT-CORNER,,,,,,,,,,,,,,,,,,,,,,,,,,,,,,,,,
1631345,5b7419996f38ea843fba7f410bfa91a32a6dc74699b7294920b700d31ba28076687a04bc703ad1beb89def8a5dcd374e8cfc057ad5d1f10321bb7a362e32363b,08/03/2023 07:04:00 AM,1,DRIVER,,1552357,,HONDA,OTHER (EXPLAIN IN NARRATIVE),IL,2016,UNKNOWN,PASSENGER,PERSONAL,N,STRAIGHT AHEAD,,,1,,,,,Y,Y,Y,Y,Y,,,,,,,,,SIDE-RIGHT,,,,,,,,,,,,,,,,,,,,,,,,,,,,,,,,,
1631346,5b7419996f38ea843fba7f410bfa91a32a6dc74699b7294920b700d31ba28076687a04bc703ad1beb89def8a5dcd374e8cfc057ad5d1f10321bb7a362e32363b,08/03/2023 07:04:00 AM,2,DRIVER,,1552370,,COOK SEMI TRAILER,COOK SEMI TRAILER,IL,,UNKNOWN,PASSENGER,NOT IN USE,N,STRAIGHT AHEAD,,,1,,,,,,,,,,Y,Y,Y,,,,,,REAR-LEFT-CORNER,,,,,,,,,,,,,,,,,,,,,,,,,,,,,,,,,
1635142,13ec48fd650281032a5c0df9d543f280ca67ecc2b69fc3fbf0fc575887c19fa96b700366df31a6b5d81af70f2b0200bd2e9ee2900de6836b1481278249b48f30,08/02/2023 04:30:00 PM,1,DRIVER,,1556002,,DODGE,DART,IL,2014,UNKNOWN,PASSENGER,PERSONAL,S,STRAIGHT AHEAD,,,1,,,,,,,,,,,,,,,,Y,,FRONT,,,,,,,,,,,,,,,,,,,,,,,,,,,,,,,,,
1635143,13ec48fd650281032a5c0df9d543f280ca67ecc2b69fc3fbf0fc575887c19fa96b700366df31a6b5d81af70f2b0200bd2e9ee2900de6836b1481278249b48f30,08/02/2023 04:30:00 PM,2,DRIVER,,1556005,,HONDA,CR-V,IL,2022,NONE,PASSENGER,PERSONAL,S,STRAIGHT AHEAD,,,1,,,,,,,,,,Y,Y,,,,,,,REAR-LEFT-CORNER,,,,,,,,,,,,,,,,,,,,,,,,,,,,,,,,,
1628735,2aa9adc53ea5112406ecec9d9a7af21d4973345a9420a259b5640e13e71d8ef233812bc23ee761261c8ab7001080d3626638acbe69fc488a95e23524da67ead3,07/28/2023 04:30:00 PM,1,DRIVER,,1549919,,CHEVROLET,TAHOE,IL,2004,UNKNOWN,PASSENGER,PERSONAL,N,OTHER,,,1,,,,,Y,Y,,,,,,,,,,Y,,FRONT-RIGHT-CORNER,,,,,,,,,,,,,,,,,,,,,,,,,,,,,,,,,
1628736,2aa9adc53ea5112406ecec9d9a7af21d4973345a9420a259b5640e13e71d8ef233812bc23ee761261c8ab7001080d3626638acbe69fc488a95e23524da67ead3,07/28/2023 04:30:00 PM,2,DRIVER,1,1549920,,NISSAN,SENTRA,IL,2019,NONE,PASSENGER,PERSONAL,N,STRAIGHT AHEAD,,,2,,,,,,,,,,,,Y,Y,Y,N,,,SIDE-LEFT-FRONT,,,,,,,,,,,,,,,,,,,,,,,,,,,,,,,,,
1634294,ad66a7f629c2cc63bddd633c9d538f8594ae07375ec4cf83583e1db72aca8d3835b79183e8bb18c4ea648582c97027bfb61ffc921b447d4dc18c13fe3f3ab700,07/23/2023 03:45:00 PM,1,DRIVER,,1555189,,NISSAN,ALTIMA,,2011,UNKNOWN,UNKNOWN/NA,UNKNOWN/NA,UNKNOWN,UNKNOWN/NA,,,1,,,,,,,,,,,,,,,,,Y,FRONT-LEFT-CORNER,,,,,,,,,,,,,,,,,,,,,,,,,,,,,,,,,
1634295,ad66a7f629c2cc63bddd633c9d538f8594ae07375ec4cf83583e1db72aca8d3835b79183e8bb18c4ea648582c97027bfb61ffc921b447d4dc18c13fe3f3ab700,07/23/2023 03:45:00 PM,2,DRIVER,,1555197,,SCION,XD,IL,2010,UNKNOWN,UNKNOWN/NA,PERSONAL,UNKNOWN,UNKNOWN/NA,,,1,,,,,Y,,,,,,,,,,,,,FRONT-RIGHT-CORNER,,,,,,,,,,,,,,,,,,,,,,,,,,,,,,,,,
1623520,99c155a0d1cda22e9c2968980526f58050a89eec93dee6cc72d3b70063268bbd8441dc4fce0d7549ddbdcc02bfc95487994043691a488e3c8bc3122923fa2acc,07/22/2023 05:52:00 PM,1,DRIVER,,1544920,,FORD,OTHER (EXPLAIN IN NARRATIVE),IL,2023,NONE,UNKNOWN/NA,UNKNOWN/NA,NW,TURNING RIGHT,,,1,,,,,Y,,,,,,,,,,N,Y,,FRONT-RIGHT-CORNER,,,,,,,,,,,,,,,,,,,,,,,,,,,,,,,,,
1623521,99c155a0d1cda22e9c2968980526f58050a89eec93dee6cc72d3b70063268bbd8441dc4fce0d7549ddbdcc02bfc95487994043691a488e3c8bc3122923fa2acc,07/22/2023 05:52:00 PM,2,DRIVER,1,1544927,,HYUNDAI,ACCENT,IL,2022,NONE,PASSENGER,PERSONAL,N,STRAIGHT AHEAD,,,2,,,,,,,,,Y,,,,,,,,,REAR-RIGHT-CORNER,,,,,,,,,,,,,,,,,,,,,,,,,,,,,,,,,
1629387,57298395b39d513ed256f4526b184e43d3e93913b3f7d6142bdb5ed63edb5503adbabaf1bc7493ba4f0126e9440055fa823cfb05df016c07cfa15b7003a17ffc,07/22/2023 02:30:00 AM,1,DRIVER,,1550514,,GENERAL MOTORS CORPORATION (GMC),ACADIA,IL,2017,UNKNOWN,PASSENGER,UNKNOWN/NA,E,STRAIGHT AHEAD,,,1,,,,,,,,,N,,,,,,,Y,,FRONT,,,,,,,,,,,,,,,,,,,,,,,,,,,,,,,,,