CRASH_UNIT_ID,CRASH_RECORD_ID,CRASH_DATE,UNIT_NO,UNIT_TYPE,NUM_PASSENGERS,VEHICLE_ID,CMRC_VEH_I,MAKE,MODEL,LIC_PLATE_STATE,VEHICLE_YEAR,VEHICLE_DEFECT,VEHICLE_TYPE,VEHICLE_USE,TRAVEL_DIRECTION,MANEUVER,TOWED_I,FIRE_I,OCCUPANT_CNT,EXCEED_SPEED_LIMIT_I,TOWED_BY,TOWED_TO,AREA_00_I,AREA_01_I,AREA_02_I,AREA_03_I,AREA_04_I,AREA_05_I,AREA_06_I,AREA_07_I,AREA_08_I,AREA_09_I,AREA_10_I,AREA_11_I,AREA_12_I,AREA_99_I,FIRST_CONTACT_POINT,CMV_ID,USDOT_NO,CCMC_NO,ILCC_NO,COMMERCIAL_SRC,GVWR,CARRIER_NAME,CARRIER_STATE,CARRIER_CITY,HAZMAT_PLACARDS_I,HAZMAT_NAME,UN_NO,HAZMAT_PRESENT_I,HAZMAT_REPORT_I,HAZMAT_REPORT_NO,MCS_REPORT_I,MCS_REPORT_NO,HAZMAT_VIO_CAUSE_CRASH_I,MCS_VIO_CAUSE_CRASH_I,IDOT_PERMIT_NO,WIDE_LOAD_I,TRAILER1_WIDTH,TRAILER2_WIDTH,TRAILER1_LENGTH,TRAILER2_LENGTH,TOTAL_VEHICLE_LENGTH,AXLE_CNT,VEHICLE_CONFIG,CARGO_BODY_TYPE,LOAD_TYPE,HAZMAT_OUT_OF_SERVICE_I,MCS_OUT_OF_SERVICE_I,HAZMAT_CLASS
1629388,57298395b39d513ed256f4526b184e43d3e93913b3f7d6142bdb5ed63edb5503adbabaf1bc7493ba4f0126e9440055fa823cfb05df016c07cfa15b7003a17ffc,07/22/2023 02:30:00 AM,2,DRIVER,,1550520,,TOYOTA,TACOMA,FL,,UNKNOWN,PASSENGER,PERSONAL,NE,TURNING LEFT,,,1,,,,,,,,,Y,,,,,,,,,REAR-RIGHT-CORNER,,,,,,,,,,,,,,,,,,,,,,,,,,,,,,,,,
1621340,993df802eccaf4d1d6e245f079c10d2bbea4b20819fcada4b27df59b3acf56c92d59f2535abb44ae100ef58bd8cd649f79a4935227eb700746aa9cbe161c5cb7,07/19/2023 03:10:00 PM,1,DRIVER,,1542850,,JEEP,WRANGLER,NJ,2017,UNKNOWN,PASSENGER,UNKNOWN/NA,N,UNKNOWN/NA,,,1,,,,,,,,,Y,Y,Y,,,,,,,REAR,,,,,,,,,,,,,,,,,,,,,,,,,,,,,,,,,
1621341,993df802eccaf4d1d6e245f079c10d2bbea4b20819fcada4b27df59b3acf56c92d59f2535abb44ae100ef58bd8cd649f79a4935227eb700746aa9cbe161c5cb7,07/19/2023 03:10:00 PM,2,PARKED,1,1542855,,UNKNOWN,OTHER (EXPLAIN IN NARRATIVE),IL,2022,UNKNOWN,VAN/MINI-VAN,OTHER,UNKNOWN,PARKED,,,1,,,,,,,,,,,,,Y,Y,Y,Y,,SIDE-LEFT-FRONT,,,,,,,,,,,,,,,,,,,,,,,,,,,,,,,,,
1620478,1494bf07bd70ce12f988a3c0c18fb12077a77464ac906f773ecef5917eee7bb78804750d13da7e1761b700370aebcfdaa8c35e4a1b83aa770b5e600f487824ed,07/18/2023 12:30:00 PM,1,DRIVER,,1542018,,LEXUS,OTHER (EXPLAIN IN NARRATIVE),,,UNKNOWN,SPORT UTILITY VEHICLE (SUV),UNKNOWN/NA,N,STRAIGHT AHEAD,,,1,,,,,,,,,,,,,,,,,Y,FRONT-RIGHT-CORNER,,,,,,,,,,,,,,,,,,,,,,,,,,,,,,,,,
1620479,1494bf07bd70ce12f988a3c0c18fb12077a77464ac906f773ecef5917eee7bb78804750d13da7e1761b700370aebcfdaa8c35e4a1b83aa770b5e600f487824ed,07/18/2023 12:30:00 PM,2,PARKED,,1542022,,FORD,ESCAPE,IL,2019,NONE,SPORT UTILITY VEHICLE (SUV),NOT IN USE,UNKNOWN,PARKED,,,0,,,,,,,,,,,Y,Y,Y,Y,Y,,,REAR-LEFT-CORNER,,,,,,,,,,,,,,,,,,,,,,,,,,,,,,,,,
1620157,35668ceab7005bc1b261487f3a6da003e01d200273c5c5c146eedb7c7eda015e30abb8bc7d741dbbf87c0c4a86f476394db2d41847a32fc782dc01326887e482,07/17/2023 08:01:00 PM,1,DRIVER,3,1541720,,UNKNOWN,OTHER (EXPLAIN IN NARRATIVE),IL,,UNKNOWN,PASSENGER,PERSONAL,E,STRAIGHT AHEAD,,,4,,,,,,,,,,,,,,,,,,REAR-RIGHT-CORNER,,,,,,,,,,,,,,,,,,,,,,,,,,,,,,,,,
1620158,35668ceab7005bc1b261487f3a6da003e01d200273c5c5c146eedb7c7eda015e30abb8bc7d741dbbf87c0c4a86f476394db2d41847a32fc782dc01326887e482,07/17/2023 08:01:00 PM,2,BICYCLE,,,,,,,,,,,,,,,,,,,,,,,,,,,,,,,,,,,,,,,,,,,,,,,,,,,,,,,,,,,,,,,,,,
1624069,0a1b700fdd2655d5df3036911ef1203acba8c01afce308538ccd28e64a05e08794ecb6c1935a82111f56409f19fec9cd2e6915970dcbd3701e2378afc48858be,07/16/2023 03:00:00 AM,1,DRIVER,,1545447,,FORD,OTHER (EXPLAIN IN NARRATIVE),IL,2013,UNKNOWN,PICKUP,UNKNOWN/NA,N,BACKING,,,1,,,,,,,,,,,,,,,,,Y,UNKNOWN,,,,,,,,,,,,,,,,,,,,,,,,,,,,,,,,,
1624070,0a1b700fdd2655d5df3036911ef1203acba8c01afce308538ccd28e64a05e08794ecb6c1935a82111f56409f19fec9cd2e6915970dcbd3701e2378afc48858be,07/16/2023 03:00:00 AM,2,PARKED,,1545448,,HONDA,CIVIC,IL,2019,UNKNOWN,PASSENGER,PERSONAL,S,PARKED,,,0,,,,,Y,,,,,,,,,,,Y,,FRONT-RIGHT-CORNER,,,,,,,,,,,,,,,,,,,,,,,,,,,,,,,,,
1618806,bb48222b70003e1f454d74b5bf382b3496ecac1e34bea8dc92f20d082066f7264870a2be5d19810ff25862355287455f6b24fbf7163452e2a59d3f5a47cc0eaa,07/15/2023 08:01:00 PM,1,DRIVER,,1540433,,UNKNOWN,OTHER (EXPLAIN IN NARRATIVE),,,UNKNOWN,PICKUP,UNKNOWN/NA,E,U-TURN,,,1,,,,,,,,,,,,,,,,,Y,UNKNOWN,,,,,,,,,,,,,,,,,,,,,,,,,,,,,,,,,
1618807,bb48222b70003e1f454d74b5bf382b3496ecac1e34bea8dc92f20d082066f7264870a2be5d19810ff25862355287455f6b24fbf7163452e2a59d3f5a47cc0eaa,07/15/2023 08:01:00 PM,2,DRIVER,,1540436,,HONDA,CIVIC,IL,2016,NONE,PASSENGER,PERSONAL,E,STRAIGHT AHEAD,,,1,,,,,,,,,,,,Y,Y,Y,,,,SIDE-LEFT,,,,,,,,,,,,,,,,,,,,,,,,,,,,,,,,,
1617838,f9664f8f4366f2d627c75eb9b97e9d88f4f3ab7000868f32ccc8f55f7fb32d93a4be911e222c87848a192547116b2fd7de001d7f5a27c69f9a64d9894d06f05c,07/14/2023 02:20:00 PM,1,DRIVER,,1539495,,HYUNDAI,TUCSON,IL,2010,NONE,PASSENGER,PERSONAL,N,STRAIGHT AHEAD,,,1,,,,,,,,,,,,,,,Y,,,FRONT-LEFT-CORNER,,,,,,,,,,,,,,,,,,,,,,,,,,,,,,,,,
1617839,f9664f8f4366f2d627c75eb9b97e9d88f4f3ab7000868f32ccc8f55f7fb32d93a4be911e222c87848a192547116b2fd7de001d7f5a27c69f9a64d9894d06f05c,07/14/2023 02:20:00 PM,2,DRIVER,,1539501,,CHEVROLET,EQUINOX,IL,2010,NONE,PASSENGER,PERSONAL,N,STRAIGHT AHEAD,,,1,,,,,,,,,Y,,,,,,,,,REAR-RIGHT-CORNER,,,,,,,,,,,,,,,,,,,,,,,,,,,,,,,,,
1617685,756d00fb6e7809c497fbdd649bdb0f0990b5c17408c79214e825970f1a88fd59940145a47da5cd8ff00a9dfae2434636b700dcd565872e4c7101594750ff94b4,07/14/2023 11:40:00 AM,1,DRIVER,5,1539358,,CHEVROLET,TRAVERSE,IL,2012,UNKNOWN,PASSENGER,PERSONAL,S,STRAIGHT AHEAD,,,6,,,,,Y,,,,,,,,,,Y,Y,,FRONT,,,,,,,,,,,,,,,,,,,,,,,,,,,,,,,,,
1617686,756d00fb6e7809c497fbdd649bdb0f0990b5c17408c79214e825970f1a88fd59940145a47da5cd8ff00a9dfae2434636b700dcd565872e4c7101594750ff94b4,07/14/2023 11:40:00 AM,2,DRIVER,1,1539372,,TOYOTA,PRIUS,IL,2022,UNKNOWN,PASSENGER,PERSONAL,S,STRAIGHT AHEAD,,,2,,,,,Y,,,,Y,Y,Y,,,,Y,Y,,REAR,,,,,,,,,,,,,,,,,,,,,,,,,,,,,,,,,
1617687,756d00fb6e7809c497fbdd649bdb0f0990b5c17408c79214e825970f1a88fd59940145a47da5cd8ff00a9dfae2434636b700dcd565872e4c7101594750ff94b4,07/14/2023 11:40:00 AM,3,DRIVER,,1539377,,NISSAN,SENTRA,MI,2014,NONE,PASSENGER,PERSONAL,S,STRAIGHT AHEAD,,,1,,,,,,,,Y,Y,Y,Y,Y,,,,,,REAR,,,,,,,,,,,,,,,,,,,,,,,,,,,,,,,,,
1616793,8ff4368c17c50558061b35a8929b877a04c848fdf055257f5cb3c1a13bb5f3413489dccd3a0083bf1c1c86b54a931fb9fcdb245bc00b700385ee9d5a04fe8ce8,07/13/2023 03:10:00 AM,1,DRIVER,,1538513,,CHEVROLET,EQUINOX,IL,2013,NONE,PASSENGER,PERSONAL,W,OTHER,,,1,,,,,,,Y,,,,,,,,,,,SIDE-RIGHT,,,,,,,,,,,,,,,,,,,,,,,,,,,,,,,,,
1616794,8ff4368c17c50558061b35a8929b877a04c848fdf055257f5cb3c1a13bb5f3413489dccd3a0083bf1c1c86b54a931fb9fcdb245bc00b700385ee9d5a04fe8ce8,07/13/2023 03:10:00 AM,2,PARKED,,1538514,,JEEP,CHEROKEE,IL,2018,NONE,PASSENGER,PERSONAL,E,PARKED,,,0,,,,,Y,,,,,,,,,,,,,FRONT-LEFT-CORNER,,,,,,,,,,,,,,,,,,,,,,,,,,,,,,,,,
1616745,f6127225785c43d5cceb0a7d46ea222f095c5df80118a708d4b1f79e9db700cb06669bd2c0b4e507bd7f303b0d0fe788065cc84541971abea75f4fead78235f0,07/12/2023 10:15:00 PM,1,DRIVER,,1538487,,GENERAL MOTORS CORPORATION (GMC),OTHER (EXPLAIN IN NARRATIVE),IL,2010,NONE,SPORT UTILITY VEHICLE (SUV),PERSONAL,NW,TURNING LEFT,,,1,,,,,,,Y,,,,,,,,,,,SIDE-RIGHT,,,,,,,,,,,,,,,,,,,,,,,,,,,,,,,,,
1616746,f6127225785c43d5cceb0a7d46ea222f095c5df80118a708d4b1f79e9db700cb06669bd2c0b4e507bd7f303b0d0fe788065cc84541971abea75f4fead78235f0,07/12/2023 10:15:00 PM,2,DRIVER,3,1538480,,HONDA,ODYSSEY,IL,2009,NONE,PASSENGER,PERSONAL,S,STRAIGHT AHEAD,,,4,,,,,Y,Y,,,,,,Y,,,,,,FRONT-RIGHT-CORNER,,,,,,,,,,,,,,,,,,,,,,,,,,,,,,,,,
1613431,96907b9c497fc1e7b1b2b4459b34b6870ea7622c978a51af644bd91f3107ccb03b70018487ac3fc9060f37dff51be494a469bc43448d98af9ab783503a043015,07/07/2023 06:30:00 PM,1,DRIVER,4,1535320,,TOYOTA,CAMRY,IL,2023,UNKNOWN,PASSENGER,PERSONAL,W,CHANGING LANES,,,5,,,,,,,,,,,,,Y,Y,Y,,,SIDE-LEFT,,,,,,,,,,,,,,,,,,,,,,,,,,,,,,,,,
1613432,96907b9c497fc1e7b1b2b4459b34b6870ea7622c978a51af644bd91f3107ccb03b70018487ac3fc9060f37dff51be494a469bc43448d98af9ab783503a043015,07/07/2023 06:30:00 PM,2,DRIVER,,1535323,,CHEVROLET,EXPRESS,IL,2002,UNKNOWN,VAN/MINI-VAN,OTHER,W,STRAIGHT AHEAD,,,1,,,,,Y,,,,,,,,,,,Y,,FRONT-RIGHT-CORNER,,,,,,,,,,,,,,,,,,,,,,,,,,,,,,,,,
1612995,94e3bddfebc7f5c908673cf213911da21ef8ec813d9691518c66e07405c7069f0286a02501c2116416752bf889b213127909410b700c691ace18d07f51b84e7a,07/07/2023 10:30:00 AM,1,DRIVER,,1534900,,UNKNOWN,OTHER (EXPLAIN IN NARRATIVE),IL,,UNKNOWN,UNKNOWN/NA,UNKNOWN/NA,UNKNOWN,UNKNOWN/NA,,,1,,,,,,,,,,,,,,,,,,UNKNOWN,,,,,,,,,,,,,,,,,,,,,,,,,,,,,,,,,
1612996,94e3bddfebc7f5c908673cf213911da21ef8ec813d9691518c66e07405c7069f0286a02501c2116416752bf889b213127909410b700c691ace18d07f51b84e7a,07/07/2023 10:30:00 AM,2,PARKED,,1534905,,HONDA,CIVIC,IL,,NONE,PASSENGER,PERSONAL,NE,PARKED,,,0,,,,,,,,,,,,,,,Y,,,SIDE-LEFT,,,,,,,,,,,,,,,,,,,,,,,,,,,,,,,,,
1610665,9e8825dee7c1f9b0c30fff1ae73f7588bdad8890c8578775b8c08e92a56dfdcc4d20e6772dc976730a4a672da334eb700e7f5b6c930fd8fa5813868406e3a394,07/03/2023 02:00:00 PM,1,DRIVER,,1532725,,PORSCHE,OTHER (EXPLAIN IN NARRATIVE),IL,2021,NONE,PASSENGER,PERSONAL,S,CHANGING LANES,,,1,,,,,Y,Y,,,,,,,,,,,,TOTAL (ALL AREAS),,,,,,,,,,,,,,,,,,,,,,,,,,,,,,,,,
1610666,9e8825dee7c1f9b0c30fff1ae73f7588bdad8890c8578775b8c08e92a56dfdcc4d20e6772dc976730a4a672da334eb700e7f5b6c930fd8fa5813868406e3a394,07/03/2023 02:00:00 PM,2,DRIVER,,1532720,,FORD,ESCAPE,IL,2022,NONE,PASSENGER,PERSONAL,S,STRAIGHT AHEAD,,,1,,,,,,,,,,,Y,Y,Y,,,,,TOTAL (ALL AREAS),,,,,,,,,,,,,,,,,,,,,,,,,,,,,,,,,
1609832,cb67de58b700da815b93c70990550b425201787703a57dbf3f4b4b97f97e0cfa58192f67a23e72d11e5b99e43bc05a129a99b1dcf85c90c4cac7c31806a5999d,07/02/2023 01:00:00 PM,1,DRIVER,,1531908,,INFINITI,G37,IL,2011,NONE,UNKNOWN/NA,UNKNOWN/NA,E,STRAIGHT AHEAD,,,1,,,,Y,,,,,,,,,,,,,,NONE,,,,,,,,,,,,,,,,,,,,,,,,,,,,,,,,,
1609833,cb67de58b700da815b93c70990550b425201787703a57dbf3f4b4b97f97e0cfa58192f67a23e72d11e5b99e43bc05a129a99b1dcf85c90c4cac7c31806a5999d,07/02/2023 01:00:00 PM,2,DRIVER,2,1531906,,CHEVROLET,OTHER (EXPLAIN IN NARRATIVE),IL,2013,NONE,PASSENGER,PERSONAL,E,SLOW/STOP IN TRAFFIC,,,3,,,,,,,,,,Y,,,,,,,,REAR,,,,,,,,,,,,,,,,,,,,,,,,,,,,,,,,,
1607432,20e5922e68718b67a5b35329e958304b700c61ab73e5e3383648021c836d26aabe7e7c0584fb1e8f3dc8b358ea1a22a940957db4f3a98c3c90cd4550593f771f,06/28/2023 07:40:00 PM,1,DRIVER,1,1529597,,NISSAN,ALTIMA,,,UNKNOWN,PASSENGER,PERSONAL,S,STRAIGHT AHEAD,,,2,,,,,,,,,,,,,,,,Y,,FRONT,,,,,,,,,,,,,,,,,,,,,,,,,,,,,,,,,
1607433,20e5922e68718b67a5b35329e958304b700c61ab73e5e3383648021c836d26aabe7e7c0584fb1e8f3dc8b358ea1a22a940957db4f3a98c3c90cd4550593f771f,06/28/2023 07:40:00 PM,2,DRIVER,,1529601,,DODGE,DURANGO,,,UNKNOWN,PASSENGER,PERSONAL,S,SLOW/STOP IN TRAFFIC,,,1,,,,,,,,,,Y,,,,,,,,REAR,,,,,,,,,,,,,,,,,,,,,,,,,,,,,,,,,
1607229,18080b8ef097a5bddadb94fb6e3f834c1145c603b32d9d8fb79dd137b70010323b288e68472720973121a8230392490e74110f6fd26f03dbead16d98a54e807e,06/28/2023 02:05:00 PM,1,DRIVER,,1529402,,UNKNOWN,MOTORIZED,,,UNKNOWN,PICKUP,UNKNOWN/NA,W,STRAIGHT AHEAD,,,1,,,,,Y,Y,,,,,,,,,,,Y,FRONT-RIGHT-CORNER,,,,,,,,,,,,,,,,,,,,,,,,,,,,,,,,,
1607230,18080b8ef097a5bddadb94fb6e3f834c1145c603b32d9d8fb79dd137b70010323b288e68472720973121a8230392490e74110f6fd26f03dbead16d98a54e807e,06/28/2023 02:05:00 PM,2,PARKED,1,1529405,,MERCEDES-BENZ,A-CLASS,IL,2019,UNKNOWN,PASSENGER,NOT IN USE,W,PARKED,,,1,,,,,,,,,,,,,Y,Y,Y,,,FRONT-LEFT-CORNER,,,,,,,,,,,,,,,,,,,,,,,,,,,,,,,,,
1607036,b061a2b42fefca59243a355fcd9c922ae3de8beb00494a3b700db9372ed436796f55cdec806752f00bdf67bfda223abfbcb58463af5e61d0509721fb4d2d158b,06/28/2023 01:00:00 AM,1,DRIVER,,1529221,,UNKNOWN,OTHER (EXPLAIN IN NARRATIVE),,,UNKNOWN,UNKNOWN/NA,UNKNOWN/NA,UNKNOWN,UNKNOWN/NA,,,1,,,,,,,,,,,,,,,,,Y,UNKNOWN,,,,,,,,,,,,,,,,,,,,,,,,,,,,,,,,,
1607037,b061a2b42fefca59243a355fcd9c922ae3de8beb00494a3b700db9372ed436796f55cdec806752f00bdf67bfda223abfbcb58463af5e61d0509721fb4d2d158b,06/28/2023 01:00:00 AM,2,PARKED,,1529222,,MITSUBISHI,GALANT,IL,2011,NONE,PASSENGER,PERSONAL,N,PARKED,,,0,,,,,,,,,,,,,Y,Y,Y,Y,,FRONT-LEFT-CORNER,,,,,,,,,,,,,,,,,,,,,,,,,,,,,,,,,
1606669,11e4cb15a11e7683968a2c6f4898fe13f86b1f6b0440b1bb2fa4f70ff30deaf557bdf50573e443570aa6a694ccd419f72734b9326ff0db1eb700295ba63f7a55,06/26/2023 01:30:00 PM,1,DRIVER,,1528850,,UNKNOWN,OTHER (EXPLAIN IN NARRATIVE),IL,,NONE,PASSENGER,PERSONAL,UNKNOWN,UNKNOWN/NA,,,1,,,,,,,,,,,,,,,,,,UNKNOWN,,,,,,,,,,,,,,,,,,,,,,,,,,,,,,,,,
1605661,761f5e9d2609c56404c07c277ca13970b7005146e4643a923b952effd6b519a2486cfd3b35b4d341856c1ed68547c9ad1a381098576c3363067f10a55f7c49b7,06/26/2023 07:00:00 AM,1,DRIVER,,1527884,,UNKNOWN,OTHER (EXPLAIN IN NARRATIVE),IL,,UNKNOWN,SPORT UTILITY VEHICLE (SUV),UNKNOWN/NA,S,STRAIGHT AHEAD,,,1,,,,,,,,,,,,,,,N,,,UNKNOWN,,,,,,,,,,,,,,,,,,,,,,,,,,,,,,,,,
1605662,761f5e9d2609c56404c07c277ca13970b7005146e4643a923b952effd6b519a2486cfd3b35b4d341856c1ed68547c9ad1a381098576c3363067f10a55f7c49b7,06/26/2023 07:00:00 AM,2,PARKED,,1527890,,DODGE,CARAVAN,IL,2019,NONE,VAN/MINI-VAN,NOT IN USE,S,PARKED,,,0,,,,,,,,,Y,,,,,,,,,REAR-RIGHT-CORNER,,,,,,,,,,,,,,,,,,,,,,,,,,,,,,,,,
1605672,df73363436b700b2dbc6082bf37e115bd36bcafb0240738c39497df87b02b136c1f82e4f956c914b919c788abc1791ef2f59cc9bd61f40c92067593e94722e59,06/24/2023 02:45:00 PM,1,DRIVER,,1527893,,UNKNOWN,OTHER (EXPLAIN IN NARRATIVE),,,UNKNOWN,OTHER,PERSONAL,S,STRAIGHT AHEAD,,,1,,,,,,,,,,,,,,,,,Y,UNKNOWN,,,,,,,,,,,,,,,,,,,,,,,,,,,,,,,,,
1605673,df73363436b700b2dbc6082bf37e115bd36bcafb0240738c39497df87b02b136c1f82e4f956c914b919c788abc1791ef2f59cc9bd61f40c92067593e94722e59,06/24/2023 02:45:00 PM,2,PARKED,,1527895,,MITSUBISHI,MIRAGE,IL,2018,NONE,SPORT UTILITY VEHICLE (SUV),NOT IN USE,S,PARKED,,,0,,,,,,,,,,,,,,Y,Y,,,FRONT-LEFT-CORNER,,,,,,,,,,,,,,,,,,,,,,,,,,,,,,,,,
1606365,c6b5322ac70229668db87699ef0fc0c13b6e0782ff1fdc9f55a4c80fab453d03930b4962cffdbe56e98b700ef0e79fd5840c927973cd594dcdec169bbd5efa12,06/24/2023 12:00:00 AM,1,DRIVER,,1528570,,MERCURY,MOUNTAINEER,IL,2008,UNKNOWN,SPORT UTILITY VEHICLE (SUV),PERSONAL,N,BACKING,,,1,,,,,Y,Y,,,,,,,,,,,,FRONT-RIGHT-CORNER,,,,,,,,,,,,,,,,,,,,,,,,,,,,,,,,,
1606366,c6b5322ac70229668db87699ef0fc0c13b6e0782ff1fdc9f55a4c80fab453d03930b4962cffdbe56e98b700ef0e79fd5840c927973cd594dcdec169bbd5efa12,06/24/2023 12:00:00 AM,2,DRIVER,,1528575,,CHEVROLET,TRAX,IL,2019,UNKNOWN,SPORT UTILITY VEHICLE (SUV),PERSONAL,S,STRAIGHT AHEAD,,,1,,,,,,,,,N,,,,,,,,Y,REAR-RIGHT-CORNER,,,,,,,,,,,,,,,,,,,,,,,,,,,,,,,,,
1601922,4f1c3b2404915d09c2c11ae3a2d38a1afcf4c5e617b3022241b85ce1e173179d5837dfbf444bf28637d87fc93871a359e12d1269f348fef193b77c1b700aa333,06/20/2023 06:40:00 PM,1,DRIVER,,1524310,,CHEVROLET,IMPALA,IL,2007,OTHER,UNKNOWN/NA,UNKNOWN/NA,E,STRAIGHT AHEAD,,,1,,,,,Y,Y,,,,,,,,,,,,FRONT-RIGHT-CORNER,,,,,,,,,,,,,,,,,,,,,,,,,,,,,,,,,
1601923,4f1c3b2404915d09c2c11ae3a2d38a1afcf4c5e617b3022241b85ce1e173179d5837dfbf444bf28637d87fc93871a359e12d1269f348fef193b77c1b700aa333,06/20/2023 06:40:00 PM,2,PARKED,,1524314,,DODGE,CARAVAN,IN,2013,OTHER,PASSENGER,OTHER,NE,PARKED,,,0,,,,,,,,,,,Y,Y,N,N,,,,SIDE-LEFT-REAR,,,,,,,,,,,,,,,,,,,,,,,,,,,,,,,,,
1601707,aeb94f78dac61871720e2731bc954c448315ec9f8f2adfbe64082d9deac1e953b66b483a8316ab700de7110c1f401beb9ee87f264d5e6d111b11d8f7c2de8f86,06/20/2023 12:00:00 PM,1,DRIVER,,1524100,,SUBARU,IMPREZA,ME,2010,UNKNOWN,PASSENGER,UNKNOWN/NA,S,BACKING,,,1,,,,,,,,,Y,Y,Y,,,,,,,REAR,,,,,,,,,,,,,,,,,,,,,,,,,,,,,,,,,
1601708,aeb94f78dac61871720e2731bc954c448315ec9f8f2adfbe64082d9deac1e953b66b483a8316ab700de7110c1f401beb9ee87f264d5e6d111b11d8f7c2de8f86,06/20/2023 12:00:00 PM,2,DRIVER,,1524105,,TOYOTA,RAV4,IL,2006,UNKNOWN,SPORT UTILITY VEHICLE (SUV),PERSONAL,N,OTHER,,,1,,,,,Y,,,,,,,,,,Y,Y,,FRONT,,,,,,,,,,,,,,,,,,,,,,,,,,,,,,,,,
1599769,21b4a60433071c21a627581f167a5582a60932b229c6c8c5e874e5b700c2cbba6fe7b842ec6d5469a89cec40d0bed0094307d84cd9d5a3a85e12a6373a923e52,06/17/2023 01:50:00 PM,1,DRIVER,,1522260,,UNKNOWN,OTHER (EXPLAIN IN NARRATIVE),,,UNKNOWN,MOTORCYCLE (OVER 150CC),PERSONAL,N,STRAIGHT AHEAD,,,1,,,,,Y,Y,Y,,,,,,Y,Y,Y,Y,,FRONT,,,,,,,,,,,,,,,,,,,,,,,,,,,,,,,,,
1599770,21b4a60433071c21a627581f167a5582a60932b229c6c8c5e874e5b700c2cbba6fe7b842ec6d5469a89cec40d0bed0094307d84cd9d5a3a85e12a6373a923e52,06/17/2023 01:50:00 PM,2,DRIVER,,1522262,,CHEVROLET,CRUZE,IL,2016,NONE,PASSENGER,PERSONAL,S,TURNING LEFT,,,1,,,,,,,Y,Y,Y,Y,Y,,,,,,,REAR-RIGHT-CORNER,,,,,,,,,,,,,,,,,,,,,,,,,,,,,,,,,
1598315,f31db94fa37acd400f6a4e8e1745a4aee1d91bcad33a15e209b0c7c766e920f821160c0d184a0d32bdad84344808dc61a28d4b7009af973a18826dd5ab6cf15e,06/14/2023 07:25:00 PM,1,DRIVER,,1520883,,UNKNOWN,OTHER (EXPLAIN IN NARRATIVE),,,NONE,PASSENGER,UNKNOWN/NA,S,TURNING LEFT,,,1,,,,,,,,,,,,,,,,,Y,FRONT,,,,,,,,,,,,,,,,,,,,,,,,,,,,,,,,,
1598316,f31db94fa37acd400f6a4e8e1745a4aee1d91bcad33a15e209b0c7c766e920f821160c0d184a0d32bdad84344808dc61a28d4b7009af973a18826dd5ab6cf15e,06/14/2023 07:25:00 PM,2,BICYCLE,,,,,,,,,,,,,,,,,,,,,,,,,,,,,,,,,,,,,,,,,,,,,,,,,,,,,,,,,,,,,,,,,,
1596324,bf78cb7003218f34b5cc62feddfa0c203c871cd1384df081249a33db25933e9de2cc9abbdfeb156dbe18bef4e3ff200a1dffd38cd03fa5179dcda62e73e44d48,06/12/2023 03:05:00 PM,1,DRIVER,,1518966,,SUBARU,OUTBACK,IL,2012,UNKNOWN,PASSENGER,PERSONAL,N,STRAIGHT AHEAD,,,1,,,,,,,,,,,,,,Y,Y,,,SIDE-LEFT,,,,,,,,,,,,,,,,,,,,,,,,,,,,,,,,,
1596325,bf78cb7003218f34b5cc62feddfa0c203c871cd1384df081249a33db25933e9de2cc9abbdfeb156dbe18bef4e3ff200a1dffd38cd03fa5179dcda62e73e44d48,06/12/2023 03:05:00 PM,2,DRIVER,1,1518973,,KIA,SPORTAGE,IL,2023,UNKNOWN,PASSENGER,DRIVER EDUCATION,N,STRAIGHT AHEAD,,,2,,,,,Y,Y,,,,,,,,,,,,FRONT-RIGHT-CORNER,,,,,,,,,,,,,,,,,,,,,,,,,,,,,,,,,
1595617,57de3a274a89163b68dd16b954bcff9493f5d7ef743d72e32066ea958b70079b3c7e9c60d74671eb380d17b47d1cacb8e709a6f04b3e9769d4fe38395f6565a7,06/11/2023 11:15:00 AM,1,DRIVER,,1518296,,HONDA,OTHER (EXPLAIN IN NARRATIVE),IL,2022,UNKNOWN,PASSENGER,UNKNOWN/NA,E,STRAIGHT AHEAD,,,1,,,,,,,,,,,,,,,,,Y,UNKNOWN,,,,,,,,,,,,,,,,,,,,,,,,,,,,,,,,,
1595618,57de3a274a89163b68dd16b954bcff9493f5d7ef743d72e32066ea958b70079b3c7e9c60d74671eb380d17b47d1cacb8e709a6f04b3e9769d4fe38395f6565a7,06/11/2023 11:15:00 AM,2,DRIVER,2,1518293,,NISSAN,ROGUE,IL,2013,UNKNOWN,SPORT UTILITY VEHICLE (SUV),PERSONAL,W,STRAIGHT AHEAD,,,3,,,,,,,,,,,,,,,Y,,,FRONT-LEFT-CORNER,,,,,,,,,,,,,,,,,,,,,,,,,,,,,,,,,