CRASH_UNIT_ID,CRASH_RECORD_ID,CRASH_DATE,UNIT_NO,UNIT_TYPE,NUM_PASSENGERS,VEHICLE_ID,CMRC_VEH_I,MAKE,MODEL,LIC_PLATE_STATE,VEHICLE_YEAR,VEHICLE_DEFECT,VEHICLE_TYPE,VEHICLE_USE,TRAVEL_DIRECTION,MANEUVER,TOWED_I,FIRE_I,OCCUPANT_CNT,EXCEED_SPEED_LIMIT_I,TOWED_BY,TOWED_TO,AREA_00_I,AREA_01_I,AREA_02_I,AREA_03_I,AREA_04_I,AREA_05_I,AREA_06_I,AREA_07_I,AREA_08_I,AREA_09_I,AREA_10_I,AREA_11_I,AREA_12_I,AREA_99_I,FIRST_CONTACT_POINT,CMV_ID,USDOT_NO,CCMC_NO,ILCC_NO,COMMERCIAL_SRC,GVWR,CARRIER_NAME,CARRIER_STATE,CARRIER_CITY,HAZMAT_PLACARDS_I,HAZMAT_NAME,UN_NO,HAZMAT_PRESENT_I,HAZMAT_REPORT_I,HAZMAT_REPORT_NO,MCS_REPORT_I,MCS_REPORT_NO,HAZMAT_VIO_CAUSE_CRASH_I,MCS_VIO_CAUSE_CRASH_I,IDOT_PERMIT_NO,WIDE_LOAD_I,TRAILER1_WIDTH,TRAILER2_WIDTH,TRAILER1_LENGTH,TRAILER2_LENGTH,TOTAL_VEHICLE_LENGTH,AXLE_CNT,VEHICLE_CONFIG,CARGO_BODY_TYPE,LOAD_TYPE,HAZMAT_OUT_OF_SERVICE_I,MCS_OUT_OF_SERVICE_I,HAZMAT_CLASS
1594324,cd96c45ebc1d05024279b764f94fb031ca782bb2684f28ee9db120b7e61c174cd0f59df07ce30aa5fd2ade045ab7006af6b7f30ffe1dd26dcbb73880b9a71203,06/09/2023 05:09:00 PM,1,DRIVER,,1517052,,CHEVROLET,MALIBU,IL,2013,NONE,PASSENGER,PERSONAL,N,STRAIGHT AHEAD,Y,,1,,,,,Y,Y,,,,,,,,,Y,Y,,FRONT-RIGHT-CORNER,,,,,,,,,,,,,,,,,,,,,,,,,,,,,,,,,
1594325,cd96c45ebc1d05024279b764f94fb031ca782bb2684f28ee9db120b7e61c174cd0f59df07ce30aa5fd2ade045ab7006af6b7f30ffe1dd26dcbb73880b9a71203,06/09/2023 05:09:00 PM,2,DRIVER,,1517059,,NEW FLYER,OTHER (EXPLAIN IN NARRATIVE),IL,2008,NONE,BUS OVER 15 PASS.,CTA,N,STRAIGHT AHEAD,,,1,,,,Y,,,,,,,,,,,,,,FRONT-RIGHT-CORNER,,,,,,,,,,,,,,,,,,,,,,,,,,,,,,,,,
1593865,ab30d1b1ebc9a99c22b5034b4c03f1fa2fd62143675b34e2d8d5b7000e6535bd26d6ebb5767d5f459933a854c3a1080e6b26f1328dc40a4f652d640251a252c1,06/09/2023 01:50:00 AM,1,DRIVER,,1516617,,HONDA,CIVIC,IL,2011,UNKNOWN,PASSENGER,PERSONAL,E,STRAIGHT AHEAD,Y,,1,,,,,,,,,,,,,,,,,,OTHER,,,,,,,,,,,,,,,,,,,,,,,,,,,,,,,,,
1590230,6e3a2997ccc7247d54fe6d92a103f25b70006a3fa15fd57e9e0c2e6cccfaeb9842a1aec6fa02c8c4bac9acfd874239bea852ef8e31667445b383a0ff9803290b,06/03/2023 08:19:00 PM,1,DRIVER,2,1513104,,DODGE,JOURNEY,IL,2016,NONE,SPORT UTILITY VEHICLE (SUV),PERSONAL,N,TURNING RIGHT,,,3,,,,,,Y,Y,,,,,,,,,,,SIDE-RIGHT,,,,,,,,,,,,,,,,,,,,,,,,,,,,,,,,,
1590231,6e3a2997ccc7247d54fe6d92a103f25b70006a3fa15fd57e9e0c2e6cccfaeb9842a1aec6fa02c8c4bac9acfd874239bea852ef8e31667445b383a0ff9803290b,06/03/2023 08:19:00 PM,2,PARKED,,1513106,,DODGE,DURANGO,IL,2019,NONE,SPORT UTILITY VEHICLE (SUV),PERSONAL,N,PARKED,,,0,,,,,,,,,,,Y,,,,,,,REAR-LEFT-CORNER,,,,,,,,,,,,,,,,,,,,,,,,,,,,,,,,,
1586456,6b77bf7eb87648f6a96bc9ba708f8868b700e2e25ca5b86890b5b4033b523de67d5d62ee0f30dc62edac3c8336ff8d6c940a7c21b076b10b424b7672ca23fe2a,05/30/2023 08:15:00 AM,1,DRIVER,,1509454,,JEEP,CHEROKEE,UT,2018,NONE,PASSENGER,PERSONAL,E,AVOIDING VEHICLES/OBJECTS,Y,,1,,OWNER,,,,,,,,,,,,Y,Y,,,FRONT-LEFT-CORNER,,,,,,,,,,,,,,,,,,,,,,,,,,,,,,,,,
1586457,6b77bf7eb87648f6a96bc9ba708f8868b700e2e25ca5b86890b5b4033b523de67d5d62ee0f30dc62edac3c8336ff8d6c940a7c21b076b10b424b7672ca23fe2a,05/30/2023 08:15:00 AM,2,DRIVER,,1509468,,JEEP,CHEROKEE,IL,2014,NONE,PASSENGER,PERSONAL,N,STRAIGHT AHEAD,Y,,1,,E&R,POUND 2,,,,,,,,,,,Y,Y,Y,,FRONT-LEFT-CORNER,,,,,,,,,,,,,,,,,,,,,,,,,,,,,,,,,
1584922,ac2c572d0e60e9e3501ced94077e901e1aa630910b9f3c59f51bb8085a4c904dfc1265d0be2aaab70088b863b4a43214e1bcfa3ad592d3c24d25b118d92fb13e,05/27/2023 10:36:00 AM,1,DRIVER,,1507971,,HYUNDAI,SONATA,OR,2022,NONE,PASSENGER,PERSONAL,W,BACKING,,,1,,,,,Y,,,,,,,,,,,,,FRONT-RIGHT-CORNER,,,,,,,,,,,,,,,,,,,,,,,,,,,,,,,,,
1584923,ac2c572d0e60e9e3501ced94077e901e1aa630910b9f3c59f51bb8085a4c904dfc1265d0be2aaab70088b863b4a43214e1bcfa3ad592d3c24d25b118d92fb13e,05/27/2023 10:36:00 AM,2,DRIVER,,1507976,,JEEP,WRANGLER,IL,2017,NONE,PASSENGER,PERSONAL,W,OTHER,,,1,,,,,,,,,,,Y,,,,,,,REAR-LEFT-CORNER,,,,,,,,,,,,,,,,,,,,,,,,,,,,,,,,,
1584408,be7d83fa3bfb700e0d8a809868ca454d147874ebf64c4245a5859bbdfe1a452c5af0b55ccb944b047743278fbf45d59cc1da5ac5a1ed06277791c90a3f32e97b,05/26/2023 11:59:00 AM,1,DRIVER,,1507465,,NISSAN,SENTRA,IL,2018,UNKNOWN,PASSENGER,UNKNOWN/NA,UNKNOWN,UNKNOWN/NA,,,1,,,,,Y,,,,,,,,,,,,,FRONT-RIGHT-CORNER,,,,,,,,,,,,,,,,,,,,,,,,,,,,,,,,,
1584409,be7d83fa3bfb700e0d8a809868ca454d147874ebf64c4245a5859bbdfe1a452c5af0b55ccb944b047743278fbf45d59cc1da5ac5a1ed06277791c90a3f32e97b,05/26/2023 11:59:00 AM,2,DRIVER,,1507474,,HONDA,RIDGELINE,IL,2006,NONE,PASSENGER,PERSONAL,UNKNOWN,OTHER,,,1,,,,,,,,,,,Y,,,,,,,REAR-LEFT-CORNER,,,,,,,,,,,,,,,,,,,,,,,,,,,,,,,,,
1583209,782023ab991e9aa7d88b710ee21a88268d133366dd0d3f8c639b5cddef903d70c548b8c6c4a667d4d4b70076f612a87b1ed458820616714047e216234456a427,05/25/2023 07:15:00 AM,1,DRIVER,,1506313,,HONDA,CIVIC,IL,2010,UNKNOWN,PASSENGER,UNKNOWN/NA,E,TURNING RIGHT,,,1,,,,,,,,,Y,Y,Y,,,,,,,REAR,,,,,,,,,,,,,,,,,,,,,,,,,,,,,,,,,
1583210,782023ab991e9aa7d88b710ee21a88268d133366dd0d3f8c639b5cddef903d70c548b8c6c4a667d4d4b70076f612a87b1ed458820616714047e216234456a427,05/25/2023 07:15:00 AM,2,DRIVER,,1506322,,CHEVROLET,CRUZE,IL,2017,NONE,PASSENGER,PERSONAL,S,STRAIGHT AHEAD,,,1,,,,,Y,,,,,,,,,,Y,Y,,FRONT,,,,,,,,,,,,,,,,,,,,,,,,,,,,,,,,,
1583092,0ea88dd48c3310d8873309dccac070fb99dae20cc85fb7b8cc8a19d7dff7a975ad00a9746da8a8e6dd2627f40e7940a1bcf51d083a0384c98931c879b700f13a,05/24/2023 09:00:00 PM,1,PARKED,2,1506199,,VOLKSWAGEN,PASSAT,IL,2016,NONE,PASSENGER,PERSONAL,E,PARKED,,,2,,,,,,,,,,,,,Y,Y,,,,SIDE-LEFT,,,,,,,,,,,,,,,,,,,,,,,,,,,,,,,,,
1583093,0ea88dd48c3310d8873309dccac070fb99dae20cc85fb7b8cc8a19d7dff7a975ad00a9746da8a8e6dd2627f40e7940a1bcf51d083a0384c98931c879b700f13a,05/24/2023 09:00:00 PM,2,DRIVER,1,1506204,,LINCOLN,CONTINENTAL,IL,2018,NONE,PASSENGER,TAXI/FOR HIRE,E,STRAIGHT AHEAD,,,2,,,,,Y,Y,,,,,,,,,,,,FRONT-RIGHT-CORNER,,,,,,,,,,,,,,,,,,,,,,,,,,,,,,,,,
1581627,a86cd08d5afec67d631f34c03f9cfa8ac2161f3fd3313d0ae541bb700f47793715a1ee60cf84d8784d94c7ec3d64a7d0120deba869303a96770310dde5e46da2,05/20/2023 09:50:00 PM,1,DRIVER,,1504802,,TOYOTA,SIENNA,PA,2003,UNKNOWN,PASSENGER,UNKNOWN/NA,N,STRAIGHT AHEAD,,,1,,,,,,,,,,,,,,,,,Y,UNKNOWN,,,,,,,,,,,,,,,,,,,,,,,,,,,,,,,,,
1581628,a86cd08d5afec67d631f34c03f9cfa8ac2161f3fd3313d0ae541bb700f47793715a1ee60cf84d8784d94c7ec3d64a7d0120deba869303a96770310dde5e46da2,05/20/2023 09:50:00 PM,2,DRIVER,,1504809,,TOYOTA,CAMRY,,2007,UNKNOWN,UNKNOWN/NA,NOT IN USE,N,UNKNOWN/NA,,,1,,,,,,,,Y,Y,,,,,,N,,,REAR-RIGHT-CORNER,,,,,,,,,,,,,,,,,,,,,,,,,,,,,,,,,
1578788,4c2af4cc8eaf15d5fdc47bcad39f2ad3a7dc0d67060c034e837204ce82db700c1dcf37f3dda3c1a6921af3e8a82e515075e916f60e2f9cfa58f16dc992ca46d7,05/18/2023 06:55:00 PM,1,DRIVER,,1502052,,HONDA,CIVIC,IL,2011,UNKNOWN,PASSENGER,PERSONAL,S,UNKNOWN/NA,,,1,,,,,Y,Y,,,,,,,,,,,,UNKNOWN,,,,,,,,,,,,,,,,,,,,,,,,,,,,,,,,,
1578789,4c2af4cc8eaf15d5fdc47bcad39f2ad3a7dc0d67060c034e837204ce82db700c1dcf37f3dda3c1a6921af3e8a82e515075e916f60e2f9cfa58f16dc992ca46d7,05/18/2023 06:55:00 PM,2,DRIVER,2,1502064,,NISSAN,ROGUE,IL,2015,UNKNOWN,PASSENGER,PERSONAL,E,UNKNOWN/NA,Y,,3,,PRIVATE TOW,UNKNOWN,,,,,,,,,,,Y,Y,Y,,FRONT-LEFT-CORNER,,,,,,,,,,,,,,,,,,,,,,,,,,,,,,,,,
1578362,8139fb0ef1f1b700b82936bf803cff29fbff373f234b8daab4911603818b66bb842358f15ecb5a56af3cebe9a7e761d59f80d179b07e90e35f3ba7ed7ef961df,05/18/2023 10:35:00 AM,1,DRIVER,,1501636,,CHEVROLET,CRUZE,IL,2017,UNKNOWN,PASSENGER,PERSONAL,W,PASSING/OVERTAKING,,,1,,,,,Y,,,,,,,,,,,,,FRONT-RIGHT-CORNER,,,,,,,,,,,,,,,,,,,,,,,,,,,,,,,,,
1578363,8139fb0ef1f1b700b82936bf803cff29fbff373f234b8daab4911603818b66bb842358f15ecb5a56af3cebe9a7e761d59f80d179b07e90e35f3ba7ed7ef961df,05/18/2023 10:35:00 AM,2,DRIVER,,1501640,,DODGE,CARAVAN,IL,2007,UNKNOWN,VAN/MINI-VAN,PERSONAL,W,TURNING LEFT,,,1,,,,,,,,,,,,,,,Y,,,FRONT-LEFT-CORNER,,,,,,,,,,,,,,,,,,,,,,,,,,,,,,,,,
1575884,84995ed3a38bfb417994f00c4ae536cd3be1b2c05937f549c0bd579ea57ab839bc7e94e5564eb93bd09198c463c966a3bdcf281323ed79ac9b700e8543987dde,05/14/2023 06:15:00 PM,1,DRIVER,,1499229,,JEEP,WRANGLER,WA,,NONE,SPORT UTILITY VEHICLE (SUV),PERSONAL,E,STRAIGHT AHEAD,,,1,,,,Y,,,,,,,,,,,,,N,FRONT,,,,,,,,,,,,,,,,,,,,,,,,,,,,,,,,,
1575885,84995ed3a38bfb417994f00c4ae536cd3be1b2c05937f549c0bd579ea57ab839bc7e94e5564eb93bd09198c463c966a3bdcf281323ed79ac9b700e8543987dde,05/14/2023 06:15:00 PM,2,DRIVER,1,1499241,,HYUNDAI,SONATA,IL,2020,NONE,PASSENGER,PERSONAL,E,STRAIGHT AHEAD,,,2,,,,,,,,,Y,Y,Y,,,,,,,REAR,,,,,,,,,,,,,,,,,,,,,,,,,,,,,,,,,
1575098,5facb146da11e6dd401c1006a2afa8beb8a0fdcaaceb088de8b05946e8b059fb91b32d49412eb726e5aac0967e7ac2494c43d47efb700c6ad375290cd88e1745,05/12/2023 08:32:00 PM,1,DRIVER,,1498475,,CHEVROLET,OTHER (EXPLAIN IN NARRATIVE),IL,2016,UNKNOWN,UNKNOWN/NA,UNKNOWN/NA,N,UNKNOWN/NA,,,1,,,,,,,,,,,,,,,,,Y,UNKNOWN,,,,,,,,,,,,,,,,,,,,,,,,,,,,,,,,,
1575099,5facb146da11e6dd401c1006a2afa8beb8a0fdcaaceb088de8b05946e8b059fb91b32d49412eb726e5aac0967e7ac2494c43d47efb700c6ad375290cd88e1745,05/12/2023 08:32:00 PM,2,DRIVER,,1498479,,JEEP,GRAND CHEROKEE,IL,2020,UNKNOWN,PASSENGER,PERSONAL,N,STRAIGHT AHEAD,Y,,1,,,,,,,,Y,Y,Y,Y,,,,,,,REAR,,,,,,,,,,,,,,,,,,,,,,,,,,,,,,,,,
1573146,e8fed5ef1901c94f9936a4108f264e39d0b5ecf580b5a6cf5a357e071e5ad8d30d3b93f9fcfe63a2b47c18a4a4ee0bc8114ffd2086523daaa9c4cace3b700251,05/10/2023 10:30:00 PM,1,DRIVER,,1496585,,TOYOTA,CAMRY,IL,2016,UNKNOWN,PASSENGER,TAXI/FOR HIRE,W,STRAIGHT AHEAD,,,1,,,,,Y,,,,,,,,,,Y,Y,,FRONT,,,,,,,,,,,,,,,,,,,,,,,,,,,,,,,,,
1573147,e8fed5ef1901c94f9936a4108f264e39d0b5ecf580b5a6cf5a357e071e5ad8d30d3b93f9fcfe63a2b47c18a4a4ee0bc8114ffd2086523daaa9c4cace3b700251,05/10/2023 10:30:00 PM,2,DRIVER,,1496589,,TOYOTA,CAMRY,IL,,NONE,PASSENGER,PERSONAL,W,STRAIGHT AHEAD,,,1,,,,,Y,,,,Y,Y,Y,,,,Y,Y,,REAR,,,,,,,,,,,,,,,,,,,,,,,,,,,,,,,,,
1573148,e8fed5ef1901c94f9936a4108f264e39d0b5ecf580b5a6cf5a357e071e5ad8d30d3b93f9fcfe63a2b47c18a4a4ee0bc8114ffd2086523daaa9c4cace3b700251,05/10/2023 10:30:00 PM,3,DRIVER,,1496593,,TOYOTA,CAMRY,IL,2009,NONE,PASSENGER,PERSONAL,W,STRAIGHT AHEAD,,,1,,,,,,,,,Y,Y,Y,,,,,,,REAR,,,,,,,,,,,,,,,,,,,,,,,,,,,,,,,,,
1571088,de1941598a4ab2e9ded018a4842554f7611385ebac118e7df01c4a9d3661b9d80f83c4a435bb2456b11b8a64d0b2e327b92376dd7b700336157ec43d607c4091,05/08/2023 09:00:00 AM,1,DRIVER,,1494581,,UNKNOWN,MOTORIZED,,,UNKNOWN,UNKNOWN/NA,UNKNOWN/NA,UNKNOWN,UNKNOWN/NA,,,1,,,,,,,,,,,,,,,,,Y,UNKNOWN,,,,,,,,,,,,,,,,,,,,,,,,,,,,,,,,,
1571089,de1941598a4ab2e9ded018a4842554f7611385ebac118e7df01c4a9d3661b9d80f83c4a435bb2456b11b8a64d0b2e327b92376dd7b700336157ec43d607c4091,05/08/2023 09:00:00 AM,2,PARKED,,1494584,,CHEVROLET,EQUINOX,IL,2019,UNKNOWN,SPORT UTILITY VEHICLE (SUV),NOT IN USE,UNKNOWN,PARKED,,,0,,,,,Y,,,,,,,,,,,,Y,UNKNOWN,,,,,,,,,,,,,,,,,,,,,,,,,,,,,,,,,
1569364,e5dcd01c3d0d7c10bbe30ab68130be9ddd821ad980b1b7007b91182db770cbfccd559876b2136c948318672b86aff5d5500d6dcff39003b1637867afc3e2b35a,05/05/2023 03:30:00 PM,1,DRIVER,,1492927,,MITSUBISHI,OUTLANDER,IL,2008,NONE,SPORT UTILITY VEHICLE (SUV),PERSONAL,S,BACKING,,,1,,,,,,,,,,Y,,,,,,,,REAR,,,,,,,,,,,,,,,,,,,,,,,,,,,,,,,,,
1569365,e5dcd01c3d0d7c10bbe30ab68130be9ddd821ad980b1b7007b91182db770cbfccd559876b2136c948318672b86aff5d5500d6dcff39003b1637867afc3e2b35a,05/05/2023 03:30:00 PM,2,PARKED,,1492928,,MINI,COOPER,IL,2012,NONE,PASSENGER,PERSONAL,N,PARKED,,,0,,,,,,,,,,,,,Y,Y,Y,,,FRONT-LEFT-CORNER,,,,,,,,,,,,,,,,,,,,,,,,,,,,,,,,,
1568581,df63b4f09fdd1ed93674ebad5c0b4d3e2819b4effd97060278b20b7000822840f892ed4650b2a7c573aa153b07ace3541006ba7593e41f61b02a7d9324f283fe,05/04/2023 03:30:00 PM,1,DRIVER,,1492157,,CHEVROLET,SILVERADO,IL,2022,NONE,PICKUP,PERSONAL,SW,BACKING,,,1,,,,,,,,,,,Y,,,,,,,REAR-LEFT-CORNER,,,,,,,,,,,,,,,,,,,,,,,,,,,,,,,,,
1568582,df63b4f09fdd1ed93674ebad5c0b4d3e2819b4effd97060278b20b7000822840f892ed4650b2a7c573aa153b07ace3541006ba7593e41f61b02a7d9324f283fe,05/04/2023 03:30:00 PM,2,PARKED,,1492166,,CHEVROLET,OTHER (EXPLAIN IN NARRATIVE),IL,2013,NONE,PASSENGER,PERSONAL,SW,PARKED,,,0,,,,,,,,,Y,Y,Y,,,,,,,REAR,,,,,,,,,,,,,,,,,,,,,,,,,,,,,,,,,
1568878,33737e28aa180b3f6136f6bad0f0b738526d40c976c73a9fde78f0a60bffb81649f24350e6921399da73e7cf8667222b700c5186fefe53e978e81e9baada866a,05/04/2023 12:00:00 PM,1,DRIVER,,1492460,Y,ISUZU,TRUCK,IL,,NONE,TRUCK - SINGLE UNIT,COMMERCIAL - SINGLE UNIT,N,BACKING,,,1,,,,,,,,,Y,,,,,,,,,SIDE-RIGHT-REAR,17041,,,,,2,ELITE RENTAL,IL,CHICAGO,,,,N,N,,U,,N,N,,,,,,,,,"SINGLE UNIT TRUCK, 2 AXLES, 6 TIRES",,UNKNOWN,N,N,
1568879,33737e28aa180b3f6136f6bad0f0b738526d40c976c73a9fde78f0a60bffb81649f24350e6921399da73e7cf8667222b700c5186fefe53e978e81e9baada866a,05/04/2023 12:00:00 PM,2,PARKED,,1492463,,CHEVROLET,TAHOE,IL,,NONE,SPORT UTILITY VEHICLE (SUV),STATE OWNED,N,PARKED,,,0,,,,,,,,,,,,,,Y,Y,,,FRONT-LEFT-CORNER,,,,,,,,,,,,,,,,,,,,,,,,,,,,,,,,,
1568613,098cce62e064310c7d669edd44c4e33c949dfdbef3c42f7d6bcb7004a94cf6b5483bbb239a77590d9db56a4c36713f6de4b2b43a08467b2266a5e409a728b7ac,05/03/2023 10:30:00 PM,1,DRIVER,,1492180,,OLDSMOBILE,OTHER (EXPLAIN IN NARRATIVE),IL,,UNKNOWN,SPORT UTILITY VEHICLE (SUV),UNKNOWN/NA,N,UNKNOWN/NA,,,1,,,,,Y,,,,,,,,,,Y,Y,,FRONT,,,,,,,,,,,,,,,,,,,,,,,,,,,,,,,,,
1568614,098cce62e064310c7d669edd44c4e33c949dfdbef3c42f7d6bcb7004a94cf6b5483bbb239a77590d9db56a4c36713f6de4b2b43a08467b2266a5e409a728b7ac,05/03/2023 10:30:00 PM,2,DRIVER,2,1492188,,VOLKSWAGEN,JETTA,IL,2014,NONE,PASSENGER,PERSONAL,N,STRAIGHT AHEAD,,,3,,,,,Y,,,,Y,Y,Y,,,,Y,Y,,TOTAL (ALL AREAS),,,,,,,,,,,,,,,,,,,,,,,,,,,,,,,,,
1568624,098cce62e064310c7d669edd44c4e33c949dfdbef3c42f7d6bcb7004a94cf6b5483bbb239a77590d9db56a4c36713f6de4b2b43a08467b2266a5e409a728b7ac,05/03/2023 10:30:00 PM,3,DRIVER,,1492194,,UNKNOWN,MOTORIZED,,,UNKNOWN,PASSENGER,UNKNOWN/NA,N,UNKNOWN/NA,,,1,,,,,,,,,Y,Y,Y,,,,,,,REAR,,,,,,,,,,,,,,,,,,,,,,,,,,,,,,,,,
1566953,6a63f2ebfff974b910f0ebd95f079a3c17e88f6fe629e5f348b6b7b7003da8d291f40b281d447c5d631fefd5892730f452376b42c431df488550cce13431c4ef,05/02/2023 11:30:00 AM,1,DRIVER,,1490615,,BUICK,CENTURY,IL,2005,UNKNOWN,PASSENGER,PERSONAL,S,TURNING LEFT,Y,,1,,CITY OF CHICAGO,POUND 2,,,,,,,,,,,,N,Y,,FRONT,,,,,,,,,,,,,,,,,,,,,,,,,,,,,,,,,
1566954,6a63f2ebfff974b910f0ebd95f079a3c17e88f6fe629e5f348b6b7b7003da8d291f40b281d447c5d631fefd5892730f452376b42c431df488550cce13431c4ef,05/02/2023 11:30:00 AM,2,DRIVER,,1490626,,FORD,ECONOLINE E350,IL,2015,UNKNOWN,OTHER,OTHER,S,STRAIGHT AHEAD,N,,1,,,,,,,Y,,,,,,,,,,,SIDE-RIGHT,,,,,,,,,,,,,,,,,,,,,,,,,,,,,,,,,
1565530,5af1ecaa2b70026a13076874fcb03d414924944569f474bc24df3aca20f495f2560bab0dabd6128022fe4f5300b89abf3b7b085f1819a28df061bb91ed2b641b,04/30/2023 11:15:00 AM,1,DRIVER,1,1489212,,GENERAL MOTORS CORPORATION (GMC),TRUCK,IL,2007,UNKNOWN,TRUCK - SINGLE UNIT,UNKNOWN/NA,S,U-TURN,,,2,,,,,Y,,,,,,,,,,,,,FRONT-RIGHT-CORNER,,,,,,,,,,,,,,,,,,,,,,,,,,,,,,,,,
1565531,5af1ecaa2b70026a13076874fcb03d414924944569f474bc24df3aca20f495f2560bab0dabd6128022fe4f5300b89abf3b7b085f1819a28df061bb91ed2b641b,04/30/2023 11:15:00 AM,2,DRIVER,,1489216,,ACURA,RLX,IL,2007,NONE,PASSENGER,PERSONAL,N,STRAIGHT AHEAD,,,1,,,,,,,,,,,,Y,Y,Y,,,,SIDE-LEFT,,,,,,,,,,,,,,,,,,,,,,,,,,,,,,,,,
1564650,b336255808a7f8f6b4fe004e0eb700904e6922c3e459ead5c6f535540c69efe178d0a4c17f0068d12006b17d66f7a5f788032b95e15bad4950181fa095c5fc64,04/28/2023 07:50:00 PM,1,DRIVER,,1488352,,CADILLAC,ESCALADE,IL,2015,NONE,SPORT UTILITY VEHICLE (SUV),PERSONAL,S,BACKING,,,1,,,,,,,,,Y,Y,Y,,,,,,,REAR,,,,,,,,,,,,,,,,,,,,,,,,,,,,,,,,,
1564651,b336255808a7f8f6b4fe004e0eb700904e6922c3e459ead5c6f535540c69efe178d0a4c17f0068d12006b17d66f7a5f788032b95e15bad4950181fa095c5fc64,04/28/2023 07:50:00 PM,2,PARKED,,1488355,,CHEVROLET,BLAZER,IL,2019,NONE,SPORT UTILITY VEHICLE (SUV),NOT IN USE,N,PARKED,Y,,0,,PRIVATE,UNKNOWN,,Y,Y,,,,,,,,Y,Y,Y,,FRONT,,,,,,,,,,,,,,,,,,,,,,,,,,,,,,,,,
1566599,cf9dd39a64284aab70066e2fee73607fa410e36664d028784d315ef561d1bef04316269db40d9e6c40198957687df001352d3a84e45fe14668422a8ec17135a3,04/25/2023 06:10:00 PM,1,DRIVER,,1490246,,UNKNOWN,OTHER (EXPLAIN IN NARRATIVE),,,UNKNOWN,UNKNOWN/NA,UNKNOWN/NA,SE,STRAIGHT AHEAD,,,1,,,,,,,,,,,,,,,,,Y,UNKNOWN,,,,,,,,,,,,,,,,,,,,,,,,,,,,,,,,,
1566600,cf9dd39a64284aab70066e2fee73607fa410e36664d028784d315ef561d1bef04316269db40d9e6c40198957687df001352d3a84e45fe14668422a8ec17135a3,04/25/2023 06:10:00 PM,2,DRIVER,,1490255,,CHEVROLET,EQUINOX,IL,2021,UNKNOWN,PASSENGER,PERSONAL,UNKNOWN,STRAIGHT AHEAD,,,1,,,,,,,,,,,Y,Y,Y,Y,Y,,,UNKNOWN,,,,,,,,,,,,,,,,,,,,,,,,,,,,,,,,,
1561831,e1a8d59b6d00cd58b9a7723aa48f8d1396c557b5c5102d24363100b9d15b87f92f4f587384955739384f23352cfb98fc5fb65efcdf51e035339b70033705a1a8,04/24/2023 06:00:00 PM,2,DRIVER,,1485622,,TOYOTA,MATRIX,IL,2010,UNKNOWN,PASSENGER,PERSONAL,N,SLOW/STOP IN TRAFFIC,,,1,,,,,,,,,,Y,Y,,,,,,,REAR-LEFT-CORNER,,,,,,,,,,,,,,,,,,,,,,,,,,,,,,,,,
1561832,e1a8d59b6d00cd58b9a7723aa48f8d1396c557b5c5102d24363100b9d15b87f92f4f587384955739384f23352cfb98fc5fb65efcdf51e035339b70033705a1a8,04/24/2023 06:00:00 PM,1,DRIVER,,1485629,,JEEP,WRANGLER,IN,2018,UNKNOWN,SPORT UTILITY VEHICLE (SUV),PERSONAL,N,OTHER,,,1,,,,,Y,,,,,,,,,,,Y,,FRONT-RIGHT-CORNER,,,,,,,,,,,,,,,,,,,,,,,,,,,,,,,,,
1560046,bb70054595fdde2246c10917ba8b6c3a23dabda844a3106fca63c0f0c5107090c62516631858c2b0a5f869281b0b4c5fa5b1b49491bffa256196324ca7f37e01,04/21/2023 09:15:00 PM,1,DRIVER,,1483879,,MAZDA,CX-5,WI,2014,UNKNOWN,TRUCK - SINGLE UNIT,UNKNOWN/NA,W,STRAIGHT AHEAD,N,,1,,,,,,,,,,,,,,,,Y,,FRONT,,,,,,,,,,,,,,,,,,,,,,,,,,,,,,,,,
1560047,bb70054595fdde2246c10917ba8b6c3a23dabda844a3106fca63c0f0c5107090c62516631858c2b0a5f869281b0b4c5fa5b1b49491bffa256196324ca7f37e01,04/21/2023 09:15:00 PM,2,DRIVER,,1483883,,VOLKSWAGEN,ATLAS,IL,2018,UNKNOWN,TRUCK - SINGLE UNIT,UNKNOWN/NA,W,SLOW/STOP IN TRAFFIC,,,1,,,,,,,,,,Y,,,,,,,,REAR,,,,,,,,,,,,,,,,,,,,,,,,,,,,,,,,,
1559852,ce528d3c821b06cac3b7c1358141f96467fe7998119b8a50f863279f9bb3f6fcd5824363da2ade8ab70071449e772d7ae25155dba9629f682de36dfab26ae327,04/21/2023 05:54:00 PM,1,DRIVER,,1483695,,LINCOLN,MKX,IL,2008,UNKNOWN,UNKNOWN/NA,UNKNOWN/NA,UNKNOWN,UNKNOWN/NA,,,1,,,,,,,,,N,N,N,,,,,,Y,UNKNOWN,,,,,,,,,,,,,,,,,,,,,,,,,,,,,,,,,
1559853,ce528d3c821b06cac3b7c1358141f96467fe7998119b8a50f863279f9bb3f6fcd5824363da2ade8ab70071449e772d7ae25155dba9629f682de36dfab26ae327,04/21/2023 05:54:00 PM,2,DRIVER,,1483704,,HYUNDAI,ELANTRA,IL,2012,UNKNOWN,PASSENGER,PERSONAL,E,STRAIGHT AHEAD,,,1,,,,,,,,,Y,Y,Y,,,,,,,REAR,,,,,,,,,,,,,,,,,,,,,,,,,,,,,,,,,