CRASH_UNIT_ID,CRASH_RECORD_ID,CRASH_DATE,UNIT_NO,UNIT_TYPE,NUM_PASSENGERS,VEHICLE_ID,CMRC_VEH_I,MAKE,MODEL,LIC_PLATE_STATE,VEHICLE_YEAR,VEHICLE_DEFECT,VEHICLE_TYPE,VEHICLE_USE,TRAVEL_DIRECTION,MANEUVER,TOWED_I,FIRE_I,OCCUPANT_CNT,EXCEED_SPEED_LIMIT_I,TOWED_BY,TOWED_TO,AREA_00_I,AREA_01_I,AREA_02_I,AREA_03_I,AREA_04_I,AREA_05_I,AREA_06_I,AREA_07_I,AREA_08_I,AREA_09_I,AREA_10_I,AREA_11_I,AREA_12_I,AREA_99_I,FIRST_CONTACT_POINT,CMV_ID,USDOT_NO,CCMC_NO,ILCC_NO,COMMERCIAL_SRC,GVWR,CARRIER_NAME,CARRIER_STATE,CARRIER_CITY,HAZMAT_PLACARDS_I,HAZMAT_NAME,UN_NO,HAZMAT_PRESENT_I,HAZMAT_REPORT_I,HAZMAT_REPORT_NO,MCS_REPORT_I,MCS_REPORT_NO,HAZMAT_VIO_CAUSE_CRASH_I,MCS_VIO_CAUSE_CRASH_I,IDOT_PERMIT_NO,WIDE_LOAD_I,TRAILER1_WIDTH,TRAILER2_WIDTH,TRAILER1_LENGTH,TRAILER2_LENGTH,TOTAL_VEHICLE_LENGTH,AXLE_CNT,VEHICLE_CONFIG,CARGO_BODY_TYPE,LOAD_TYPE,HAZMAT_OUT_OF_SERVICE_I,MCS_OUT_OF_SERVICE_I,HAZMAT_CLASS
1525848,fdc018be0dc192320ab959b0d39f8f6e926dd0b1026e7b7007b7f7a797d60015d68c55232fcd2c8f00de7208e33f9e357db5d9c6baf9be926dee0284c6d89025,02/27/2023 11:00:00 AM,2,DRIVER,,1450856,,BUICK,OTHER (EXPLAIN IN NARRATIVE),IL,2007,NONE,PASSENGER,PERSONAL,W,STRAIGHT AHEAD,,,1,,,,,,,,,,,,,,,,,,FRONT-RIGHT-CORNER,,,,,,,,,,,,,,,,,,,,,,,,,,,,,,,,,
1525885,bae5015ff0c7334e4b7009bc800899a04f880ddb045565c8fe1b72dec6055c9cd8493a365cdd33a01cbc7cac9da7ba49ba9787c0b894ef19522fb88766c0f81d,02/27/2023 10:07:00 AM,1,DRIVER,,1450892,,CHEVROLET,COBALT,IL,2007,NONE,PASSENGER,PERSONAL,W,STRAIGHT AHEAD,N,,1,,,,,Y,,,,,,,,,,Y,Y,,FRONT,,,,,,,,,,,,,,,,,,,,,,,,,,,,,,,,,
1525886,bae5015ff0c7334e4b7009bc800899a04f880ddb045565c8fe1b72dec6055c9cd8493a365cdd33a01cbc7cac9da7ba49ba9787c0b894ef19522fb88766c0f81d,02/27/2023 10:07:00 AM,2,DRIVER,,1450899,,FREIGHTLINER CORPORATION,FREIGHTLINER CORP.,IL,2018,NONE,OTHER,TOW TRUCK,E,STRAIGHT AHEAD,,,1,,,,,,,,,,,,,,,,Y,,FRONT,,,,,,,,,,,,,,,,,,,,,,,,,,,,,,,,,
1524290,4b450a61963947484be74b6000ad32b2b189980146c81e39e93ba755e1719fa0380b18008d4ebe5aab39597d9cac1055b700353be96984564a19656e7b8f2f61,02/24/2023 11:50:00 PM,1,DRIVER,,1449346,,CHEVROLET,MALIBU,IL,2010,UNKNOWN,PASSENGER,PERSONAL,E,SKIDDING/CONTROL LOSS,Y,,1,,ORD AVIATION TOW (TT04),ORD RELOCATION LOT,,Y,,,,,,,,,,Y,Y,,FRONT,,,,,,,,,,,,,,,,,,,,,,,,,,,,,,,,,
1524291,4b450a61963947484be74b6000ad32b2b189980146c81e39e93ba755e1719fa0380b18008d4ebe5aab39597d9cac1055b700353be96984564a19656e7b8f2f61,02/24/2023 11:50:00 PM,2,DRIVER,,1449353,Y,VOLVO,TRUCK,IL,2019,UNKNOWN,TRACTOR W/O SEMI-TRAILER,UNKNOWN/NA,N,STRAIGHT AHEAD,,,1,,,,,,,,,,,,Y,Y,N,,,,SIDE-LEFT,16605,302326,,,SIDE OF TRUCK,,GEANTO'S TRUCKING CO.,IL,BENSENVILLE,,,,,,,,,,,,,,,,,,,TRUCK/TRACTOR,,,,,
1523784,671d0b5c9d1e248ee9ad2b0b01012331f189d3072c07ccf591d68a42b942fbb30cfdc5a8ecfdb700530ce2413ada88cfe7e3cf17680e60427c54cd8e36dd0ad7,02/24/2023 12:19:00 PM,1,DRIVER,,1448868,,FORD,FUSION,IL,,UNKNOWN,PASSENGER,PERSONAL,N,CHANGING LANES,,,1,,,,,,,,,,,Y,Y,,,,,,REAR-LEFT-CORNER,,,,,,,,,,,,,,,,,,,,,,,,,,,,,,,,,
1523785,671d0b5c9d1e248ee9ad2b0b01012331f189d3072c07ccf591d68a42b942fbb30cfdc5a8ecfdb700530ce2413ada88cfe7e3cf17680e60427c54cd8e36dd0ad7,02/24/2023 12:19:00 PM,2,DRIVER,,1448883,,CHEVROLET,EQUINOX,IL,2019,NONE,PASSENGER,PERSONAL,N,STRAIGHT AHEAD,,,1,,,,,Y,Y,,,,,,,,,,,,FRONT-RIGHT-CORNER,,,,,,,,,,,,,,,,,,,,,,,,,,,,,,,,,
1519778,4781585f9ef7f2231b3e246913c710d1c1c655217fbf4114e413fcb700375c7df1e15b2e31ec449859286cf3a42d0901da1be82215273cdc541c46920319207c,02/17/2023 04:50:00 PM,1,DRIVER,,1445010,,UNKNOWN,OTHER (EXPLAIN IN NARRATIVE),IL,,UNKNOWN,UNKNOWN/NA,UNKNOWN/NA,W,STRAIGHT AHEAD,,,1,,,,,,,,,,,,,,,,,Y,UNKNOWN,,,,,,,,,,,,,,,,,,,,,,,,,,,,,,,,,
1519779,4781585f9ef7f2231b3e246913c710d1c1c655217fbf4114e413fcb700375c7df1e15b2e31ec449859286cf3a42d0901da1be82215273cdc541c46920319207c,02/17/2023 04:50:00 PM,2,DRIVER,,1445015,,TOYOTA,COROLLA,IL,2003,UNKNOWN,PASSENGER,PERSONAL,S,STRAIGHT AHEAD,,,1,,,,,,,,,,,Y,Y,Y,N,,,,SIDE-LEFT-REAR,,,,,,,,,,,,,,,,,,,,,,,,,,,,,,,,,
1519273,65d48c33ea3cc8b469b700e97ddd0faaa32991d511e4bae1bd21d0084b27964f0fe564c802f5a9533e44eaa78385d7ff39d570cc38e9add4eea89f8416d5cfd9,02/17/2023 08:47:00 AM,1,DRIVER,,1444506,,TOYOTA,COROLLA,IL,2004,UNKNOWN,PASSENGER,PERSONAL,S,STRAIGHT AHEAD,,,1,,,,,,,,,,,,,,,,Y,,FRONT,,,,,,,,,,,,,,,,,,,,,,,,,,,,,,,,,
1519274,65d48c33ea3cc8b469b700e97ddd0faaa32991d511e4bae1bd21d0084b27964f0fe564c802f5a9533e44eaa78385d7ff39d570cc38e9add4eea89f8416d5cfd9,02/17/2023 08:47:00 AM,2,DRIVER,,1444538,,FORD,EDGE,IL,2021,NONE,PASSENGER,PERSONAL,S,STRAIGHT AHEAD,,,1,,,,,,,,,,Y,,,,,,,,REAR,,,,,,,,,,,,,,,,,,,,,,,,,,,,,,,,,
1518837,5178cd65f2b903ab6434aa0b0af110e719e87afbdf28cc5bfa65dcc277266ef91eac60b700653618174f3cacaaf4376b39dd067b42561853d7a0c0bfdeff4f8f,02/16/2023 05:20:00 PM,1,DRIVER,,1444095,,NISSAN,SENTRA,IL,2013,UNKNOWN,PASSENGER,PERSONAL,E,STRAIGHT AHEAD,,,1,,,,,Y,,,,,,,,,,Y,Y,,FRONT,,,,,,,,,,,,,,,,,,,,,,,,,,,,,,,,,
1518838,5178cd65f2b903ab6434aa0b0af110e719e87afbdf28cc5bfa65dcc277266ef91eac60b700653618174f3cacaaf4376b39dd067b42561853d7a0c0bfdeff4f8f,02/16/2023 05:20:00 PM,2,DRIVER,,1444098,,HONDA,ACCORD,IL,2007,UNKNOWN,PASSENGER,PERSONAL,E,STRAIGHT AHEAD,,,1,,,,,,,,,Y,Y,Y,,,,,,,REAR,,,,,,,,,,,,,,,,,,,,,,,,,,,,,,,,,
1518874,c5b70043d0dd42d3b4be3ad07f1942223564c3116d85560a2e427ab9efa035de4ade5bc557a45c07ee4df968d955e14c234897277feabfd840f61a1972e15faa,02/16/2023 04:15:00 PM,1,DRIVER,1,1444114,,NISSAN,SENTRA,IL,2015,NONE,PASSENGER,PERSONAL,E,STRAIGHT AHEAD,,,2,,,,,Y,Y,,Y,Y,,,,,,,,,SIDE-RIGHT,,,,,,,,,,,,,,,,,,,,,,,,,,,,,,,,,
1517120,e7783b036632827bd4c033b700b802f01f4efd8de3316ef65711e72a60393536a2a9c7f8c2ce1fdd896c5e1c5e46022442712c9c345fc243f557c5155246c36e,02/13/2023 03:46:00 AM,1,DRIVER,,1442457,,UNKNOWN,OTHER (EXPLAIN IN NARRATIVE),IL,,NONE,PASSENGER,PERSONAL,N,STRAIGHT AHEAD,,,1,,,,,,,,,,,,,,,Y,,,FRONT-LEFT-CORNER,,,,,,,,,,,,,,,,,,,,,,,,,,,,,,,,,
1517121,e7783b036632827bd4c033b700b802f01f4efd8de3316ef65711e72a60393536a2a9c7f8c2ce1fdd896c5e1c5e46022442712c9c345fc243f557c5155246c36e,02/13/2023 03:46:00 AM,2,PARKED,,1442458,,CHRYSLER,PACIFICA,NY,2022,NONE,PASSENGER,PERSONAL,S,PARKED IN TRAFFIC LANE,,,0,,,,,,,,,,,,,Y,Y,,,,SIDE-LEFT,,,,,,,,,,,,,,,,,,,,,,,,,,,,,,,,,
1515700,2c3f20d466039712a6f9096c242408d9c3ab96d7056db4e3f33429e505d4b72d2075bdedc238c2412b7138f5d07616fe8cb63488203a95cb700e56eb73104555,02/11/2023 01:45:00 PM,1,DRIVER,,1441076,,NISSAN,MURANO,IL,2003,UNKNOWN,PASSENGER,UNKNOWN/NA,E,DRIVING WRONG WAY,,,1,,,,,Y,,,,,,,,,,Y,Y,,FRONT,,,,,,,,,,,,,,,,,,,,,,,,,,,,,,,,,
1515701,2c3f20d466039712a6f9096c242408d9c3ab96d7056db4e3f33429e505d4b72d2075bdedc238c2412b7138f5d07616fe8cb63488203a95cb700e56eb73104555,02/11/2023 01:45:00 PM,2,DRIVER,,1441081,,NISSAN,MURANO,IL,2018,UNKNOWN,PASSENGER,PERSONAL,N,TURNING LEFT,,,1,,,,,Y,,,,,,,,,,Y,Y,,FRONT,,,,,,,,,,,,,,,,,,,,,,,,,,,,,,,,,
1515304,56d8b30a143cb707bc7a6a7379c06f3a46e3502130fa5c339941931114412feb824e069e9db700606f69e4eb586c43d97a58e4fcf572cab0f2c01d5616c14bc4,02/10/2023 05:22:00 PM,1,DRIVER,,1440697,,JEEP,COMPASS,IL,2014,UNKNOWN,PASSENGER,PERSONAL,E,BACKING,,,1,,,,,,,,,Y,,,,,,,,,SIDE-RIGHT-REAR,,,,,,,,,,,,,,,,,,,,,,,,,,,,,,,,,
1515305,56d8b30a143cb707bc7a6a7379c06f3a46e3502130fa5c339941931114412feb824e069e9db700606f69e4eb586c43d97a58e4fcf572cab0f2c01d5616c14bc4,02/10/2023 05:22:00 PM,2,PARKED,,1440704,,FORD,FIESTA,IL,2016,UNKNOWN,PASSENGER,NOT IN USE,E,PARKED,,,0,,,,,,,,,,,,Y,Y,Y,,,,SIDE-LEFT,,,,,,,,,,,,,,,,,,,,,,,,,,,,,,,,,
1514163,7d26c6b9e66faa44e0581aa26c29705aac39781c08e5b18df47bf092e09ec32fd77667523f7b06fbfe3559d6cdd1eeb741638b700e1ff066862d798d3b2f2ab2,02/09/2023 04:14:00 AM,1,DRIVER,,1439620,,FORD,RANGER,TX,2000,UNKNOWN,PICKUP,UNKNOWN/NA,S,STRAIGHT AHEAD,Y,,1,,city tow,,,Y,Y,,,,,,,,Y,Y,Y,,FRONT,,,,,,,,,,,,,,,,,,,,,,,,,,,,,,,,,
1514164,7d26c6b9e66faa44e0581aa26c29705aac39781c08e5b18df47bf092e09ec32fd77667523f7b06fbfe3559d6cdd1eeb741638b700e1ff066862d798d3b2f2ab2,02/09/2023 04:14:00 AM,2,PARKED,,1439622,,CHEVROLET,MALIBU,IL,2015,NONE,PASSENGER,UNKNOWN/NA,S,PARKED,,,0,,,,,,,,,,,,,,Y,Y,Y,,FRONT-LEFT-CORNER,,,,,,,,,,,,,,,,,,,,,,,,,,,,,,,,,
1514165,7d26c6b9e66faa44e0581aa26c29705aac39781c08e5b18df47bf092e09ec32fd77667523f7b06fbfe3559d6cdd1eeb741638b700e1ff066862d798d3b2f2ab2,02/09/2023 04:14:00 AM,3,PARKED,,1439623,,FORD,FUSION,IL,2008,NONE,PASSENGER,UNKNOWN/NA,S,PARKED,,,0,,,,,,,,,,Y,Y,Y,,,,,,REAR-LEFT-CORNER,,,,,,,,,,,,,,,,,,,,,,,,,,,,,,,,,
1512718,a77830593206fedb57b89f1e9b1828a0866dd01c424bdee167924a2a90a9decc6d93637d7c7e0b700f4690598617dc9edf5d0d4136d61e7604045b4fa387614e,02/05/2023 06:30:00 PM,1,DRIVER,,1438239,,FORD,F150,IL,,UNKNOWN,PICKUP,CONSTRUCTION/MAINTENANCE,E,BACKING,,,1,,,,,,,,,Y,,,,,,,,,REAR-RIGHT-CORNER,,,,,,,,,,,,,,,,,,,,,,,,,,,,,,,,,
1512719,a77830593206fedb57b89f1e9b1828a0866dd01c424bdee167924a2a90a9decc6d93637d7c7e0b700f4690598617dc9edf5d0d4136d61e7604045b4fa387614e,02/05/2023 06:30:00 PM,2,PARKED,,1438240,,SUBARU,CROSSTREK,IL,2014,NONE,PASSENGER,PERSONAL,W,PARKED,,,0,,,,,,,,,,,Y,Y,,,,,,REAR-LEFT-CORNER,,,,,,,,,,,,,,,,,,,,,,,,,,,,,,,,,
1512720,a77830593206fedb57b89f1e9b1828a0866dd01c424bdee167924a2a90a9decc6d93637d7c7e0b700f4690598617dc9edf5d0d4136d61e7604045b4fa387614e,02/05/2023 06:30:00 PM,3,PARKED,,1438241,,LEXUS,RX450H,IL,2022,NONE,PASSENGER,PERSONAL,W,PARKED,,,0,,,,,,,Y,Y,Y,,,,,,,,,SIDE-RIGHT-REAR,,,,,,,,,,,,,,,,,,,,,,,,,,,,,,,,,
1509883,842b700ceccca9bd17e9a049f0555bbae03d97ed472bcd1e4752a24fe564896c06678515b5980bc011cf11e27ef89c3ff6aeb74509a36580fcc82184b3498956,02/01/2023 06:00:00 PM,1,DRIVER,,1435502,,NISSAN,MAXIMA,,,UNKNOWN,PASSENGER,PERSONAL,S,STRAIGHT AHEAD,,,1,,,,,,,,,,N,,,,,,Y,,FRONT,,,,,,,,,,,,,,,,,,,,,,,,,,,,,,,,,
1509884,842b700ceccca9bd17e9a049f0555bbae03d97ed472bcd1e4752a24fe564896c06678515b5980bc011cf11e27ef89c3ff6aeb74509a36580fcc82184b3498956,02/01/2023 06:00:00 PM,2,DRIVER,,1435507,,HONDA,CIVIC,,,UNKNOWN,PASSENGER,PERSONAL,S,STRAIGHT AHEAD,,,1,,,,,,,,,,Y,,,,,,,,REAR,,,,,,,,,,,,,,,,,,,,,,,,,,,,,,,,,
1508889,ef5a6983759eb62e0b16140f3aa387310fc32ef60094fc5289e4fa78f06096ecb700585f0a58d107982d8ceb4315a95f5e1b0590637a1f24249636f1d41b5212,01/31/2023 09:10:00 AM,1,DRIVER,,1434549,,LEXUS,IS,IL,2015,NONE,PASSENGER,PERSONAL,E,STRAIGHT AHEAD,,,1,,,,,Y,,,,,,,,,,,,,FRONT-RIGHT-CORNER,,,,,,,,,,,,,,,,,,,,,,,,,,,,,,,,,
1508890,ef5a6983759eb62e0b16140f3aa387310fc32ef60094fc5289e4fa78f06096ecb700585f0a58d107982d8ceb4315a95f5e1b0590637a1f24249636f1d41b5212,01/31/2023 09:10:00 AM,2,DRIVER,,1434555,,ISUZU,TRUCK,IN,2019,NONE,TRUCK - SINGLE UNIT,OTHER,E,STRAIGHT AHEAD,,,1,,,,,,,,,,,Y,,,,,,,REAR-LEFT-CORNER,,,,,,,,,,,,,,,,,,,,,,,,,,,,,,,,,
1504840,4db23520949021474c48c932a13bd4ffba01f455931eed78db70021aaef3a04cc9bc759a3ff8c6c8358469739c41d08e1001fe5802114dbcb5d7c272ce325544,01/25/2023 01:30:00 PM,1,DRIVER,,1430678,,UNKNOWN,MOTORIZED,,,NONE,UNKNOWN/NA,UNKNOWN/NA,W,STRAIGHT AHEAD,,,1,,,,,,,,,,,,,,,,Y,,FRONT,,,,,,,,,,,,,,,,,,,,,,,,,,,,,,,,,
1504841,4db23520949021474c48c932a13bd4ffba01f455931eed78db70021aaef3a04cc9bc759a3ff8c6c8358469739c41d08e1001fe5802114dbcb5d7c272ce325544,01/25/2023 01:30:00 PM,2,DRIVER,,1430680,,KIA,SORENTO,IL,2013,UNKNOWN,SPORT UTILITY VEHICLE (SUV),PERSONAL,W,STRAIGHT AHEAD,,,1,,,,,,,,,,Y,,,,,,,,REAR,,,,,,,,,,,,,,,,,,,,,,,,,,,,,,,,,
1504206,42f0ef5697d32b907ee71790b16eec8e53883c3e458b07a13728b5c26e3c083b700dac67e171fe43c810c518f121b8863c631432f87bb2360b58e0764005fd23,01/23/2023 02:10:00 PM,1,DRIVER,,1430451,,HYUNDAI,SONATA,IL,,UNKNOWN,PASSENGER,UNKNOWN/NA,S,CHANGING LANES,,,1,,,,,,,,,,,,,,,,,,UNKNOWN,,,,,,,,,,,,,,,,,,,,,,,,,,,,,,,,,
1504207,42f0ef5697d32b907ee71790b16eec8e53883c3e458b07a13728b5c26e3c083b700dac67e171fe43c810c518f121b8863c631432f87bb2360b58e0764005fd23,01/23/2023 02:10:00 PM,2,DRIVER,,1430453,,FORD,FUSION,FL,,NONE,PASSENGER,PERSONAL,S,STRAIGHT AHEAD,,,1,,,,,,,,,,,,,,,,,,FRONT-RIGHT-CORNER,,,,,,,,,,,,,,,,,,,,,,,,,,,,,,,,,
1502623,ce93caa3c6cb52dbbc738c3c43a55c143ef30b066f6053405e2c57f85fdb70028da360557448bf7b5aee13b518a29a8a2f8a5a185fb556037a8eebe6f732f92a,01/21/2023 10:30:00 AM,1,DRIVER,,1428559,,CHEVROLET,IMPALA,IL,2014,NONE,PASSENGER,PERSONAL,S,TURNING LEFT,,,1,,,,,,,,,,,,,,,,,,FRONT,,,,,,,,,,,,,,,,,,,,,,,,,,,,,,,,,
1502624,ce93caa3c6cb52dbbc738c3c43a55c143ef30b066f6053405e2c57f85fdb70028da360557448bf7b5aee13b518a29a8a2f8a5a185fb556037a8eebe6f732f92a,01/21/2023 10:30:00 AM,2,PARKED,,1428561,,TOYOTA,CAMRY,IA,2013,UNKNOWN,PASSENGER,NOT IN USE,S,PARKED,,,0,,,,,,,,,,,,,,,,,,REAR,,,,,,,,,,,,,,,,,,,,,,,,,,,,,,,,,
1503007,9ac9d47514e5e54f33af9e592c1b7008399d3921a8b006a978e3a73cc5985216d262daa42c68b4f9db1bbbbac09c29d0bc9b37ec5c6f08c51fd53d8d6d34950d,01/20/2023 07:00:00 AM,1,DRIVER,,1428927,,UNKNOWN,OTHER (EXPLAIN IN NARRATIVE),,,UNKNOWN,UNKNOWN/NA,UNKNOWN/NA,S,STRAIGHT AHEAD,,,1,,,,,,,,,,,,,,,,,,UNKNOWN,,,,,,,,,,,,,,,,,,,,,,,,,,,,,,,,,
1503009,9ac9d47514e5e54f33af9e592c1b7008399d3921a8b006a978e3a73cc5985216d262daa42c68b4f9db1bbbbac09c29d0bc9b37ec5c6f08c51fd53d8d6d34950d,01/20/2023 07:00:00 AM,2,PARKED,,1428929,,AUDI,A4,IL,2023,NONE,PASSENGER,PERSONAL,UNKNOWN,PARKED,,,0,,,,,,,,,,,Y,,,,,,,SIDE-LEFT-REAR,,,,,,,,,,,,,,,,,,,,,,,,,,,,,,,,,
1501696,e6c4cb96876a2fbf2e5e21f976e8e06148aebfc9c57e559f9b70078e8377d70e2402db59f412c7a868f13d3a44f880c599228a53384886189ec5302a1b1b18ee,01/19/2023 06:30:00 PM,1,DRIVER,,1427664,,HONDA,CIVIC,IL,2011,NONE,PASSENGER,PERSONAL,SE,NEGOTIATING A CURVE,Y,,1,,PRIVATE TOW,PRIVATE MECHANIC,,Y,,,,,,,,,,Y,Y,,FRONT,,,,,,,,,,,,,,,,,,,,,,,,,,,,,,,,,
1500778,2a835465f0630d528d78e0db014c48eac9c0685acfe79df423ab39c27262275aecbc19c2eab8cf2ea3ad6e6bffda777b10fe7c52c5dc38baedb70075c18b50c8,01/18/2023 01:30:00 PM,1,DRIVER,,1426788,,CHEVROLET,CAMARO,,,UNKNOWN,PASSENGER,PERSONAL,N,STRAIGHT AHEAD,,,1,,,,,,,,,,,,,,,Y,,,FRONT-LEFT-CORNER,,,,,,,,,,,,,,,,,,,,,,,,,,,,,,,,,
1500779,2a835465f0630d528d78e0db014c48eac9c0685acfe79df423ab39c27262275aecbc19c2eab8cf2ea3ad6e6bffda777b10fe7c52c5dc38baedb70075c18b50c8,01/18/2023 01:30:00 PM,2,DRIVER,,1426790,,TOYOTA,RAV4,IL,2013,NONE,PASSENGER,PERSONAL,N,STRAIGHT AHEAD,,,1,,,,,,,,,,Y,,,,,,,,REAR,,,,,,,,,,,,,,,,,,,,,,,,,,,,,,,,,
1499619,33763aaaf7ab011dcf525baeb22d624c73136b9ae1d749b700aa32972d1bd74d9eb62e0aa715ffbfd5ad5b1cab62310c0af218a649a0c2b0a7c92da4abab3f92,01/16/2023 12:11:00 PM,1,DRIVER,1,1425682,,CHEVROLET,OTHER (EXPLAIN IN NARRATIVE),IL,2017,NONE,PASSENGER,PERSONAL,W,STRAIGHT AHEAD,,,2,,,,,Y,,,,,,,,,N,N,Y,,FRONT-RIGHT-CORNER,,,,,,,,,,,,,,,,,,,,,,,,,,,,,,,,,
1499620,33763aaaf7ab011dcf525baeb22d624c73136b9ae1d749b700aa32972d1bd74d9eb62e0aa715ffbfd5ad5b1cab62310c0af218a649a0c2b0a7c92da4abab3f92,01/16/2023 12:11:00 PM,2,DRIVER,1,1425698,,NISSAN,SENTRA,IL,2006,NONE,PASSENGER,PERSONAL,S,STRAIGHT AHEAD,,,2,,,,,,,,,,,,,,Y,Y,,,FRONT-LEFT-CORNER,,,,,,,,,,,,,,,,,,,,,,,,,,,,,,,,,
1504755,f3b561567f81df7faa46d781d4e0c14065fb5e5712b700bdbd652a5e8794b3c4157aba3199bb8091602df0f00ddfa875934038a3174562196df6177920ce4f0d,01/15/2023 06:30:00 PM,1,DRIVER,,1430599,,FORD,EDGE,IL,2008,BRAKES,PASSENGER,PERSONAL,N,STRAIGHT AHEAD,,,1,,,,,,,,,,,,,,,,,,NONE,,,,,,,,,,,,,,,,,,,,,,,,,,,,,,,,,
1504756,f3b561567f81df7faa46d781d4e0c14065fb5e5712b700bdbd652a5e8794b3c4157aba3199bb8091602df0f00ddfa875934038a3174562196df6177920ce4f0d,01/15/2023 06:30:00 PM,2,PARKED,,1430607,,HONDA,CIVIC,IL,,NONE,PASSENGER,PERSONAL,N,PARKED,,,0,,,,,,,,,,,,,,Y,,,,SIDE-LEFT,,,,,,,,,,,,,,,,,,,,,,,,,,,,,,,,,
1498726,fbaf6da42e4f90203c6fa2d7241a092ac04021f3444ced69b44f649f14aa29a2946087cbd39e1f1dd92808eba53062bb700356a8f5f381ffcff95739099c4c29,01/14/2023 03:30:00 PM,1,DRIVER,,1424823,,GENERAL MOTORS CORPORATION (GMC),TERRAIN,IL,2010,NONE,SPORT UTILITY VEHICLE (SUV),PERSONAL,W,SLOW/STOP IN TRAFFIC,,,1,,,,,,,,,,,,,,,Y,,,FRONT-LEFT-CORNER,,,,,,,,,,,,,,,,,,,,,,,,,,,,,,,,,
1498727,fbaf6da42e4f90203c6fa2d7241a092ac04021f3444ced69b44f649f14aa29a2946087cbd39e1f1dd92808eba53062bb700356a8f5f381ffcff95739099c4c29,01/14/2023 03:30:00 PM,2,DRIVER,,1424817,,TOYOTA,RAV4,IL,2016,NONE,SPORT UTILITY VEHICLE (SUV),PERSONAL,W,SLOW/STOP IN TRAFFIC,,,1,,,,,,,Y,Y,Y,,,,,,,,,SIDE-RIGHT,,,,,,,,,,,,,,,,,,,,,,,,,,,,,,,,,
1498317,af8bfe40057edd5882ac35be73dfda8a0cb5d2c4872402942b70010f58c1433f9061b54dc25f8eb8e1ac4936e1b802542499b4391c1345a312ca4e72712e3ab4,01/13/2023 07:57:00 PM,1,DRIVER,2,1424409,,FORD,OTHER (EXPLAIN IN NARRATIVE),IL,2014,NONE,PASSENGER,PERSONAL,W,TURNING RIGHT,Y,,3,,,,,,,,,,,Y,Y,Y,Y,Y,,,SIDE-LEFT,,,,,,,,,,,,,,,,,,,,,,,,,,,,,,,,,
1498318,af8bfe40057edd5882ac35be73dfda8a0cb5d2c4872402942b70010f58c1433f9061b54dc25f8eb8e1ac4936e1b802542499b4391c1345a312ca4e72712e3ab4,01/13/2023 07:57:00 PM,2,DRIVER,,1424412,,LINCOLN,OTHER (EXPLAIN IN NARRATIVE),IL,2010,UNKNOWN,PASSENGER,PERSONAL,N,STRAIGHT AHEAD,Y,,1,,,,,Y,,,,,,,,,,Y,Y,,FRONT,,,,,,,,,,,,,,,,,,,,,,,,,,,,,,,,,
1497594,d51b00295247acfa37f9abdce5b0612ef02293c5111453a3d4d7ffa316bcc2d91224cc169087d8f5d1d09d725874ca4bfd1c365b700e1676ece5a2f1a2b4df97,01/12/2023 06:26:00 PM,1,DRIVER,,1423716,,FORD,TRANSIT,IL,,UNKNOWN,VAN/MINI-VAN,PERSONAL,W,STRAIGHT AHEAD,,,1,,,,,,,,,,,,,,,,Y,,FRONT,,,,,,,,,,,,,,,,,,,,,,,,,,,,,,,,,
1497595,d51b00295247acfa37f9abdce5b0612ef02293c5111453a3d4d7ffa316bcc2d91224cc169087d8f5d1d09d725874ca4bfd1c365b700e1676ece5a2f1a2b4df97,01/12/2023 06:26:00 PM,2,DRIVER,,1423718,,TOYOTA,AVALON,IL,2016,UNKNOWN,PASSENGER,PERSONAL,E,STRAIGHT AHEAD,,,1,,,,,Y,,,,,,,,,,,,,FRONT-RIGHT-CORNER,,,,,,,,,,,,,,,,,,,,,,,,,,,,,,,,,
1497482,320ce422a43024849a7378883136d751ae08219383b02e590c66884e6b1c0826301c4d3ec9db5bd9187b700cb53c7774ee9ed38ae1345f3500948961cdaaa6e3,01/12/2023 05:12:00 PM,1,DRIVER,,1423607,,NOVA BUS,OTHER (EXPLAIN IN NARRATIVE),IL,2014,NONE,BUS UP TO 15 PASS.,CTA,N,STRAIGHT AHEAD,,,1,,,,Y,,,,,,,,,,,,,,SIDE-RIGHT,,,,,,,,,,,,,,,,,,,,,,,,,,,,,,,,,
1497507,320ce422a43024849a7378883136d751ae08219383b02e590c66884e6b1c0826301c4d3ec9db5bd9187b700cb53c7774ee9ed38ae1345f3500948961cdaaa6e3,01/12/2023 05:12:00 PM,2,PARKED,,1423618,,BUICK,ENCORE,IL,2017,NONE,PASSENGER,PERSONAL,N,PARKED,,,0,,,,,,,,,,,,,,Y,,,,SIDE-LEFT,,,,,,,,,,,,,,,,,,,,,,,,,,,,,,,,,