CRASH_UNIT_ID,CRASH_RECORD_ID,CRASH_DATE,UNIT_NO,UNIT_TYPE,NUM_PASSENGERS,VEHICLE_ID,CMRC_VEH_I,MAKE,MODEL,LIC_PLATE_STATE,VEHICLE_YEAR,VEHICLE_DEFECT,VEHICLE_TYPE,VEHICLE_USE,TRAVEL_DIRECTION,MANEUVER,TOWED_I,FIRE_I,OCCUPANT_CNT,EXCEED_SPEED_LIMIT_I,TOWED_BY,TOWED_TO,AREA_00_I,AREA_01_I,AREA_02_I,AREA_03_I,AREA_04_I,AREA_05_I,AREA_06_I,AREA_07_I,AREA_08_I,AREA_09_I,AREA_10_I,AREA_11_I,AREA_12_I,AREA_99_I,FIRST_CONTACT_POINT,CMV_ID,USDOT_NO,CCMC_NO,ILCC_NO,COMMERCIAL_SRC,GVWR,CARRIER_NAME,CARRIER_STATE,CARRIER_CITY,HAZMAT_PLACARDS_I,HAZMAT_NAME,UN_NO,HAZMAT_PRESENT_I,HAZMAT_REPORT_I,HAZMAT_REPORT_NO,MCS_REPORT_I,MCS_REPORT_NO,HAZMAT_VIO_CAUSE_CRASH_I,MCS_VIO_CAUSE_CRASH_I,IDOT_PERMIT_NO,WIDE_LOAD_I,TRAILER1_WIDTH,TRAILER2_WIDTH,TRAILER1_LENGTH,TRAILER2_LENGTH,TOTAL_VEHICLE_LENGTH,AXLE_CNT,VEHICLE_CONFIG,CARGO_BODY_TYPE,LOAD_TYPE,HAZMAT_OUT_OF_SERVICE_I,MCS_OUT_OF_SERVICE_I,HAZMAT_CLASS
1497193,fed853ee044670c8d4c51ff1dc082c5835436bec13185eff2ac6b6f2b17cb8178b7006ea083200329624aa369e6a3c6afbf5a2600319a7791435aeb279c65f34,01/11/2023 07:00:00 PM,1,DRIVER,,1423332,,UNKNOWN,MOTORIZED,IL,,UNKNOWN,UNKNOWN/NA,UNKNOWN/NA,UNKNOWN,UNKNOWN/NA,,,1,,,,,,,,,,,,,,,,,Y,UNKNOWN,,,,,,,,,,,,,,,,,,,,,,,,,,,,,,,,,
1497194,fed853ee044670c8d4c51ff1dc082c5835436bec13185eff2ac6b6f2b17cb8178b7006ea083200329624aa369e6a3c6afbf5a2600319a7791435aeb279c65f34,01/11/2023 07:00:00 PM,2,PARKED,,1423334,,HYUNDAI,TUCSON,IL,2020,NONE,PASSENGER,PERSONAL,W,PARKED,,,0,,,,,,,,,,,Y,Y,Y,Y,Y,,,SIDE-LEFT,,,,,,,,,,,,,,,,,,,,,,,,,,,,,,,,,
1496301,3f61bee2cfd60c0543a7cf5b5fa0c713520fc306695f005cd7372a534b7a446d1a24aa2866f095fbdfa9cb89ec3ecd6990cf863567b7008e12a0c2350e7d0d39,01/10/2023 03:15:00 PM,1,DRIVER,1,1422486,,VOLKSWAGEN,JETTA,IL,2011,UNKNOWN,PASSENGER,PERSONAL,W,CHANGING LANES,Y,,2,,DRIVER,UNK,,,,,,,,,,,Y,Y,,,FRONT-LEFT-CORNER,,,,,,,,,,,,,,,,,,,,,,,,,,,,,,,,,
1496302,3f61bee2cfd60c0543a7cf5b5fa0c713520fc306695f005cd7372a534b7a446d1a24aa2866f095fbdfa9cb89ec3ecd6990cf863567b7008e12a0c2350e7d0d39,01/10/2023 03:15:00 PM,2,DRIVER,,1422497,,TOYOTA,HIGHLANDER,IL,2008,UNKNOWN,SPORT UTILITY VEHICLE (SUV),PERSONAL,W,STRAIGHT AHEAD,,,1,,,,,Y,Y,,,,,,,,,,Y,,FRONT-RIGHT-CORNER,,,,,,,,,,,,,,,,,,,,,,,,,,,,,,,,,
1494160,4be0c3ea6eae0a793741a7fd1beb700d41c496b5b81f552773bae24d94f90b8c6d64c333f85ac3036a4f520347c6511fc933169fe41b3ff58dbc0a127105a4af,01/06/2023 07:00:00 AM,1,DRIVER,,1420411,,UNKNOWN,OPEN BODY,,2000,NONE,UNKNOWN/NA,UNKNOWN/NA,W,STRAIGHT AHEAD,,,1,,,,,,,,,,,,,,,,,Y,UNKNOWN,,,,,,,,,,,,,,,,,,,,,,,,,,,,,,,,,
1494161,4be0c3ea6eae0a793741a7fd1beb700d41c496b5b81f552773bae24d94f90b8c6d64c333f85ac3036a4f520347c6511fc933169fe41b3ff58dbc0a127105a4af,01/06/2023 07:00:00 AM,2,PARKED,,1420412,,GENERAL MOTORS CORPORATION (GMC),TERRAIN,IL,2015,NONE,SPORT UTILITY VEHICLE (SUV),NOT IN USE,E,PARKED,,,0,,,,,,,,,,,,,,,,Y,,FRONT,,,,,,,,,,,,,,,,,,,,,,,,,,,,,,,,,
1493830,e4b5ab1ce63cfcbd14fc38070ed5315a8e44ca7ba16f78cb353587c3f507ed10fe7ae3b700689c0503f47bdad23c0cb6937ad5131977b7bc1b4c63c83ef10f8b,01/05/2023 01:00:00 PM,1,DRIVER,,1420091,,UNKNOWN,OTHER (EXPLAIN IN NARRATIVE),IL,,UNKNOWN,PASSENGER,UNKNOWN/NA,UNKNOWN,BACKING,,,1,,,,,,,,,,,,,,,,,,REAR,,,,,,,,,,,,,,,,,,,,,,,,,,,,,,,,,
1493831,e4b5ab1ce63cfcbd14fc38070ed5315a8e44ca7ba16f78cb353587c3f507ed10fe7ae3b700689c0503f47bdad23c0cb6937ad5131977b7bc1b4c63c83ef10f8b,01/05/2023 01:00:00 PM,2,PEDESTRIAN,,,,,,,,,,,,,,,,,,,,,,,,,,,,,,,,,,,,,,,,,,,,,,,,,,,,,,,,,,,,,,,,,,
1493089,ea4fe18f2dd503e77c7fcefb30c3107aecd06e317eb6e5e8adb700fb5f6938527e066a4abe78a85f68a086706b9379569b07ba9d0e96bd89932fd27626ac1387,01/03/2023 10:58:00 PM,1,DRIVER,2,1419369,,DODGE,CHARGER,IL,2022,UNKNOWN,PASSENGER,PERSONAL,E,STRAIGHT AHEAD,Y,,1,,,,,Y,Y,,,,,,,,Y,Y,Y,,FRONT,,,,,,,,,,,,,,,,,,,,,,,,,,,,,,,,,
1493090,ea4fe18f2dd503e77c7fcefb30c3107aecd06e317eb6e5e8adb700fb5f6938527e066a4abe78a85f68a086706b9379569b07ba9d0e96bd89932fd27626ac1387,01/03/2023 10:58:00 PM,2,PARKED,,1419370,,HONDA,CR-V,IL,2018,UNKNOWN,PASSENGER,PERSONAL,W,PARKED,,,0,,,,,,,,,,,,Y,Y,Y,Y,Y,,FRONT-LEFT-CORNER,,,,,,,,,,,,,,,,,,,,,,,,,,,,,,,,,
1493091,ea4fe18f2dd503e77c7fcefb30c3107aecd06e317eb6e5e8adb700fb5f6938527e066a4abe78a85f68a086706b9379569b07ba9d0e96bd89932fd27626ac1387,01/03/2023 10:58:00 PM,3,PARKED,,1419371,,VOLKSWAGEN,TIGUAN,WI,2016,UNKNOWN,PASSENGER,PERSONAL,W,PARKED,,,0,,,,,Y,,,Y,Y,Y,Y,Y,,Y,Y,Y,,FRONT-LEFT-CORNER,,,,,,,,,,,,,,,,,,,,,,,,,,,,,,,,,
1493092,ea4fe18f2dd503e77c7fcefb30c3107aecd06e317eb6e5e8adb700fb5f6938527e066a4abe78a85f68a086706b9379569b07ba9d0e96bd89932fd27626ac1387,01/03/2023 10:58:00 PM,4,PARKED,,1419372,,DODGE,CHARGER,IL,2017,UNKNOWN,PASSENGER,PERSONAL,W,PARKED,,,0,,,,,Y,Y,,,,,,,,Y,Y,Y,,FRONT,,,,,,,,,,,,,,,,,,,,,,,,,,,,,,,,,
1489416,e9ee62db92a305b368d0b700317b2378d98fd409c8d246413cba7c1cb6ef1b1dc9c147c1b686c66d60caf69566a4559cb0d73e3b9c605c9148d53cc01626e063,12/28/2022 10:58:00 AM,1,DRIVER,,1415834,,UNKNOWN,OTHER (EXPLAIN IN NARRATIVE),IL,,UNKNOWN,SPORT UTILITY VEHICLE (SUV),UNKNOWN/NA,S,BACKING,,,1,,,,,,,,,,,,,,,,,,REAR,,,,,,,,,,,,,,,,,,,,,,,,,,,,,,,,,
1489417,e9ee62db92a305b368d0b700317b2378d98fd409c8d246413cba7c1cb6ef1b1dc9c147c1b686c66d60caf69566a4559cb0d73e3b9c605c9148d53cc01626e063,12/28/2022 10:58:00 AM,2,DRIVER,,1415840,,VOLVO,XC70,IL,2011,UNKNOWN,PICKUP,PERSONAL,N,STRAIGHT AHEAD,,,1,,,,,Y,,,,,,,,,,Y,Y,,FRONT,,,,,,,,,,,,,,,,,,,,,,,,,,,,,,,,,
1488973,e82dfd9adb4d34fd920c3c6b70034342c0c81b4aa6841dc7112d213f0ee6ff58b1a15e0e88a5ca379e6ba7805ec4844ddf0430b1e4fee8bf5659e497d0994cf9,12/27/2022 03:58:00 PM,1,DRIVER,1,1415416,,CHEVROLET,EQUINOX,,,UNKNOWN,UNKNOWN/NA,UNKNOWN/NA,UNKNOWN,STRAIGHT AHEAD,,,2,,,,,N,,,,,,,,,,N,N,Y,FRONT,,,,,,,,,,,,,,,,,,,,,,,,,,,,,,,,,
1488974,e82dfd9adb4d34fd920c3c6b70034342c0c81b4aa6841dc7112d213f0ee6ff58b1a15e0e88a5ca379e6ba7805ec4844ddf0430b1e4fee8bf5659e497d0994cf9,12/27/2022 03:58:00 PM,2,PARKED,,1415428,,COOPER,COOPER,IL,2006,NONE,PASSENGER,PERSONAL,N,PARKED,,,0,,,,,,,,Y,Y,N,,,,,,,,REAR-RIGHT-CORNER,,,,,,,,,,,,,,,,,,,,,,,,,,,,,,,,,
1495090,31ded6dbb48872a1bbcfd4dbd0397e8556c68bbe1b9ad96e43cf885c6b373851c42a4223f07e59eac95b700d9531dae127f7a3da364bfa8e16511cb76acf8b62,12/26/2022 02:45:00 PM,1,DRIVER,,1421325,,CADILLAC,CTS,IL,2007,NONE,PASSENGER,PERSONAL,N,STRAIGHT AHEAD,,,1,,,,,,,,,,,,,,,,Y,,FRONT-LEFT-CORNER,,,,,,,,,,,,,,,,,,,,,,,,,,,,,,,,,
1487329,81eb5a02c5cb1bcefa9d40773d2ecb63c865892c2eb70006ed78d1e19e7a12c61295f9e55c3e7e22b5b94f098dd197c3e1658841d047e186da7b9d729402ceb6,12/24/2022 12:50:00 PM,1,DRIVER,,1413853,,JEEP,GRAND CHEROKEE,IL,2015,NONE,PASSENGER,PERSONAL,E,STRAIGHT AHEAD,,,1,,,,,,,,,,,,,,,,Y,,FRONT,,,,,,,,,,,,,,,,,,,,,,,,,,,,,,,,,
1487330,81eb5a02c5cb1bcefa9d40773d2ecb63c865892c2eb70006ed78d1e19e7a12c61295f9e55c3e7e22b5b94f098dd197c3e1658841d047e186da7b9d729402ceb6,12/24/2022 12:50:00 PM,2,DRIVER,,1413881,,VOLKSWAGEN,JETTA,IL,2010,NONE,PASSENGER,PERSONAL,E,STRAIGHT AHEAD,,,1,,,,,,,,,,Y,,,,,,,,REAR,,,,,,,,,,,,,,,,,,,,,,,,,,,,,,,,,
1486289,91bbd16917cc83b3fe85e3888f3cc92a72c6fecc3091d465199dcb8e84638d09b9939ef6ce8a1b07a84533819330ef87300beb70084417018f8857261320acc0,12/22/2022 01:45:00 PM,1,DRIVER,,1412847,,NISSAN,OTHER (EXPLAIN IN NARRATIVE),IL,2001,UNKNOWN,PASSENGER,UNKNOWN/NA,S,UNKNOWN/NA,,,1,,,,,N,,,,,,,,,,N,Y,Y,FRONT,,,,,,,,,,,,,,,,,,,,,,,,,,,,,,,,,
1486290,91bbd16917cc83b3fe85e3888f3cc92a72c6fecc3091d465199dcb8e84638d09b9939ef6ce8a1b07a84533819330ef87300beb70084417018f8857261320acc0,12/22/2022 01:45:00 PM,2,DRIVER,,1412850,,HYUNDAI,ACCENT,,,UNKNOWN,UNKNOWN/NA,UNKNOWN/NA,UNKNOWN,UNKNOWN/NA,,,1,,,,,,,,,,,,,,,,,Y,REAR,,,,,,,,,,,,,,,,,,,,,,,,,,,,,,,,,
1483947,f33b5ccb0160a9c888b7000ae80bb844d9e2aa01ad8193bbbfc87e347c2ed04a7915351928b350b401c5812db8415dfbf3fc1179c822e5acd66e70c77bafbb6a,12/19/2022 05:30:00 AM,1,DRIVER,,1410580,Y,UNKNOWN,ENGINE,IL,,NONE,OTHER,FIRE,W,BACKING,,N,1,,,,,,,,,,,,,,,,,,SIDE-LEFT-REAR,16223,,,,,,,,,,,,N,U,,U,,N,N,,,,,,,,,UNKNOWN HEAVY TRUCK,OTHER,OTHER,N,N,
1482145,bb44f19cb7381753a0ca7960e05b5275361c1a4ee46a305877c3feb848dfb35e75e56c5de4be2d679997bd793f4068ce62003be109ab848042bcb7003d884575,12/16/2022 09:12:00 AM,1,DRIVER,,1408859,,MAZDA,TRIBUTE,IL,2006,UNKNOWN,SPORT UTILITY VEHICLE (SUV),UNKNOWN/NA,S,UNKNOWN/NA,,,1,,,,,Y,,,,,,,,,,Y,Y,,FRONT,,,,,,,,,,,,,,,,,,,,,,,,,,,,,,,,,
1482146,bb44f19cb7381753a0ca7960e05b5275361c1a4ee46a305877c3feb848dfb35e75e56c5de4be2d679997bd793f4068ce62003be109ab848042bcb7003d884575,12/16/2022 09:12:00 AM,2,DRIVER,,1408861,,CHEVROLET,EXPRESS,IL,2014,NONE,TRUCK - SINGLE UNIT,PERSONAL,S,STRAIGHT AHEAD,,,1,,,,,,,,,Y,Y,Y,,,,,,,REAR,,,,,,,,,,,,,,,,,,,,,,,,,,,,,,,,,
1480877,d4b8dfd18636c9649e0d362ced69c2b7006888bb8d2322aeaf55df7c81a52166aa2e4dc263c81502ab93144919aac6431bbe153676f2f2be8d58510cd0331751,12/14/2022 05:20:00 PM,1,DRIVER,,1407658,,VOLKSWAGEN,ATLAS,IL,2021,UNKNOWN,SPORT UTILITY VEHICLE (SUV),PERSONAL,N,TURNING LEFT,N,,1,,,,,Y,Y,,,,,,,,Y,Y,Y,,FRONT,,,,,,,,,,,,,,,,,,,,,,,,,,,,,,,,,
1480878,d4b8dfd18636c9649e0d362ced69c2b7006888bb8d2322aeaf55df7c81a52166aa2e4dc263c81502ab93144919aac6431bbe153676f2f2be8d58510cd0331751,12/14/2022 05:20:00 PM,2,DRIVER,,1407670,,HYUNDAI,ELANTRA,IL,2012,UNKNOWN,PASSENGER,PERSONAL,W,STRAIGHT AHEAD,Y,,1,,PRIVATE,,,,,,,,,,,,Y,Y,Y,,SIDE-LEFT,,,,,,,,,,,,,,,,,,,,,,,,,,,,,,,,,
1481133,5646dda86e234f1ce8bfa1e378bf771577b7005be140fffa305cf1250bdb1516b1f9a09f6213a72ad281346cc6c4068243f182a9ebf55ccaf7d4d6efdf257b6f,12/14/2022 08:05:00 AM,1,DRIVER,2,1407887,,AUDI,OTHER (EXPLAIN IN NARRATIVE),IL,2021,NONE,VAN/MINI-VAN,PERSONAL,E,MERGING,,,3,,,,,,,,,,,Y,Y,Y,Y,Y,,,SIDE-LEFT,,,,,,,,,,,,,,,,,,,,,,,,,,,,,,,,,
1481134,5646dda86e234f1ce8bfa1e378bf771577b7005be140fffa305cf1250bdb1516b1f9a09f6213a72ad281346cc6c4068243f182a9ebf55ccaf7d4d6efdf257b6f,12/14/2022 08:05:00 AM,2,DRIVER,,1407888,,TOYOTA,OTHER (EXPLAIN IN NARRATIVE),IL,2016,NONE,PASSENGER,TAXI/FOR HIRE,S,STRAIGHT AHEAD,,,1,,,,,Y,,,,,,,,,,,,,FRONT-RIGHT-CORNER,,,,,,,,,,,,,,,,,,,,,,,,,,,,,,,,,
1488843,85070e713fa26312f063c3a4fa16efeb0aa059992e076a294054369d8b4d7ac088fb47e1a1933e1da040e8bd028af136bccfbc4d654557b9b6fa1d5bb700cf46,12/12/2022 01:45:00 PM,1,DRIVER,,1415306,,CHEVROLET,EQUINOX,IL,,UNKNOWN,PASSENGER,UNKNOWN/NA,W,STRAIGHT AHEAD,,,1,,,,,,,,,,,,,,,Y,,,FRONT-LEFT-CORNER,,,,,,,,,,,,,,,,,,,,,,,,,,,,,,,,,
1488844,85070e713fa26312f063c3a4fa16efeb0aa059992e076a294054369d8b4d7ac088fb47e1a1933e1da040e8bd028af136bccfbc4d654557b9b6fa1d5bb700cf46,12/12/2022 01:45:00 PM,2,DRIVER,,1415315,,VOLKSWAGEN,GOLF,IL,2019,NONE,PASSENGER,PERSONAL,W,STRAIGHT AHEAD,,,1,,,,,,,,,Y,,,,,,,,,REAR-RIGHT-CORNER,,,,,,,,,,,,,,,,,,,,,,,,,,,,,,,,,
1476849,42de930d9569b624b700ab41d1b9dc65a809b8bbfdafe611a3bab7a856768f031af744458c30ae7426aa461592f131a5bab668a109e2ca80c2622a00b8210d5d,12/08/2022 06:07:00 PM,1,DRIVER,,1403783,,DODGE,CARAVAN,IL,2005,NONE,PASSENGER,PERSONAL,W,TURNING LEFT,,,1,,,,,Y,,,,,,,,,,,,,FRONT-RIGHT-CORNER,,,,,,,,,,,,,,,,,,,,,,,,,,,,,,,,,
1476850,42de930d9569b624b700ab41d1b9dc65a809b8bbfdafe611a3bab7a856768f031af744458c30ae7426aa461592f131a5bab668a109e2ca80c2622a00b8210d5d,12/08/2022 06:07:00 PM,2,DRIVER,,1403789,,TOYOTA,PRIUS,IL,2014,NONE,PASSENGER,PERSONAL,E,STRAIGHT AHEAD,,,1,,,,,,,,,,,,,Y,Y,Y,,,SIDE-LEFT-FRONT,,,,,,,,,,,,,,,,,,,,,,,,,,,,,,,,,
1475658,2300d1fd3226511598a96f57f3bb700f66c252814c01f320a08c0ddd3b178c7b849b26c100f9dede75635e1ca12664932e6215611a58dd5b1a73c44d951a407d,12/06/2022 04:45:00 PM,1,DRIVER,,1402628,,HONDA,HR-V,IL,2023,NONE,SPORT UTILITY VEHICLE (SUV),PERSONAL,N,CHANGING LANES,,,1,,,,,,,,,,,,,,,Y,,,FRONT-LEFT-CORNER,,,,,,,,,,,,,,,,,,,,,,,,,,,,,,,,,
1475659,2300d1fd3226511598a96f57f3bb700f66c252814c01f320a08c0ddd3b178c7b849b26c100f9dede75635e1ca12664932e6215611a58dd5b1a73c44d951a407d,12/06/2022 04:45:00 PM,2,DRIVER,,1402662,,RANGE ROVER OF NORTH AMERICA,RANGE ROVER OF NORTH AMERICA,,,NONE,SPORT UTILITY VEHICLE (SUV),PERSONAL,N,STRAIGHT AHEAD,,,1,,,,,N,N,N,N,,,,,,,,,Y,SIDE-RIGHT,,,,,,,,,,,,,,,,,,,,,,,,,,,,,,,,,
1475520,fbeb5afcf0c5acb9884772686111372fb3aa9eb6a5f7f7feb7e7ff64b7003826496979d1894dd78b8b1056e3bec9ce702e78a5a11cfa7995d4af768dbf7d2b2a,12/06/2022 01:56:00 PM,1,DRIVER,1,1402487,,MAZDA,323,IL,2011,NONE,PASSENGER,PERSONAL,W,STRAIGHT AHEAD,Y,,2,,private towing co.,unknown,,,,,,,,,,,,,Y,,FRONT,,,,,,,,,,,,,,,,,,,,,,,,,,,,,,,,,
1475521,fbeb5afcf0c5acb9884772686111372fb3aa9eb6a5f7f7feb7e7ff64b7003826496979d1894dd78b8b1056e3bec9ce702e78a5a11cfa7995d4af768dbf7d2b2a,12/06/2022 01:56:00 PM,2,DRIVER,,1402500,,LEXUS,IS250,IL,2013,NONE,PASSENGER,PERSONAL,N,STRAIGHT AHEAD,Y,,1,,private towing co.,unknown,,,,Y,Y,Y,,,,,,,,,SIDE-RIGHT-REAR,,,,,,,,,,,,,,,,,,,,,,,,,,,,,,,,,
1474316,db2cf4c8d61106d73ab971e8591cbae84be0456990177ab589bca6550b906ca2f4f8c880b364f1ff8c78877c2f1b700493b2958359a2bcbaabf8ca40ecdd0898,12/04/2022 11:33:00 AM,1,DRIVER,,1401322,,UNKNOWN,OTHER (EXPLAIN IN NARRATIVE),,,UNKNOWN,PASSENGER,UNKNOWN/NA,N,STRAIGHT AHEAD,,,1,,,,,,,,,,,,,,,,,Y,FRONT,,,,,,,,,,,,,,,,,,,,,,,,,,,,,,,,,
1474317,db2cf4c8d61106d73ab971e8591cbae84be0456990177ab589bca6550b906ca2f4f8c880b364f1ff8c78877c2f1b700493b2958359a2bcbaabf8ca40ecdd0898,12/04/2022 11:33:00 AM,2,DRIVER,2,1401336,,FORD,EXPLORER,IL,2022,NONE,PASSENGER,PERSONAL,N,STRAIGHT AHEAD,,,3,,,,,,,,,Y,Y,Y,,,,,,,REAR,,,,,,,,,,,,,,,,,,,,,,,,,,,,,,,,,
1471976,cb69573c733f74c29163d6d85ae3440b700b6dd1541fa4e5816f56f7b26ceac7cb585764ffc7531f02a19fe75e67fb494129e7839c98969a811f3aa78c738f11,11/30/2022 04:20:00 PM,1,DRIVER,,1399057,,UNKNOWN,OTHER (EXPLAIN IN NARRATIVE),,,UNKNOWN,PASSENGER,UNKNOWN/NA,E,STRAIGHT AHEAD,,,1,,,,,,,,,,,,,,,,,Y,UNKNOWN,,,,,,,,,,,,,,,,,,,,,,,,,,,,,,,,,
1472975,78d45be906e709431fb3d3198872b700f19eb4cba61f929b6e9c70edd76d00760c1794bcf7b51409c94aff5ac1c31871f02ee3c5aa0c6f68dfdf64765ac28788,11/29/2022 10:15:00 PM,1,DRIVER,,1400014,,UNKNOWN,MOTORIZED,,,UNKNOWN,SPORT UTILITY VEHICLE (SUV),PERSONAL,E,TURNING LEFT,,,1,,,,,,,,,,,,,,,,,Y,UNKNOWN,,,,,,,,,,,,,,,,,,,,,,,,,,,,,,,,,
1472976,78d45be906e709431fb3d3198872b700f19eb4cba61f929b6e9c70edd76d00760c1794bcf7b51409c94aff5ac1c31871f02ee3c5aa0c6f68dfdf64765ac28788,11/29/2022 10:15:00 PM,2,DRIVER,,1400015,,DODGE,DURANGO,IL,2016,NONE,SPORT UTILITY VEHICLE (SUV),PERSONAL,E,TURNING LEFT,,,1,,,,,Y,,,,,,,,,,,,,FRONT-RIGHT-CORNER,,,,,,,,,,,,,,,,,,,,,,,,,,,,,,,,,
1470315,3e77052fbe1f067c6719607eee2a3280408762ca2a2c6f8b5df8028e61bec3d678393b385329d003e5138d0a50839c5355efafd453eecc4516b7001bd3ff61f7,11/27/2022 06:05:00 PM,1,DRIVER,,1397472,,CHEVROLET,SUBURBAN,IN,2015,UNKNOWN,SPORT UTILITY VEHICLE (SUV),UNKNOWN/NA,W,STRAIGHT AHEAD,,,1,,,,,,,,,,,,,,,,,Y,FRONT-LEFT-CORNER,,,,,,,,,,,,,,,,,,,,,,,,,,,,,,,,,
1470316,3e77052fbe1f067c6719607eee2a3280408762ca2a2c6f8b5df8028e61bec3d678393b385329d003e5138d0a50839c5355efafd453eecc4516b7001bd3ff61f7,11/27/2022 06:05:00 PM,2,DRIVER,,1397474,,TOYOTA,CAMRY,IL,2014,NONE,PASSENGER,PERSONAL,N,STRAIGHT AHEAD,,,1,,,,,Y,,,,,,,,,,,,,FRONT-RIGHT-CORNER,,,,,,,,,,,,,,,,,,,,,,,,,,,,,,,,,
1470721,e2cf7a6e987057467ced66be68f38789f5d5eeaa28330579ac4380dfeba27253a71b9b71708a7b0a21dbbe2a913f7463813b70001fedae7594d76a0c6d2e731a,11/27/2022 10:30:00 AM,1,DRIVER,,1397889,,NISSAN,ROGUE,IL,2013,NONE,PASSENGER,PERSONAL,S,STRAIGHT AHEAD,,,1,,,,,Y,,,,,,,,,,Y,Y,,FRONT,,,,,,,,,,,,,,,,,,,,,,,,,,,,,,,,,
1470722,e2cf7a6e987057467ced66be68f38789f5d5eeaa28330579ac4380dfeba27253a71b9b71708a7b0a21dbbe2a913f7463813b70001fedae7594d76a0c6d2e731a,11/27/2022 10:30:00 AM,2,DRIVER,,1397904,,HYUNDAI,SONATA,IL,2013,NONE,PASSENGER,PERSONAL,S,STRAIGHT AHEAD,,,1,,,,,,,,,Y,Y,Y,,,,,,,REAR,,,,,,,,,,,,,,,,,,,,,,,,,,,,,,,,,
1470136,e373eb5566e09597761abba9236931e8180cbeb3b700b24deb39e0c11a1f9be601ae0228785a627ac053cce004fb01ea241760167125165830b7a9ca86021e9a,11/26/2022 02:15:00 PM,1,DRIVER,,1397295,N,FREIGHTLINER CORPORATION,FREIGHTLINER CORP.,NY,2006,UNKNOWN,BUS OVER 15 PASS.,UNKNOWN/NA,S,TURNING LEFT,,,1,,,,,,,,,,,,,Y,,,,,SIDE-LEFT,,,,,,,,,,,,,,,,,,,,,,,,,,,,,,,,,
1470137,e373eb5566e09597761abba9236931e8180cbeb3b700b24deb39e0c11a1f9be601ae0228785a627ac053cce004fb01ea241760167125165830b7a9ca86021e9a,11/26/2022 02:15:00 PM,2,DRIVER,,1397299,,JEEP,GRAND CHEROKEE,MN,2022,NONE,SPORT UTILITY VEHICLE (SUV),PERSONAL,N,SLOW/STOP IN TRAFFIC,,,1,,,,,,,,,,,Y,Y,,,,,,SIDE-LEFT-REAR,,,,,,,,,,,,,,,,,,,,,,,,,,,,,,,,,
1465771,68f4fb8e458ce61f044186db1390afc9f95f7746d5406ef081f4899199b700a8d7be0525291045572d003f72c7ffbb6fdd14dd8f3c56a0a0e048eba6dd4c68a1,11/20/2022 03:34:00 AM,1,DRIVER,,1393207,,CHEVROLET,IMPALA,IL,2008,NONE,PASSENGER,PERSONAL,E,STRAIGHT AHEAD,Y,,1,,CITY OF CHICAGO,POUND,Y,,,,,,,,,,,,,,FRONT-RIGHT-CORNER,,,,,,,,,,,,,,,,,,,,,,,,,,,,,,,,,
1465772,68f4fb8e458ce61f044186db1390afc9f95f7746d5406ef081f4899199b700a8d7be0525291045572d003f72c7ffbb6fdd14dd8f3c56a0a0e048eba6dd4c68a1,11/20/2022 03:34:00 AM,2,PEDESTRIAN,,,,,,,,,,,,,,,,,,,,,,,,,,,,,,,,,,,,,,,,,,,,,,,,,,,,,,,,,,,,,,,,,,
1465895,0401fe4645b4f51e7e27afccb8ee6f19e6db8e656df606bfce043726ab700d740f447a552762f3ae5faccabf0b6aa7eaedec4ed6e5914e71de2ba915e0f9634d,11/19/2022 01:30:00 PM,1,DRIVER,,1393336,,FORD,SUPER DUTY,IL,2017,UNKNOWN,TRUCK - SINGLE UNIT,TOW TRUCK,E,STRAIGHT AHEAD,,,1,,,,Y,,,,,,,,,,,,,,UNKNOWN,,,,,,,,,,,,,,,,,,,,,,,,,,,,,,,,,
1465896,0401fe4645b4f51e7e27afccb8ee6f19e6db8e656df606bfce043726ab700d740f447a552762f3ae5faccabf0b6aa7eaedec4ed6e5914e71de2ba915e0f9634d,11/19/2022 01:30:00 PM,2,DRIVERLESS,,1393338,,HONDA,ACCORD,IL,2010,UNKNOWN,PASSENGER,PERSONAL,E,DRIVERLESS,,,0,,,,,,,,,,,,,,Y,Y,,,FRONT,,,,,,,,,,,,,,,,,,,,,,,,,,,,,,,,,
1465272,76b45eeae3db76657017f6c01c44a5a153bb85fcd65d93005df3eb70051b87dfc57d00ec9cb31329914d218badc006e9e60ccd1f9998bab3dbb88d2b53462b36,11/19/2022 11:15:00 AM,1,DRIVER,,1392728,,CHEVROLET,TRAVERSE,IL,2018,UNKNOWN,SPORT UTILITY VEHICLE (SUV),UNKNOWN/NA,S,BACKING,,,1,,,,,,,,,Y,Y,,,,,,,,REAR-RIGHT-CORNER,,,,,,,,,,,,,,,,,,,,,,,,,,,,,,,,,
1465273,76b45eeae3db76657017f6c01c44a5a153bb85fcd65d93005df3eb70051b87dfc57d00ec9cb31329914d218badc006e9e60ccd1f9998bab3dbb88d2b53462b36,11/19/2022 11:15:00 AM,2,DRIVER,,1392737,,HONDA,CR-V,IL,2022,NONE,SPORT UTILITY VEHICLE (SUV),PERSONAL,W,SLOW/STOP IN TRAFFIC,,,1,,,,,,,,,,,,Y,Y,Y,,,,SIDE-LEFT,,,,,,,,,,,,,,,,,,,,,,,,,,,,,,,,,