CRASH_UNIT_ID,CRASH_RECORD_ID,CRASH_DATE,UNIT_NO,UNIT_TYPE,NUM_PASSENGERS,VEHICLE_ID,CMRC_VEH_I,MAKE,MODEL,LIC_PLATE_STATE,VEHICLE_YEAR,VEHICLE_DEFECT,VEHICLE_TYPE,VEHICLE_USE,TRAVEL_DIRECTION,MANEUVER,TOWED_I,FIRE_I,OCCUPANT_CNT,EXCEED_SPEED_LIMIT_I,TOWED_BY,TOWED_TO,AREA_00_I,AREA_01_I,AREA_02_I,AREA_03_I,AREA_04_I,AREA_05_I,AREA_06_I,AREA_07_I,AREA_08_I,AREA_09_I,AREA_10_I,AREA_11_I,AREA_12_I,AREA_99_I,FIRST_CONTACT_POINT,CMV_ID,USDOT_NO,CCMC_NO,ILCC_NO,COMMERCIAL_SRC,GVWR,CARRIER_NAME,CARRIER_STATE,CARRIER_CITY,HAZMAT_PLACARDS_I,HAZMAT_NAME,UN_NO,HAZMAT_PRESENT_I,HAZMAT_REPORT_I,HAZMAT_REPORT_NO,MCS_REPORT_I,MCS_REPORT_NO,HAZMAT_VIO_CAUSE_CRASH_I,MCS_VIO_CAUSE_CRASH_I,IDOT_PERMIT_NO,WIDE_LOAD_I,TRAILER1_WIDTH,TRAILER2_WIDTH,TRAILER1_LENGTH,TRAILER2_LENGTH,TOTAL_VEHICLE_LENGTH,AXLE_CNT,VEHICLE_CONFIG,CARGO_BODY_TYPE,LOAD_TYPE,HAZMAT_OUT_OF_SERVICE_I,MCS_OUT_OF_SERVICE_I,HAZMAT_CLASS
1466790,2ad82c13fd2a9eb0530b700766c2055fa309ad5d2522dce4df370240c9ff42c0e959a6f6e2bf170a47a98c0cefcbc557024bfc4f7c56bad7ed77cd42abc8bfc0,11/16/2022 05:30:00 PM,1,DRIVER,,1394163,,HONDA,HR-V,IL,2022,NONE,PASSENGER,PERSONAL,S,SLOW/STOP IN TRAFFIC,,,1,,,,Y,,,,,,Y,,,,,,,,REAR,,,,,,,,,,,,,,,,,,,,,,,,,,,,,,,,,
1466791,2ad82c13fd2a9eb0530b700766c2055fa309ad5d2522dce4df370240c9ff42c0e959a6f6e2bf170a47a98c0cefcbc557024bfc4f7c56bad7ed77cd42abc8bfc0,11/16/2022 05:30:00 PM,2,DRIVER,,1394177,,CHEVROLET,MALIBU,,2008,UNKNOWN,PASSENGER,PERSONAL,S,STRAIGHT AHEAD,,,1,,,,Y,,,,,,,,,,,,Y,,FRONT,,,,,,,,,,,,,,,,,,,,,,,,,,,,,,,,,
1462657,d66b4c2f8ab7005a6959de491f71e9a34a91549b1d0c10b12f667e524d30665522d53328267b1b26c954623b9d70d43f29f6065c625660d013de3d141cae056f,11/05/2022 09:40:00 PM,1,DRIVER,,1390158,,CHEVROLET,COLORADO,IL,2018,NONE,PICKUP,PERSONAL,S,STRAIGHT AHEAD,,,1,,,,,N,,,,,,,,,,N,N,Y,FRONT,,,,,,,,,,,,,,,,,,,,,,,,,,,,,,,,,
1462658,d66b4c2f8ab7005a6959de491f71e9a34a91549b1d0c10b12f667e524d30665522d53328267b1b26c954623b9d70d43f29f6065c625660d013de3d141cae056f,11/05/2022 09:40:00 PM,2,DRIVER,,1390163,,CHEVROLET,IMPALA,IL,2015,UNKNOWN,PASSENGER,PERSONAL,S,STRAIGHT AHEAD,,,1,,,,,,,,,Y,Y,Y,,,,,,,REAR,,,,,,,,,,,,,,,,,,,,,,,,,,,,,,,,,
1455679,9f89453901e331f7d41cb0b2c8aa30b0276151e5d7ff082f80995c06b8daea500f38877aff5fde6f324b53e48b7121d25f4efb7f47fec6ac0cb700749531ac9e,11/05/2022 02:30:00 AM,1,DRIVER,,1383480,,UNKNOWN,MOTORIZED,,,UNKNOWN,UNKNOWN/NA,UNKNOWN/NA,W,STRAIGHT AHEAD,,,1,,,,,,,,,,,,,,,,,,UNKNOWN,,,,,,,,,,,,,,,,,,,,,,,,,,,,,,,,,
1455680,9f89453901e331f7d41cb0b2c8aa30b0276151e5d7ff082f80995c06b8daea500f38877aff5fde6f324b53e48b7121d25f4efb7f47fec6ac0cb700749531ac9e,11/05/2022 02:30:00 AM,2,DRIVER,,1383491,,MERCEDES-BENZ,GLC,IL,,NONE,SPORT UTILITY VEHICLE (SUV),PERSONAL,N,TURNING LEFT,Y,,1,,HARRISON  AUTO TOWING,6742 S SANGAMON ST,,Y,,Y,,,,,,,,Y,Y,,FRONT-RIGHT-CORNER,,,,,,,,,,,,,,,,,,,,,,,,,,,,,,,,,
1455214,06b4456185ae460134314ce227b39d661e7893dbba5f05b9fcf5f91901c2f8b700cf6f1ac7f9cceb5b6025120ab44c9b5df4d4dd9de9e9c316670368f13e1bb3,11/03/2022 03:31:00 PM,1,DRIVER,,1383047,,DODGE,RAM 1500 PU,IL,2019,UNKNOWN,PICKUP,PERSONAL,S,BACKING,,,1,,,,,N,N,N,N,N,,Y,Y,,N,N,,,SIDE-LEFT-REAR,,,,,,,,,,,,,,,,,,,,,,,,,,,,,,,,,
1455215,06b4456185ae460134314ce227b39d661e7893dbba5f05b9fcf5f91901c2f8b700cf6f1ac7f9cceb5b6025120ab44c9b5df4d4dd9de9e9c316670368f13e1bb3,11/03/2022 03:31:00 PM,2,PARKED,,1383056,,JEEP,LIBERTY,IL,2008,NONE,PASSENGER,PERSONAL,N,PARKED,,,0,,,,,,,,,,,,,,Y,Y,,,SIDE-LEFT-FRONT,,,,,,,,,,,,,,,,,,,,,,,,,,,,,,,,,
1450508,399525e6149cddaf824c16686e6ac3db579023c13993d350a8991a920351fdb2dabbb295fb109bdf99a0df7a28718e6fab6858ddc90760098fa5b700342a14b2,10/28/2022 05:00:00 PM,1,DRIVER,,1378586,,HYUNDAI,SONATA,IL,2010,UNKNOWN,PASSENGER,UNKNOWN/NA,N,STRAIGHT AHEAD,,,1,,,,,,,,,,,,,,,N,Y,,FRONT,,,,,,,,,,,,,,,,,,,,,,,,,,,,,,,,,
1450509,399525e6149cddaf824c16686e6ac3db579023c13993d350a8991a920351fdb2dabbb295fb109bdf99a0df7a28718e6fab6858ddc90760098fa5b700342a14b2,10/28/2022 05:00:00 PM,2,DRIVER,1,1378591,,HONDA,CIVIC,IL,2022,NONE,PASSENGER,PERSONAL,W,STRAIGHT AHEAD,,,2,,,,,,,,,,,,Y,Y,Y,,,,SIDE-LEFT-FRONT,,,,,,,,,,,,,,,,,,,,,,,,,,,,,,,,,
1450426,c1e3e7bec9050a30225a82880a973e44fb7cd4e95dc75d19122ff8082268cb700a609738ab7163e0cc7165cd6e80616d0101e11e244211327eec0b34021b25b8,10/28/2022 04:35:00 PM,1,DRIVER,2,1378513,,NISSAN,SENTRA,IL,2016,NONE,PASSENGER,PERSONAL,N,STRAIGHT AHEAD,,,3,,,,,Y,,,,,,,,,,Y,Y,,FRONT,,,,,,,,,,,,,,,,,,,,,,,,,,,,,,,,,
1450427,c1e3e7bec9050a30225a82880a973e44fb7cd4e95dc75d19122ff8082268cb700a609738ab7163e0cc7165cd6e80616d0101e11e244211327eec0b34021b25b8,10/28/2022 04:35:00 PM,2,DRIVER,1,1378518,,MERCEDES-BENZ,OTHER (EXPLAIN IN NARRATIVE),IL,2020,NONE,PASSENGER,PERSONAL,N,SLOW/STOP IN TRAFFIC,,,2,,,,,,,,,Y,Y,Y,,,,,,,REAR,,,,,,,,,,,,,,,,,,,,,,,,,,,,,,,,,
1450922,8ee79e047d53478aa8a03260c7798e032cfe72a393b70097b336bf1869085a396ada67abf555d79ea01cd18faa7794ff9297dbb65d90d6fa5f817208ce479176,10/28/2022 08:00:00 AM,1,DRIVER,,1378980,,UNKNOWN,OTHER (EXPLAIN IN NARRATIVE),,,UNKNOWN,UNKNOWN/NA,UNKNOWN/NA,S,UNKNOWN/NA,,,1,,,,,,,,,,,,,,,,,Y,UNKNOWN,,,,,,,,,,,,,,,,,,,,,,,,,,,,,,,,,
1450923,8ee79e047d53478aa8a03260c7798e032cfe72a393b70097b336bf1869085a396ada67abf555d79ea01cd18faa7794ff9297dbb65d90d6fa5f817208ce479176,10/28/2022 08:00:00 AM,2,PARKED,,1378988,,CHEVROLET,EQUINOX,IL,2011,NONE,SPORT UTILITY VEHICLE (SUV),NOT IN USE,S,PARKED,,,0,,,,,,,,,,N,Y,,,,,,,SIDE-LEFT-REAR,,,,,,,,,,,,,,,,,,,,,,,,,,,,,,,,,
1449730,b0436910fc04997ee5e45dc5b4c712b12a650942fad9eb7001855aa025d62b072ef63a545ffcff1817cb2153d28557963d20bcd0d810993b3d4e2c05a9bf1b14,10/27/2022 02:28:00 PM,1,DRIVER,,1377845,,CHRYSLER,OTHER (EXPLAIN IN NARRATIVE),IL,2010,UNKNOWN,UNKNOWN/NA,UNKNOWN/NA,N,PASSING/OVERTAKING,,,1,,,,,,,,,,,,,,,,,Y,UNKNOWN,,,,,,,,,,,,,,,,,,,,,,,,,,,,,,,,,
1449731,b0436910fc04997ee5e45dc5b4c712b12a650942fad9eb7001855aa025d62b072ef63a545ffcff1817cb2153d28557963d20bcd0d810993b3d4e2c05a9bf1b14,10/27/2022 02:28:00 PM,2,DRIVER,,1377857,,TOYOTA,TACOMA,IL,2015,NONE,PICKUP,PERSONAL,N,SLOW/STOP IN TRAFFIC,,,1,,,,,,,,,,Y,,,,,,,,REAR,,,,,,,,,,,,,,,,,,,,,,,,,,,,,,,,,
1447236,5a9f58826fdd73a4d32d2b66f616b2981cd382be1f01cb0118898bcf7d63a1e1e8790a201166bc5733457bbedaaa34c1ef7e541fe9975354937ea4b5b700f8bd,10/24/2022 11:45:00 AM,2,DRIVER,,1375475,,HONDA,ACCORD,IL,2013,UNKNOWN,PASSENGER,UNKNOWN/NA,N,UNKNOWN/NA,,,1,,,,,Y,Y,Y,Y,Y,,,,,,,,,SIDE-RIGHT,,,,,,,,,,,,,,,,,,,,,,,,,,,,,,,,,
1447237,5a9f58826fdd73a4d32d2b66f616b2981cd382be1f01cb0118898bcf7d63a1e1e8790a201166bc5733457bbedaaa34c1ef7e541fe9975354937ea4b5b700f8bd,10/24/2022 11:45:00 AM,1,DRIVER,,1375478,,CHEVROLET,MALIBU,IL,2006,NONE,PASSENGER,PERSONAL,S,BACKING,,,1,,,,,,,,,,,,,,Y,Y,,,SIDE-LEFT,,,,,,,,,,,,,,,,,,,,,,,,,,,,,,,,,
1441592,b2dcc0d4fd070b257cf77c39fefe36fbce7c5fc7a23e3cffc90048b1569601e7ae3b856d8b35ad2b700950cd79ebc52df6e979bf3b77b0688e2cb2c615e9379f,10/15/2022 10:08:00 PM,1,DRIVER,4,1370090,,DODGE,JOURNEY,IL,,UNKNOWN,PASSENGER,UNKNOWN/NA,S,STRAIGHT AHEAD,,,5,,,,,,,,,,,,,,,Y,,,FRONT-LEFT-CORNER,,,,,,,,,,,,,,,,,,,,,,,,,,,,,,,,,
1441593,b2dcc0d4fd070b257cf77c39fefe36fbce7c5fc7a23e3cffc90048b1569601e7ae3b856d8b35ad2b700950cd79ebc52df6e979bf3b77b0688e2cb2c615e9379f,10/15/2022 10:08:00 PM,2,DRIVER,1,1370093,,HYUNDAI,SANTA FE,IL,,UNKNOWN,PASSENGER,UNKNOWN/NA,S,STRAIGHT AHEAD,,,2,,,,,,,,,Y,,,,,,,,,REAR-RIGHT-CORNER,,,,,,,,,,,,,,,,,,,,,,,,,,,,,,,,,
1441110,8f1ff3dab8dc10be0d3b532cf2eb80e90d1f78d8ec4b948a9ca07a7e1ed73e366a68a220bbc05ef14b606794b9e2ca305b8de28278b700b53ee544dd92702cf4,10/15/2022 09:10:00 AM,1,DRIVER,,1369621,,TOYOTA,COROLLA,IL,2010,UNKNOWN,PASSENGER,PERSONAL,S,STRAIGHT AHEAD,,,1,,,,,,,,,,,,,,,Y,Y,,FRONT-LEFT-CORNER,,,,,,,,,,,,,,,,,,,,,,,,,,,,,,,,,
1441111,8f1ff3dab8dc10be0d3b532cf2eb80e90d1f78d8ec4b948a9ca07a7e1ed73e366a68a220bbc05ef14b606794b9e2ca305b8de28278b700b53ee544dd92702cf4,10/15/2022 09:10:00 AM,2,DRIVER,,1369627,,KIA,OPTIMA / K5,IL,2018,UNKNOWN,PASSENGER,PERSONAL,S,ENTERING TRAFFIC LANE FROM PARKING,,,1,,,,,Y,Y,Y,Y,,,,,,,,,,SIDE-RIGHT,,,,,,,,,,,,,,,,,,,,,,,,,,,,,,,,,
1441112,8f1ff3dab8dc10be0d3b532cf2eb80e90d1f78d8ec4b948a9ca07a7e1ed73e366a68a220bbc05ef14b606794b9e2ca305b8de28278b700b53ee544dd92702cf4,10/15/2022 09:10:00 AM,3,PARKED,2,1369631,,JEEP,CHEROKEE,IL,2014,NONE,PASSENGER,PERSONAL,S,PARKED,,,2,,,,,,,,,,,,,Y,Y,Y,,,SIDE-LEFT-FRONT,,,,,,,,,,,,,,,,,,,,,,,,,,,,,,,,,
1441113,8f1ff3dab8dc10be0d3b532cf2eb80e90d1f78d8ec4b948a9ca07a7e1ed73e366a68a220bbc05ef14b606794b9e2ca305b8de28278b700b53ee544dd92702cf4,10/15/2022 09:10:00 AM,4,PARKED,,1369638,,TOYOTA,COROLLA,IL,2004,UNKNOWN,PASSENGER,PERSONAL,S,PARKED,,,0,,,,,,,,,,,Y,Y,,,,,,REAR-LEFT-CORNER,,,,,,,,,,,,,,,,,,,,,,,,,,,,,,,,,
1440406,da0c0c5533557aedb941300f2db3d19ccd44db700a91213ee741d89bd6d232f03ebe767d77b355650f8798d43b7c6ab874825206d4e3295c222de592d093c1cf,10/14/2022 10:30:00 AM,1,DRIVER,,1368948,,HYUNDAI,SANTA FE,IL,2008,UNKNOWN,PASSENGER,PERSONAL,SE,TURNING RIGHT,,,1,,,,,Y,,,,,,,,,,,,,FRONT-RIGHT-CORNER,,,,,,,,,,,,,,,,,,,,,,,,,,,,,,,,,
1440407,da0c0c5533557aedb941300f2db3d19ccd44db700a91213ee741d89bd6d232f03ebe767d77b355650f8798d43b7c6ab874825206d4e3295c222de592d093c1cf,10/14/2022 10:30:00 AM,2,DRIVER,,1368953,,CHEVROLET,CRUZE,IL,2019,UNKNOWN,PASSENGER,PERSONAL,SE,STRAIGHT AHEAD,,,1,,,,,,,,,,,Y,Y,Y,Y,Y,,,SIDE-LEFT,,,,,,,,,,,,,,,,,,,,,,,,,,,,,,,,,
1439998,0d13c8528c0131ce06e2e07b91b60bf5f7ce26b700cc6b669b6da01575c373899481f980bf9c8af63fe181cc3eff893776a892b08ffc4596c261e000ebea6b30,10/12/2022 10:00:00 AM,1,DRIVER,,1368563,,DODGE,CHARGER,,2013,NONE,PASSENGER,PERSONAL,W,STRAIGHT AHEAD,Y,,1,,PRIVATE,,,Y,,,,,,,,,,Y,Y,,FRONT,,,,,,,,,,,,,,,,,,,,,,,,,,,,,,,,,
1439999,0d13c8528c0131ce06e2e07b91b60bf5f7ce26b700cc6b669b6da01575c373899481f980bf9c8af63fe181cc3eff893776a892b08ffc4596c261e000ebea6b30,10/12/2022 10:00:00 AM,2,DRIVER,,1368575,,ISUZU,TRUCK,IL,2019,NONE,TRUCK - SINGLE UNIT,CONSTRUCTION/MAINTENANCE,W,STRAIGHT AHEAD,,,1,,,,,,,,,Y,Y,Y,,,,,,,REAR,,,,,,,,,,,,,,,,,,,,,,,,,,,,,,,,,
1438672,7a110f0872d41c30a9b8a2119e968fa015b6f489e08b700a3bce30e7d8352870dbbb80a0c62d726ea65f49dcec6be9c488b8a91c80abc53642741fde56c3dc91,10/12/2022 05:42:00 AM,1,DRIVER,,1367289,,FREIGHTLINER CORPORATION,FREIGHTLINER CORP.,IL,2022,NONE,TRACTOR W/ SEMI-TRAILER,UNKNOWN/NA,S,BACKING,,,1,,,,,,,,,Y,,,,,,,,,SIDE-RIGHT-REAR,,,,,,,,,,,,,,,,,,,,,,,,,,,,,,,,,
1438673,7a110f0872d41c30a9b8a2119e968fa015b6f489e08b700a3bce30e7d8352870dbbb80a0c62d726ea65f49dcec6be9c488b8a91c80abc53642741fde56c3dc91,10/12/2022 05:42:00 AM,2,PARKED,,1367293,,GREAT DANE TRAILERS INC.,GREAT DANE TRAILERS INC.,IL,2013,NONE,TRACTOR W/ SEMI-TRAILER,OTHER,S,PARKED,,,0,,,,,,,,,,,,,Y,,,,,SIDE-LEFT,,,,,,,,,,,,,,,,,,,,,,,,,,,,,,,,,
1438342,61f9765ee3cdabdb71981db922968eb7b639db77b700a8e884133276779f6b3645a63e8a9c0c3d81ea51deb84cab1a3a725264a6523e03393910086b80539c54,10/11/2022 05:00:00 PM,1,DRIVER,,1366981,,ACURA,TLX,IL,2001,UNKNOWN,PASSENGER,UNKNOWN/NA,S,STRAIGHT AHEAD,,,1,,,,,,,,,,,,,,,,Y,,FRONT,,,,,,,,,,,,,,,,,,,,,,,,,,,,,,,,,
1438343,61f9765ee3cdabdb71981db922968eb7b639db77b700a8e884133276779f6b3645a63e8a9c0c3d81ea51deb84cab1a3a725264a6523e03393910086b80539c54,10/11/2022 05:00:00 PM,2,DRIVER,,1366975,,MERCEDES-BENZ,C300,IL,2009,UNKNOWN,PASSENGER,UNKNOWN/NA,S,SLOW/STOP IN TRAFFIC,,,1,,,,,,,,,,Y,,,,,,,,REAR,,,,,,,,,,,,,,,,,,,,,,,,,,,,,,,,,
1436948,3cb4e372ac4f5e9664e8879d067cdf91e0029e706179c4c46dc504e6b7005a0d5646085bcaeae99c081407ae4373650a04e574b0cd0f2973b053eb00d3fba4a6,10/09/2022 09:45:00 AM,1,DRIVER,,1365643,,CHRYSLER,300,IL,2013,NONE,PASSENGER,UNKNOWN/NA,E,STRAIGHT AHEAD,,,1,,,,,Y,Y,Y,N,N,,,,,,,,,SIDE-RIGHT,,,,,,,,,,,,,,,,,,,,,,,,,,,,,,,,,
1436949,3cb4e372ac4f5e9664e8879d067cdf91e0029e706179c4c46dc504e6b7005a0d5646085bcaeae99c081407ae4373650a04e574b0cd0f2973b053eb00d3fba4a6,10/09/2022 09:45:00 AM,2,DRIVER,,1365638,,JEEP,GRAND CHEROKEE,IL,2018,NONE,SPORT UTILITY VEHICLE (SUV),PERSONAL,E,STRAIGHT AHEAD,,,1,,,,,,,,,,,Y,Y,Y,Y,Y,,,SIDE-LEFT,,,,,,,,,,,,,,,,,,,,,,,,,,,,,,,,,
1435328,3d09de6acd5b0323ec69247b9a86b7007e85e010c6bdc1b0d1265b90090647f2effe6b38c37ee3f49327e5a1f6bae037b0a1ee318fc5a64db9ea1935a88f4f4a,10/07/2022 07:45:00 AM,1,DRIVER,,1364063,,SATURN,VUE,IN,2005,NONE,SPORT UTILITY VEHICLE (SUV),PERSONAL,W,TURNING LEFT,,,1,,,,,,,,,,,,,,,Y,Y,,FRONT-LEFT-CORNER,,,,,,,,,,,,,,,,,,,,,,,,,,,,,,,,,
1435329,3d09de6acd5b0323ec69247b9a86b7007e85e010c6bdc1b0d1265b90090647f2effe6b38c37ee3f49327e5a1f6bae037b0a1ee318fc5a64db9ea1935a88f4f4a,10/07/2022 07:45:00 AM,2,DRIVER,,1364068,,CHEVROLET,EQUINOX,IL,2013,NONE,SPORT UTILITY VEHICLE (SUV),PERSONAL,N,STRAIGHT AHEAD,,,1,,,,,Y,,,,,,,,,,,,,FRONT-RIGHT-CORNER,,,,,,,,,,,,,,,,,,,,,,,,,,,,,,,,,
1432920,60dbad53514aef9db5d7182e6931ef69ac660a1be44561306d721b7659db9be6a684795beb879593507b8aea44f7ea602158707eab4de40ede77b70080ee85bb,10/03/2022 02:55:00 PM,1,DRIVER,,1361789,,HONDA,CIVIC,IL,2003,NONE,PASSENGER,PERSONAL,E,BACKING,,,1,,,,,,,,,,,Y,,,,,,,REAR-LEFT-CORNER,,,,,,,,,,,,,,,,,,,,,,,,,,,,,,,,,
1432921,60dbad53514aef9db5d7182e6931ef69ac660a1be44561306d721b7659db9be6a684795beb879593507b8aea44f7ea602158707eab4de40ede77b70080ee85bb,10/03/2022 02:55:00 PM,2,DRIVER,,1361797,,CHEVROLET,MALIBU,IL,2019,NONE,PASSENGER,PERSONAL,N,STRAIGHT AHEAD,,,1,,,,,,,,,,,Y,,,,,,,REAR-LEFT-CORNER,,,,,,,,,,,,,,,,,,,,,,,,,,,,,,,,,
1432341,f33e52c98c78b933271fc04cd3964841d8780fd4e5d38470144e6c940e267a2de5c0dc0af9b8b451231c2e4731b70077a7d21092f135edabb54812ba92757a80,10/02/2022 04:00:00 PM,1,DRIVER,1,1361226,,FORD,FOCUS,IL,2016,UNKNOWN,PASSENGER,PERSONAL,N,STRAIGHT AHEAD,,,2,,,,,Y,Y,,,,,,,,,,,,UNKNOWN,,,,,,,,,,,,,,,,,,,,,,,,,,,,,,,,,
1432342,f33e52c98c78b933271fc04cd3964841d8780fd4e5d38470144e6c940e267a2de5c0dc0af9b8b451231c2e4731b70077a7d21092f135edabb54812ba92757a80,10/02/2022 04:00:00 PM,2,DRIVER,,1361231,,HONDA,ACCORD,IL,2008,UNKNOWN,PASSENGER,PERSONAL,W,STRAIGHT AHEAD,,,1,,,,,,,,,,,,,,,Y,Y,,UNKNOWN,,,,,,,,,,,,,,,,,,,,,,,,,,,,,,,,,
1432084,f983a0c70327702cfd9f057771644015351878e9dfb7002140c18ca708b32abd97da6b83880947293affe4c6cfe19afa12feecb322cfadd971d46685258db909,10/02/2022 09:54:00 AM,1,DRIVER,2,1360986,,KIA,OTHER (EXPLAIN IN NARRATIVE),IL,2021,UNKNOWN,SPORT UTILITY VEHICLE (SUV),UNKNOWN/NA,N,STRAIGHT AHEAD,,,3,,,,,Y,Y,Y,Y,Y,Y,Y,Y,Y,Y,Y,Y,,UNKNOWN,,,,,,,,,,,,,,,,,,,,,,,,,,,,,,,,,
1432085,f983a0c70327702cfd9f057771644015351878e9dfb7002140c18ca708b32abd97da6b83880947293affe4c6cfe19afa12feecb322cfadd971d46685258db909,10/02/2022 09:54:00 AM,2,PARKED,,1360994,,KIA,OTHER (EXPLAIN IN NARRATIVE),IL,2015,UNKNOWN,SPORT UTILITY VEHICLE (SUV),PERSONAL,S,PARKED,,,0,,,,,,,,,,,Y,Y,Y,Y,Y,,,SIDE-LEFT,,,,,,,,,,,,,,,,,,,,,,,,,,,,,,,,,
1432086,f983a0c70327702cfd9f057771644015351878e9dfb7002140c18ca708b32abd97da6b83880947293affe4c6cfe19afa12feecb322cfadd971d46685258db909,10/02/2022 09:54:00 AM,3,PARKED,,1360995,,FORD,EXPLORER,IL,2017,NONE,SPORT UTILITY VEHICLE (SUV),POLICE,N,PARKED,,,0,,,,,Y,Y,Y,Y,Y,,,,,,,,,SIDE-RIGHT,,,,,,,,,,,,,,,,,,,,,,,,,,,,,,,,,
1431884,90b16baa9346beb59f4b23a485c52eb0adc682f6cb3773fa333585ff9993c013ab700fe1cc56f4de13db84f3fd8a03218d1a392e2d922e831d0055943259c015,10/01/2022 07:40:00 PM,1,DRIVER,,1360799,,TOYOTA,SEQUOIA,IN,2004,NONE,PASSENGER,PERSONAL,E,STRAIGHT AHEAD,,,1,,,,,Y,,,,,,,,,,Y,Y,,FRONT,,,,,,,,,,,,,,,,,,,,,,,,,,,,,,,,,
1431885,90b16baa9346beb59f4b23a485c52eb0adc682f6cb3773fa333585ff9993c013ab700fe1cc56f4de13db84f3fd8a03218d1a392e2d922e831d0055943259c015,10/01/2022 07:40:00 PM,2,DRIVER,,1360795,,CHEVROLET,MALIBU,IL,2015,NONE,PASSENGER,PERSONAL,S,TURNING LEFT,Y,,1,,,,,Y,Y,Y,,,,,,,,,,,SIDE-RIGHT,,,,,,,,,,,,,,,,,,,,,,,,,,,,,,,,,
1429882,4254f08a0e72d4fb73016dba5b700de94ae0929ffb0a5374677315e973ae7101df4dac004184d84407536d8cd2be7797d353f55372fb47dc37a5148d45868e05,09/29/2022 08:33:00 AM,1,DRIVER,,1358892,,KIA,OPTIMA / K5,IL,2017,UNKNOWN,PASSENGER,PERSONAL,S,PASSING/OVERTAKING,Y,,1,,,,,Y,Y,,,,,,,,,,Y,,FRONT-RIGHT-CORNER,,,,,,,,,,,,,,,,,,,,,,,,,,,,,,,,,
1429883,4254f08a0e72d4fb73016dba5b700de94ae0929ffb0a5374677315e973ae7101df4dac004184d84407536d8cd2be7797d353f55372fb47dc37a5148d45868e05,09/29/2022 08:33:00 AM,2,DRIVER,2,1358898,,FORD,ESCAPE,IL,2017,NONE,PASSENGER,PERSONAL,UNKNOWN,STRAIGHT AHEAD,,,3,,,,,,,,,Y,,,,Y,,,,,REAR-RIGHT-CORNER,,,,,,,,,,,,,,,,,,,,,,,,,,,,,,,,,
1429609,4ac9962c26e15dc839d259eb7008e5ccd924561f052ae908a4fa755aeb05b33422ca9b265ebbcc76ee86ed36f15abc0b1d71b7fee2c335042844ad50d9ac353d,09/28/2022 05:48:00 PM,1,DRIVER,,1358634,,JEEP,CHEROKEE,IL,2021,NONE,PASSENGER,PERSONAL,N,CHANGING LANES,,,1,,,,,Y,Y,,,,,,,Y,Y,Y,Y,,FRONT-LEFT-CORNER,,,,,,,,,,,,,,,,,,,,,,,,,,,,,,,,,
1429610,4ac9962c26e15dc839d259eb7008e5ccd924561f052ae908a4fa755aeb05b33422ca9b265ebbcc76ee86ed36f15abc0b1d71b7fee2c335042844ad50d9ac353d,09/28/2022 05:48:00 PM,2,DRIVER,,1358638,,HONDA,CIVIC,IL,2014,NONE,PASSENGER,PERSONAL,N,STRAIGHT AHEAD,Y,,1,,AAA,UNKNOWN,,Y,Y,Y,,,,,,,,,Y,,FRONT-RIGHT-CORNER,,,,,,,,,,,,,,,,,,,,,,,,,,,,,,,,,
1429611,4ac9962c26e15dc839d259eb7008e5ccd924561f052ae908a4fa755aeb05b33422ca9b265ebbcc76ee86ed36f15abc0b1d71b7fee2c335042844ad50d9ac353d,09/28/2022 05:48:00 PM,3,DRIVER,,1358642,,VOLKSWAGEN,JETTA,IL,2012,NONE,PASSENGER,PERSONAL,N,STRAIGHT AHEAD,,,1,,,,,,,,,,,,N,Y,Y,N,,,SIDE-LEFT,,,,,,,,,,,,,,,,,,,,,,,,,,,,,,,,,
1429468,8086c85321b3bfb92ca87db5ebee44a9f7942de81bcd844cf06ba14217ca846791543372e682ea3c854188883638b33a4a2b7007753a493a4bb3e7fa867e4d44,09/28/2022 02:30:00 PM,1,DRIVER,,1358498,,UNKNOWN,MOTORIZED,,,UNKNOWN,PICKUP,UNKNOWN/NA,N,STRAIGHT AHEAD,,,1,,,,,Y,,,,,,,,,,,,,FRONT-RIGHT-CORNER,,,,,,,,,,,,,,,,,,,,,,,,,,,,,,,,,
1429469,8086c85321b3bfb92ca87db5ebee44a9f7942de81bcd844cf06ba14217ca846791543372e682ea3c854188883638b33a4a2b7007753a493a4bb3e7fa867e4d44,09/28/2022 02:30:00 PM,2,PARKED,1,1358500,,PORSCHE,CAYMAN 981 / 982 / 987,IL,2008,NONE,SPORT UTILITY VEHICLE (SUV),NOT IN USE,N,PARKED,,,1,,,,,,,,,,,,Y,Y,Y,,,,SIDE-LEFT,,,,,,,,,,,,,,,,,,,,,,,,,,,,,,,,,
1429110,045d6a54cfadb7009e7f371cd4091781c2354639bdefde48a64613de05b1473d94f2d7de132660e31efac4a72552d343e01240402328f42df2db59e2326da67e,09/28/2022 08:05:00 AM,1,DRIVER,,1358147,,TESLA,MODEL 3,IL,2019,NONE,PASSENGER,PERSONAL,W,SLOW/STOP IN TRAFFIC,,,1,,,,,Y,,,,,,,,,,Y,Y,,FRONT,,,,,,,,,,,,,,,,,,,,,,,,,,,,,,,,,