CRASH_UNIT_ID,CRASH_RECORD_ID,CRASH_DATE,UNIT_NO,UNIT_TYPE,NUM_PASSENGERS,VEHICLE_ID,CMRC_VEH_I,MAKE,MODEL,LIC_PLATE_STATE,VEHICLE_YEAR,VEHICLE_DEFECT,VEHICLE_TYPE,VEHICLE_USE,TRAVEL_DIRECTION,MANEUVER,TOWED_I,FIRE_I,OCCUPANT_CNT,EXCEED_SPEED_LIMIT_I,TOWED_BY,TOWED_TO,AREA_00_I,AREA_01_I,AREA_02_I,AREA_03_I,AREA_04_I,AREA_05_I,AREA_06_I,AREA_07_I,AREA_08_I,AREA_09_I,AREA_10_I,AREA_11_I,AREA_12_I,AREA_99_I,FIRST_CONTACT_POINT,CMV_ID,USDOT_NO,CCMC_NO,ILCC_NO,COMMERCIAL_SRC,GVWR,CARRIER_NAME,CARRIER_STATE,CARRIER_CITY,HAZMAT_PLACARDS_I,HAZMAT_NAME,UN_NO,HAZMAT_PRESENT_I,HAZMAT_REPORT_I,HAZMAT_REPORT_NO,MCS_REPORT_I,MCS_REPORT_NO,HAZMAT_VIO_CAUSE_CRASH_I,MCS_VIO_CAUSE_CRASH_I,IDOT_PERMIT_NO,WIDE_LOAD_I,TRAILER1_WIDTH,TRAILER2_WIDTH,TRAILER1_LENGTH,TRAILER2_LENGTH,TOTAL_VEHICLE_LENGTH,AXLE_CNT,VEHICLE_CONFIG,CARGO_BODY_TYPE,LOAD_TYPE,HAZMAT_OUT_OF_SERVICE_I,MCS_OUT_OF_SERVICE_I,HAZMAT_CLASS
1429111,045d6a54cfadb7009e7f371cd4091781c2354639bdefde48a64613de05b1473d94f2d7de132660e31efac4a72552d343e01240402328f42df2db59e2326da67e,09/28/2022 08:05:00 AM,2,DRIVER,,1358152,,SUBARU,FORESTER,IL,2022,NONE,PASSENGER,PERSONAL,W,SLOW/STOP IN TRAFFIC,,,1,,,,,,,,,,,,,,,,,Y,REAR,,,,,,,,,,,,,,,,,,,,,,,,,,,,,,,,,
1428644,f7a14c9b6dace5fcba94142b7000d8f9f77fbd4cca964f9dfa0edd3c9c178feccbe71e0f328621b461d4d0693f3d8e24b4c0e0d0809b47cea8706ae86fe3432c,09/27/2022 01:00:00 PM,2,DRIVER,,1357707,,CHEVROLET,MALIBU,IL,2008,UNKNOWN,PASSENGER,PERSONAL,N,STRAIGHT AHEAD,,,1,,,,,,,,,,Y,,,,,,,,REAR,,,,,,,,,,,,,,,,,,,,,,,,,,,,,,,,,
1428645,f7a14c9b6dace5fcba94142b7000d8f9f77fbd4cca964f9dfa0edd3c9c178feccbe71e0f328621b461d4d0693f3d8e24b4c0e0d0809b47cea8706ae86fe3432c,09/27/2022 01:00:00 PM,1,DRIVER,,1357705,,CHEVROLET,EQUINOX,IL,2015,UNKNOWN,SPORT UTILITY VEHICLE (SUV),PERSONAL,N,STRAIGHT AHEAD,,,1,,,,,,,,,,,,,,,,Y,,FRONT,,,,,,,,,,,,,,,,,,,,,,,,,,,,,,,,,
1427517,4cbc757b17936a4b961e666d2646b106f0909dc8cf2d12fc8507db700729b1b36d0f78ccead1a711f34917f24c2b8d6d075c546849177baa59801fbab47242dc,09/25/2022 05:10:00 PM,1,DRIVER,,1356602,,CHEVROLET,OTHER (EXPLAIN IN NARRATIVE),IL,2020,NONE,PASSENGER,PERSONAL,E,CHANGING LANES,,,1,,,,,,,,,,,,,,,,,Y,FRONT,,,,,,,,,,,,,,,,,,,,,,,,,,,,,,,,,
1427518,4cbc757b17936a4b961e666d2646b106f0909dc8cf2d12fc8507db700729b1b36d0f78ccead1a711f34917f24c2b8d6d075c546849177baa59801fbab47242dc,09/25/2022 05:10:00 PM,2,DRIVER,1,1356607,,HONDA,CR-V,IL,2015,NONE,PASSENGER,PERSONAL,E,STRAIGHT AHEAD,,,2,,,,,,,,,,,Y,Y,,,,,,REAR-LEFT-CORNER,,,,,,,,,,,,,,,,,,,,,,,,,,,,,,,,,
1427967,867919a70b372f1870e8f37a05c28bf18afbd1485896af47c39952c955eabaac277a5d40dbe6b3ca33ff3c9b30825b9bb87b2d8ce2e3f275c946eb7006d71e03,09/25/2022 10:34:00 AM,1,DRIVER,,1357045,,CHEVROLET,EQUINOX,IL,2019,UNKNOWN,PASSENGER,PERSONAL,S,STRAIGHT AHEAD,,,1,,,,,Y,,,,,,,,,,Y,Y,,FRONT,,,,,,,,,,,,,,,,,,,,,,,,,,,,,,,,,
1427968,867919a70b372f1870e8f37a05c28bf18afbd1485896af47c39952c955eabaac277a5d40dbe6b3ca33ff3c9b30825b9bb87b2d8ce2e3f275c946eb7006d71e03,09/25/2022 10:34:00 AM,2,DRIVER,,1357046,,UNKNOWN,OTHER (EXPLAIN IN NARRATIVE),,,UNKNOWN,UNKNOWN/NA,UNKNOWN/NA,UNKNOWN,UNKNOWN/NA,,,1,,,,,,,,,,,,,,,,,,UNKNOWN,,,,,,,,,,,,,,,,,,,,,,,,,,,,,,,,,
1426514,bb9f853727292dce35ae5f10390fe9b7005d31fd3baa0f74711e2c1d96a5b05ec21edfa0ec2bc04edd1bdd9132361344fd0e9f0cd3afa9ae71f718146f042e64,09/24/2022 07:25:00 AM,1,DRIVER,,1355659,,SUZUKI,MOTORCYCLE,IL,1992,NONE,MOTORCYCLE (OVER 150CC),PERSONAL,N,CHANGING LANES,Y,,1,,OWNER,UNKNOWN,,,,,,,,,,,,,,,SIDE-LEFT,,,,,,,,,,,,,,,,,,,,,,,,,,,,,,,,,
1426515,bb9f853727292dce35ae5f10390fe9b7005d31fd3baa0f74711e2c1d96a5b05ec21edfa0ec2bc04edd1bdd9132361344fd0e9f0cd3afa9ae71f718146f042e64,09/24/2022 07:25:00 AM,2,DRIVER,1,1355664,,NISSAN,ALTIMA,IL,2019,NONE,PASSENGER,PERSONAL,N,STRAIGHT AHEAD,Y,,2,,OWNER,UNKNOWN,,Y,Y,Y,Y,Y,Y,,,,Y,Y,Y,,SIDE-RIGHT,,,,,,,,,,,,,,,,,,,,,,,,,,,,,,,,,
1427900,44dea7ba516f9f35c4cbd462eafd86b7970abb700f53a9625777186fb17742f756396b4db9f2da752044137a67dd80625db80683436e022497ca1d30c0015fb6,09/22/2022 08:20:00 AM,1,DRIVER,,1356978,,FORD,TRANSIT CONNECT,IL,2013,NONE,VAN/MINI-VAN,PERSONAL,E,BACKING,,,1,,,,,,,,,,Y,,,,,,,,REAR,,,,,,,,,,,,,,,,,,,,,,,,,,,,,,,,,
1427901,44dea7ba516f9f35c4cbd462eafd86b7970abb700f53a9625777186fb17742f756396b4db9f2da752044137a67dd80625db80683436e022497ca1d30c0015fb6,09/22/2022 08:20:00 AM,2,DRIVER,,1356982,,JEEP,PATRIOT,IL,2011,NONE,SPORT UTILITY VEHICLE (SUV),PERSONAL,N,STRAIGHT AHEAD,,,1,,,,,,,,,,,,Y,,,,,,SIDE-LEFT,,,,,,,,,,,,,,,,,,,,,,,,,,,,,,,,,
1421748,86ef168e8fe123ddec43d451d1d16094c7dda393ed254f9e99687d640b75517aa9ae3608e5328189dabc4fd21b7009b82ce52d29e5c3319e1e777efdcd6d3287,09/17/2022 01:15:00 PM,1,DRIVER,,1351125,,CHRYSLER,TOWN & COUNTRY,IL,2006,NONE,PASSENGER,PERSONAL,E,U-TURN,,,1,,,,,,,,,,,,,,Y,Y,,,FRONT-LEFT-CORNER,,,,,,,,,,,,,,,,,,,,,,,,,,,,,,,,,
1421749,86ef168e8fe123ddec43d451d1d16094c7dda393ed254f9e99687d640b75517aa9ae3608e5328189dabc4fd21b7009b82ce52d29e5c3319e1e777efdcd6d3287,09/17/2022 01:15:00 PM,2,DRIVER,,1351129,,CHEVROLET,MALIBU,IL,2007,NONE,PASSENGER,PERSONAL,E,STRAIGHT AHEAD,,,1,,,,,Y,,,,,,,,,,Y,Y,,FRONT,,,,,,,,,,,,,,,,,,,,,,,,,,,,,,,,,
1418777,cf58b4873c6c5ed1d55aa7988ce6d96fcab1e2c5881f5b416a824bfbc00db4773b7001b55945a2750c3b357f4a50f5b5169e7eec26ab8978c9396e4468698768,09/13/2022 11:40:00 AM,1,DRIVER,,1348283,,TOYOTA,PRIUS,IL,2017,NONE,PASSENGER,OTHER,S,BACKING,,,1,,,,,,,,,,Y,,,,,,,,REAR,,,,,,,,,,,,,,,,,,,,,,,,,,,,,,,,,
1418778,cf58b4873c6c5ed1d55aa7988ce6d96fcab1e2c5881f5b416a824bfbc00db4773b7001b55945a2750c3b357f4a50f5b5169e7eec26ab8978c9396e4468698768,09/13/2022 11:40:00 AM,2,PEDESTRIAN,,,,,,,,,,,,,,,,,,,,,,,,,,,,,,,,,,,,,,,,,,,,,,,,,,,,,,,,,,,,,,,,,,
1420317,76070822007b2b83fdef4464cf647a4767c25ef5726dcf34b1a7ce241c3db70081f40174f75fb55e2802734618339c2894a9a33de206c6ccae4e72f9634e4648,09/12/2022 06:00:00 AM,1,DRIVER,,1349748,,UNKNOWN,MOTORIZED,,,UNKNOWN,UNKNOWN/NA,UNKNOWN/NA,UNKNOWN,UNKNOWN/NA,,,1,,,,,,,,,,,,,,,,,Y,UNKNOWN,,,,,,,,,,,,,,,,,,,,,,,,,,,,,,,,,
1420318,76070822007b2b83fdef4464cf647a4767c25ef5726dcf34b1a7ce241c3db70081f40174f75fb55e2802734618339c2894a9a33de206c6ccae4e72f9634e4648,09/12/2022 06:00:00 AM,2,PARKED,,1349762,,CHEVROLET,TRAVERSE,IN,2016,NONE,PASSENGER,NOT IN USE,N,PARKED,,,0,,,,,,,,,,,,Y,Y,,,,,SIDE-LEFT-REAR,,,,,,,,,,,,,,,,,,,,,,,,,,,,,,,,,
1423878,4b47c074fe9b7006c6b439b556129c949289a4b00acff1a412bab56b36c6aa6e006388c95b79bc8697ac1581c92b556bdaea40f93e38587fc857d9afb0e1de39,09/05/2022 10:15:00 AM,1,DRIVER,,1353153,,TOYOTA,CAMRY,IL,2013,UNKNOWN,PASSENGER,UNKNOWN/NA,S,STRAIGHT AHEAD,,,1,,,,,,,,,,,,,,,,,Y,FRONT,,,,,,,,,,,,,,,,,,,,,,,,,,,,,,,,,
1423879,4b47c074fe9b7006c6b439b556129c949289a4b00acff1a412bab56b36c6aa6e006388c95b79bc8697ac1581c92b556bdaea40f93e38587fc857d9afb0e1de39,09/05/2022 10:15:00 AM,2,BICYCLE,,,,,,,,,,,,,,,,,,,,,,,,,,,,,,,,,,,,,,,,,,,,,,,,,,,,,,,,,,,,,,,,,,
1444695,bd360247bf1786b354c50ff0a476709db700e6dbba4b6d667ba452662da53fcb997b0c71690c870f2b58c508a1d4244068046e01973356d902cb87ed81f37ed1,09/02/2022 01:37:00 PM,1,DRIVER,,1373078,,HONDA,ACCORD,IL,2007,UNKNOWN,PASSENGER,PERSONAL,N,STRAIGHT AHEAD,Y,,1,,private tow,,,Y,Y,,,,,,,,Y,Y,,,FRONT,,,,,,,,,,,,,,,,,,,,,,,,,,,,,,,,,
1410816,a6894b5577a5eb5d3a18bc67bec3bd2c971f0fca45c69b9df3db693292b7f584a0662f7ea15a90fbd330f2766391b256b03142aa322ea8e217f5e517a6b7005f,09/01/2022 05:15:00 PM,1,DRIVER,,1340653,,KIA,SPORTAGE,IL,2013,UNKNOWN,SPORT UTILITY VEHICLE (SUV),UNKNOWN/NA,S,STRAIGHT AHEAD,,,1,,,,,,Y,,,,,,,,N,,,,SIDE-RIGHT-FRONT,,,,,,,,,,,,,,,,,,,,,,,,,,,,,,,,,
1410817,a6894b5577a5eb5d3a18bc67bec3bd2c971f0fca45c69b9df3db693292b7f584a0662f7ea15a90fbd330f2766391b256b03142aa322ea8e217f5e517a6b7005f,09/01/2022 05:15:00 PM,2,DRIVER,,1340665,,CHEVROLET,OTHER (EXPLAIN IN NARRATIVE),IL,2020,NONE,PASSENGER,OTHER,S,STRAIGHT AHEAD,,,1,,,,,,,,,,,,,,Y,,,,SIDE-LEFT-FRONT,,,,,,,,,,,,,,,,,,,,,,,,,,,,,,,,,
1410645,6a306d70c8e3adf7a6db0a7e3d4966cfab564934978a66b3f7942f80225903b700b872b3073f43914265b178f6a6ed28f21b02a5dd13c9eee5225df622e430ce,09/01/2022 01:30:00 PM,1,DRIVER,,1340497,,UNKNOWN,OTHER (EXPLAIN IN NARRATIVE),,,UNKNOWN,SPORT UTILITY VEHICLE (SUV),UNKNOWN/NA,W,TURNING RIGHT,,,1,,,,,Y,Y,Y,Y,,,,,,,,Y,,FRONT-RIGHT-CORNER,,,,,,,,,,,,,,,,,,,,,,,,,,,,,,,,,
1410646,6a306d70c8e3adf7a6db0a7e3d4966cfab564934978a66b3f7942f80225903b700b872b3073f43914265b178f6a6ed28f21b02a5dd13c9eee5225df622e430ce,09/01/2022 01:30:00 PM,2,DRIVER,,1340501,,CHEVROLET,IMPALA,IL,2008,NONE,PASSENGER,OTHER,W,STRAIGHT AHEAD,,,1,,,,,,,,,,,,Y,Y,Y,Y,,,SIDE-LEFT,,,,,,,,,,,,,,,,,,,,,,,,,,,,,,,,,
1410871,acce9e3dd5fbb5df8847ccc69249730b21ecccbfbc3b7008c6463b47ff4a7d7710cab601a2ae9b0d95ecf4db4d3d89b1f316bd6709524673077b9307b347fecb,08/31/2022 02:55:00 PM,1,DRIVER,,1340711,,AUDI,Q3,IL,2018,UNKNOWN,PASSENGER,PERSONAL,NW,STRAIGHT AHEAD,,,1,,,,,,,,,,,,,,,,Y,,FRONT,,,,,,,,,,,,,,,,,,,,,,,,,,,,,,,,,
1410872,acce9e3dd5fbb5df8847ccc69249730b21ecccbfbc3b7008c6463b47ff4a7d7710cab601a2ae9b0d95ecf4db4d3d89b1f316bd6709524673077b9307b347fecb,08/31/2022 02:55:00 PM,2,DRIVER,,1340721,,AUDI,A3,IL,,NONE,PASSENGER,NOT IN USE,NW,STRAIGHT AHEAD,,,1,,,,,,,,,,,,,,,,Y,,FRONT,,,,,,,,,,,,,,,,,,,,,,,,,,,,,,,,,
1410003,b6ac56e68e9fb11ba85d2a8fd7b7004349f7959f5e6b7c2e0be5dc43f534e46eca47097e33c22db4af3429b4d949f24f66170db2c9989a1bbfec1891c5f419ab,08/31/2022 01:30:00 PM,1,DRIVER,,1339887,,UNKNOWN,OTHER (EXPLAIN IN NARRATIVE),,,UNKNOWN,UNKNOWN/NA,UNKNOWN/NA,UNKNOWN,UNKNOWN/NA,,,1,,,,,,,,,,,,,,,,,Y,UNKNOWN,,,,,,,,,,,,,,,,,,,,,,,,,,,,,,,,,
1410004,b6ac56e68e9fb11ba85d2a8fd7b7004349f7959f5e6b7c2e0be5dc43f534e46eca47097e33c22db4af3429b4d949f24f66170db2c9989a1bbfec1891c5f419ab,08/31/2022 01:30:00 PM,2,PARKED,,1339879,,HONDA,ACCORD,IL,2015,NONE,PASSENGER,NOT IN USE,N,PARKED,,,0,,,,,,,,,,,,,,,Y,,,FRONT-LEFT-CORNER,,,,,,,,,,,,,,,,,,,,,,,,,,,,,,,,,
1409525,f708adca0bf209c4219698151736a31cbb2fe8e29fa7992e80a09423838a31db700c5dbb468c9297757173f6a867fee3506f23aa1339b7fb7442cc9a43f42cc1,08/30/2022 11:52:00 PM,1,DRIVER,1,1339430,,UNKNOWN,OTHER (EXPLAIN IN NARRATIVE),IL,,UNKNOWN,UNKNOWN/NA,UNKNOWN/NA,S,UNKNOWN/NA,,,2,,,,,,,,,,,,,,,,,Y,FRONT,,,,,,,,,,,,,,,,,,,,,,,,,,,,,,,,,
1409526,f708adca0bf209c4219698151736a31cbb2fe8e29fa7992e80a09423838a31db700c5dbb468c9297757173f6a867fee3506f23aa1339b7fb7442cc9a43f42cc1,08/30/2022 11:52:00 PM,2,DRIVER,,1339432,,DODGE,CHARGER,IL,2013,UNKNOWN,PASSENGER,PERSONAL,S,UNKNOWN/NA,Y,Y,1,,city,pound #6,,,,,,,,,,,N,N,N,,REAR,,,,,,,,,,,,,,,,,,,,,,,,,,,,,,,,,
1410016,085599cfb66434c9e7540ba6184abad513e74a2b70050b565e4653a29564bd20127ff0e5eb92d441d31d8e7539c09660bd8a3c6c0ba9e3fd28ceba6187676ff7,08/30/2022 05:50:00 PM,1,DRIVER,,1339888,,NEW FLYER,OTHER (EXPLAIN IN NARRATIVE),IL,2008,NONE,BUS OVER 15 PASS.,CTA,E,CHANGING LANES,,,1,,,,,,,,,,,,,,,,,Y,SIDE-LEFT,,,,,,,,,,,,,,,,,,,,,,,,,,,,,,,,,
1410017,085599cfb66434c9e7540ba6184abad513e74a2b70050b565e4653a29564bd20127ff0e5eb92d441d31d8e7539c09660bd8a3c6c0ba9e3fd28ceba6187676ff7,08/30/2022 05:50:00 PM,2,DRIVER,,1339894,,FORD,ESCAPE,IL,2015,NONE,SPORT UTILITY VEHICLE (SUV),PERSONAL,E,STRAIGHT AHEAD,,,1,,,,,Y,Y,Y,,,,,,,,,,,SIDE-RIGHT,,,,,,,,,,,,,,,,,,,,,,,,,,,,,,,,,
1407013,f4ef27d3cef501b8711aa67c2189c4bb524335fd08a8c44ec04687d2c9497f75fb5c9802d99e7c49b700878275d4bb95cd2361f691e2e38bafc0f2ff596b4ad6,08/27/2022 05:50:00 AM,1,DRIVER,,1337037,,CHEVROLET,OTHER (EXPLAIN IN NARRATIVE),IL,2016,UNKNOWN,PASSENGER,PERSONAL,W,TURNING RIGHT,Y,,1,,city of chicago,400 E LOWER WACKER DR,,Y,,,,,,,,,,Y,Y,,FRONT,,,,,,,,,,,,,,,,,,,,,,,,,,,,,,,,,
1413799,9fdc6302b11434c531aab352dd155f8d26ebc0fbab202b51a2d5e8a19e788834d1831b700fcaab38318ea95e4f9c5cd4f11f0e04204786a6de89e9cf143e0ff3,08/26/2022 09:38:00 PM,1,DRIVER,,1343508,,UNKNOWN,MOTORIZED,IL,,UNKNOWN,UNKNOWN/NA,UNKNOWN/NA,UNKNOWN,BACKING,,,1,,,,,,,,,,Y,,,,,,,,REAR,,,,,,,,,,,,,,,,,,,,,,,,,,,,,,,,,
1413800,9fdc6302b11434c531aab352dd155f8d26ebc0fbab202b51a2d5e8a19e788834d1831b700fcaab38318ea95e4f9c5cd4f11f0e04204786a6de89e9cf143e0ff3,08/26/2022 09:38:00 PM,2,PARKED,,1343509,,CHEVROLET,MALIBU,IL,2011,NONE,PASSENGER,PERSONAL,N,PARKED,,,0,,,,,,,,,,,,,,,,Y,,FRONT,,,,,,,,,,,,,,,,,,,,,,,,,,,,,,,,,
1407092,e506d327e1a239f4ef4ab30ada841b7005b025f2060d7da75d310088e8cc69157cff97219ccd827cc5884f127981bf63dd0f260db8e1667dee059c4f5b199016,08/26/2022 05:30:00 PM,1,DRIVER,,1337126,,SCION,IA,IL,2014,UNKNOWN,UNKNOWN/NA,UNKNOWN/NA,W,STRAIGHT AHEAD,,,1,,,,,,Y,,,,,,,,,,,,SIDE-RIGHT,,,,,,,,,,,,,,,,,,,,,,,,,,,,,,,,,
1407093,e506d327e1a239f4ef4ab30ada841b7005b025f2060d7da75d310088e8cc69157cff97219ccd827cc5884f127981bf63dd0f260db8e1667dee059c4f5b199016,08/26/2022 05:30:00 PM,2,DRIVERLESS,,1337129,,CHEVROLET,EQUINOX,IL,2020,NONE,PASSENGER,PERSONAL,W,PARKED,,,0,,,,,,,,,,,,Y,,,,,,SIDE-RIGHT,,,,,,,,,,,,,,,,,,,,,,,,,,,,,,,,,
1405903,6b4b3bc73e0a35d2559d3abec582c5f535b17d9219598db5d4c6c0aa7c012a0600f86ef34fce065e5736fc5b70082ae4cd92a911fb839e25822ee5159cf4fd4f,08/25/2022 03:25:00 PM,1,DRIVER,,1336000,,DODGE,CHARGER,,,UNKNOWN,PASSENGER,PERSONAL,N,PASSING/OVERTAKING,,,1,,,,,,,,,,,,Y,Y,Y,,,,SIDE-LEFT,,,,,,,,,,,,,,,,,,,,,,,,,,,,,,,,,
1405904,6b4b3bc73e0a35d2559d3abec582c5f535b17d9219598db5d4c6c0aa7c012a0600f86ef34fce065e5736fc5b70082ae4cd92a911fb839e25822ee5159cf4fd4f,08/25/2022 03:25:00 PM,2,DRIVER,,1336004,,FORD,VAN,IL,2020,NONE,VAN/MINI-VAN,PERSONAL,N,STRAIGHT AHEAD,,,1,,,,,,Y,Y,,,,,,,,,,,SIDE-RIGHT,,,,,,,,,,,,,,,,,,,,,,,,,,,,,,,,,
1405207,81a2b9e6b0cf71ab7006d9b1bea5c788307af317d93ae296462ff7436655efacea2252034037b6a8abe544acec9daa68466e2be25921d7364f4746163537e8c8,08/24/2022 02:45:00 PM,1,DRIVER,,1335328,,FORD,MUSTANG,IL,2014,NONE,PASSENGER,PERSONAL,N,TURNING LEFT,,,1,,,,,,,,,,,,,,,Y,Y,,FRONT-LEFT-CORNER,,,,,,,,,,,,,,,,,,,,,,,,,,,,,,,,,
1405208,81a2b9e6b0cf71ab7006d9b1bea5c788307af317d93ae296462ff7436655efacea2252034037b6a8abe544acec9daa68466e2be25921d7364f4746163537e8c8,08/24/2022 02:45:00 PM,2,DRIVER,,1335330,,UNKNOWN,OTHER (EXPLAIN IN NARRATIVE),IL,,UNKNOWN,SPORT UTILITY VEHICLE (SUV),UNKNOWN/NA,N,STRAIGHT AHEAD,,,1,,,,,,,,,,,,,,,,,Y,FRONT,,,,,,,,,,,,,,,,,,,,,,,,,,,,,,,,,
1404029,6c4df7acf6aa907425355e2bb1a456b700616eeec48d5249d227ee90637409ccac5de8f926676127a8f9629d0d7bd32cc0366ae348b5bcf45db5cb07212b836c,08/22/2022 06:30:00 PM,1,DRIVER,,1334191,,TOYOTA,PRIUS,IL,2016,NONE,PASSENGER,TAXI/FOR HIRE,E,STRAIGHT AHEAD,,,1,,,,,,,,,,,,,,,Y,,,FRONT-LEFT-CORNER,,,,,,,,,,,,,,,,,,,,,,,,,,,,,,,,,
1404030,6c4df7acf6aa907425355e2bb1a456b700616eeec48d5249d227ee90637409ccac5de8f926676127a8f9629d0d7bd32cc0366ae348b5bcf45db5cb07212b836c,08/22/2022 06:30:00 PM,2,DRIVER,,1334195,,KIA,SPORTAGE,IL,2012,NONE,SPORT UTILITY VEHICLE (SUV),PERSONAL,E,LEAVING TRAFFIC LANE TO PARK,,,1,,,,,,Y,Y,Y,N,,,,,,,,,SIDE-RIGHT,,,,,,,,,,,,,,,,,,,,,,,,,,,,,,,,,
1400295,b929877c98d4120e6fe41a1e899277616a0143ae116722dfb7d3da918421c02f96c6694db2d16f7b9df352f0ea5efffd324fa965ca17a6270357bc6f4b700a96,08/17/2022 05:13:00 AM,1,DRIVER,,1330611,,MITSUBISHI,OUTLANDER,IL,2016,UNKNOWN,PASSENGER,PERSONAL,E,STRAIGHT AHEAD,Y,,1,,,,,Y,Y,,,,,,,,Y,Y,Y,,FRONT,,,,,,,,,,,,,,,,,,,,,,,,,,,,,,,,,
1400296,b929877c98d4120e6fe41a1e899277616a0143ae116722dfb7d3da918421c02f96c6694db2d16f7b9df352f0ea5efffd324fa965ca17a6270357bc6f4b700a96,08/17/2022 05:13:00 AM,2,DRIVER,,1330612,,HONDA,CR-V,IL,2022,UNKNOWN,PASSENGER,PERSONAL,N,STRAIGHT AHEAD,Y,,1,,,,,,,,,,,Y,Y,Y,Y,Y,Y,,SIDE-LEFT,,,,,,,,,,,,,,,,,,,,,,,,,,,,,,,,,
1389922,581887bed79a26eacb850be999144789a9446edaccc461c446b58ab3a35aee4051b70067fa2e06afbfd515a94c94da647581d207b8d043498474716cf4dd397e,07/31/2022 05:00:00 PM,1,DRIVER,1,1320669,,GENERAL MOTORS CORPORATION (GMC),TERRAIN,IL,2011,NONE,SPORT UTILITY VEHICLE (SUV),PERSONAL,E,STRAIGHT AHEAD,,,2,,,,,,,,,,,,,,,,Y,,FRONT,,,,,,,,,,,,,,,,,,,,,,,,,,,,,,,,,
1389923,581887bed79a26eacb850be999144789a9446edaccc461c446b58ab3a35aee4051b70067fa2e06afbfd515a94c94da647581d207b8d043498474716cf4dd397e,07/31/2022 05:00:00 PM,2,DRIVER,,1320676,,NISSAN,PATHFINDER,IL,2000,NONE,SPORT UTILITY VEHICLE (SUV),PERSONAL,E,STRAIGHT AHEAD,,,1,,,,,,,,,,Y,,,,,,,,REAR,,,,,,,,,,,,,,,,,,,,,,,,,,,,,,,,,
1389039,aba76e6d60975dfc5d43adfe4467019078be7d43b85b2763b700b04d3cd539fadb7561f8c1146039f6ae9507904c9c2baaa7b4488042fa0567325c921f5f9dbe,07/30/2022 11:04:00 AM,1,DRIVER,,1319819,,FORD,OTHER (EXPLAIN IN NARRATIVE),IL,,NONE,TRUCK - SINGLE UNIT,OTHER,E,STRAIGHT AHEAD,,,1,,,,,Y,Y,N,Y,Y,,,,,,,,,FRONT-RIGHT-CORNER,,,,,,,,,,,,,,,,,,,,,,,,,,,,,,,,,
1389050,aba76e6d60975dfc5d43adfe4467019078be7d43b85b2763b700b04d3cd539fadb7561f8c1146039f6ae9507904c9c2baaa7b4488042fa0567325c921f5f9dbe,07/30/2022 11:04:00 AM,2,PARKED,,1320302,,BUICK,LUCERNE,IL,2006,NONE,PASSENGER,PERSONAL,W,PARKED,Y,,0,,OWNER,,,,,,,,,,,,Y,Y,Y,,FRONT-LEFT-CORNER,,,,,,,,,,,,,,,,,,,,,,,,,,,,,,,,,
1389552,aba76e6d60975dfc5d43adfe4467019078be7d43b85b2763b700b04d3cd539fadb7561f8c1146039f6ae9507904c9c2baaa7b4488042fa0567325c921f5f9dbe,07/30/2022 11:04:00 AM,3,PARKED,,1320306,,FORD,ESCAPE,IL,2018,NONE,PASSENGER,PERSONAL,W,PARKED,,,0,,,,,,,,,,,,,,,Y,,,FRONT-LEFT-CORNER,,,,,,,,,,,,,,,,,,,,,,,,,,,,,,,,,
1388590,20a78c9d61f3e2799aab950dabf4e1ec12e6712b7008f799e179e7bf83160d0933f867b616a88d25b5f50da03e1dcf38e16f84c82d31fa398d63ced29ae22d32,07/29/2022 06:37:00 PM,1,DRIVER,1,1319399,,TOYOTA,CAMRY,IL,2012,UNKNOWN,PASSENGER,PERSONAL,NW,PASSING/OVERTAKING,Y,,2,,homewood,,,Y,Y,Y,,,,,,,,,Y,,FRONT-RIGHT-CORNER,,,,,,,,,,,,,,,,,,,,,,,,,,,,,,,,,
1388591,20a78c9d61f3e2799aab950dabf4e1ec12e6712b7008f799e179e7bf83160d0933f867b616a88d25b5f50da03e1dcf38e16f84c82d31fa398d63ced29ae22d32,07/29/2022 06:37:00 PM,2,DRIVER,,1319410,,FORD,F450,IL,2013,UNKNOWN,OTHER,TOW TRUCK,NW,TURNING LEFT,,,1,,,,,,,,,,,,,,,Y,Y,,FRONT-LEFT-CORNER,,,,,,,,,,,,,,,,,,,,,,,,,,,,,,,,,
1387832,a7ce0e9ba1f1babce03a52c2750518011b8282107c645c996dd3a735ee6e51338b0f9b167b16ddbecc6d20c25c0da744b700f2371e23e31ce4d7175719467725,07/28/2022 03:40:00 PM,1,DRIVER,,1318652,,FORD,TRANSIT,IL,2020,NONE,BUS OVER 15 PASS.,OTHER,N,PASSING/OVERTAKING,,,1,,,,,,,,Y,Y,,,,,,,,,REAR-RIGHT-CORNER,,,,,,,,,,,,,,,,,,,,,,,,,,,,,,,,,
1387833,a7ce0e9ba1f1babce03a52c2750518011b8282107c645c996dd3a735ee6e51338b0f9b167b16ddbecc6d20c25c0da744b700f2371e23e31ce4d7175719467725,07/28/2022 03:40:00 PM,2,PARKED,,1318662,,HYUNDAI,SONATA,IL,2016,NONE,PASSENGER,PERSONAL,N,PARKED,,,0,,,,,,,,,,,,,,,Y,,,FRONT-LEFT-CORNER,,,,,,,,,,,,,,,,,,,,,,,,,,,,,,,,,