CRASH_UNIT_ID,CRASH_RECORD_ID,CRASH_DATE,UNIT_NO,UNIT_TYPE,NUM_PASSENGERS,VEHICLE_ID,CMRC_VEH_I,MAKE,MODEL,LIC_PLATE_STATE,VEHICLE_YEAR,VEHICLE_DEFECT,VEHICLE_TYPE,VEHICLE_USE,TRAVEL_DIRECTION,MANEUVER,TOWED_I,FIRE_I,OCCUPANT_CNT,EXCEED_SPEED_LIMIT_I,TOWED_BY,TOWED_TO,AREA_00_I,AREA_01_I,AREA_02_I,AREA_03_I,AREA_04_I,AREA_05_I,AREA_06_I,AREA_07_I,AREA_08_I,AREA_09_I,AREA_10_I,AREA_11_I,AREA_12_I,AREA_99_I,FIRST_CONTACT_POINT,CMV_ID,USDOT_NO,CCMC_NO,ILCC_NO,COMMERCIAL_SRC,GVWR,CARRIER_NAME,CARRIER_STATE,CARRIER_CITY,HAZMAT_PLACARDS_I,HAZMAT_NAME,UN_NO,HAZMAT_PRESENT_I,HAZMAT_REPORT_I,HAZMAT_REPORT_NO,MCS_REPORT_I,MCS_REPORT_NO,HAZMAT_VIO_CAUSE_CRASH_I,MCS_VIO_CAUSE_CRASH_I,IDOT_PERMIT_NO,WIDE_LOAD_I,TRAILER1_WIDTH,TRAILER2_WIDTH,TRAILER1_LENGTH,TRAILER2_LENGTH,TOTAL_VEHICLE_LENGTH,AXLE_CNT,VEHICLE_CONFIG,CARGO_BODY_TYPE,LOAD_TYPE,HAZMAT_OUT_OF_SERVICE_I,MCS_OUT_OF_SERVICE_I,HAZMAT_CLASS
1384971,93aa0c2ca92a4255d48ea69c8a49c6475fa164c11fb514c0d7b70090c98340fbf63da54fc18bb54fe563fc875c321ce04b5e6dca91c1b3e764d0eb3d001c4b6a,07/24/2022 09:18:00 AM,1,DRIVER,,1315943,,NISSAN,ALTIMA,TX,2012,NONE,PASSENGER,PERSONAL,N,U-TURN,Y,,1,,CHICAGO ALLZONE TOWING,UNKNOWN,,,,,,,,,,N,Y,Y,,,FRONT-LEFT-CORNER,,,,,,,,,,,,,,,,,,,,,,,,,,,,,,,,,
1384972,93aa0c2ca92a4255d48ea69c8a49c6475fa164c11fb514c0d7b70090c98340fbf63da54fc18bb54fe563fc875c321ce04b5e6dca91c1b3e764d0eb3d001c4b6a,07/24/2022 09:18:00 AM,2,DRIVER,,1315950,,INFINITI,EX35,IL,2008,NONE,PASSENGER,PERSONAL,N,STRAIGHT AHEAD,Y,,1,,PRIVATE,,,Y,Y,,,,,,,,Y,Y,Y,,FRONT,,,,,,,,,,,,,,,,,,,,,,,,,,,,,,,,,
1383245,5a55d4eec2f8b700d0772136d08bd74d4128d4f7b8e9ebb879f43f23eca4f78a5027cfc0603894b5cccf453c8705ffc3de41d788f0d3b247a7b67dc7e7c0aed0,07/21/2022 05:20:00 PM,1,DRIVER,,1314280,,JEEP,PATRIOT,,2012,NONE,SPORT UTILITY VEHICLE (SUV),PERSONAL,NW,TURNING LEFT,,,1,,,,,Y,,,,,,,,,,,,,FRONT-RIGHT-CORNER,,,,,,,,,,,,,,,,,,,,,,,,,,,,,,,,,
1383246,5a55d4eec2f8b700d0772136d08bd74d4128d4f7b8e9ebb879f43f23eca4f78a5027cfc0603894b5cccf453c8705ffc3de41d788f0d3b247a7b67dc7e7c0aed0,07/21/2022 05:20:00 PM,2,DRIVER,,1314287,,HYUNDAI,ELANTRA,,2017,NONE,SPORT UTILITY VEHICLE (SUV),PERSONAL,S,STRAIGHT AHEAD,,,1,,,,,,,,,,,,,,,Y,,,FRONT-LEFT-CORNER,,,,,,,,,,,,,,,,,,,,,,,,,,,,,,,,,
1382030,87a210cf8ceeb6c5870f8de15538e12daeec6139d56a49fda1a693e7f4dbede71ace8b296a1d79f0f019645ae5dc429b35f4ca172b700bb1c670c137e4e576cb,07/20/2022 01:23:00 AM,1,DRIVER,3,1313210,,HONDA,ACCORD,IL,2006,NONE,PASSENGER,PERSONAL,W,TURNING RIGHT,N,,4,,,,,,,,,,,,,,,Y,,Y,FRONT-LEFT-CORNER,,,,,,,,,,,,,,,,,,,,,,,,,,,,,,,,,
1381410,8fdee779292b1dc96b5c58ba9c8253c4e07db26eff203c81e2daceca8c5d7d5b7001abdf224b6e43303ee0caac4ac4742f0f3d5f396631aa10893af2a576bfa2,07/17/2022 12:00:00 PM,1,DRIVER,,1312623,,UNKNOWN,OTHER (EXPLAIN IN NARRATIVE),,,UNKNOWN,UNKNOWN/NA,UNKNOWN/NA,UNKNOWN,UNKNOWN/NA,,,1,,,,,,,,,,,,,,,,,Y,UNKNOWN,,,,,,,,,,,,,,,,,,,,,,,,,,,,,,,,,
1381411,8fdee779292b1dc96b5c58ba9c8253c4e07db26eff203c81e2daceca8c5d7d5b7001abdf224b6e43303ee0caac4ac4742f0f3d5f396631aa10893af2a576bfa2,07/17/2022 12:00:00 PM,2,PARKED,,1312633,,KIA,RIO / K2,IL,2017,OTHER,PASSENGER,NOT IN USE,S,PARKED,,,0,,,,,,,,,,N,Y,,,,,,,REAR-LEFT-CORNER,,,,,,,,,,,,,,,,,,,,,,,,,,,,,,,,,
1376408,212bfb699307f73f50d4eee4565f4fd928151346bf8db86e051d39fce834d0c6b7a667947c1790a52732e248c5aaf41ab7008a5d5c4a721cbe01dec40a85d667,07/11/2022 03:50:00 PM,1,DRIVER,,1307825,,GENERAL MOTORS CORPORATION (GMC),ENVOY,IL,2005,UNKNOWN,SPORT UTILITY VEHICLE (SUV),UNKNOWN/NA,N,STRAIGHT AHEAD,,,1,,,,,,,,,,,,,,,,,Y,FRONT,,,,,,,,,,,,,,,,,,,,,,,,,,,,,,,,,
1376409,212bfb699307f73f50d4eee4565f4fd928151346bf8db86e051d39fce834d0c6b7a667947c1790a52732e248c5aaf41ab7008a5d5c4a721cbe01dec40a85d667,07/11/2022 03:50:00 PM,2,DRIVER,1,1307832,,FORD,FUSION,IL,2012,UNKNOWN,PASSENGER,UNKNOWN/NA,E,STRAIGHT AHEAD,,,2,,,,,,Y,Y,Y,,,,,,,,,,SIDE-RIGHT,,,,,,,,,,,,,,,,,,,,,,,,,,,,,,,,,
1376012,18aa41440aacc0b967c03ef16d71244664db008cb39d01aff5d4e89c782e3ade1679e1a81dbbb3b1a6216438a59f6e07112490f9c4cb01ca9f7a770b7005155a,07/10/2022 09:05:00 PM,1,DRIVER,,1307442,,DODGE,RAM 1500 PU,IL,2004,NONE,PICKUP,PERSONAL,N,STRAIGHT AHEAD,,,1,,,,,,,,,,,,,,,,,,FRONT,,,,,,,,,,,,,,,,,,,,,,,,,,,,,,,,,
1376013,18aa41440aacc0b967c03ef16d71244664db008cb39d01aff5d4e89c782e3ade1679e1a81dbbb3b1a6216438a59f6e07112490f9c4cb01ca9f7a770b7005155a,07/10/2022 09:05:00 PM,2,DRIVER,,1307445,,FORD,FOCUS,IL,2013,NONE,PASSENGER,PERSONAL,N,SLOW/STOP IN TRAFFIC,,,1,,,,,,,,,,Y,,,,,,,,REAR,,,,,,,,,,,,,,,,,,,,,,,,,,,,,,,,,
1375478,3be47b0e5233a4341b6d6b700f1429c68e24a6d7c12331ebf55ef66121b8bf4ffaeb73fc765c92fe23d543437cc76eac864fc95ed0df22945af5e1f11b360798,07/10/2022 03:00:00 AM,1,DRIVER,,1306942,,TOYOTA,CAMRY,IL,2004,UNKNOWN,PASSENGER,PERSONAL,N,SKIDDING/CONTROL LOSS,,,1,,,,,Y,Y,,,,,,,,,,,,FRONT-RIGHT-CORNER,,,,,,,,,,,,,,,,,,,,,,,,,,,,,,,,,
1375479,3be47b0e5233a4341b6d6b700f1429c68e24a6d7c12331ebf55ef66121b8bf4ffaeb73fc765c92fe23d543437cc76eac864fc95ed0df22945af5e1f11b360798,07/10/2022 03:00:00 AM,2,DRIVER,,1306946,,HYUNDAI,SONATA,IN,2010,NONE,PASSENGER,PERSONAL,N,ENTERING TRAFFIC LANE FROM PARKING,,,1,,,,,,,,,,,,,,N,Y,,,FRONT-LEFT-CORNER,,,,,,,,,,,,,,,,,,,,,,,,,,,,,,,,,
1373685,99fae819d9aa11a0cb7f502a62c2de7f9077965b700ec5d8395306c5715fa0fbeacccc5ea0ba53984899612e7692495163901b124494e0c12daf3b61c40aa3e9,07/07/2022 04:45:00 AM,1,DRIVER,1,1305281,,CHRYSLER,300,IL,2019,UNKNOWN,PASSENGER,PERSONAL,S,STRAIGHT AHEAD,Y,,2,,Streets and Sanitation,,,Y,Y,,,,,,,,Y,Y,Y,,FRONT,,,,,,,,,,,,,,,,,,,,,,,,,,,,,,,,,
1373686,99fae819d9aa11a0cb7f502a62c2de7f9077965b700ec5d8395306c5715fa0fbeacccc5ea0ba53984899612e7692495163901b124494e0c12daf3b61c40aa3e9,07/07/2022 04:45:00 AM,2,DRIVER,,1305283,,NISSAN,ROGUE,IL,2015,NONE,PASSENGER,PERSONAL,W,STRAIGHT AHEAD,,,1,,,,,,Y,Y,Y,,,,,,,,,,SIDE-RIGHT,,,,,,,,,,,,,,,,,,,,,,,,,,,,,,,,,
1373687,99fae819d9aa11a0cb7f502a62c2de7f9077965b700ec5d8395306c5715fa0fbeacccc5ea0ba53984899612e7692495163901b124494e0c12daf3b61c40aa3e9,07/07/2022 04:45:00 AM,3,DRIVER,,1305285,,TOYOTA,CAMRY,IL,2018,NONE,PASSENGER,PERSONAL,N,STRAIGHT AHEAD,Y,,1,,Streets and Sanitation,,,Y,Y,,,,,,,,Y,Y,Y,,FRONT,,,,,,,,,,,,,,,,,,,,,,,,,,,,,,,,,
1372654,136c8f35158f1a865132051d4cc4ecc3866f03bc9689c544bae206f8b700fc42c2fcb44ad9a76f39f61dd6b85954cd62df1051d7a1d5627a5ab6c3eca10b930a,07/05/2022 01:00:00 PM,1,DRIVER,,1304298,,TOYOTA,PRIUS,IL,2012,UNKNOWN,PASSENGER,PERSONAL,N,TURNING LEFT,,,1,,,,,,,,,,,,,,,,,,FRONT,,,,,,,,,,,,,,,,,,,,,,,,,,,,,,,,,
1372655,136c8f35158f1a865132051d4cc4ecc3866f03bc9689c544bae206f8b700fc42c2fcb44ad9a76f39f61dd6b85954cd62df1051d7a1d5627a5ab6c3eca10b930a,07/05/2022 01:00:00 PM,2,BICYCLE,,,,,,,,,,,,,,,,,,,,,,,,,,,,,,,,,,,,,,,,,,,,,,,,,,,,,,,,,,,,,,,,,,
1371311,37b12a4e928140d6ddca22fb3c964479e2cb48ddffbbbac8dbd164947993a1f236922800b098ec3e6cfe1d495393f553e5b95c6ee5f78740963bee9880b70026,07/03/2022 02:30:00 AM,1,DRIVER,,1303024,,CHEVROLET,IMPALA,,,UNKNOWN,PASSENGER,UNKNOWN/NA,N,STRAIGHT AHEAD,,,1,,,,,Y,,,,,,,,,,,Y,,FRONT,,,,,,,,,,,,,,,,,,,,,,,,,,,,,,,,,
1371312,37b12a4e928140d6ddca22fb3c964479e2cb48ddffbbbac8dbd164947993a1f236922800b098ec3e6cfe1d495393f553e5b95c6ee5f78740963bee9880b70026,07/03/2022 02:30:00 AM,2,DRIVER,,1303026,,CHEVROLET,MALIBU,IL,2011,NONE,PASSENGER,PERSONAL,S,TURNING LEFT,Y,,1,,PRIVATE,,,,,,,,,,,,,Y,,,FRONT-LEFT-CORNER,,,,,,,,,,,,,,,,,,,,,,,,,,,,,,,,,
1373444,58722f7431abbf4f086788e6d65fb84a9a2bb678240f063cb43052130e7d74593155d0f6c084b89f3fa7215d83f0bffe944e67eb7001cbb351c8c9b9ca3093b4,06/30/2022 06:00:00 PM,1,DRIVER,,1305044,,TOYOTA,VENZA,IL,2005,NONE,VAN/MINI-VAN,PERSONAL,E,STRAIGHT AHEAD,,,1,,,,,,,,,,,,,,,,Y,,FRONT,,,,,,,,,,,,,,,,,,,,,,,,,,,,,,,,,
1373445,58722f7431abbf4f086788e6d65fb84a9a2bb678240f063cb43052130e7d74593155d0f6c084b89f3fa7215d83f0bffe944e67eb7001cbb351c8c9b9ca3093b4,06/30/2022 06:00:00 PM,2,DRIVER,3,1305049,,TOYOTA,PRIUS,IL,2018,NONE,PASSENGER,PERSONAL,E,PASSING/OVERTAKING,,,4,,,,,,,,,,,Y,,,,,,,REAR-LEFT-CORNER,,,,,,,,,,,,,,,,,,,,,,,,,,,,,,,,,
1368823,13ff5807b7000c1eca8a6c6463b41e800e696704f933b8e7268eda8d150981c23fb83fe6158c57c5a6cf0539beebbe7ec8789a07d2b2b153eaef972736454a13,06/29/2022 01:25:00 PM,1,DRIVER,1,1300628,,CHEVROLET,TRAIL BLAZER,IL,2022,NONE,PASSENGER,PERSONAL,W,STRAIGHT AHEAD,,,2,,,,,Y,Y,,,,,,,,Y,Y,,,FRONT-LEFT-CORNER,,,,,,,,,,,,,,,,,,,,,,,,,,,,,,,,,
1368824,13ff5807b7000c1eca8a6c6463b41e800e696704f933b8e7268eda8d150981c23fb83fe6158c57c5a6cf0539beebbe7ec8789a07d2b2b153eaef972736454a13,06/29/2022 01:25:00 PM,2,DRIVER,,1300650,,DODGE,CHARGER,IL,2018,NONE,PASSENGER,RIDESHARE SERVICE,W,TURNING LEFT,,,1,,,,,N,Y,,,,,,,,,,,,FRONT-RIGHT-CORNER,,,,,,,,,,,,,,,,,,,,,,,,,,,,,,,,,
1368461,e495c2e6db64c3dc0685be47f95b1a0b1e45a83db6698a6cc7be48a1a58f983bf0d18be4202144dbda8511f1b33d91560b304b90c971513c543b7005fd82c0ba,06/28/2022 05:30:00 PM,1,DRIVER,,1300279,,TOYOTA,TACOMA,IL,2007,NONE,PICKUP,PERSONAL,N,STRAIGHT AHEAD,,,1,,,,,Y,Y,,,,,,,,,,Y,,FRONT-RIGHT-CORNER,,,,,,,,,,,,,,,,,,,,,,,,,,,,,,,,,
1368462,e495c2e6db64c3dc0685be47f95b1a0b1e45a83db6698a6cc7be48a1a58f983bf0d18be4202144dbda8511f1b33d91560b304b90c971513c543b7005fd82c0ba,06/28/2022 05:30:00 PM,2,DRIVER,,1300286,,HONDA,CIVIC,IL,2021,NONE,SPORT UTILITY VEHICLE (SUV),NOT IN USE,W,STRAIGHT AHEAD,,,1,,,,,,,,,,,,,,Y,Y,Y,,FRONT-LEFT-CORNER,,,,,,,,,,,,,,,,,,,,,,,,,,,,,,,,,
1368284,89bee686b079f10708b98ecce6b7b700d62d2254f52a196d73c8cb0f4b25a5ffdbc7deaa5e4fbbecf53746e66bdaa4e4d5662e2096e50b215f853e1fb7864daa,06/28/2022 04:00:00 PM,1,DRIVER,,1300117,,HONDA,ACCORD,,,UNKNOWN,UNKNOWN/NA,UNKNOWN/NA,UNKNOWN,UNKNOWN/NA,,,1,,,,,Y,,,,,N,N,,,,Y,Y,,FRONT,,,,,,,,,,,,,,,,,,,,,,,,,,,,,,,,,
1368285,89bee686b079f10708b98ecce6b7b700d62d2254f52a196d73c8cb0f4b25a5ffdbc7deaa5e4fbbecf53746e66bdaa4e4d5662e2096e50b215f853e1fb7864daa,06/28/2022 04:00:00 PM,2,DRIVER,,1300113,,HYUNDAI,ACCENT,IL,2021,NONE,PASSENGER,PERSONAL,W,STRAIGHT AHEAD,,,1,,,,,,,,,Y,Y,Y,,,,,,,REAR,,,,,,,,,,,,,,,,,,,,,,,,,,,,,,,,,
1362790,541505d85eb19a584ef000eb6c6a72b109777cfd310c872dd4a321aca2effdac67cd5e65015f2d8cb5bf5b0e67cfda716c695c8d2ecdcf2b6b7001ca0a3cd0f1,06/20/2022 01:35:00 PM,1,DRIVER,,1294914,,UNKNOWN,OTHER (EXPLAIN IN NARRATIVE),IL,,UNKNOWN,PASSENGER,UNKNOWN/NA,W,TURNING LEFT,,,1,,,,,,,,,,,,,,,,Y,,FRONT,,,,,,,,,,,,,,,,,,,,,,,,,,,,,,,,,
1362791,541505d85eb19a584ef000eb6c6a72b109777cfd310c872dd4a321aca2effdac67cd5e65015f2d8cb5bf5b0e67cfda716c695c8d2ecdcf2b6b7001ca0a3cd0f1,06/20/2022 01:35:00 PM,2,PEDESTRIAN,,,,,,,,,,,,,,,,,,,,,,,,,,,,,,,,,,,,,,,,,,,,,,,,,,,,,,,,,,,,,,,,,,
1366732,ce8b6045c4cf6c9da6b000090f221d92352436dc52caeae61e3a4939db9d4e68dd7abd674017d08b82aa467da33b2f897a487329b700247f812adbe43c09e7ed,06/20/2022 02:00:00 AM,1,DRIVER,,1298620,,LEXUS,ES350,IL,2013,UNKNOWN,PASSENGER,PERSONAL,W,STRAIGHT AHEAD,Y,,1,,CITY OF CHICAGO,701 N. SACRAMENTO,,Y,,,,,,,,,,Y,Y,,FRONT,,,,,,,,,,,,,,,,,,,,,,,,,,,,,,,,,
1366733,ce8b6045c4cf6c9da6b000090f221d92352436dc52caeae61e3a4939db9d4e68dd7abd674017d08b82aa467da33b2f897a487329b700247f812adbe43c09e7ed,06/20/2022 02:00:00 AM,2,PARKED,,1298621,,ACURA,ZDX,IL,2004,UNKNOWN,SPORT UTILITY VEHICLE (SUV),PERSONAL,W,PARKED,Y,,0,,UNKNOWN,UNKNOWN,,,,,,Y,Y,Y,,,,,,,REAR,,,,,,,,,,,,,,,,,,,,,,,,,,,,,,,,,
1362330,0da49b054370c433c8a910655fef6138c8b700c1a20b350b6d915687f39847a6b8f58e91bd3fd68cd728901f53e16ff102cc82c8f31bab44fb6dc8fac487835d,06/19/2022 09:30:00 PM,2,BICYCLE,,,,,,,,,,,,,,,,,,,,,,,,,,,,,,,,,,,,,,,,,,,,,,,,,,,,,,,,,,,,,,,,,,
1362331,0da49b054370c433c8a910655fef6138c8b700c1a20b350b6d915687f39847a6b8f58e91bd3fd68cd728901f53e16ff102cc82c8f31bab44fb6dc8fac487835d,06/19/2022 09:30:00 PM,1,DRIVER,,1294469,,UNKNOWN,MOTORIZED,,,UNKNOWN,VAN/MINI-VAN,UNKNOWN/NA,S,STRAIGHT AHEAD,,,1,,,,,Y,,,,,,,,,,,,,FRONT-LEFT-CORNER,,,,,,,,,,,,,,,,,,,,,,,,,,,,,,,,,
1360966,f296df156b03a606eb0f1239a673593d6a3f08c64ecb70007ec1f5066d09942bdffade2d31f2aa03a7f0c8ebe91fbf32a01821362a36373badadbccaf34358d5,06/17/2022 12:00:00 PM,2,DRIVER,1,1293160,,VOLKSWAGEN,PASSAT,IL,2017,UNKNOWN,PASSENGER,PERSONAL,N,STRAIGHT AHEAD,,,2,,,,,Y,Y,,,,,,,,,,,Y,FRONT-RIGHT-CORNER,,,,,,,,,,,,,,,,,,,,,,,,,,,,,,,,,
1360967,f296df156b03a606eb0f1239a673593d6a3f08c64ecb70007ec1f5066d09942bdffade2d31f2aa03a7f0c8ebe91fbf32a01821362a36373badadbccaf34358d5,06/17/2022 12:00:00 PM,1,DRIVER,,1293161,,HYUNDAI,SONATA,IL,2017,UNKNOWN,PASSENGER,PERSONAL,NW,TURNING RIGHT,,,1,,,,,,,,,,,,,,Y,Y,,Y,FRONT-LEFT-CORNER,,,,,,,,,,,,,,,,,,,,,,,,,,,,,,,,,
1359526,99b63d3c7da449af8c23ff9c9ee842bdea1949dd0880e110353bb6905a0af97fba11c6fc821cc2dfb93b7006412c195bcda8d5aa17c97e768f01a1e7b8f60d6a,06/16/2022 01:10:00 PM,1,DRIVER,,1291775,,UNKNOWN,MOTORIZED,,,UNKNOWN,PASSENGER,PERSONAL,S,TURNING RIGHT,,,1,,,,,,Y,Y,,,,,,,,,,,SIDE-RIGHT,,,,,,,,,,,,,,,,,,,,,,,,,,,,,,,,,
1359527,99b63d3c7da449af8c23ff9c9ee842bdea1949dd0880e110353bb6905a0af97fba11c6fc821cc2dfb93b7006412c195bcda8d5aa17c97e768f01a1e7b8f60d6a,06/16/2022 01:10:00 PM,2,DRIVER,1,1291783,,GENERAL MOTORS CORPORATION (GMC),YUKON,IL,2007,NONE,PASSENGER,PERSONAL,S,STRAIGHT AHEAD,,,2,,,,,Y,,,,,Y,,,,,,Y,,FRONT,,,,,,,,,,,,,,,,,,,,,,,,,,,,,,,,,
1359528,99b63d3c7da449af8c23ff9c9ee842bdea1949dd0880e110353bb6905a0af97fba11c6fc821cc2dfb93b7006412c195bcda8d5aa17c97e768f01a1e7b8f60d6a,06/16/2022 01:10:00 PM,3,DRIVER,1,1291799,,FORD,VAN,,2019,NONE,TRUCK - SINGLE UNIT,CONSTRUCTION/MAINTENANCE,S,STRAIGHT AHEAD,,,2,,,,,,,,,,,,,,,,Y,,FRONT,,,,,,,,,,,,,,,,,,,,,,,,,,,,,,,,,
1360633,92439303143f51d2648b88aec5483b0e6c79dfb03b700469cdaae139804e2d965cf2cd146f2604a2d4486f144a7816ddea21c2313b05e1bf15527a2c0ee01246,06/16/2022 03:00:00 AM,1,DRIVER,,1292834,,SCION,XD,IL,2012,NONE,PASSENGER,PERSONAL,E,STRAIGHT AHEAD,,,1,,,,,Y,,,,,,,,,,,Y,,FRONT-RIGHT-CORNER,,,,,,,,,,,,,,,,,,,,,,,,,,,,,,,,,
1360634,92439303143f51d2648b88aec5483b0e6c79dfb03b700469cdaae139804e2d965cf2cd146f2604a2d4486f144a7816ddea21c2313b05e1bf15527a2c0ee01246,06/16/2022 03:00:00 AM,2,PARKED,,1292841,,SUBARU,TRIBECA,IL,2008,NONE,PASSENGER,PERSONAL,E,PARKED,,,0,,,,,,,,,,,Y,,,,,,,REAR-LEFT-CORNER,,,,,,,,,,,,,,,,,,,,,,,,,,,,,,,,,
1358696,b598c74e13a4b8589b7009d0fb5d2be8a8940d72b6d512eb31a67d7cabaff504eb29df592197f60b6505d544152b66970980f7fc921f77933d013ebea4404aab,06/15/2022 12:00:00 PM,1,DRIVER,,1290997,,BMW,OTHER (EXPLAIN IN NARRATIVE),IL,2021,UNKNOWN,SPORT UTILITY VEHICLE (SUV),UNKNOWN/NA,S,BACKING,,,1,,,,,,,,,,,,,,,,,Y,REAR,,,,,,,,,,,,,,,,,,,,,,,,,,,,,,,,,
1358697,b598c74e13a4b8589b7009d0fb5d2be8a8940d72b6d512eb31a67d7cabaff504eb29df592197f60b6505d544152b66970980f7fc921f77933d013ebea4404aab,06/15/2022 12:00:00 PM,2,PARKED,1,1291001,,CHEVROLET,MALIBU,IL,2016,UNKNOWN,PASSENGER,PERSONAL,W,PARKED,,,1,,,,,,,,,,,,,,,Y,,,FRONT-LEFT-CORNER,,,,,,,,,,,,,,,,,,,,,,,,,,,,,,,,,
1357931,6df8e01847b93fabb84b4a976e28eb81a4071b700afba30346badca57053822ffa3818270303c02fbf6a5460e071612371d75f7a8bb3a059bdc629f09cc8705d,06/14/2022 02:27:00 PM,1,BICYCLE,,,,,,,,,,,,,,,,,,,,,,,,,,,,,,,,,,,,,,,,,,,,,,,,,,,,,,,,,,,,,,,,,,
1357932,6df8e01847b93fabb84b4a976e28eb81a4071b700afba30346badca57053822ffa3818270303c02fbf6a5460e071612371d75f7a8bb3a059bdc629f09cc8705d,06/14/2022 02:27:00 PM,2,DRIVER,1,1290271,,CHEVROLET,EQUINOX,IL,2014,NONE,SPORT UTILITY VEHICLE (SUV),PERSONAL,W,STRAIGHT AHEAD,,,2,,,,,,,,Y,,,,,,,,,,SIDE-RIGHT-REAR,,,,,,,,,,,,,,,,,,,,,,,,,,,,,,,,,
1353982,b8200c7e00c30fb7850f1c79fb403097446a0ad32c944ef0007edabadb22606768b9ed333484a4212385af6f141974d1b6ac2fac64dfb700f2556f4dc1ff6128,06/08/2022 03:24:00 PM,1,DRIVER,1,1286482,,JEEP,GRAND CHEROKEE,IL,2008,NONE,SPORT UTILITY VEHICLE (SUV),PERSONAL,S,BACKING,,,2,,,,,,,,,,Y,,,,,,,,REAR,,,,,,,,,,,,,,,,,,,,,,,,,,,,,,,,,
1353983,b8200c7e00c30fb7850f1c79fb403097446a0ad32c944ef0007edabadb22606768b9ed333484a4212385af6f141974d1b6ac2fac64dfb700f2556f4dc1ff6128,06/08/2022 03:24:00 PM,2,DRIVER,1,1286499,,TOYOTA,SIENNA,IL,2017,NONE,VAN/MINI-VAN,PERSONAL,N,SLOW/STOP IN TRAFFIC,,,2,,,,,,,,,,,,,,,,Y,,FRONT,,,,,,,,,,,,,,,,,,,,,,,,,,,,,,,,,
1353515,b61d73465e6343026789c6e51a2571c3d5d6b700abfe20acd3dbbe6f0c1afbd8a55254bb8aca59ac6be7028814329217a78e48c84a1f4e8c61e1607d8c4f284d,06/07/2022 09:00:00 PM,1,DRIVER,,1286038,,UNKNOWN,MOTORIZED,IL,,UNKNOWN,PICKUP,UNKNOWN/NA,E,STRAIGHT AHEAD,,,1,,,,,Y,N,,,,,,,,,,,Y,FRONT-RIGHT-CORNER,,,,,,,,,,,,,,,,,,,,,,,,,,,,,,,,,
1353516,b61d73465e6343026789c6e51a2571c3d5d6b700abfe20acd3dbbe6f0c1afbd8a55254bb8aca59ac6be7028814329217a78e48c84a1f4e8c61e1607d8c4f284d,06/07/2022 09:00:00 PM,2,DRIVER,,1286041,,DODGE,JOURNEY,IL,2019,UNKNOWN,VAN/MINI-VAN,PERSONAL,N,STRAIGHT AHEAD,,,1,,,,,N,,,,,,,,,,N,Y,Y,FRONT,,,,,,,,,,,,,,,,,,,,,,,,,,,,,,,,,
1352422,c15012929e5d8506bf0311c0c5c4d4a8af60d34e13b7004058ccf7c4ee9a8bedf3bd80b9dcb67cb3f50ff18822d5fa5957874463d50b3c44e35a0363b9829d45,06/06/2022 10:40:00 AM,1,DRIVER,,1284979,,FORD,EXPLORER,IL,2021,NONE,PASSENGER,POLICE,S,BACKING,,,1,,,,,,,,,,Y,Y,,,,,,,REAR-LEFT-CORNER,,,,,,,,,,,,,,,,,,,,,,,,,,,,,,,,,
1351349,a64e82770daa437e91968b2db7004591290b51c3b382f19581c85f5ba4bf014cd43be9183d86948052e68b36e1d547fc14b7f197c13e6b3e2a6f1507b530a3c8,06/04/2022 03:13:00 PM,1,DRIVER,,1283939,,KIA,SOUL,IL,2015,UNKNOWN,PASSENGER,UNKNOWN/NA,E,STRAIGHT AHEAD,,,1,,,,,,,,,,,,,,,,Y,,FRONT,,,,,,,,,,,,,,,,,,,,,,,,,,,,,,,,,
1351350,a64e82770daa437e91968b2db7004591290b51c3b382f19581c85f5ba4bf014cd43be9183d86948052e68b36e1d547fc14b7f197c13e6b3e2a6f1507b530a3c8,06/04/2022 03:13:00 PM,2,DRIVER,,1283944,,BUICK,ENCORE,IL,2022,NONE,SPORT UTILITY VEHICLE (SUV),PERSONAL,S,STRAIGHT AHEAD,,,1,,,,,,,Y,Y,,,,,,,,,,SIDE-RIGHT,,,,,,,,,,,,,,,,,,,,,,,,,,,,,,,,,
1349937,7421f73db895b83b0783ac7f2204ede7c152342b9ef5efe4107de9bf4cc9b22128b8ea9b09760915241aeebebd00a26f7ddfb4985996569e9cd9fb700e50ce48,06/02/2022 03:30:00 PM,1,DRIVER,,1282594,,MITSUBISHI,OUTLANDER,IL,2011,UNKNOWN,PASSENGER,UNKNOWN/NA,W,UNKNOWN/NA,,,1,,,,,Y,,,,,,,,,,Y,Y,,FRONT,,,,,,,,,,,,,,,,,,,,,,,,,,,,,,,,,
1349938,7421f73db895b83b0783ac7f2204ede7c152342b9ef5efe4107de9bf4cc9b22128b8ea9b09760915241aeebebd00a26f7ddfb4985996569e9cd9fb700e50ce48,06/02/2022 03:30:00 PM,2,DRIVER,,1282599,,CHEVROLET,TRAIL BLAZER,IL,2021,NONE,PASSENGER,PERSONAL,W,STRAIGHT AHEAD,,,1,,,,,,,,,Y,Y,Y,,,,,,,REAR,,,,,,,,,,,,,,,,,,,,,,,,,,,,,,,,,