CRASH_UNIT_ID,CRASH_RECORD_ID,CRASH_DATE,UNIT_NO,UNIT_TYPE,NUM_PASSENGERS,VEHICLE_ID,CMRC_VEH_I,MAKE,MODEL,LIC_PLATE_STATE,VEHICLE_YEAR,VEHICLE_DEFECT,VEHICLE_TYPE,VEHICLE_USE,TRAVEL_DIRECTION,MANEUVER,TOWED_I,FIRE_I,OCCUPANT_CNT,EXCEED_SPEED_LIMIT_I,TOWED_BY,TOWED_TO,AREA_00_I,AREA_01_I,AREA_02_I,AREA_03_I,AREA_04_I,AREA_05_I,AREA_06_I,AREA_07_I,AREA_08_I,AREA_09_I,AREA_10_I,AREA_11_I,AREA_12_I,AREA_99_I,FIRST_CONTACT_POINT,CMV_ID,USDOT_NO,CCMC_NO,ILCC_NO,COMMERCIAL_SRC,GVWR,CARRIER_NAME,CARRIER_STATE,CARRIER_CITY,HAZMAT_PLACARDS_I,HAZMAT_NAME,UN_NO,HAZMAT_PRESENT_I,HAZMAT_REPORT_I,HAZMAT_REPORT_NO,MCS_REPORT_I,MCS_REPORT_NO,HAZMAT_VIO_CAUSE_CRASH_I,MCS_VIO_CAUSE_CRASH_I,IDOT_PERMIT_NO,WIDE_LOAD_I,TRAILER1_WIDTH,TRAILER2_WIDTH,TRAILER1_LENGTH,TRAILER2_LENGTH,TOTAL_VEHICLE_LENGTH,AXLE_CNT,VEHICLE_CONFIG,CARGO_BODY_TYPE,LOAD_TYPE,HAZMAT_OUT_OF_SERVICE_I,MCS_OUT_OF_SERVICE_I,HAZMAT_CLASS
1352859,736fbd448e3fcdf3a69509354c94fa800fac0c7c4203f547ddc5c29c083a77ebab731238cdb39c54bb70002a725ba950574fc21d75e7a79a39e6f5c595cef5e8,05/31/2022 12:00:00 PM,1,DRIVER,,1285399,,UNKNOWN,MOTORIZED,,,UNKNOWN,UNKNOWN/NA,UNKNOWN/NA,UNKNOWN,UNKNOWN/NA,,,1,,,,,,,,,,,,,,,,,Y,UNKNOWN,,,,,,,,,,,,,,,,,,,,,,,,,,,,,,,,,
1352860,736fbd448e3fcdf3a69509354c94fa800fac0c7c4203f547ddc5c29c083a77ebab731238cdb39c54bb70002a725ba950574fc21d75e7a79a39e6f5c595cef5e8,05/31/2022 12:00:00 PM,2,PARKED,,1285405,,UNKNOWN,MOTORIZED,,2022,NONE,OTHER,NOT IN USE,W,PARKED,,,0,,,,,Y,,,,,,Y,Y,Y,Y,Y,Y,,UNKNOWN,,,,,,,,,,,,,,,,,,,,,,,,,,,,,,,,,
1348303,a1541f515ababf3654f8c20cadd243c6a159769efcc64ae41a1fac16435da43d07935d57f37aed1ac75680c14d87eae23b70066f8670e9c3c366b03ec7a3e2e5,05/31/2022 10:47:00 AM,1,DRIVER,,1281050,,DODGE,RAM 1500 PU,IL,2021,NONE,PICKUP,PERSONAL,E,MERGING,,,1,,,,,,,,Y,Y,,,,,,,,,SIDE-RIGHT-REAR,,,,,,,,,,,,,,,,,,,,,,,,,,,,,,,,,
1348308,a1541f515ababf3654f8c20cadd243c6a159769efcc64ae41a1fac16435da43d07935d57f37aed1ac75680c14d87eae23b70066f8670e9c3c366b03ec7a3e2e5,05/31/2022 10:47:00 AM,2,DRIVER,,1281040,,GENERAL MOTORS CORPORATION (GMC),OTHER (EXPLAIN IN NARRATIVE),IL,2020,NONE,VAN/MINI-VAN,CONSTRUCTION/MAINTENANCE,E,MERGING,,,1,,,,,,,,,,,,,,,,,,SIDE-LEFT,,,,,,,,,,,,,,,,,,,,,,,,,,,,,,,,,
1345944,c13e09a00b1633b197a271b11fd4a5203c9d6ee5b968ad598a72ad70c4e4724bb630975c456b7b6abdab7002a11f4254c20fe22ac4cbd044b320784f9c1d3221,05/27/2022 01:38:00 PM,1,DRIVER,,1278773,,HONDA,CR-V,IL,2007,NONE,PASSENGER,PERSONAL,W,STRAIGHT AHEAD,,,1,,,,,,,,,,,,,,,,Y,,FRONT,,,,,,,,,,,,,,,,,,,,,,,,,,,,,,,,,
1345945,c13e09a00b1633b197a271b11fd4a5203c9d6ee5b968ad598a72ad70c4e4724bb630975c456b7b6abdab7002a11f4254c20fe22ac4cbd044b320784f9c1d3221,05/27/2022 01:38:00 PM,2,DRIVER,1,1278784,,BUICK,LACROSSE,IL,2010,NONE,PASSENGER,PERSONAL,NE,TURNING LEFT,,,2,,,,,,,,,,,,,,,Y,,,FRONT-LEFT-CORNER,,,,,,,,,,,,,,,,,,,,,,,,,,,,,,,,,
1345210,4268a9c608d5aad309327fccf99b29cc0acac800def97933f15baa896c65d16d679d1109ebe904232a5d31d1279133500c3ae18040f0aa348dcfbb7004459eb1,05/26/2022 12:59:00 PM,1,DRIVER,,1278058,Y,FREIGHTLINER CORPORATION,FREIGHTLINER CORP.,MN,2022,UNKNOWN,TRACTOR W/ SEMI-TRAILER,COMMERCIAL - MULTI-UNIT,S,TURNING RIGHT,,,1,,,,Y,,,,,,,,,,,,,,SIDE-LEFT-REAR,14757,,,,,3,PERFORMANCE TRANSPORTATION LLC.,VA,RICHMOND,,,,N,N,,N,,N,N,,,,,,,,,TRACTOR/SEMI-TRAILER,OTHER,OTHER,N,N,
1345211,4268a9c608d5aad309327fccf99b29cc0acac800def97933f15baa896c65d16d679d1109ebe904232a5d31d1279133500c3ae18040f0aa348dcfbb7004459eb1,05/26/2022 12:59:00 PM,2,PARKED,,1278067,,CHEVROLET,MALIBU,IL,2018,UNKNOWN,PASSENGER,PERSONAL,S,PARKED,,,0,,,,,Y,Y,,,,,,,,,,,,FRONT-RIGHT-CORNER,,,,,,,,,,,,,,,,,,,,,,,,,,,,,,,,,
1343772,99802b50503c309ab62390d8f9cc16a1665e3500eb264fb70043cda3f7ee3aedb90eb71e9a3ffae82ea115b2626bdb68e1338c7b2c5b0c08b595d58658fa0f6c,05/24/2022 11:30:00 AM,1,DRIVER,,1276682,,BMW,328I,IL,2014,NONE,PASSENGER,PERSONAL,N,STRAIGHT AHEAD,,,1,,,,,,,,,,,,,,,,Y,,FRONT,,,,,,,,,,,,,,,,,,,,,,,,,,,,,,,,,
1343773,99802b50503c309ab62390d8f9cc16a1665e3500eb264fb70043cda3f7ee3aedb90eb71e9a3ffae82ea115b2626bdb68e1338c7b2c5b0c08b595d58658fa0f6c,05/24/2022 11:30:00 AM,2,DRIVER,,1276701,,KIA,TELLURIDE,IL,2020,NONE,SPORT UTILITY VEHICLE (SUV),UNKNOWN/NA,E,STRAIGHT AHEAD,,,1,,,,,,Y,Y,,,,,,,,,,,SIDE-RIGHT,,,,,,,,,,,,,,,,,,,,,,,,,,,,,,,,,
1341856,2c7eff9b700772585b37009e46842feeb6a619442599b5a2924ea5befe6d7a60d871d053784b08ee310ca5a25b552155ae87c6837e484ead6369053d9e2058a2,05/21/2022 08:15:00 AM,1,DRIVER,,1274820,,UNKNOWN,OTHER (EXPLAIN IN NARRATIVE),,,UNKNOWN,UNKNOWN/NA,UNKNOWN/NA,UNKNOWN,UNKNOWN/NA,,,1,,,,,,,,,,,,,,,,,Y,UNKNOWN,,,,,,,,,,,,,,,,,,,,,,,,,,,,,,,,,
1341857,2c7eff9b700772585b37009e46842feeb6a619442599b5a2924ea5befe6d7a60d871d053784b08ee310ca5a25b552155ae87c6837e484ead6369053d9e2058a2,05/21/2022 08:15:00 AM,2,PARKED,,1274828,,CHEVROLET,CAMARO,IL,2010,UNKNOWN,PASSENGER,PERSONAL,UNKNOWN,PARKED,,,0,,,,,,,,,,,,,,,,Y,,FRONT,,,,,,,,,,,,,,,,,,,,,,,,,,,,,,,,,
1343153,f0a5b929ed1dd187c07d99ad649568bda65d5d2eab7a36da66388a7921b0fc1346b2b700d392e94be52de9ead4e34f2860684cfba332a5288834a158a959d5f0,05/20/2022 02:30:00 PM,1,DRIVER,,1276075,,UNKNOWN,MOTORIZED,,,UNKNOWN,UNKNOWN/NA,UNKNOWN/NA,UNKNOWN,UNKNOWN/NA,,,1,,,,,,,,,,,,,,,,,Y,UNKNOWN,,,,,,,,,,,,,,,,,,,,,,,,,,,,,,,,,
1343154,f0a5b929ed1dd187c07d99ad649568bda65d5d2eab7a36da66388a7921b0fc1346b2b700d392e94be52de9ead4e34f2860684cfba332a5288834a158a959d5f0,05/20/2022 02:30:00 PM,2,PARKED,,1276081,,CHEVROLET,TRAIL BLAZER,MI,2021,UNKNOWN,UNKNOWN/NA,PERSONAL,W,PARKED,,,0,,,,,,,,,Y,Y,,,,,,,,REAR-RIGHT-CORNER,,,,,,,,,,,,,,,,,,,,,,,,,,,,,,,,,
1340197,eba5f01a9481a6bb971e1102d7e7d7513d3c85d36b83cbb70092ece40857ffd12f3eba54871edabe61b33fff327caef54561d9d38a8984c96044a94ddb885d9d,05/18/2022 10:30:00 AM,1,DRIVER,,1273226,,DODGE,AVENGER,,2013,NONE,PASSENGER,PERSONAL,S,BACKING,,,1,,,,,,,,,,,,,,,,,Y,REAR,,,,,,,,,,,,,,,,,,,,,,,,,,,,,,,,,
1340198,eba5f01a9481a6bb971e1102d7e7d7513d3c85d36b83cbb70092ece40857ffd12f3eba54871edabe61b33fff327caef54561d9d38a8984c96044a94ddb885d9d,05/18/2022 10:30:00 AM,2,DRIVER,,1273232,,BMW,X5,IL,2015,NONE,SPORT UTILITY VEHICLE (SUV),PERSONAL,E,OTHER,,,1,,,,,,,,,,,,,,,Y,Y,,FRONT,,,,,,,,,,,,,,,,,,,,,,,,,,,,,,,,,
1338659,b700c91db7692df4cdfeb05026a6b8771f56227cbd034a799fe49a8a9435b85650dff245839a1f16159d4a7dceead73bd84f446b055a3b6647e35a19b1763d47,05/16/2022 12:00:00 PM,1,PARKED,,1271720,,FORD,OTHER (EXPLAIN IN NARRATIVE),IL,1998,UNKNOWN,VAN/MINI-VAN,PERSONAL,S,PARKED IN TRAFFIC LANE,,,0,,,,,,,,,,,,,Y,Y,Y,,,FRONT-LEFT-CORNER,,,,,,,,,,,,,,,,,,,,,,,,,,,,,,,,,
1338660,b700c91db7692df4cdfeb05026a6b8771f56227cbd034a799fe49a8a9435b85650dff245839a1f16159d4a7dceead73bd84f446b055a3b6647e35a19b1763d47,05/16/2022 12:00:00 PM,2,DRIVER,,1271726,,KIA,OPTIMA / K5,IL,2012,UNKNOWN,PASSENGER,PERSONAL,S,STRAIGHT AHEAD,,,1,,,,,Y,Y,Y,,,,,,,,,,,FRONT-RIGHT-CORNER,,,,,,,,,,,,,,,,,,,,,,,,,,,,,,,,,
1336669,1c51c340ff780cb700895649f175a749c32eab69fa9bb803fac69e81c0cad0569d271e4554483c74f543f04dd29f1aecbba911dde50e1e16d09f81d7bde649cc,05/13/2022 04:40:00 PM,1,DRIVER,1,1269798,,DODGE,JOURNEY,WI,2016,NONE,PASSENGER,PERSONAL,E,TURNING LEFT,,,2,,,,,,Y,,,,,,,,,,,,SIDE-RIGHT,,,,,,,,,,,,,,,,,,,,,,,,,,,,,,,,,
1336670,1c51c340ff780cb700895649f175a749c32eab69fa9bb803fac69e81c0cad0569d271e4554483c74f543f04dd29f1aecbba911dde50e1e16d09f81d7bde649cc,05/13/2022 04:40:00 PM,2,BICYCLE,,,,,,,,,,,,,,,,,,,,,,,,,,,,,,,,,,,,,,,,,,,,,,,,,,,,,,,,,,,,,,,,,,
1334988,ab25d88bdb0d43c5699d0ff452225094fff44e1a24ef92bff1c0fdb4e6a357b14b700239dd2a92c4e048a080bc89e51b60e80046e0a7263a9e1719bd610cd9af,05/11/2022 02:40:00 PM,1,DRIVER,,1268183,,TOYOTA,CAMRY,IL,2017,NONE,PASSENGER,TAXI/FOR HIRE,N,CHANGING LANES,,,1,,,,,,,,,,,Y,Y,,,,,,REAR-LEFT-CORNER,,,,,,,,,,,,,,,,,,,,,,,,,,,,,,,,,
1334989,ab25d88bdb0d43c5699d0ff452225094fff44e1a24ef92bff1c0fdb4e6a357b14b700239dd2a92c4e048a080bc89e51b60e80046e0a7263a9e1719bd610cd9af,05/11/2022 02:40:00 PM,2,DRIVER,,1268186,,CHEVROLET,IMPALA,IL,2008,NONE,PASSENGER,PERSONAL,N,STRAIGHT AHEAD,,,1,,,,,Y,Y,,,,,,,,,,,,FRONT-RIGHT-CORNER,,,,,,,,,,,,,,,,,,,,,,,,,,,,,,,,,
1334851,7b0ac0a3326382c89ff57142acce006ab419c5095cd9384122bcb137f796bece5419781ce37c7c2074af1f1ec892924a45d32b70013c4273df00b39319033ada,05/11/2022 11:30:00 AM,1,DRIVER,,1268061,,CHEVROLET,TRUCK,IL,2020,NONE,VAN/MINI-VAN,PERSONAL,W,STRAIGHT AHEAD,,,1,,,,,Y,Y,,,,,,,,,,,Y,SIDE-RIGHT,,,,,,,,,,,,,,,,,,,,,,,,,,,,,,,,,
1334852,7b0ac0a3326382c89ff57142acce006ab419c5095cd9384122bcb137f796bece5419781ce37c7c2074af1f1ec892924a45d32b70013c4273df00b39319033ada,05/11/2022 11:30:00 AM,2,DRIVERLESS,,1268065,,UNKNOWN,OTHER (EXPLAIN IN NARRATIVE),IL,,NONE,VAN/MINI-VAN,UNKNOWN/NA,N,PARKED,,,0,,,,,,,,,,,,Y,Y,Y,Y,,,FRONT,,,,,,,,,,,,,,,,,,,,,,,,,,,,,,,,,
1334723,9fce207114ea2475c8ca3dc9a9cdab35fe04929787d042f5378606c01825b904c415e4cc43fc8cfc6a4df13ebd37156fdc40a288af50faed117ac99eb70024ff,05/11/2022 08:00:00 AM,1,DRIVER,,1267947,,UNKNOWN,OTHER (EXPLAIN IN NARRATIVE),,,UNKNOWN,PASSENGER,PERSONAL,N,TURNING RIGHT,,,1,,,,,,Y,Y,,,,,,,,,,,SIDE-RIGHT,,,,,,,,,,,,,,,,,,,,,,,,,,,,,,,,,
1334724,9fce207114ea2475c8ca3dc9a9cdab35fe04929787d042f5378606c01825b904c415e4cc43fc8cfc6a4df13ebd37156fdc40a288af50faed117ac99eb70024ff,05/11/2022 08:00:00 AM,2,BICYCLE,,,,,,,,,,,,,,,,,,,,,,,,,,,,,,,,,,,,,,,,,,,,,,,,,,,,,,,,,,,,,,,,,,
1334175,25ef23c3899d6017a7c761357116a14118b700add6c536856365588374b28639ae6fc56577034f4edcd0ec1e25e21ab2d3757ab2b517f6415f48d0f518177716,05/10/2022 10:00:00 AM,1,DRIVER,,1267414,,UNKNOWN,MOTORIZED,,,UNKNOWN,TRUCK - SINGLE UNIT,UNKNOWN/NA,S,STRAIGHT AHEAD,,,1,,,,,,,,,,,,,,,,,Y,UNKNOWN,,,,,,,,,,,,,,,,,,,,,,,,,,,,,,,,,
1334176,25ef23c3899d6017a7c761357116a14118b700add6c536856365588374b28639ae6fc56577034f4edcd0ec1e25e21ab2d3757ab2b517f6415f48d0f518177716,05/10/2022 10:00:00 AM,2,DRIVER,,1267420,,FORD,FOCUS,IL,2010,NONE,PASSENGER,PERSONAL,S,STRAIGHT AHEAD,,,1,,,,,Y,,,,,,,,,,,,,SIDE-RIGHT,,,,,,,,,,,,,,,,,,,,,,,,,,,,,,,,,
1333821,eb75b1908b6b01a30fa3bc5d23fef3356173c895e4bcd27bb21e6f123e7ec9197e886cbd152eeeb7006e78cde8e8d5f54530ae9355a7a39c8b2b0fc5ba4c44bf,05/09/2022 08:30:00 PM,1,DRIVER,,1267077,,UNKNOWN,OTHER (EXPLAIN IN NARRATIVE),IL,,UNKNOWN,PASSENGER,PERSONAL,N,STRAIGHT AHEAD,,,1,,,,,,,,,,,,,,,Y,,,FRONT,,,,,,,,,,,,,,,,,,,,,,,,,,,,,,,,,
1333822,eb75b1908b6b01a30fa3bc5d23fef3356173c895e4bcd27bb21e6f123e7ec9197e886cbd152eeeb7006e78cde8e8d5f54530ae9355a7a39c8b2b0fc5ba4c44bf,05/09/2022 08:30:00 PM,2,PARKED,,1267082,,KIA,SOUL,IL,2016,NONE,PASSENGER,PERSONAL,N,PARKED,,,0,,,,,,,,Y,,,,,,,,,,SIDE-RIGHT-REAR,,,,,,,,,,,,,,,,,,,,,,,,,,,,,,,,,
1333239,a82811260f7842b75409b2a88a1f7f0d4074fd71e639b09595ae396768ac38b1f269cdd257b15171900c306aed13b700034aaa5a8dd1ead9c69e71ed4d6ae072,05/09/2022 07:45:00 AM,1,DRIVER,,1266554,,HYUNDAI,SONATA,IL,2006,UNKNOWN,PASSENGER,UNKNOWN/NA,UNKNOWN,SLOW/STOP IN TRAFFIC,,,1,,,,,,,,,,,,,,,,Y,,FRONT,,,,,,,,,,,,,,,,,,,,,,,,,,,,,,,,,
1333240,a82811260f7842b75409b2a88a1f7f0d4074fd71e639b09595ae396768ac38b1f269cdd257b15171900c306aed13b700034aaa5a8dd1ead9c69e71ed4d6ae072,05/09/2022 07:45:00 AM,2,DRIVER,,1267153,,NISSAN,ROGUE,IL,2020,UNKNOWN,SPORT UTILITY VEHICLE (SUV),PERSONAL,UNKNOWN,SLOW/STOP IN TRAFFIC,,,1,,,,,,,,,,Y,,,,,,,,REAR,,,,,,,,,,,,,,,,,,,,,,,,,,,,,,,,,
1332446,d72f974a8c22cbff01a9f238581bbf5cffeacab700288558726939aba2c171007bd405704196b24caed4e851e8985820986c7c012ec2ac1365c07039796d873a,05/07/2022 06:30:00 PM,1,DRIVER,,1265768,,NISSAN,OTHER (EXPLAIN IN NARRATIVE),,,UNKNOWN,UNKNOWN/NA,UNKNOWN/NA,UNKNOWN,BACKING,,,1,,,,,,,,,,,,,,,,,Y,UNKNOWN,,,,,,,,,,,,,,,,,,,,,,,,,,,,,,,,,
1332447,d72f974a8c22cbff01a9f238581bbf5cffeacab700288558726939aba2c171007bd405704196b24caed4e851e8985820986c7c012ec2ac1365c07039796d873a,05/07/2022 06:30:00 PM,2,PARKED,,1265771,,MERCEDES-BENZ,GLC,IL,2021,NONE,PASSENGER,PERSONAL,UNKNOWN,PARKED,,,0,,,,,Y,Y,,,,,,,,,,Y,,FRONT-RIGHT-CORNER,,,,,,,,,,,,,,,,,,,,,,,,,,,,,,,,,
1331201,4d0cb700d344e0e61389e85a5e1132ae8858b3d30a79087cc926da12d2ac218870a70427d9fdaaecf46df3ddaaa5a6059e4daa827458f9d62efe23e933eab5a5,05/06/2022 12:45:00 PM,1,DRIVER,,1264576,,CHEVROLET,OTHER (EXPLAIN IN NARRATIVE),IL,2017,UNKNOWN,PASSENGER,PERSONAL,E,STRAIGHT AHEAD,,,1,,,,,Y,,,,,,,,,,Y,Y,,FRONT,,,,,,,,,,,,,,,,,,,,,,,,,,,,,,,,,
1331202,4d0cb700d344e0e61389e85a5e1132ae8858b3d30a79087cc926da12d2ac218870a70427d9fdaaecf46df3ddaaa5a6059e4daa827458f9d62efe23e933eab5a5,05/06/2022 12:45:00 PM,2,DRIVER,1,1264583,,MITSUBISHI,OTHER (EXPLAIN IN NARRATIVE),IL,2002,NONE,SPORT UTILITY VEHICLE (SUV),PERSONAL,N,STRAIGHT AHEAD,,,2,,,,,,,,,,,,Y,Y,Y,,,,SIDE-LEFT,,,,,,,,,,,,,,,,,,,,,,,,,,,,,,,,,
1331805,c0da72a62c01adcd5ff7db688c98511a824f2295b3e4aac6f90f1f3a2ee51f8019ff302e7b6071e3a299cc87026b7009dee734878c67975d8194016801c24d52,05/06/2022 12:40:00 PM,1,DRIVER,,1265147,,SAAB,9-3,SD,2008,UNKNOWN,PASSENGER,PERSONAL,SW,TURNING LEFT,,,1,,,,,,N,,Y,,,,,,,,,,SIDE-RIGHT,,,,,,,,,,,,,,,,,,,,,,,,,,,,,,,,,
1331806,c0da72a62c01adcd5ff7db688c98511a824f2295b3e4aac6f90f1f3a2ee51f8019ff302e7b6071e3a299cc87026b7009dee734878c67975d8194016801c24d52,05/06/2022 12:40:00 PM,2,DRIVER,,1265157,,JEEP,CHEROKEE,IL,2016,NONE,SPORT UTILITY VEHICLE (SUV),PERSONAL,E,STRAIGHT AHEAD,,,1,,,,,Y,,,,,,,,,,Y,Y,,FRONT,,,,,,,,,,,,,,,,,,,,,,,,,,,,,,,,,
1330267,5731ad1f44912927295208131ba86463cbefeb649157b700e6440543e786114e3d410c1439945660525741a7b2839ce503013bfb830cb860c7a270d52a7c190a,05/05/2022 12:01:00 AM,1,DRIVER,,1263688,,UNKNOWN,OTHER (EXPLAIN IN NARRATIVE),,,UNKNOWN,UNKNOWN/NA,UNKNOWN/NA,UNKNOWN,STRAIGHT AHEAD,,,1,,,,,,,,,,,,,,,,,,UNKNOWN,,,,,,,,,,,,,,,,,,,,,,,,,,,,,,,,,
1330268,5731ad1f44912927295208131ba86463cbefeb649157b700e6440543e786114e3d410c1439945660525741a7b2839ce503013bfb830cb860c7a270d52a7c190a,05/05/2022 12:01:00 AM,2,PARKED,,1263690,,MAZDA,CX-7,IL,2011,NONE,SPORT UTILITY VEHICLE (SUV),NOT IN USE,S,PARKED,,,0,,,,,,,,,,Y,Y,Y,,,,,,SIDE-LEFT-REAR,,,,,,,,,,,,,,,,,,,,,,,,,,,,,,,,,
1328586,9ebc586d66db8cf5a0333f0bb700866ad84504639bd835d55ebf0498218217688f7f898fdd20dc8d85e3e0336ed0c383a72dde33ad096841e6c66a75f7280d64,05/02/2022 08:05:00 PM,1,DRIVER,,1262058,,JEEP,CHEROKEE,IL,2015,UNKNOWN,PASSENGER,OTHER,W,STRAIGHT AHEAD,Y,,1,,CPD,AUTO POUND,,Y,Y,,,,,,,,Y,Y,Y,,FRONT,,,,,,,,,,,,,,,,,,,,,,,,,,,,,,,,,
1328587,9ebc586d66db8cf5a0333f0bb700866ad84504639bd835d55ebf0498218217688f7f898fdd20dc8d85e3e0336ed0c383a72dde33ad096841e6c66a75f7280d64,05/02/2022 08:05:00 PM,2,DRIVER,,1262062,,DODGE,DURANGO,IL,1999,UNKNOWN,PASSENGER,PERSONAL,N,TURNING LEFT,,,1,,,,,,,,Y,Y,Y,Y,Y,Y,,,,,UNKNOWN,,,,,,,,,,,,,,,,,,,,,,,,,,,,,,,,,
1327007,861864bb59648e372cb235422cd3adf2ae419dbd606e8abb89b426c22c51ddfb82bc6954ae24beece054a0b7004aa8d0956ec3b9e99c8f7e9ffe43bbe991c150,04/30/2022 01:00:00 PM,1,DRIVER,,1260541,,HONDA,CIVIC,IL,2021,NONE,PASSENGER,PERSONAL,S,STRAIGHT AHEAD,,,1,,,,,Y,Y,Y,Y,Y,,,,,,,,,SIDE-RIGHT,,,,,,,,,,,,,,,,,,,,,,,,,,,,,,,,,
1327008,861864bb59648e372cb235422cd3adf2ae419dbd606e8abb89b426c22c51ddfb82bc6954ae24beece054a0b7004aa8d0956ec3b9e99c8f7e9ffe43bbe991c150,04/30/2022 01:00:00 PM,2,DRIVER,,1260548,,CHEVROLET,TRAIL BLAZER,IL,2021,NONE,PASSENGER,PERSONAL,S,STRAIGHT AHEAD,,,1,,,,,,,,,,,Y,Y,Y,Y,Y,,,SIDE-LEFT,,,,,,,,,,,,,,,,,,,,,,,,,,,,,,,,,
1325344,36dea55fad3c26760eea0fd370349693a667b1be653d489ba48c2157e35ab70087beb83549d01fa9a0e2a72bfdc3d272bd4b95408d4c3db765b75837e85f8285,04/28/2022 07:30:00 AM,1,DRIVER,,1258924,,"PETERBILT MOTORS COMPANY (DIVISION OF PACCAR, INC.)","PETERBILT MOTORS CO., DIVISION PACCAR, INC.",IL,2007,NONE,TRUCK - SINGLE UNIT,COMMERCIAL - SINGLE UNIT,NE,STRAIGHT AHEAD,,,1,,,,,,,,,,,,,,,Y,,,FRONT-LEFT-CORNER,,,,,,,,,,,,,,,,,,,,,,,,,,,,,,,,,
1325345,36dea55fad3c26760eea0fd370349693a667b1be653d489ba48c2157e35ab70087beb83549d01fa9a0e2a72bfdc3d272bd4b95408d4c3db765b75837e85f8285,04/28/2022 07:30:00 AM,2,DRIVER,,1258928,,LEXUS,GX470,IL,2007,NONE,PASSENGER,PERSONAL,SE,TURNING RIGHT,,,1,,,,,,,Y,Y,Y,,,,,,,,,REAR-RIGHT-CORNER,,,,,,,,,,,,,,,,,,,,,,,,,,,,,,,,,
1324875,8fe00eb3fac2457494d3a706eea5d6b700b4327094b99fc07f123b32cb8f534f3e23fd2ad4e9865e5eeaa5f09e6db28b4e00a8915cd47e703013fbacf16a8c9c,04/27/2022 11:20:00 AM,1,DRIVER,,1258466,,KENWORTH MOTOR TRUCK COMPANY,KENWORTH MOTOR TRUCK CO.,WI,2020,NONE,SINGLE UNIT TRUCK WITH TRAILER,COMMERCIAL - SINGLE UNIT,W,BACKING,,,1,,,,,,,,,,N,,,,,,,,REAR,,,,,,,,,,,,,,,,,,,,,,,,,,,,,,,,,
1323892,843119ff34f4b700b25d6b2a4101e6126adc89a52bf1fcb2dd209a35eba40bb7a9923f758cc0913415a26ffa8547c2366183011b3c4cf13cc521f606e1be642c,04/25/2022 05:45:00 PM,1,DRIVER,,1257517,,FORD,EXPLORER,IL,2015,NONE,SPORT UTILITY VEHICLE (SUV),PERSONAL,S,TURNING RIGHT,,,1,,,,,,,,,,,,,,,,,Y,SIDE-RIGHT-REAR,,,,,,,,,,,,,,,,,,,,,,,,,,,,,,,,,
1323893,843119ff34f4b700b25d6b2a4101e6126adc89a52bf1fcb2dd209a35eba40bb7a9923f758cc0913415a26ffa8547c2366183011b3c4cf13cc521f606e1be642c,04/25/2022 05:45:00 PM,2,PARKED,,1257519,,TOYOTA,COROLLA,IL,1997,NONE,PASSENGER,PERSONAL,N,PARKED,Y,,0,,PRIVATE TOW,,,Y,,,,,,,,,,Y,Y,,FRONT-LEFT-CORNER,,,,,,,,,,,,,,,,,,,,,,,,,,,,,,,,,
1322276,1eb700ad635b72cdc19e1e8914e7901f3af53ee8d70abc06c9e36f83874877f505ffa76b823e98ade69e92324acbc0679856bc6407be54121e9a46d127084863,04/23/2022 12:39:00 PM,1,DRIVER,,1255946,,SATURN,VUE,IL,2003,UNKNOWN,SPORT UTILITY VEHICLE (SUV),PERSONAL,SW,TURNING LEFT,Y,,1,,UNKNOWN,UNKNOWN,,Y,,,,,,,,,Y,Y,Y,,FRONT,,,,,,,,,,,,,,,,,,,,,,,,,,,,,,,,,
1322277,1eb700ad635b72cdc19e1e8914e7901f3af53ee8d70abc06c9e36f83874877f505ffa76b823e98ade69e92324acbc0679856bc6407be54121e9a46d127084863,04/23/2022 12:39:00 PM,2,BICYCLE,,,,,,,,,,,,,,,,,,,,,,,,,,,,,,,,,,,,,,,,,,,,,,,,,,,,,,,,,,,,,,,,,,
1322278,1eb700ad635b72cdc19e1e8914e7901f3af53ee8d70abc06c9e36f83874877f505ffa76b823e98ade69e92324acbc0679856bc6407be54121e9a46d127084863,04/23/2022 12:39:00 PM,3,DRIVER,2,1255954,,KIA,SOUL,IL,2018,UNKNOWN,SPORT UTILITY VEHICLE (SUV),PERSONAL,N,SLOW/STOP IN TRAFFIC,Y,,3,,UNKNOWN,UNKNOWN,,,,,,,,,Y,Y,Y,,,,SIDE-LEFT,,,,,,,,,,,,,,,,,,,,,,,,,,,,,,,,,
1320172,117de7c34dca19806ca1ac4dcfbcd645ba1254296eeb8cebecc415341292a1eeaf0af6bf42f3c77ab700ac8c7c844531cadc3da13600b7263dbd1b5f172cd7a8,04/19/2022 08:26:00 PM,1,DRIVER,,1253919,,UNKNOWN,OTHER (EXPLAIN IN NARRATIVE),,,UNKNOWN,PASSENGER,UNKNOWN/NA,E,STRAIGHT AHEAD,,,1,,,,,,,,,,,,,,,,N,Y,FRONT,,,,,,,,,,,,,,,,,,,,,,,,,,,,,,,,,