CRASH_UNIT_ID,CRASH_RECORD_ID,CRASH_DATE,UNIT_NO,UNIT_TYPE,NUM_PASSENGERS,VEHICLE_ID,CMRC_VEH_I,MAKE,MODEL,LIC_PLATE_STATE,VEHICLE_YEAR,VEHICLE_DEFECT,VEHICLE_TYPE,VEHICLE_USE,TRAVEL_DIRECTION,MANEUVER,TOWED_I,FIRE_I,OCCUPANT_CNT,EXCEED_SPEED_LIMIT_I,TOWED_BY,TOWED_TO,AREA_00_I,AREA_01_I,AREA_02_I,AREA_03_I,AREA_04_I,AREA_05_I,AREA_06_I,AREA_07_I,AREA_08_I,AREA_09_I,AREA_10_I,AREA_11_I,AREA_12_I,AREA_99_I,FIRST_CONTACT_POINT,CMV_ID,USDOT_NO,CCMC_NO,ILCC_NO,COMMERCIAL_SRC,GVWR,CARRIER_NAME,CARRIER_STATE,CARRIER_CITY,HAZMAT_PLACARDS_I,HAZMAT_NAME,UN_NO,HAZMAT_PRESENT_I,HAZMAT_REPORT_I,HAZMAT_REPORT_NO,MCS_REPORT_I,MCS_REPORT_NO,HAZMAT_VIO_CAUSE_CRASH_I,MCS_VIO_CAUSE_CRASH_I,IDOT_PERMIT_NO,WIDE_LOAD_I,TRAILER1_WIDTH,TRAILER2_WIDTH,TRAILER1_LENGTH,TRAILER2_LENGTH,TOTAL_VEHICLE_LENGTH,AXLE_CNT,VEHICLE_CONFIG,CARGO_BODY_TYPE,LOAD_TYPE,HAZMAT_OUT_OF_SERVICE_I,MCS_OUT_OF_SERVICE_I,HAZMAT_CLASS
1320173,117de7c34dca19806ca1ac4dcfbcd645ba1254296eeb8cebecc415341292a1eeaf0af6bf42f3c77ab700ac8c7c844531cadc3da13600b7263dbd1b5f172cd7a8,04/19/2022 08:26:00 PM,2,BICYCLE,,,,,,,,,,,,,,,,,,,,,,,,,,,,,,,,,,,,,,,,,,,,,,,,,,,,,,,,,,,,,,,,,,
1318036,576ce524c2f727929070c28129bd826b0129f684623b2da0b749ac68d15e21e6bccd9b59ab7009bb7f49f03cabd60c4dde32d326e0a6e89266c2733cffc5be72,04/15/2022 03:55:00 PM,1,DRIVER,,1251859,,CHEVROLET,IMPALA,IL,2018,NONE,PASSENGER,PERSONAL,S,STRAIGHT AHEAD,Y,,1,,PRIVATE,,,Y,Y,,,,,,,,,,,,FRONT-RIGHT-CORNER,,,,,,,,,,,,,,,,,,,,,,,,,,,,,,,,,
1318037,576ce524c2f727929070c28129bd826b0129f684623b2da0b749ac68d15e21e6bccd9b59ab7009bb7f49f03cabd60c4dde32d326e0a6e89266c2733cffc5be72,04/15/2022 03:55:00 PM,2,PARKED,,1251865,,NISSAN,MAXIMA,IL,1999,UNKNOWN,PASSENGER,PERSONAL,S,PARKED,,,0,,,,,,,,,,,Y,Y,Y,Y,N,,,REAR-LEFT-CORNER,,,,,,,,,,,,,,,,,,,,,,,,,,,,,,,,,
1318038,576ce524c2f727929070c28129bd826b0129f684623b2da0b749ac68d15e21e6bccd9b59ab7009bb7f49f03cabd60c4dde32d326e0a6e89266c2733cffc5be72,04/15/2022 03:55:00 PM,3,PARKED,,1251877,,HARLEY-DAVIDSON,HARLEY-DAVIDSON,IL,2003,NONE,MOTORCYCLE (OVER 150CC),PERSONAL,S,PARKED,,,0,,,,,,,,,,Y,,,,,,Y,,REAR,,,,,,,,,,,,,,,,,,,,,,,,,,,,,,,,,
1318039,576ce524c2f727929070c28129bd826b0129f684623b2da0b749ac68d15e21e6bccd9b59ab7009bb7f49f03cabd60c4dde32d326e0a6e89266c2733cffc5be72,04/15/2022 03:55:00 PM,4,PARKED,,1251880,,DODGE,JOURNEY,IL,2017,NONE,PASSENGER,PERSONAL,S,PARKED,,,0,,,,,,,,,,,Y,Y,,,,,,REAR-LEFT-CORNER,,,,,,,,,,,,,,,,,,,,,,,,,,,,,,,,,
1316371,1384c19dff2355e8876043f05f940b9c7f9231ec15b700f0d1d7deba87c0fb7df89f77ed8980d4eb0a4760bb35704121891e6ed53ce9d4de167c1fc75ec99ae7,04/12/2022 06:15:00 PM,1,DRIVER,,1250270,,CHEVROLET,MONTE CARLO,IL,2000,UNKNOWN,PASSENGER,PERSONAL,S,ENTERING TRAFFIC LANE FROM PARKING,Y,,1,,CPD,POUND # 2,,,,,Y,Y,,,,,,,,,REAR-RIGHT-CORNER,,,,,,,,,,,,,,,,,,,,,,,,,,,,,,,,,
1316372,1384c19dff2355e8876043f05f940b9c7f9231ec15b700f0d1d7deba87c0fb7df89f77ed8980d4eb0a4760bb35704121891e6ed53ce9d4de167c1fc75ec99ae7,04/12/2022 06:15:00 PM,2,DRIVER,,1250274,,CHEVROLET,SILVERADO,IL,,UNKNOWN,UNKNOWN/NA,UNKNOWN/NA,S,UNKNOWN/NA,,,1,,,,,Y,Y,,,,,,,,,,,,FRONT-RIGHT-CORNER,,,,,,,,,,,,,,,,,,,,,,,,,,,,,,,,,
1315351,5276d81b5db38a65ad5a2eb4a739d1b8fb9243f89102d66ffd8d69ecc5c040291a1144a9f9038007d7ba1bf0268fe70d253971614b3a3ff7ad196b7001a02e34,04/10/2022 09:23:00 PM,1,DRIVER,,1249287,,TOYOTA,CAMRY,IL,2012,UNKNOWN,PASSENGER,PERSONAL,N,STRAIGHT AHEAD,,,1,,,,,Y,Y,,,,,,,,Y,Y,Y,,FRONT,,,,,,,,,,,,,,,,,,,,,,,,,,,,,,,,,
1315352,5276d81b5db38a65ad5a2eb4a739d1b8fb9243f89102d66ffd8d69ecc5c040291a1144a9f9038007d7ba1bf0268fe70d253971614b3a3ff7ad196b7001a02e34,04/10/2022 09:23:00 PM,2,DRIVER,,1249291,,TOYOTA,PRIUS,IL,2013,UNKNOWN,PASSENGER,PERSONAL,W,STRAIGHT AHEAD,Y,,1,,,,,,,,,,,Y,Y,Y,Y,Y,,,SIDE-LEFT,,,,,,,,,,,,,,,,,,,,,,,,,,,,,,,,,
1314100,18f0ad7c14ecace6b64249378dc9a0b19ba897eb700e44e3946f745928682308913635463f3a9dd4fad1400d92758d4f9ddd72d169e6ef94a0d4f7ac87d67ad3,04/08/2022 07:35:00 PM,1,DRIVER,,1248087,,NISSAN,OTHER (EXPLAIN IN NARRATIVE),IL,2000,UNKNOWN,PICKUP,UNKNOWN/NA,S,PASSING/OVERTAKING,,,1,,,,,Y,,,,,,,,,,,,,FRONT-RIGHT-CORNER,,,,,,,,,,,,,,,,,,,,,,,,,,,,,,,,,
1314101,18f0ad7c14ecace6b64249378dc9a0b19ba897eb700e44e3946f745928682308913635463f3a9dd4fad1400d92758d4f9ddd72d169e6ef94a0d4f7ac87d67ad3,04/08/2022 07:35:00 PM,2,PARKED,1,1248095,,HONDA,CIVIC,IL,2012,UNKNOWN,PASSENGER,PERSONAL,S,PARKED IN TRAFFIC LANE,,,1,,,,,,,,,,,Y,,,,,,,REAR-LEFT-CORNER,,,,,,,,,,,,,,,,,,,,,,,,,,,,,,,,,
1313790,deb95fa360a5f1b7a111ee8ecf9e30661eb379c19207d54085d6e6ae10d87af37e46de0882b700a655055b459f45e1c6f687161c05c6a331f5afdb13e87d059f,04/08/2022 01:40:00 PM,1,DRIVER,,,,,,,,,,,,,,,,,,,,,,,,,,,,,,,,,,,,,,,,,,,,,,,,,,,,,,,,,,,,,,,,,,
1313791,deb95fa360a5f1b7a111ee8ecf9e30661eb379c19207d54085d6e6ae10d87af37e46de0882b700a655055b459f45e1c6f687161c05c6a331f5afdb13e87d059f,04/08/2022 01:40:00 PM,2,PARKED,,1247799,,JEEP,RENEGADE,IL,2021,NONE,SPORT UTILITY VEHICLE (SUV),PERSONAL,N,PARKED,,,0,,,,,,,,,,,,,,Y,Y,,,FRONT-LEFT-CORNER,,,,,,,,,,,,,,,,,,,,,,,,,,,,,,,,,
1313832,deb95fa360a5f1b7a111ee8ecf9e30661eb379c19207d54085d6e6ae10d87af37e46de0882b700a655055b459f45e1c6f687161c05c6a331f5afdb13e87d059f,04/08/2022 01:40:00 PM,1,DRIVER,,1247832,,UNKNOWN,OTHER (EXPLAIN IN NARRATIVE),,,UNKNOWN,UNKNOWN/NA,UNKNOWN/NA,N,UNKNOWN/NA,,,1,,,,,,,,,,,,,,,,,,UNKNOWN,,,,,,,,,,,,,,,,,,,,,,,,,,,,,,,,,
1313835,deb95fa360a5f1b7a111ee8ecf9e30661eb379c19207d54085d6e6ae10d87af37e46de0882b700a655055b459f45e1c6f687161c05c6a331f5afdb13e87d059f,04/08/2022 01:40:00 PM,2,PARKED,,1247835,,JEEP,RENEGADE,IL,2021,UNKNOWN,SPORT UTILITY VEHICLE (SUV),NOT IN USE,N,PARKED,,,0,,,,,,,,,,,,,,Y,Y,,,FRONT-LEFT-CORNER,,,,,,,,,,,,,,,,,,,,,,,,,,,,,,,,,
1310796,16a2535faba74ecd1dd52b46529b1a4e5ce75c3575d5b7008313a6deec2ea44d20ccb4e1979928f7ecc98f28d23ef258f311a93445d372ef9db8b00d7ab13a62,04/03/2022 01:50:00 PM,1,DRIVER,,1244868,,CHEVROLET,MALIBU,,,UNKNOWN,PASSENGER,PERSONAL,W,STRAIGHT AHEAD,,,1,,,,,,,,,,,,,,,,Y,,FRONT,,,,,,,,,,,,,,,,,,,,,,,,,,,,,,,,,
1310797,16a2535faba74ecd1dd52b46529b1a4e5ce75c3575d5b7008313a6deec2ea44d20ccb4e1979928f7ecc98f28d23ef258f311a93445d372ef9db8b00d7ab13a62,04/03/2022 01:50:00 PM,2,DRIVER,,1244872,,JEEP,CHEROKEE,OH,2020,UNKNOWN,SPORT UTILITY VEHICLE (SUV),PERSONAL,W,STRAIGHT AHEAD,,,1,,,,,,,,,Y,Y,,,,,,,,REAR,,,,,,,,,,,,,,,,,,,,,,,,,,,,,,,,,
1308033,700fd890f6a6397f2b66341a3326dd1c77a109677a3bb780c1ecacd3cf57ae1af913c6106bb70017d45efd15d4d4c78c2714f07bb8f67f8e98239172999f5fbb,03/29/2022 06:20:00 PM,1,DRIVER,,1242246,,VOLVO,TRUCK,IL,2014,NONE,TRACTOR W/ SEMI-TRAILER,COMMERCIAL - MULTI-UNIT,W,BACKING,,,1,,,,,,,,,,,,,,,,Y,,FRONT,,,,,,,,,,,,,,,,,,,,,,,,,,,,,,,,,
1308034,700fd890f6a6397f2b66341a3326dd1c77a109677a3bb780c1ecacd3cf57ae1af913c6106bb70017d45efd15d4d4c78c2714f07bb8f67f8e98239172999f5fbb,03/29/2022 06:20:00 PM,2,DRIVER,,1242251,,FREIGHTLINER CORPORATION,FREIGHTLINER CORP.,OH,2015,NONE,TRACTOR W/ SEMI-TRAILER,COMMERCIAL - MULTI-UNIT,E,STRAIGHT AHEAD,,,1,,,,,,,,,,,,,,Y,,,,SIDE-LEFT,,,,,,,,,,,,,,,,,,,,,,,,,,,,,,,,,
1307552,8ed047c1b1760d6e23c917b214490b8a6987a3c601274e004e88525550594051be9d6b0d1bd34545b2feab700eb1ca16be84debe52b5a1c138c09f7896dcf2d0,03/27/2022 01:15:00 PM,1,DRIVER,,1241806,,TOYOTA,COROLLA,IL,2010,NONE,PASSENGER,PERSONAL,S,STRAIGHT AHEAD,N,,1,,,,,,,,,,,,,,,,,Y,UNKNOWN,,,,,,,,,,,,,,,,,,,,,,,,,,,,,,,,,
1307553,8ed047c1b1760d6e23c917b214490b8a6987a3c601274e004e88525550594051be9d6b0d1bd34545b2feab700eb1ca16be84debe52b5a1c138c09f7896dcf2d0,03/27/2022 01:15:00 PM,2,PARKED,1,1241808,,VOLKSWAGEN,OTHER (EXPLAIN IN NARRATIVE),IL,2018,UNKNOWN,PASSENGER,PERSONAL,S,PARKED IN TRAFFIC LANE,,,1,,,,,,,,,,,,,,Y,Y,Y,,FRONT-LEFT-CORNER,,,,,,,,,,,,,,,,,,,,,,,,,,,,,,,,,
1303553,2b648375e5c1354063c6f720246bd98211d56d43c4b8a9dc2daff6a5956e32d79a0a1dd6182fd5f0b700db4e0a2459b1526c1028cbc4f58567623c30a43bf082,03/23/2022 04:30:00 AM,1,DRIVER,1,1237962,,FORD,EXPLORER,IL,2021,NONE,SPORT UTILITY VEHICLE (SUV),POLICE,E,BACKING,,,2,,,,,,,,,Y,Y,,,,,,,,REAR,,,,,,,,,,,,,,,,,,,,,,,,,,,,,,,,,
1301702,14f0d81a6fb90dae2c0ed74e2b0c346e2228365851630924ea4ae7b43c570ed19d734ee2636fe0d944843321d1f35f3495e15d96db700d9a77c56c750193e9b9,03/19/2022 08:04:00 PM,1,DRIVER,,1236160,,DODGE,RAM 1500 PU,IL,2015,UNKNOWN,PICKUP,UNKNOWN/NA,S,STRAIGHT AHEAD,Y,,1,,e&r,doty rd impound,,Y,Y,,,,,,,,Y,Y,Y,Y,UNKNOWN,,,,,,,,,,,,,,,,,,,,,,,,,,,,,,,,,
1301609,bd1034e3924ecae74a60ee30afb66bc1b7fd00c5e6b70062281a53b96a9e5388d09c913a106b582ec0e1f00b784c7b96b2126e860aeffe59b1b8b0167987b41a,03/19/2022 05:50:00 PM,1,DRIVER,,1236074,,FORD,EDGE,IL,2013,NONE,PASSENGER,PERSONAL,S,CHANGING LANES,,,1,,,,,Y,,,,,,,,,,,,,FRONT-RIGHT-CORNER,,,,,,,,,,,,,,,,,,,,,,,,,,,,,,,,,
1301610,bd1034e3924ecae74a60ee30afb66bc1b7fd00c5e6b70062281a53b96a9e5388d09c913a106b582ec0e1f00b784c7b96b2126e860aeffe59b1b8b0167987b41a,03/19/2022 05:50:00 PM,2,DRIVER,1,1236079,,CHRYSLER,PACIFICA,IL,2022,NONE,VAN/MINI-VAN,RIDESHARE SERVICE,S,SLOW/STOP IN TRAFFIC,,,2,,,,,,,,,,,Y,Y,,,,,,REAR-LEFT-CORNER,,,,,,,,,,,,,,,,,,,,,,,,,,,,,,,,,
1300727,380a03684b7004e32315520d7d9c2c8b07db541bd08a3b6dd8d3f49922c23f87543a7bf94ab85b33c5d47ddb12c43107b4d088c0dee4d79bd6800943c8e039a9,03/18/2022 03:00:00 PM,1,DRIVER,,1235237,,UNKNOWN,OTHER (EXPLAIN IN NARRATIVE),,,UNKNOWN,UNKNOWN/NA,UNKNOWN/NA,UNKNOWN,UNKNOWN/NA,,,1,,,,,,,,,,,,,,,,,Y,UNKNOWN,,,,,,,,,,,,,,,,,,,,,,,,,,,,,,,,,
1300728,380a03684b7004e32315520d7d9c2c8b07db541bd08a3b6dd8d3f49922c23f87543a7bf94ab85b33c5d47ddb12c43107b4d088c0dee4d79bd6800943c8e039a9,03/18/2022 03:00:00 PM,2,PARKED,,1235210,,SUBARU,OUTBACK,IL,2019,UNKNOWN,PASSENGER,PERSONAL,NE,PARKED,,,0,,,,,,,,,,,,,,Y,,,,SIDE-LEFT,,,,,,,,,,,,,,,,,,,,,,,,,,,,,,,,,
1298084,676ce753c92be9f823291e7297e6e63e903e179de699a57e3a019101abffedafbcfef5ae1e46b71a6165c4ac18e907e159fcd91f20ef5cd93f010e49b70085bd,03/14/2022 02:40:00 PM,1,DRIVER,,1232711,,CHRYSLER,OTHER (EXPLAIN IN NARRATIVE),IL,2015,UNKNOWN,PASSENGER,UNKNOWN/NA,UNKNOWN,UNKNOWN/NA,,,1,,,,,,,,,,,,,,,,,Y,UNKNOWN,,,,,,,,,,,,,,,,,,,,,,,,,,,,,,,,,
1298085,676ce753c92be9f823291e7297e6e63e903e179de699a57e3a019101abffedafbcfef5ae1e46b71a6165c4ac18e907e159fcd91f20ef5cd93f010e49b70085bd,03/14/2022 02:40:00 PM,2,PARKED,,1232713,,HONDA,CIVIC,IL,2017,UNKNOWN,PASSENGER,NOT IN USE,UNKNOWN,PARKED,,,0,,,,,,,Y,Y,,,,,,,,,,UNKNOWN,,,,,,,,,,,,,,,,,,,,,,,,,,,,,,,,,
1296734,6805e3e276dd0e89fe011fec06e7c7b700d848382f2f4a37f780467b6e45bbc00a6c72b36586cfcb1bfd592fe27bc6ccaf42fc26e63a16ea8238a67c89b047f1,03/12/2022 09:10:00 AM,1,DRIVER,,1231405,,UNKNOWN,OTHER (EXPLAIN IN NARRATIVE),,,UNKNOWN,UNKNOWN/NA,UNKNOWN/NA,UNKNOWN,UNKNOWN/NA,,,1,,,,,,,,,,,,,,,,,Y,UNKNOWN,,,,,,,,,,,,,,,,,,,,,,,,,,,,,,,,,
1296735,6805e3e276dd0e89fe011fec06e7c7b700d848382f2f4a37f780467b6e45bbc00a6c72b36586cfcb1bfd592fe27bc6ccaf42fc26e63a16ea8238a67c89b047f1,03/12/2022 09:10:00 AM,2,PARKED,,1231408,,FORD,TRANSIT,IL,2020,UNKNOWN,VAN/MINI-VAN,UNKNOWN/NA,W,PARKED,,,0,,,,,,,,,,,Y,Y,Y,,,,,UNKNOWN,,,,,,,,,,,,,,,,,,,,,,,,,,,,,,,,,
1295787,b2f3752ee4e4a66b502cf185d16f263a7ccce1cf9ae26067724d179844f0a3ab140d2293bf4d2ab7eab700065dbe1f913f1392b443adc4f6359e8ca48f36b1be,03/10/2022 05:49:00 PM,1,DRIVER,,1230504,,VOLKSWAGEN,PASSAT,IL,2017,NONE,PASSENGER,PERSONAL,W,DRIVING WRONG WAY,Y,,1,,PRIVATE,UNKNOWN,,Y,,,,,,,,,,Y,Y,,FRONT-RIGHT-CORNER,,,,,,,,,,,,,,,,,,,,,,,,,,,,,,,,,
1295788,b2f3752ee4e4a66b502cf185d16f263a7ccce1cf9ae26067724d179844f0a3ab140d2293bf4d2ab7eab700065dbe1f913f1392b443adc4f6359e8ca48f36b1be,03/10/2022 05:49:00 PM,2,DRIVER,,1230511,,DODGE,AVENGER,IL,2009,NONE,PASSENGER,PERSONAL,E,UNKNOWN/NA,Y,,1,,CITY OF CHICAGO,POUND 2,,Y,,,,,,,,,,,Y,,FRONT-RIGHT-CORNER,,,,,,,,,,,,,,,,,,,,,,,,,,,,,,,,,
1293962,24151ad68964eb80e9da1074bbeed305e79032d130d8bc6a8b573c49db7005f36c8b4048d20d5055f36ec8b275f9e7c9c188a2d1599eca7ad911767fd210ec1f,03/06/2022 05:00:00 PM,1,DRIVER,,1228737,,HONDA,CIVIC,IL,2013,UNKNOWN,PASSENGER,PERSONAL,N,TURNING RIGHT,,,1,,,,,,,,,,,,,,Y,,,,SIDE-RIGHT-FRONT,,,,,,,,,,,,,,,,,,,,,,,,,,,,,,,,,
1293963,24151ad68964eb80e9da1074bbeed305e79032d130d8bc6a8b573c49db7005f36c8b4048d20d5055f36ec8b275f9e7c9c188a2d1599eca7ad911767fd210ec1f,03/06/2022 05:00:00 PM,2,DRIVER,1,1228742,,JEEP,GRAND CHEROKEE,IL,2021,UNKNOWN,PASSENGER,PERSONAL,N,TURNING RIGHT,,,2,,,,,,,,,,,,,,Y,,,,SIDE-RIGHT-FRONT,,,,,,,,,,,,,,,,,,,,,,,,,,,,,,,,,
1292169,590ce834b6e226d7206e07e11588c97a0faf1a96e6da7207ffa357b740eaafb7007ce3050e6b5e9efca5d744785fb888ad9e22faaa16e4c768f82c8cc9ac7c2f,03/03/2022 04:17:00 PM,1,DRIVER,,1227046,,FORD,FOCUS,IL,2011,UNKNOWN,UNKNOWN/NA,UNKNOWN/NA,E,BACKING,,,1,,,,,,,,,,,,,,,Y,Y,,FRONT-LEFT-CORNER,,,,,,,,,,,,,,,,,,,,,,,,,,,,,,,,,
1292170,590ce834b6e226d7206e07e11588c97a0faf1a96e6da7207ffa357b740eaafb7007ce3050e6b5e9efca5d744785fb888ad9e22faaa16e4c768f82c8cc9ac7c2f,03/03/2022 04:17:00 PM,2,PARKED,,1227054,,TOYOTA,CAMRY,IL,2008,UNKNOWN,UNKNOWN/NA,UNKNOWN/NA,W,PARKED,,,0,,,,,,,,,Y,Y,,,,,,,,REAR-RIGHT-CORNER,,,,,,,,,,,,,,,,,,,,,,,,,,,,,,,,,
1290546,ff7a50e6a6a1a1985ff0454cedf217abf88f5e37f74bcf22823e679d50825eb700653776db775361df8224d65289f054cf342cc122c38ab89c0d4609bc251e2c,03/01/2022 12:36:00 PM,1,DRIVER,,1225485,,UNKNOWN,MOTORIZED,IL,,UNKNOWN,TRUCK - SINGLE UNIT,UNKNOWN/NA,W,UNKNOWN/NA,,,1,,,,,Y,Y,Y,Y,Y,,,,,,,,,SIDE-RIGHT,,,,,,,,,,,,,,,,,,,,,,,,,,,,,,,,,
1290547,ff7a50e6a6a1a1985ff0454cedf217abf88f5e37f74bcf22823e679d50825eb700653776db775361df8224d65289f054cf342cc122c38ab89c0d4609bc251e2c,03/01/2022 12:36:00 PM,2,DRIVER,,1225490,,CHEVROLET,TRAX,IL,2019,UNKNOWN,SPORT UTILITY VEHICLE (SUV),PERSONAL,S,SLOW/STOP IN TRAFFIC,,,1,,,,,Y,,,,,,,,,,Y,Y,,FRONT,,,,,,,,,,,,,,,,,,,,,,,,,,,,,,,,,
1290281,ea72c6b8167d50a2c3d2739af7a2aab671d0d0ca5ea01e41c0d64e83aedab1112779f70b835c9057b7003001f52e678138eab522d87dd16b0ce143d57e816c81,02/26/2022 02:35:00 PM,1,DRIVER,,1225224,Y,GENERAL MOTORS CORPORATION (GMC),TRUCK,IL,2004,UNKNOWN,OTHER,COMMERCIAL - SINGLE UNIT,S,BACKING,,,1,,,,,,,,,,Y,,,,,,,,REAR,14129,,,,,2,NEW CITY MOVING,IL,CHICAGO,,,,N,N,,N,,N,N,,,,,,,,,"SINGLE UNIT TRUCK, 2 AXLES, 6 TIRES",OTHER,UNKNOWN,N,N,
1290282,ea72c6b8167d50a2c3d2739af7a2aab671d0d0ca5ea01e41c0d64e83aedab1112779f70b835c9057b7003001f52e678138eab522d87dd16b0ce143d57e816c81,02/26/2022 02:35:00 PM,2,DRIVER,,1225234,,TOYOTA,CAMRY,IL,2019,NONE,PASSENGER,RIDESHARE SERVICE,N,STRAIGHT AHEAD,,,1,,,,,,,,,,,,,,,,Y,,FRONT,,,,,,,,,,,,,,,,,,,,,,,,,,,,,,,,,
1288775,98ed32f853576eb3057f3fcabe2dae257b7004ab8c004093c907c0b6f53b2b51fcd0c05b150b00c66c2dfb51a905bfae6531b13109b9b9ea7d8c30a9cea0ecda,02/26/2022 12:55:00 PM,1,DRIVER,,1223772,,HYUNDAI,SONATA,IL,2012,UNKNOWN,SPORT UTILITY VEHICLE (SUV),PERSONAL,S,UNKNOWN/NA,,,1,,,,,Y,Y,Y,,,,,,,,,,,SIDE-RIGHT,,,,,,,,,,,,,,,,,,,,,,,,,,,,,,,,,
1288776,98ed32f853576eb3057f3fcabe2dae257b7004ab8c004093c907c0b6f53b2b51fcd0c05b150b00c66c2dfb51a905bfae6531b13109b9b9ea7d8c30a9cea0ecda,02/26/2022 12:55:00 PM,2,PARKED,1,1223774,,CHEVROLET,OTHER (EXPLAIN IN NARRATIVE),IL,2011,UNKNOWN,PASSENGER,UNKNOWN/NA,N,PARKED IN TRAFFIC LANE,,,1,,,,,,Y,Y,,,,,,,,,,,SIDE-RIGHT,,,,,,,,,,,,,,,,,,,,,,,,,,,,,,,,,
1287872,295b7781e02836c2e2581cb7d4f9a9fb4afa1bbfbf333eedbd9e6feb2c9177c6183fb93f53cbdbb9d937dd2ff78d62aa2bb21fda10de81b5564bc335e3ab7002,02/25/2022 08:15:00 AM,1,DRIVER,,1222896,,GENERAL MOTORS CORPORATION (GMC),TERRAIN,IL,2016,NONE,PASSENGER,PERSONAL,E,TURNING LEFT,,,1,,,,,,,,,,,,,,Y,Y,,,FRONT-LEFT-CORNER,,,,,,,,,,,,,,,,,,,,,,,,,,,,,,,,,
1287873,295b7781e02836c2e2581cb7d4f9a9fb4afa1bbfbf333eedbd9e6feb2c9177c6183fb93f53cbdbb9d937dd2ff78d62aa2bb21fda10de81b5564bc335e3ab7002,02/25/2022 08:15:00 AM,2,DRIVER,,1222903,,CHRYSLER,PACIFICA,IL,2007,NONE,PASSENGER,PERSONAL,S,STRAIGHT AHEAD,,,1,,,,,Y,,,,,,,,,,Y,Y,,FRONT,,,,,,,,,,,,,,,,,,,,,,,,,,,,,,,,,
1285515,a9d1ec55cf8c08299a5aeabcd2a8f373cb457a11cdd692456c47af9113a604c24616b5a61be833d140258765088c549e5323c8ea18e10e4ef8a5af99b700ef14,02/20/2022 06:09:00 PM,1,DRIVER,1,1220632,,HONDA,CR-V,IL,2016,UNKNOWN,SPORT UTILITY VEHICLE (SUV),PERSONAL,S,TURNING LEFT,,,2,,,,,Y,,,,,,,,,,Y,Y,,FRONT-RIGHT-CORNER,,,,,,,,,,,,,,,,,,,,,,,,,,,,,,,,,
1285516,a9d1ec55cf8c08299a5aeabcd2a8f373cb457a11cdd692456c47af9113a604c24616b5a61be833d140258765088c549e5323c8ea18e10e4ef8a5af99b700ef14,02/20/2022 06:09:00 PM,2,DRIVER,1,1220638,,VOLKSWAGEN,JETTA,IL,2020,UNKNOWN,PASSENGER,PERSONAL,N,STRAIGHT AHEAD,Y,,2,,PRIVATE COMPANY,PRIVATE LOT,,Y,,,,,,,,,,Y,Y,,FRONT-LEFT-CORNER,,,,,,,,,,,,,,,,,,,,,,,,,,,,,,,,,
1284547,87c668faa97fc987c65ce49a16f73b3d23b1c8a8582669978e2453c288ab271163ccc8b187551aabf6436f4dfb8253b70010a71010936ed3814f537afe0005b6,02/19/2022 07:57:00 AM,1,DRIVER,,1219699,,KIA,OPTIMA / K5,IL,2013,NONE,PASSENGER,PERSONAL,E,STRAIGHT AHEAD,Y,,1,,city tow,,,Y,,,,,,,,,,,,,SIDE-RIGHT-FRONT,,,,,,,,,,,,,,,,,,,,,,,,,,,,,,,,,
1284548,87c668faa97fc987c65ce49a16f73b3d23b1c8a8582669978e2453c288ab271163ccc8b187551aabf6436f4dfb8253b70010a71010936ed3814f537afe0005b6,02/19/2022 07:57:00 AM,2,PARKED,,1219701,,NISSAN,ROGUE,IL,2016,NONE,PASSENGER,PERSONAL,E,PARKED IN TRAFFIC LANE,Y,,0,,private tow,,,,,,,,,Y,Y,,,,,,REAR-LEFT-CORNER,,,,,,,,,,,,,,,,,,,,,,,,,,,,,,,,,
1282866,43d71a49750f92d31d5a64f3202959aa704b35acc45b2918204238fb700f0e572ca6c873216ef8ca71d410becd606fa15cdc81d66ce5255222054751e707c4e5,02/16/2022 07:00:00 PM,1,DRIVER,,1218081,,UNKNOWN,OTHER (EXPLAIN IN NARRATIVE),IL,,UNKNOWN,TRACTOR W/ SEMI-TRAILER,UNKNOWN/NA,E,TURNING RIGHT,,,1,,,,,,,,,,,,,,,,,,SIDE-RIGHT,,,,,,,,,,,,,,,,,,,,,,,,,,,,,,,,,
1282867,43d71a49750f92d31d5a64f3202959aa704b35acc45b2918204238fb700f0e572ca6c873216ef8ca71d410becd606fa15cdc81d66ce5255222054751e707c4e5,02/16/2022 07:00:00 PM,2,DRIVER,1,1218084,,KIA,NIRO,IL,2022,UNKNOWN,PASSENGER,PERSONAL,E,TURNING RIGHT,,,2,,,,,,,,,,,,,,Y,Y,Y,,FRONT-LEFT-CORNER,,,,,,,,,,,,,,,,,,,,,,,,,,,,,,,,,
1281716,5451660d7a510d42a32ac6478e82c4273a57b700239d558c247677d8fe18be79a4934394941cd27c240633407160b280493d639cd77332a62302ce43cf9677db,02/14/2022 08:20:00 PM,1,DRIVER,,1216973,,FORD,EXPLORER,IL,2017,NONE,PASSENGER,POLICE,W,STRAIGHT AHEAD,,,1,,,,Y,,,,,,,,,,,,,,FRONT,,,,,,,,,,,,,,,,,,,,,,,,,,,,,,,,,