CRASH_UNIT_ID,CRASH_RECORD_ID,CRASH_DATE,UNIT_NO,UNIT_TYPE,NUM_PASSENGERS,VEHICLE_ID,CMRC_VEH_I,MAKE,MODEL,LIC_PLATE_STATE,VEHICLE_YEAR,VEHICLE_DEFECT,VEHICLE_TYPE,VEHICLE_USE,TRAVEL_DIRECTION,MANEUVER,TOWED_I,FIRE_I,OCCUPANT_CNT,EXCEED_SPEED_LIMIT_I,TOWED_BY,TOWED_TO,AREA_00_I,AREA_01_I,AREA_02_I,AREA_03_I,AREA_04_I,AREA_05_I,AREA_06_I,AREA_07_I,AREA_08_I,AREA_09_I,AREA_10_I,AREA_11_I,AREA_12_I,AREA_99_I,FIRST_CONTACT_POINT,CMV_ID,USDOT_NO,CCMC_NO,ILCC_NO,COMMERCIAL_SRC,GVWR,CARRIER_NAME,CARRIER_STATE,CARRIER_CITY,HAZMAT_PLACARDS_I,HAZMAT_NAME,UN_NO,HAZMAT_PRESENT_I,HAZMAT_REPORT_I,HAZMAT_REPORT_NO,MCS_REPORT_I,MCS_REPORT_NO,HAZMAT_VIO_CAUSE_CRASH_I,MCS_VIO_CAUSE_CRASH_I,IDOT_PERMIT_NO,WIDE_LOAD_I,TRAILER1_WIDTH,TRAILER2_WIDTH,TRAILER1_LENGTH,TRAILER2_LENGTH,TOTAL_VEHICLE_LENGTH,AXLE_CNT,VEHICLE_CONFIG,CARGO_BODY_TYPE,LOAD_TYPE,HAZMAT_OUT_OF_SERVICE_I,MCS_OUT_OF_SERVICE_I,HAZMAT_CLASS
1281717,5451660d7a510d42a32ac6478e82c4273a57b700239d558c247677d8fe18be79a4934394941cd27c240633407160b280493d639cd77332a62302ce43cf9677db,02/14/2022 08:20:00 PM,2,DRIVER,1,1216977,,TOYOTA,HIGHLANDER,IL,2021,UNKNOWN,PASSENGER,PERSONAL,W,STRAIGHT AHEAD,,,2,,,,,,,,,,Y,Y,,,,,,,REAR,,,,,,,,,,,,,,,,,,,,,,,,,,,,,,,,,
1280520,ab2886a463408363a6fc0b70017b66cfd63c8fe830bc5df02daf7f8469317be2f2befc47a862ed9985368487a462e2629bec8803d7c27c54b22b13e273f9931b,02/11/2022 06:50:00 PM,1,DRIVER,,1215864,,DODGE,NITRO,WI,,NONE,SPORT UTILITY VEHICLE (SUV),PERSONAL,S,STRAIGHT AHEAD,,,1,,,,,,,,,,,,,,,,Y,,FRONT,,,,,,,,,,,,,,,,,,,,,,,,,,,,,,,,,
1280521,ab2886a463408363a6fc0b70017b66cfd63c8fe830bc5df02daf7f8469317be2f2befc47a862ed9985368487a462e2629bec8803d7c27c54b22b13e273f9931b,02/11/2022 06:50:00 PM,2,DRIVER,,1215873,,LAND ROVER,DISCOVERY,IL,2020,NONE,SPORT UTILITY VEHICLE (SUV),PERSONAL,S,SLOW/STOP IN TRAFFIC,,,1,,,,,,,,,,Y,,,,,,,,REAR,,,,,,,,,,,,,,,,,,,,,,,,,,,,,,,,,
1288063,498b037e6c2f929d063b163245d4b7008ecfed6e3e50c2dd62be13835a0013075f73a600535674c8b49286fe5cdaccd0a6b97401d8bbcd0fe24f7053578fba04,02/09/2022 03:00:00 PM,1,DRIVER,,1223075,,UNKNOWN,OTHER (EXPLAIN IN NARRATIVE),IL,,UNKNOWN,UNKNOWN/NA,UNKNOWN/NA,UNKNOWN,UNKNOWN/NA,,,1,,,,,,,,,,,,,,,,,,UNKNOWN,,,,,,,,,,,,,,,,,,,,,,,,,,,,,,,,,
1288064,498b037e6c2f929d063b163245d4b7008ecfed6e3e50c2dd62be13835a0013075f73a600535674c8b49286fe5cdaccd0a6b97401d8bbcd0fe24f7053578fba04,02/09/2022 03:00:00 PM,2,PARKED,,1223078,,KIA,FORTE,,2016,NONE,PASSENGER,UNKNOWN/NA,S,PARKED,,,0,,,,,Y,,,,,,,,,,Y,Y,,FRONT,,,,,,,,,,,,,,,,,,,,,,,,,,,,,,,,,
1278558,6a83413c8b10ea34538c97db3616b700c4e704836555d21ca57df2664feeaf50c2c7b7f3771cdadf8cc6e8754c69a6c5315569c5329370df42ccef72cf7280c3,02/09/2022 12:42:00 PM,1,DRIVER,2,1213930,,DODGE,AVENGER,IL,2010,NONE,PASSENGER,PERSONAL,NW,TURNING LEFT,Y,,3,,City of Chicago,City of Chicago,,Y,Y,,,,,,,,Y,Y,Y,,SIDE-RIGHT-FRONT,,,,,,,,,,,,,,,,,,,,,,,,,,,,,,,,,
1278559,6a83413c8b10ea34538c97db3616b700c4e704836555d21ca57df2664feeaf50c2c7b7f3771cdadf8cc6e8754c69a6c5315569c5329370df42ccef72cf7280c3,02/09/2022 12:42:00 PM,2,DRIVER,,1214309,,CHEVROLET,IMPALA,IL,2018,NONE,PASSENGER,PERSONAL,W,STRAIGHT AHEAD,Y,,1,,Insurance Tow,Auto Shop,,Y,,,,,,,,,Y,Y,Y,,FRONT-LEFT-CORNER,,,,,,,,,,,,,,,,,,,,,,,,,,,,,,,,,
1279251,e76eef2869683c768ff20289be9254a30aba65b2612188906f22fb735416f669ecd4a467686c34efeb175ee7b7007fb1ba55d7a839914947ff2041326f0c2b1a,02/09/2022 06:00:00 AM,1,DRIVER,,1214596,,UNKNOWN,OTHER (EXPLAIN IN NARRATIVE),IL,,UNKNOWN,UNKNOWN/NA,UNKNOWN/NA,UNKNOWN,UNKNOWN/NA,,,1,,,,,,,,,,,,,,,,,,UNKNOWN,,,,,,,,,,,,,,,,,,,,,,,,,,,,,,,,,
1279252,e76eef2869683c768ff20289be9254a30aba65b2612188906f22fb735416f669ecd4a467686c34efeb175ee7b7007fb1ba55d7a839914947ff2041326f0c2b1a,02/09/2022 06:00:00 AM,2,PARKED,,1214602,,TOYOTA,TUNDRA,IL,2019,NONE,TRUCK - SINGLE UNIT,NOT IN USE,S,PARKED,,,0,,,,,,,,,Y,Y,Y,Y,,,,,,REAR-LEFT-CORNER,,,,,,,,,,,,,,,,,,,,,,,,,,,,,,,,,
1278244,4cc4a917b8f3b2b2f65b7a5eb172ffe1b700dc803c098a6919a1d1fed6c02a9c80be2517e1a90243050d5e269fe5c5924184399b844bdbd377cdfbebce16c136,02/08/2022 07:21:00 PM,1,DRIVER,,1213611,,CHEVROLET,OTHER (EXPLAIN IN NARRATIVE),IL,2009,UNKNOWN,UNKNOWN/NA,PERSONAL,E,STRAIGHT AHEAD,Y,,1,,city of chicago,city pound,,Y,,,,,,,,,,,Y,,FRONT-RIGHT-CORNER,,,,,,,,,,,,,,,,,,,,,,,,,,,,,,,,,
1278245,4cc4a917b8f3b2b2f65b7a5eb172ffe1b700dc803c098a6919a1d1fed6c02a9c80be2517e1a90243050d5e269fe5c5924184399b844bdbd377cdfbebce16c136,02/08/2022 07:21:00 PM,2,DRIVER,,1213616,,LINCOLN,OTHER (EXPLAIN IN NARRATIVE),IL,2013,UNKNOWN,UNKNOWN/NA,PERSONAL,N,STRAIGHT AHEAD,Y,,1,,private tow,unknown,,,,,,,,,,,,Y,Y,,FRONT-LEFT-CORNER,,,,,,,,,,,,,,,,,,,,,,,,,,,,,,,,,
1276818,7de69a18a4fa615507d69a76b7355c7644f087349e0ed8d75e196702788a09c6a2898ddc3f03192893ec31eb70084d10e6e7401e6416f7c515189d65393907c4,02/06/2022 05:48:00 PM,1,DRIVER,1,1212221,,FORD,EXPLORER,IL,2012,NONE,PASSENGER,PERSONAL,N,STARTING IN TRAFFIC,,,2,,,,,,,,,,,,,,,,Y,,FRONT,,,,,,,,,,,,,,,,,,,,,,,,,,,,,,,,,
1276819,7de69a18a4fa615507d69a76b7355c7644f087349e0ed8d75e196702788a09c6a2898ddc3f03192893ec31eb70084d10e6e7401e6416f7c515189d65393907c4,02/06/2022 05:48:00 PM,2,DRIVER,1,1212227,,NISSAN,PATHFINDER,IL,2014,NONE,PASSENGER,PERSONAL,N,SLOW/STOP IN TRAFFIC,,,2,,,,,,,,,Y,Y,Y,,,,,,,REAR,,,,,,,,,,,,,,,,,,,,,,,,,,,,,,,,,
1274950,5ba0415db05d79cfb9b10643c88564e518e7cbb2cdf9486323791a7230e973f9267f42ec54924cfcaebe4597c353f8eb7002d98d44045f1f3b8b7afe95506979,02/03/2022 04:20:00 PM,1,DRIVER,,1210424,,BMW,X3,IL,2007,UNKNOWN,PASSENGER,PERSONAL,N,TURNING LEFT,,,1,,,,,Y,Y,,,,,,,,,,,,FRONT-RIGHT-CORNER,,,,,,,,,,,,,,,,,,,,,,,,,,,,,,,,,
1274951,5ba0415db05d79cfb9b10643c88564e518e7cbb2cdf9486323791a7230e973f9267f42ec54924cfcaebe4597c353f8eb7002d98d44045f1f3b8b7afe95506979,02/03/2022 04:20:00 PM,2,DRIVER,,1210438,,FORD,TRANSIT CONNECT,IL,2015,UNKNOWN,VAN/MINI-VAN,PERSONAL,W,STRAIGHT AHEAD,Y,,1,,private tow,4956 w belmont ave,,,,,,,,,,Y,Y,Y,,,SIDE-LEFT-FRONT,,,,,,,,,,,,,,,,,,,,,,,,,,,,,,,,,
1274952,5ba0415db05d79cfb9b10643c88564e518e7cbb2cdf9486323791a7230e973f9267f42ec54924cfcaebe4597c353f8eb7002d98d44045f1f3b8b7afe95506979,02/03/2022 04:20:00 PM,3,DRIVER,,1210446,,TOYOTA,SIENNA,IL,2020,UNKNOWN,VAN/MINI-VAN,TAXI/FOR HIRE,W,STRAIGHT AHEAD,,,1,,,,,,,,,Y,,,,,,,,,REAR-RIGHT-CORNER,,,,,,,,,,,,,,,,,,,,,,,,,,,,,,,,,
1274553,334857bbba245e4f8d9d7b7008aebed405b94458c1d2ee3c66406ff5579485e43b89aca0bd8fcfe2c9c98a4c681693cec1f2538aec50844fa6affcde83b6f288,02/02/2022 10:05:00 PM,1,DRIVER,,1210054,,UNKNOWN,MOTORIZED,IL,,UNKNOWN,UNKNOWN/NA,UNKNOWN/NA,S,STRAIGHT AHEAD,,,1,,,,,,,,,,,,,,Y,,,,SIDE-LEFT,,,,,,,,,,,,,,,,,,,,,,,,,,,,,,,,,
1274554,334857bbba245e4f8d9d7b7008aebed405b94458c1d2ee3c66406ff5579485e43b89aca0bd8fcfe2c9c98a4c681693cec1f2538aec50844fa6affcde83b6f288,02/02/2022 10:05:00 PM,2,DRIVER,,1210058,,TOYOTA,CAMRY,IL,2007,NONE,PASSENGER,PERSONAL,S,STRAIGHT AHEAD,,,1,,,,,,Y,,,,,,,,,,,,SIDE-RIGHT-FRONT,,,,,,,,,,,,,,,,,,,,,,,,,,,,,,,,,
1274532,05bf07e23137fd703623fad7c4bf2d7d0a2d9c8aa1889ab349100137fe4cccb484385954d303dac6de46bf6701b700e40b3534c50cca32e586f19720cfcf3bad,02/02/2022 07:25:00 PM,1,DRIVER,,1210028,,GENERAL MOTORS CORPORATION (GMC),SIERRA,IL,1996,UNKNOWN,PICKUP,UNKNOWN/NA,S,UNKNOWN/NA,,,1,,,,Y,,,,,,,,,,,,,,FRONT,,,,,,,,,,,,,,,,,,,,,,,,,,,,,,,,,
1274533,05bf07e23137fd703623fad7c4bf2d7d0a2d9c8aa1889ab349100137fe4cccb484385954d303dac6de46bf6701b700e40b3534c50cca32e586f19720cfcf3bad,02/02/2022 07:25:00 PM,2,PARKED,,1210031,,HYUNDAI,VELOSTAR,IL,2017,NONE,PASSENGER,NOT IN USE,S,PARKED,,,0,,,,,,,,,,,Y,,,,,,,REAR-LEFT-CORNER,,,,,,,,,,,,,,,,,,,,,,,,,,,,,,,,,
1273031,c2400a066450b138b700b56b50c836f2771fafc1d94959086b93942b1e74da9c43e64cadeab7489641b904e7ce51a2ec2adc447bf1515df7934717b520409ed2,01/31/2022 02:38:00 PM,1,DRIVER,,1208569,,NISSAN,ALTIMA,IL,,UNKNOWN,PASSENGER,UNKNOWN/NA,E,STRAIGHT AHEAD,,,1,,,,,,,,,,,,,,,,,Y,FRONT-RIGHT-CORNER,,,,,,,,,,,,,,,,,,,,,,,,,,,,,,,,,
1273032,c2400a066450b138b700b56b50c836f2771fafc1d94959086b93942b1e74da9c43e64cadeab7489641b904e7ce51a2ec2adc447bf1515df7934717b520409ed2,01/31/2022 02:38:00 PM,2,DRIVER,,1208572,,HONDA,CIVIC,IL,2013,UNKNOWN,PASSENGER,PERSONAL,E,STARTING IN TRAFFIC,,,1,,,,,,,,,,,,,,N,Y,Y,,FRONT-LEFT-CORNER,,,,,,,,,,,,,,,,,,,,,,,,,,,,,,,,,
1272722,3decaa12502002b4125ee577c62ba5d5c7f5396defba6da15f4e1c932febfdbe5dd3f4151a9cae795ccc6fc58395fc40ff934ec1fc794bb051aa89aeb4b70042,01/31/2022 08:00:00 AM,1,DRIVER,,1208270,,FORD,FUSION,IL,2018,UNKNOWN,UNKNOWN/NA,UNKNOWN/NA,N,TURNING LEFT,,,1,,,,,Y,,,,,,,,,,,Y,Y,UNKNOWN,,,,,,,,,,,,,,,,,,,,,,,,,,,,,,,,,
1272723,3decaa12502002b4125ee577c62ba5d5c7f5396defba6da15f4e1c932febfdbe5dd3f4151a9cae795ccc6fc58395fc40ff934ec1fc794bb051aa89aeb4b70042,01/31/2022 08:00:00 AM,2,DRIVER,,1208280,,HONDA,CIVIC,IL,1998,NONE,PASSENGER,PERSONAL,N,STRAIGHT AHEAD,,,1,,,,,,,,,Y,Y,Y,,,,,,,REAR,,,,,,,,,,,,,,,,,,,,,,,,,,,,,,,,,
1271728,3c9e212e8b879ed55c886bf5373c1eb72f315d5b85be248ccb256194a77b7003203006fbc8c1f0e0f225afb803e0cfbeef6e14a85fb1c0ae1f703bdb391a1d6f,01/29/2022 10:30:00 AM,1,DRIVER,,1207306,,FORD,OTHER (EXPLAIN IN NARRATIVE),IL,2006,UNKNOWN,PICKUP,UNKNOWN/NA,N,STRAIGHT AHEAD,,,1,,,,,,,,,,,,,,,,,,UNKNOWN,,,,,,,,,,,,,,,,,,,,,,,,,,,,,,,,,
1271729,3c9e212e8b879ed55c886bf5373c1eb72f315d5b85be248ccb256194a77b7003203006fbc8c1f0e0f225afb803e0cfbeef6e14a85fb1c0ae1f703bdb391a1d6f,01/29/2022 10:30:00 AM,2,DRIVER,1,1207309,,MERCEDES-BENZ,OTHER (EXPLAIN IN NARRATIVE),IL,,NONE,PASSENGER,PERSONAL,N,STRAIGHT AHEAD,,,2,,,,,,,,,,,Y,Y,Y,,,,,REAR-LEFT-CORNER,,,,,,,,,,,,,,,,,,,,,,,,,,,,,,,,,
1270869,495a8c7a1637b2b1b700af437d5c18056dc77b8e922554192cd4f89fbfecffedba1681bc45e831faa8b240b037fce5384650106cc881bb8ccf7fb9370e423e91,01/28/2022 12:29:00 AM,1,DRIVER,,1206471,,CADILLAC,OTHER (EXPLAIN IN NARRATIVE),IL,2008,UNKNOWN,PASSENGER,UNKNOWN/NA,S,STRAIGHT AHEAD,,,1,,,,,,,,,,,,,,,,,,FRONT,,,,,,,,,,,,,,,,,,,,,,,,,,,,,,,,,
1270870,495a8c7a1637b2b1b700af437d5c18056dc77b8e922554192cd4f89fbfecffedba1681bc45e831faa8b240b037fce5384650106cc881bb8ccf7fb9370e423e91,01/28/2022 12:29:00 AM,2,DRIVER,,1206474,,KIA,OPTIMA / K5,IL,2016,UNKNOWN,PASSENGER,PERSONAL,W,STRAIGHT AHEAD,Y,,1,,private tow,9049 S. Halsted,,,,,Y,Y,Y,Y,Y,,,,,,UNKNOWN,,,,,,,,,,,,,,,,,,,,,,,,,,,,,,,,,
1270318,15173887cefb3b3cfb9c1e7d804a7c994982951badb9bb3b700cf97a22b7a0998d4e0ae99e9252c92bb282e0e6ac245b548f9503079ce428bef33b32ed79919f,01/26/2022 09:30:00 AM,1,DRIVER,,1205985,,CHEVROLET,TAHOE,IL,2004,UNKNOWN,PASSENGER,PERSONAL,N,UNKNOWN/NA,,,1,,,,,,,,,,,,,,,,Y,,FRONT,,,,,,,,,,,,,,,,,,,,,,,,,,,,,,,,,
1270319,15173887cefb3b3cfb9c1e7d804a7c994982951badb9bb3b700cf97a22b7a0998d4e0ae99e9252c92bb282e0e6ac245b548f9503079ce428bef33b32ed79919f,01/26/2022 09:30:00 AM,2,DRIVER,,1205989,,FORD,ESCAPE,IL,2011,NONE,PASSENGER,PERSONAL,N,OTHER,,,1,,,,,,,,,,,,,Y,,,,,REAR,,,,,,,,,,,,,,,,,,,,,,,,,,,,,,,,,
1268407,439a1c32fd2073c5233c8fac657d8ecf0eea00ec6d309fd0d8358f17cb5512b70009adf26fa27d4749c15f2d0871d499ec54899e70307c60768e2f2a042224c6,01/24/2022 09:20:00 AM,1,DRIVER,,1204087,,BUICK,LACROSSE,,,UNKNOWN,PASSENGER,PERSONAL,W,STRAIGHT AHEAD,,,1,,,,,,,,,,,,,,,,,,FRONT,,,,,,,,,,,,,,,,,,,,,,,,,,,,,,,,,
1268408,439a1c32fd2073c5233c8fac657d8ecf0eea00ec6d309fd0d8358f17cb5512b70009adf26fa27d4749c15f2d0871d499ec54899e70307c60768e2f2a042224c6,01/24/2022 09:20:00 AM,2,DRIVER,,1204093,,TESLA,MODEL 3,,,UNKNOWN,PASSENGER,RIDESHARE SERVICE,W,STRAIGHT AHEAD,,,1,,,,,,,,,,,,,,,,,,REAR,,,,,,,,,,,,,,,,,,,,,,,,,,,,,,,,,
1268266,3ffb67d6ac8f15a3b7c56a6a6b6e18e4690839778f60dd74c430294f35579dd45c8a68006295d80f89d7625ed1c9554b761281e5ceadc91406b70065dd66ac94,01/24/2022 04:20:00 AM,1,DRIVER,,1203953,,INFINITI,FX45,IL,2008,OTHER,PASSENGER,PERSONAL,N,STRAIGHT AHEAD,Y,,1,,,,,Y,,,,,,,,,,Y,Y,,FRONT,,,,,,,,,,,,,,,,,,,,,,,,,,,,,,,,,
1268267,3ffb67d6ac8f15a3b7c56a6a6b6e18e4690839778f60dd74c430294f35579dd45c8a68006295d80f89d7625ed1c9554b761281e5ceadc91406b70065dd66ac94,01/24/2022 04:20:00 AM,2,PARKED,,1203955,,NISSAN,ALTIMA,IL,2008,NONE,PASSENGER,NOT IN USE,N,PARKED,,,0,,,,,,Y,Y,Y,Y,,,,,,,,,SIDE-RIGHT,,,,,,,,,,,,,,,,,,,,,,,,,,,,,,,,,
1268268,3ffb67d6ac8f15a3b7c56a6a6b6e18e4690839778f60dd74c430294f35579dd45c8a68006295d80f89d7625ed1c9554b761281e5ceadc91406b70065dd66ac94,01/24/2022 04:20:00 AM,3,PARKED,,1203956,,CHEVROLET,IMPALA,IL,2008,NONE,PASSENGER,NOT IN USE,N,PARKED,,,0,,,,,,Y,Y,Y,Y,Y,,,,,,,,SIDE-RIGHT,,,,,,,,,,,,,,,,,,,,,,,,,,,,,,,,,
1268269,3ffb67d6ac8f15a3b7c56a6a6b6e18e4690839778f60dd74c430294f35579dd45c8a68006295d80f89d7625ed1c9554b761281e5ceadc91406b70065dd66ac94,01/24/2022 04:20:00 AM,4,PARKED,,1203957,,HYUNDAI,SANTA FE,IL,2015,NONE,PASSENGER,NOT IN USE,N,PARKED,,,0,,,,,,,,,,Y,,,,,,,,REAR,,,,,,,,,,,,,,,,,,,,,,,,,,,,,,,,,
1268662,b549c4ad88e1a286b6e35f99540e9d12871bdd49ba14e54b700b3cfd890ebf86689f1d5a67903b1c75413cc5c4830fbf12a44ab61b442f68d6f28fa6210033a2,01/23/2022 03:28:00 PM,1,DRIVER,,1204332,,UNKNOWN,ENCLOSED BODY,IL,,UNKNOWN,PASSENGER,UNKNOWN/NA,N,UNKNOWN/NA,,,1,,,,,,,,,,,,,,,,,Y,UNKNOWN,,,,,,,,,,,,,,,,,,,,,,,,,,,,,,,,,
1268663,b549c4ad88e1a286b6e35f99540e9d12871bdd49ba14e54b700b3cfd890ebf86689f1d5a67903b1c75413cc5c4830fbf12a44ab61b442f68d6f28fa6210033a2,01/23/2022 03:28:00 PM,2,PARKED,,1204337,,TOYOTA,CAMRY,IL,2022,NONE,PASSENGER,PERSONAL,N,PARKED,,,0,,,,,,,,,,,,,,Y,,,,SIDE-LEFT-FRONT,,,,,,,,,,,,,,,,,,,,,,,,,,,,,,,,,
1265655,ecfde209f07f596274d9e6521dfd680f139efa6762bd80dcccb303743cdc9081e9e95e6b2b700772e26e72b9fa026cf7c3e9f8151544b0958ea777cfc1c35469,01/19/2022 11:15:00 AM,1,DRIVER,,1201476,,HONDA,RIDGELINE,IL,2008,UNKNOWN,PICKUP,PERSONAL,E,STRAIGHT AHEAD,,,1,,,,,,,,,,,,,,,Y,,,FRONT-LEFT-CORNER,,,,,,,,,,,,,,,,,,,,,,,,,,,,,,,,,
1265656,ecfde209f07f596274d9e6521dfd680f139efa6762bd80dcccb303743cdc9081e9e95e6b2b700772e26e72b9fa026cf7c3e9f8151544b0958ea777cfc1c35469,01/19/2022 11:15:00 AM,2,DRIVER,,1201480,,DODGE,DURANGO,IL,2021,UNKNOWN,SPORT UTILITY VEHICLE (SUV),PERSONAL,E,STRAIGHT AHEAD,,,1,,,,,Y,Y,Y,,,,,,,,,,,SIDE-RIGHT,,,,,,,,,,,,,,,,,,,,,,,,,,,,,,,,,
1264368,4414231dfb76d5c7412ad6fcb3880d5e9f6171181df6771c97e86a6153257af0ea6d84f4c142cb7240e32ee8750fe975b700f0b84fd54356553f470467c1cfc0,01/17/2022 10:00:00 AM,1,DRIVER,,1200238,,CHEVROLET,BLAZER,IL,2016,UNKNOWN,PASSENGER,UNKNOWN/NA,W,STRAIGHT AHEAD,,,1,,,,,,,,,,,,,,,Y,,,FRONT-RIGHT-CORNER,,,,,,,,,,,,,,,,,,,,,,,,,,,,,,,,,
1264369,4414231dfb76d5c7412ad6fcb3880d5e9f6171181df6771c97e86a6153257af0ea6d84f4c142cb7240e32ee8750fe975b700f0b84fd54356553f470467c1cfc0,01/17/2022 10:00:00 AM,2,DRIVER,,1200240,,TOYOTA,SIENNA,IL,2019,NONE,PASSENGER,TAXI/FOR HIRE,W,STRAIGHT AHEAD,,,1,,,,,,,Y,,,,,,,,,,,SIDE-LEFT,,,,,,,,,,,,,,,,,,,,,,,,,,,,,,,,,
1264349,a6303f01412ce029e3ff641e1f215602acbfc0ecaaefecb142c03f2ce7e321c02b2d8f8dccf392b700b4f9bcf4f4985845dd68f44b6dd361b24f2641032f2ecf,01/17/2022 07:58:00 AM,1,DRIVER,1,1200217,,ACURA,RLX,IL,2002,NONE,PASSENGER,PERSONAL,S,SKIDDING/CONTROL LOSS,Y,,2,,STREETS AND SAN,LSD & LAWRENCE AVE,,Y,Y,Y,Y,,,,,,Y,Y,Y,,SIDE-RIGHT,,,,,,,,,,,,,,,,,,,,,,,,,,,,,,,,,
1264350,a6303f01412ce029e3ff641e1f215602acbfc0ecaaefecb142c03f2ce7e321c02b2d8f8dccf392b700b4f9bcf4f4985845dd68f44b6dd361b24f2641032f2ecf,01/17/2022 07:58:00 AM,2,DRIVER,,1200222,,CHEVROLET,IMPALA,IL,2007,NONE,PASSENGER,PERSONAL,S,STRAIGHT AHEAD,,,1,,,,,Y,Y,,,,,Y,Y,,,,,,SIDE-LEFT-REAR,,,,,,,,,,,,,,,,,,,,,,,,,,,,,,,,,
1263676,20ae8c7e8ded2bb6e71ae29f964991314f5c59166ab05a89b051076f8c362d8b3ccc4e9fbfc3ad4eb700be68828cc5f638d3768fa1fa5f19b5349a45241d34ca,01/15/2022 06:23:00 PM,1,DRIVER,,1199577,,CHEVROLET,EQUINOX,IA,2006,NONE,PASSENGER,PERSONAL,N,BACKING,,,1,,,,,N,,,,Y,Y,Y,,,,,,,REAR-LEFT-CORNER,,,,,,,,,,,,,,,,,,,,,,,,,,,,,,,,,
1262912,8910324e4195f0eeb3e4cc848bc2d8f66385b5c37dda92901dfffb95823580c3f4986e9412966be5b59d7c554d8dbc5ca8ea048a4e05f3046b721e7f9eb70009,01/14/2022 04:40:00 PM,1,DRIVER,,1198834,,CHEVROLET,OTHER (EXPLAIN IN NARRATIVE),IL,2015,UNKNOWN,PASSENGER,UNKNOWN/NA,E,STRAIGHT AHEAD,,,1,,,,,,,,,,,,,,,,,Y,FRONT,,,,,,,,,,,,,,,,,,,,,,,,,,,,,,,,,
1262913,8910324e4195f0eeb3e4cc848bc2d8f66385b5c37dda92901dfffb95823580c3f4986e9412966be5b59d7c554d8dbc5ca8ea048a4e05f3046b721e7f9eb70009,01/14/2022 04:40:00 PM,2,DRIVER,,1198842,,HONDA,CR-V,IL,2007,NONE,SPORT UTILITY VEHICLE (SUV),PERSONAL,N,STRAIGHT AHEAD,,,1,,,,,,,,,,,,Y,Y,Y,,,,SIDE-LEFT,,,,,,,,,,,,,,,,,,,,,,,,,,,,,,,,,
1262877,4b700dcd09192db88924bdfa93a537c0958c195cd0db30f7cf1c66262d54dbc766c5507b51c336d837bcc66e450b2941287177d85962d67906d905be1d86e96e,01/14/2022 03:09:00 PM,1,DRIVER,1,1198803,,NISSAN,KICKS,IL,2020,UNKNOWN,PASSENGER,PERSONAL,S,STRAIGHT AHEAD,,,2,,,,,,,,,,,,,,,Y,,,FRONT-LEFT-CORNER,,,,,,,,,,,,,,,,,,,,,,,,,,,,,,,,,
1262878,4b700dcd09192db88924bdfa93a537c0958c195cd0db30f7cf1c66262d54dbc766c5507b51c336d837bcc66e450b2941287177d85962d67906d905be1d86e96e,01/14/2022 03:09:00 PM,2,DRIVER,1,1198815,,CHEVROLET,TRAIL BLAZER,IL,2006,UNKNOWN,SPORT UTILITY VEHICLE (SUV),PERSONAL,W,OTHER,,,2,,,,,,,,,,,,,,,,Y,,FRONT,,,,,,,,,,,,,,,,,,,,,,,,,,,,,,,,,
1262420,eaab82239f2f27b1ab167cc31ccddbd40409483b95dd3871e0d2cdab873b70218c64fec83a6b250898097c77569427cb684884823b5f2c16b7002d4ccad1aa49,01/13/2022 08:33:00 PM,1,DRIVER,,1198368,,HYUNDAI,ELANTRA,IL,2021,NONE,PASSENGER,OTHER,W,TURNING LEFT,,,1,,,,,,,,,,,,,,,Y,,N,FRONT-LEFT-CORNER,,,,,,,,,,,,,,,,,,,,,,,,,,,,,,,,,
1262421,eaab82239f2f27b1ab167cc31ccddbd40409483b95dd3871e0d2cdab873b70218c64fec83a6b250898097c77569427cb684884823b5f2c16b7002d4ccad1aa49,01/13/2022 08:33:00 PM,2,DRIVER,,1198373,,NISSAN,VERSA,IL,2019,NONE,PASSENGER,PERSONAL,W,STRAIGHT AHEAD,,,1,,,,,,Y,Y,Y,,,,,,,,,,SIDE-RIGHT,,,,,,,,,,,,,,,,,,,,,,,,,,,,,,,,,
1261877,28ae0d4dee145bb8d2a4a85558b7000cec3b0675257d76824dc55b864dc0f163466515c4518856a89adcc664d04e5ca2df7e5b5e56727125e11db489df3770f4,01/12/2022 07:36:00 PM,1,DRIVER,,1197848,,UNKNOWN,OTHER (EXPLAIN IN NARRATIVE),IL,,NONE,PASSENGER,PERSONAL,S,STRAIGHT AHEAD,,,1,,,,,,,,,,,,,,Y,Y,Y,,FRONT-LEFT-CORNER,,,,,,,,,,,,,,,,,,,,,,,,,,,,,,,,,
1261878,28ae0d4dee145bb8d2a4a85558b7000cec3b0675257d76824dc55b864dc0f163466515c4518856a89adcc664d04e5ca2df7e5b5e56727125e11db489df3770f4,01/12/2022 07:36:00 PM,2,DRIVER,,1197853,,KIA,OPTIMA / K5,IL,2017,NONE,PASSENGER,PERSONAL,S,CHANGING LANES,Y,,1,,PRIVATE TOW,,,,,,,,,,,,,N,N,,REAR-RIGHT-CORNER,,,,,,,,,,,,,,,,,,,,,,,,,,,,,,,,,