CRASH_UNIT_ID,CRASH_RECORD_ID,CRASH_DATE,UNIT_NO,UNIT_TYPE,NUM_PASSENGERS,VEHICLE_ID,CMRC_VEH_I,MAKE,MODEL,LIC_PLATE_STATE,VEHICLE_YEAR,VEHICLE_DEFECT,VEHICLE_TYPE,VEHICLE_USE,TRAVEL_DIRECTION,MANEUVER,TOWED_I,FIRE_I,OCCUPANT_CNT,EXCEED_SPEED_LIMIT_I,TOWED_BY,TOWED_TO,AREA_00_I,AREA_01_I,AREA_02_I,AREA_03_I,AREA_04_I,AREA_05_I,AREA_06_I,AREA_07_I,AREA_08_I,AREA_09_I,AREA_10_I,AREA_11_I,AREA_12_I,AREA_99_I,FIRST_CONTACT_POINT,CMV_ID,USDOT_NO,CCMC_NO,ILCC_NO,COMMERCIAL_SRC,GVWR,CARRIER_NAME,CARRIER_STATE,CARRIER_CITY,HAZMAT_PLACARDS_I,HAZMAT_NAME,UN_NO,HAZMAT_PRESENT_I,HAZMAT_REPORT_I,HAZMAT_REPORT_NO,MCS_REPORT_I,MCS_REPORT_NO,HAZMAT_VIO_CAUSE_CRASH_I,MCS_VIO_CAUSE_CRASH_I,IDOT_PERMIT_NO,WIDE_LOAD_I,TRAILER1_WIDTH,TRAILER2_WIDTH,TRAILER1_LENGTH,TRAILER2_LENGTH,TOTAL_VEHICLE_LENGTH,AXLE_CNT,VEHICLE_CONFIG,CARGO_BODY_TYPE,LOAD_TYPE,HAZMAT_OUT_OF_SERVICE_I,MCS_OUT_OF_SERVICE_I,HAZMAT_CLASS
1261341,468c010cce4e8ee64f3519d702dd95cf890474344a1acfeb8a67a568194e1dc89cb9a9144ab7003281eee8c4b96f0b97f8afb427eb3176ba39da73f5ad1477bd,01/11/2022 06:30:00 PM,1,DRIVER,,1197325,,JEEP,CHEROKEE,IL,,UNKNOWN,UNKNOWN/NA,UNKNOWN/NA,UNKNOWN,TURNING RIGHT,,,1,,,,,,,,,,,,,,,,,Y,UNKNOWN,,,,,,,,,,,,,,,,,,,,,,,,,,,,,,,,,
1261342,468c010cce4e8ee64f3519d702dd95cf890474344a1acfeb8a67a568194e1dc89cb9a9144ab7003281eee8c4b96f0b97f8afb427eb3176ba39da73f5ad1477bd,01/11/2022 06:30:00 PM,2,DRIVER,,1197329,,INFINITI,OTHER (EXPLAIN IN NARRATIVE),IL,2018,NONE,PASSENGER,PERSONAL,W,TURNING RIGHT,,,1,,,,,,,,,,,,,,Y,Y,,,FRONT-LEFT-CORNER,,,,,,,,,,,,,,,,,,,,,,,,,,,,,,,,,
1261038,1e37e7cea64030a15b6954b475f58ec7a36e7bc01cf1d2db7cb1b7008bf89a56bb0b8ec9f60a0307881ede831bbd6e4cf857afe3446d23046f64ae4426f9b46a,01/11/2022 11:13:00 AM,1,DRIVER,,1197038,,CADILLAC,XT5,IL,2016,NONE,PASSENGER,PERSONAL,W,TURNING LEFT,,,1,,,,,Y,Y,Y,Y,Y,Y,,,,,,,,SIDE-RIGHT,,,,,,,,,,,,,,,,,,,,,,,,,,,,,,,,,
1261039,1e37e7cea64030a15b6954b475f58ec7a36e7bc01cf1d2db7cb1b7008bf89a56bb0b8ec9f60a0307881ede831bbd6e4cf857afe3446d23046f64ae4426f9b46a,01/11/2022 11:13:00 AM,2,DRIVER,,1197041,Y,FREIGHTLINER CORPORATION,FREIGHTLINER CORP.,MI,2014,NONE,SINGLE UNIT TRUCK WITH TRAILER,COMMERCIAL - SINGLE UNIT,W,TURNING LEFT,,,1,,,,,,,,,,,,Y,,,,,,SIDE-LEFT,13791,3521363,,,LOG BOOK,1,HTR TRUCKING LLC,MI,DEARBORN HEIGHTS,,,,N,N,,N,,N,,,,,,,,,,TRACTOR/SEMI-TRAILER,,UNKNOWN,N,N,
1260500,fef2d9f5cae768c96c41792e4486237f1086da7fe0ea081c5578da18372fb5afb70037b560c970087b33dde11b80566554ba4cbfd96c50de9ed31ff7c8424693,01/10/2022 09:50:00 AM,1,DRIVER,,1196518,,NISSAN,ALTIMA,IL,,UNKNOWN,PASSENGER,UNKNOWN/NA,S,MERGING,,,1,,,,,,,,,,,,,,,Y,,,FRONT-LEFT-CORNER,,,,,,,,,,,,,,,,,,,,,,,,,,,,,,,,,
1260501,fef2d9f5cae768c96c41792e4486237f1086da7fe0ea081c5578da18372fb5afb70037b560c970087b33dde11b80566554ba4cbfd96c50de9ed31ff7c8424693,01/10/2022 09:50:00 AM,2,DRIVER,1,1196522,,FORD,F550,IL,2019,NONE,BUS OVER 15 PASS.,OTHER,S,STRAIGHT AHEAD,,,2,,,,,Y,Y,,,,,,,,,,,,FRONT-RIGHT-CORNER,,,,,,,,,,,,,,,,,,,,,,,,,,,,,,,,,
1260460,91a2377ec3dcba7c2ae9d441bc4ef63d287a1c1a724e8a9d5aa444b883d04d7ba05b28c5fdb700bf97488617ba9f6aa4b30dae5df7d9fb73c5685f0aa94b1169,01/10/2022 09:40:00 AM,1,DRIVER,,1196482,,DODGE,RAM 1500 PU,IL,2014,UNKNOWN,PICKUP,PERSONAL,N,STRAIGHT AHEAD,,,1,,,,,,,,,,,,,,,,Y,,FRONT,,,,,,,,,,,,,,,,,,,,,,,,,,,,,,,,,
1260461,91a2377ec3dcba7c2ae9d441bc4ef63d287a1c1a724e8a9d5aa444b883d04d7ba05b28c5fdb700bf97488617ba9f6aa4b30dae5df7d9fb73c5685f0aa94b1169,01/10/2022 09:40:00 AM,2,DRIVER,,1196488,,FORD,FUSION,IL,2010,UNKNOWN,PASSENGER,PERSONAL,E,STRAIGHT AHEAD,Y,,1,,private,,,,,,Y,Y,,,,,,,,,SIDE-RIGHT-REAR,,,,,,,,,,,,,,,,,,,,,,,,,,,,,,,,,
1260447,ffb8e62d28b95937c837b644b0135d96da76bb70562fb2de30ec00618f33afb700b24f6e38be1af0bc9b677869a50e7279c9ab0d30d81dc19d28f92c4b24c198,01/10/2022 01:15:00 AM,1,DRIVER,2,1196471,,FORD,FUSION,IL,2018,UNKNOWN,PASSENGER,PERSONAL,W,STRAIGHT AHEAD,,,3,,,,,,,,,,,Y,Y,Y,Y,Y,,,SIDE-LEFT,,,,,,,,,,,,,,,,,,,,,,,,,,,,,,,,,
1259826,a847c708e2a3f19640141099a4ec796ca4229c2d09a21efba8e14948358417b7004167abb20a690017fac8c3cc83c5763fe3d0361e34cb072da13fdb57ba4512,01/09/2022 12:00:00 AM,1,DRIVER,,1195869,,MASERATI,OTHER (EXPLAIN IN NARRATIVE),IL,2017,UNKNOWN,PASSENGER,PERSONAL,W,STRAIGHT AHEAD,Y,,1,,PRIVATE,UNKNOWN,,Y,Y,,,,,,,,,,,,FRONT-RIGHT-CORNER,,,,,,,,,,,,,,,,,,,,,,,,,,,,,,,,,
1259827,a847c708e2a3f19640141099a4ec796ca4229c2d09a21efba8e14948358417b7004167abb20a690017fac8c3cc83c5763fe3d0361e34cb072da13fdb57ba4512,01/09/2022 12:00:00 AM,2,DRIVER,,1195874,,CHEVROLET,EQUINOX,IL,2020,UNKNOWN,PASSENGER,CTA,W,STRAIGHT AHEAD,,,1,,,,,,,,,Y,Y,,,,,,,,REAR,,,,,,,,,,,,,,,,,,,,,,,,,,,,,,,,,
1258729,aac05f98c4e8e38a9077145f29fd2b4af47e96768fb9cbe7d1ec640d493ec93da0aa56701f5ad3bd0efb700e8252bc80d00abf7433bce8f593ae297a16d14da9,01/06/2022 10:15:00 PM,1,DRIVER,,1194818,,GENERAL MOTORS CORPORATION (GMC),YUKON,IL,,UNKNOWN,UNKNOWN/NA,UNKNOWN/NA,W,PASSING/OVERTAKING,,,1,,,,,Y,,,,,,,,,,,,N,FRONT-RIGHT-CORNER,,,,,,,,,,,,,,,,,,,,,,,,,,,,,,,,,
1258730,aac05f98c4e8e38a9077145f29fd2b4af47e96768fb9cbe7d1ec640d493ec93da0aa56701f5ad3bd0efb700e8252bc80d00abf7433bce8f593ae297a16d14da9,01/06/2022 10:15:00 PM,2,DRIVER,3,1194820,,CHEVROLET,TRAIL BLAZER,IL,2002,UNKNOWN,SPORT UTILITY VEHICLE (SUV),PERSONAL,W,STRAIGHT AHEAD,Y,,4,,PRIVATE TOW,,,,,,,,,Y,,,,,,N,REAR-LEFT-CORNER,,,,,,,,,,,,,,,,,,,,,,,,,,,,,,,,,
1257251,b4df9a1186980045510a222d88a12b72ae4ed9d471e030efb7007251772433cedc3cee1a223aa9ebea849328f6a4239503a73473eaea0c47e138119afe850f18,01/04/2022 08:50:00 AM,1,DRIVER,,1193395,,ACURA,CL,IL,2011,UNKNOWN,PASSENGER,PERSONAL,E,STRAIGHT AHEAD,,,1,,,,,,,,,,,,,,,,Y,,FRONT,,,,,,,,,,,,,,,,,,,,,,,,,,,,,,,,,
1257252,b4df9a1186980045510a222d88a12b72ae4ed9d471e030efb7007251772433cedc3cee1a223aa9ebea849328f6a4239503a73473eaea0c47e138119afe850f18,01/04/2022 08:50:00 AM,2,DRIVER,,1193392,,HYUNDAI,SANTA FE,IL,2018,NONE,PASSENGER,PERSONAL,E,SLOW/STOP IN TRAFFIC,,,1,,,,,,,,,,Y,,,,,,,,REAR,,,,,,,,,,,,,,,,,,,,,,,,,,,,,,,,,
1257181,784bd8c5092fb921f8dcaee647b700471fca0bbc85c09f16593fc0d13b5005b40c953eb7262349fde12c16c8f3045248174457050b9eb0015edc841533bb2c03,01/04/2022 12:29:00 AM,1,DRIVER,1,1193334,,TOYOTA,CAMRY,IL,2019,NONE,PASSENGER,PERSONAL,S,STRAIGHT AHEAD,,,2,,,,,Y,,,,,,,,,,Y,Y,,FRONT,,,,,,,,,,,,,,,,,,,,,,,,,,,,,,,,,
1256685,85b700da4b200d8f041e90c517f58252094e10f968407fbb4988ff605357e5741c03fddffb649e7f79340185e08a43a320f316d1c05b3e60958abfe3e11d074f,01/03/2022 09:00:00 AM,1,DRIVER,,1192850,,NISSAN,SENTRA,,2008,UNKNOWN,PASSENGER,UNKNOWN/NA,N,UNKNOWN/NA,,,1,,,,,,,,,,,,,,,,Y,,FRONT,,,,,,,,,,,,,,,,,,,,,,,,,,,,,,,,,
1256686,85b700da4b200d8f041e90c517f58252094e10f968407fbb4988ff605357e5741c03fddffb649e7f79340185e08a43a320f316d1c05b3e60958abfe3e11d074f,01/03/2022 09:00:00 AM,2,DRIVER,,1192857,,TOYOTA,RAV4,IL,2015,UNKNOWN,SPORT UTILITY VEHICLE (SUV),PERSONAL,N,OTHER,,,1,,,,,,,,,,Y,,,,,,,,REAR,,,,,,,,,,,,,,,,,,,,,,,,,,,,,,,,,
1255454,9624fa7c14933e6328d6a6b41ca1c71b5657ee90538ba9c5f191262d9c2b66161c0efd74312ddb2b5c155725e9628c369c0795aae318ca472aab7003a12286d6,12/31/2021 04:57:00 PM,1,DRIVER,,1191701,,SUBARU,OTHER (EXPLAIN IN NARRATIVE),,,UNKNOWN,PASSENGER,PERSONAL,S,STRAIGHT AHEAD,,,1,,,,,,,,Y,Y,,,,,,,,,REAR-RIGHT-CORNER,,,,,,,,,,,,,,,,,,,,,,,,,,,,,,,,,
1255455,9624fa7c14933e6328d6a6b41ca1c71b5657ee90538ba9c5f191262d9c2b66161c0efd74312ddb2b5c155725e9628c369c0795aae318ca472aab7003a12286d6,12/31/2021 04:57:00 PM,2,DRIVER,,1191709,,MERCEDES-BENZ,A-CLASS,IL,2019,NONE,PASSENGER,PERSONAL,E,TURNING LEFT,,,1,,,,,Y,Y,,,,,,,,,,,,FRONT-RIGHT-CORNER,,,,,,,,,,,,,,,,,,,,,,,,,,,,,,,,,
1256322,6bebb64076105a85a81c322fe656d195f7661d4b700af726b7e2c388ee95580c2d94ec9c92700dcc1e10589b901d918b8cb0568e0ee7be9e6026f61bbf977b02,12/30/2021 10:30:00 AM,1,DRIVER,,1192506,,TOYOTA,OTHER (EXPLAIN IN NARRATIVE),IL,1999,UNKNOWN,PASSENGER,UNKNOWN/NA,W,STRAIGHT AHEAD,,,1,,,,,Y,,,,,,,,,,,Y,,FRONT-RIGHT-CORNER,,,,,,,,,,,,,,,,,,,,,,,,,,,,,,,,,
1256323,6bebb64076105a85a81c322fe656d195f7661d4b700af726b7e2c388ee95580c2d94ec9c92700dcc1e10589b901d918b8cb0568e0ee7be9e6026f61bbf977b02,12/30/2021 10:30:00 AM,2,DRIVER,,1192509,,BMW,X3,IL,2021,UNKNOWN,PASSENGER,UNKNOWN/NA,W,SLOW/STOP IN TRAFFIC,,,1,,,,,,,,,,Y,Y,,,,,,,REAR-LEFT-CORNER,,,,,,,,,,,,,,,,,,,,,,,,,,,,,,,,,
1253434,8ee77681b8ec129b12209546e44eacc128e806792282e5cb23fc196a1cdb085d1222b77591bb4aed58ecaf43a63b7007ede40a407670bfe03526be240e3cf229,12/27/2021 03:15:00 PM,1,DRIVER,,1189765,N,TOYOTA,AVALON,IL,2006,NONE,PASSENGER,PERSONAL,SE,CHANGING LANES,,,1,,,,,Y,Y,,,,,,,,,,,,FRONT-RIGHT-CORNER,,,,,,,,,,,,,,,,,,,,,,,,,,,,,,,,,
1253435,8ee77681b8ec129b12209546e44eacc128e806792282e5cb23fc196a1cdb085d1222b77591bb4aed58ecaf43a63b7007ede40a407670bfe03526be240e3cf229,12/27/2021 03:15:00 PM,2,DRIVER,1,1189778,,SATURN,VUE,IL,2004,NONE,PASSENGER,PERSONAL,SW,CHANGING LANES,Y,,2,,PRIVATE,,,,,,,,,Y,Y,,,,,,SIDE-LEFT-REAR,,,,,,,,,,,,,,,,,,,,,,,,,,,,,,,,,
1253329,cd49ec575ecf675619d0ad42eb8bd2e58b10b43c3760368806f87a3701b631bb1d23b7005add331a9da0817d7c7ed87aa494fb8ee1ea5121c53b860a94abc87b,12/27/2021 01:08:00 PM,1,DRIVER,,1189705,,NISSAN,OTHER (EXPLAIN IN NARRATIVE),,2013,UNKNOWN,PASSENGER,PERSONAL,N,BACKING,,,1,,,,,,,,,,Y,,,,,,,,REAR,,,,,,,,,,,,,,,,,,,,,,,,,,,,,,,,,
1253330,cd49ec575ecf675619d0ad42eb8bd2e58b10b43c3760368806f87a3701b631bb1d23b7005add331a9da0817d7c7ed87aa494fb8ee1ea5121c53b860a94abc87b,12/27/2021 01:08:00 PM,2,PARKED,,1189676,,CHEVROLET,EQUINOX,IL,2019,UNKNOWN,PASSENGER,PERSONAL,N,PARKED,,,0,,,,,,,,,,,,,,,,Y,,FRONT,,,,,,,,,,,,,,,,,,,,,,,,,,,,,,,,,
1252279,20b65ccf8ce324070ab2654db2ca62ccbfbe2e59e9b700f18b77fa42e5f46380f2717d2192e725382c5547a10cf0f668595a0f1977247321e503dc16505a5658,12/24/2021 08:09:00 PM,1,DRIVER,2,1188650,,CHEVROLET,EQUINOX,IL,2011,UNKNOWN,PASSENGER,PERSONAL,E,STRAIGHT AHEAD,Y,,3,,owner of vehicle,,,Y,Y,Y,Y,,,,,,,Y,Y,,FRONT,,,,,,,,,,,,,,,,,,,,,,,,,,,,,,,,,
1245719,c26fdf30eded8fe16b5d1d6d34589bfd29ff42a5d9a61f7e7cb700cb61f3b1c06656275ab20a3e123df45692262f0b3ff6cd207322c84a213227e3e0660f8d65,12/13/2021 07:00:00 PM,1,DRIVER,,1182355,,NISSAN,ALTIMA,IL,,UNKNOWN,UNKNOWN/NA,UNKNOWN/NA,UNKNOWN,UNKNOWN/NA,,,1,,,,,,,,,,,,,,,,,Y,UNKNOWN,,,,,,,,,,,,,,,,,,,,,,,,,,,,,,,,,
1245720,c26fdf30eded8fe16b5d1d6d34589bfd29ff42a5d9a61f7e7cb700cb61f3b1c06656275ab20a3e123df45692262f0b3ff6cd207322c84a213227e3e0660f8d65,12/13/2021 07:00:00 PM,2,DRIVER,1,1182360,,JEEP,CHEROKEE,,,UNKNOWN,UNKNOWN/NA,UNKNOWN/NA,UNKNOWN,UNKNOWN/NA,,,2,,,,,,,,,,,,,,,,,Y,UNKNOWN,,,,,,,,,,,,,,,,,,,,,,,,,,,,,,,,,
1244447,fef7e2943b150be5eddefa5b8a70faa67c9f86e08ea14e414927e8fcc7f026a3709b70070e7112e060fcf5f180bdaf252b9c195e9e4a32b5a45819a6a8ac008f,12/11/2021 07:00:00 PM,1,DRIVER,1,1181126,,HONDA,ODYSSEY,IL,2005,UNKNOWN,VAN/MINI-VAN,PERSONAL,S,STRAIGHT AHEAD,Y,,2,,,,,Y,Y,,,,Y,,,,,Y,Y,,FRONT-RIGHT-CORNER,,,,,,,,,,,,,,,,,,,,,,,,,,,,,,,,,
1244448,fef7e2943b150be5eddefa5b8a70faa67c9f86e08ea14e414927e8fcc7f026a3709b70070e7112e060fcf5f180bdaf252b9c195e9e4a32b5a45819a6a8ac008f,12/11/2021 07:00:00 PM,2,PARKED,,1181132,,CHRYSLER,OTHER (EXPLAIN IN NARRATIVE),IL,2018,NONE,PASSENGER,PERSONAL,S,PARKED,,,0,,,,,,,,,N,Y,,,,,,,,REAR,,,,,,,,,,,,,,,,,,,,,,,,,,,,,,,,,
1244449,fef7e2943b150be5eddefa5b8a70faa67c9f86e08ea14e414927e8fcc7f026a3709b70070e7112e060fcf5f180bdaf252b9c195e9e4a32b5a45819a6a8ac008f,12/11/2021 07:00:00 PM,3,PARKED,,1181137,,CHEVROLET,HHR,IL,2011,NONE,PASSENGER,PERSONAL,S,PARKED,,,0,,,,,Y,Y,,,,,Y,Y,,,,,,SIDE-LEFT,,,,,,,,,,,,,,,,,,,,,,,,,,,,,,,,,
1244240,e78612b7004bfd929ed2155e960359b25396a7fa268754d4c9287da63998ba3fc6364697492b3965e0e592d2716488a56f80331571cf4d05403b778e93a855a4,12/11/2021 03:30:00 AM,1,DRIVER,,1180917,,UNKNOWN,MOTORIZED,,,UNKNOWN,UNKNOWN/NA,UNKNOWN/NA,E,OTHER,,,1,,,,,,,,,,,Y,Y,Y,Y,Y,,,SIDE-LEFT,,,,,,,,,,,,,,,,,,,,,,,,,,,,,,,,,
1244241,e78612b7004bfd929ed2155e960359b25396a7fa268754d4c9287da63998ba3fc6364697492b3965e0e592d2716488a56f80331571cf4d05403b778e93a855a4,12/11/2021 03:30:00 AM,2,DRIVER,,1180920,,DODGE,JOURNEY,,2010,NONE,PASSENGER,PERSONAL,N,STRAIGHT AHEAD,,,1,,,,,Y,,,,,,,,,,Y,Y,,FRONT,,,,,,,,,,,,,,,,,,,,,,,,,,,,,,,,,
1242174,23d60006e1abf5f5a1844e263f0196af06b30b9ad409cd653af19a898e0817506f4115dc0c56b7009b97ab6bcfff3465f13ecad40a0ccf4a6a36e18c71781dbe,12/08/2021 05:40:00 PM,1,DRIVER,,1178989,,TOYOTA,COROLLA,IL,1997,NONE,PASSENGER,PERSONAL,E,STRAIGHT AHEAD,,,1,,,,,Y,,,,,,,,,,Y,Y,,FRONT,,,,,,,,,,,,,,,,,,,,,,,,,,,,,,,,,
1242175,23d60006e1abf5f5a1844e263f0196af06b30b9ad409cd653af19a898e0817506f4115dc0c56b7009b97ab6bcfff3465f13ecad40a0ccf4a6a36e18c71781dbe,12/08/2021 05:40:00 PM,2,DRIVER,,1178998,,MERCEDES-BENZ,SPRINTER,IL,2011,NONE,PASSENGER,PERSONAL,E,STRAIGHT AHEAD,,,1,,,,,,,,Y,Y,Y,,,,,,,,REAR-RIGHT-CORNER,,,,,,,,,,,,,,,,,,,,,,,,,,,,,,,,,
1241482,2f923c63bf4b1594324f5156a947ada66fd85954f071fd7cfdf522a8207e95ace076e9641cdd99d3676f630acb2e6a2b86efb87d9b700913bd7e76e12682d6f4,12/06/2021 01:30:00 PM,1,DRIVER,,1178309,,FORD,F150,IL,,UNKNOWN,PICKUP,UNKNOWN/NA,UNKNOWN,UNKNOWN/NA,,,1,,,,,,,,,,,,,,,,,Y,UNKNOWN,,,,,,,,,,,,,,,,,,,,,,,,,,,,,,,,,
1241483,2f923c63bf4b1594324f5156a947ada66fd85954f071fd7cfdf522a8207e95ace076e9641cdd99d3676f630acb2e6a2b86efb87d9b700913bd7e76e12682d6f4,12/06/2021 01:30:00 PM,2,PARKED,,1178311,,CHEVROLET,MALIBU,,,NONE,PASSENGER,NOT IN USE,E,PARKED,,,0,,,,,Y,Y,Y,Y,Y,,,,,,,,,SIDE-RIGHT,,,,,,,,,,,,,,,,,,,,,,,,,,,,,,,,,
1239273,5c8740278dd5ed9f00696ca71e591203684c62592ff8c6750f122152a0a846cacd96cf1917faf563081c6ac19b829438cfe8b7009bd90d06ce33164032af40d2,12/04/2021 10:15:00 AM,1,DRIVER,,1176196,,CHEVROLET,EXPRESS,IL,2019,NONE,BUS UP TO 15 PASS.,PERSONAL,N,BACKING,,,1,,,,,,,,,,Y,,,,,,,,REAR,,,,,,,,,,,,,,,,,,,,,,,,,,,,,,,,,
1239274,5c8740278dd5ed9f00696ca71e591203684c62592ff8c6750f122152a0a846cacd96cf1917faf563081c6ac19b829438cfe8b7009bd90d06ce33164032af40d2,12/04/2021 10:15:00 AM,2,DRIVER,,1176201,,JEEP,CHEROKEE,IL,2015,NONE,SPORT UTILITY VEHICLE (SUV),PERSONAL,E,STRAIGHT AHEAD,,,1,,,,,,,Y,,,,,,,,,,,FRONT-RIGHT-CORNER,,,,,,,,,,,,,,,,,,,,,,,,,,,,,,,,,
1238458,4b750a6f3178b2d946a114fa0b5f7152569619152b9c6eca177b12148b50ecc926b700bdd122af7b62ef3f8fba8472a15a8ca7e3501fee6bf3d7c09646c15884,12/03/2021 07:45:00 AM,1,DRIVER,,1175417,,TOYOTA,SIENNA,IL,2013,UNKNOWN,UNKNOWN/NA,UNKNOWN/NA,N,UNKNOWN/NA,,,1,,,,,,,,,,,,,,,,Y,,FRONT,,,,,,,,,,,,,,,,,,,,,,,,,,,,,,,,,
1238459,4b750a6f3178b2d946a114fa0b5f7152569619152b9c6eca177b12148b50ecc926b700bdd122af7b62ef3f8fba8472a15a8ca7e3501fee6bf3d7c09646c15884,12/03/2021 07:45:00 AM,2,DRIVER,,1175437,,DODGE,CARAVAN,IL,2019,UNKNOWN,UNKNOWN/NA,UNKNOWN/NA,N,UNKNOWN/NA,,,1,,,,,,,,,N,Y,,,,,,,,REAR,,,,,,,,,,,,,,,,,,,,,,,,,,,,,,,,,
1242038,1905ca8a9e98a41a3c921c74ebecb700e4e55ce835c7f31bc9cfcc7c84baab66a0805320e2508b252428adbde0f6267c668bcd87df2d9a22e7cdcf7662d23ea5,11/28/2021 09:00:00 PM,1,DRIVER,,1178856,,UNKNOWN,MOTORIZED,,,UNKNOWN,UNKNOWN/NA,UNKNOWN/NA,UNKNOWN,UNKNOWN/NA,,,1,,,,,,,,,,,,,,,,,Y,UNKNOWN,,,,,,,,,,,,,,,,,,,,,,,,,,,,,,,,,
1242039,1905ca8a9e98a41a3c921c74ebecb700e4e55ce835c7f31bc9cfcc7c84baab66a0805320e2508b252428adbde0f6267c668bcd87df2d9a22e7cdcf7662d23ea5,11/28/2021 09:00:00 PM,2,PARKED,,1178857,,ACURA,TLX,IL,2017,NONE,PASSENGER,PERSONAL,W,PARKED,,,0,,,,,,,,,,,,,,Y,,,,SIDE-LEFT,,,,,,,,,,,,,,,,,,,,,,,,,,,,,,,,,
1235396,647a50c669533ffc2aabe39ff2580ec95fb70055b961c12bdbd3a4daf4dadecca1c14eb33f1512d2d205c8986163f9f07e1253e81f8e8b5a9bb0ed2d48417cda,11/27/2021 04:30:00 PM,1,DRIVER,,1172481,,BUICK,REGAL,IL,2004,UNKNOWN,PASSENGER,PERSONAL,E,STRAIGHT AHEAD,Y,,1,,,,,Y,,,,,,,,,,,Y,,FRONT,,,,,,,,,,,,,,,,,,,,,,,,,,,,,,,,,
1235397,647a50c669533ffc2aabe39ff2580ec95fb70055b961c12bdbd3a4daf4dadecca1c14eb33f1512d2d205c8986163f9f07e1253e81f8e8b5a9bb0ed2d48417cda,11/27/2021 04:30:00 PM,2,DRIVER,1,1172486,,CHEVROLET,IMPALA,IL,2014,UNKNOWN,PASSENGER,PERSONAL,N,STRAIGHT AHEAD,Y,,2,,city of chicago,,,,,,,,,,Y,Y,Y,,,,SIDE-LEFT,,,,,,,,,,,,,,,,,,,,,,,,,,,,,,,,,
1234578,7c8e730d445c99c26d3cc9630a9ddf4e70ada6105f7b70cb70002d7b421cfcbdfa0f560ab957a0c5c76731cbfe8c9273b3d9dfe9f4aced6c90f1e3e8da82a5ce,11/26/2021 10:45:00 AM,1,DRIVER,,1171682,,BUICK,LACROSSE,IL,2013,NONE,PASSENGER,PERSONAL,E,STRAIGHT AHEAD,Y,,1,,,,,,,,,,,,,,Y,Y,,,FRONT-LEFT-CORNER,,,,,,,,,,,,,,,,,,,,,,,,,,,,,,,,,
1234579,7c8e730d445c99c26d3cc9630a9ddf4e70ada6105f7b70cb70002d7b421cfcbdfa0f560ab957a0c5c76731cbfe8c9273b3d9dfe9f4aced6c90f1e3e8da82a5ce,11/26/2021 10:45:00 AM,2,DRIVER,2,1171689,,MERCURY,GRAND MARQUIS,IL,2008,NONE,PASSENGER,PERSONAL,W,STRAIGHT AHEAD,Y,,3,,MAGIC CITY TOWING,,,,,,,,,Y,Y,Y,Y,Y,,,FRONT-LEFT-CORNER,,,,,,,,,,,,,,,,,,,,,,,,,,,,,,,,,
1231925,4bb77a1d0a6753cd78a28c89f505f8117bc1154bcfa25d7e185be8f31fdcd9ee23b61862b7008acf589675d6f79e319140c7c53287ab55065bffb3fa213d04a2,11/22/2021 05:40:00 AM,1,DRIVER,,1169120,,CHEVROLET,EQUINOX,IL,2021,NONE,PASSENGER,OTHER,S,TURNING LEFT,Y,,1,,PERSONAL,UNKNOWN,,,,,,,,,,,Y,Y,Y,,FRONT-LEFT-CORNER,,,,,,,,,,,,,,,,,,,,,,,,,,,,,,,,,
1231926,4bb77a1d0a6753cd78a28c89f505f8117bc1154bcfa25d7e185be8f31fdcd9ee23b61862b7008acf589675d6f79e319140c7c53287ab55065bffb3fa213d04a2,11/22/2021 05:40:00 AM,2,DRIVER,,1169123,,GENERAL MOTORS CORPORATION (GMC),SIERRA,IL,2007,NONE,PASSENGER,PERSONAL,N,STRAIGHT AHEAD,,,1,,,,,,,,,,,,Y,Y,Y,,,,SIDE-LEFT,,,,,,,,,,,,,,,,,,,,,,,,,,,,,,,,,
1229841,eb24949255816804f91095a282ff8c63f8f5e15e1441eb5fd7ce68439b240b8947deb27e248aeec363dd08b646b9a99619ac227b2945b700db959924af4171bd,11/18/2021 09:10:00 PM,1,DRIVER,,1167102,,CHEVROLET,TAHOE,,,UNKNOWN,SPORT UTILITY VEHICLE (SUV),UNKNOWN/NA,S,STRAIGHT AHEAD,,,1,,,,,Y,,,,,,,,,,,,,FRONT,,,,,,,,,,,,,,,,,,,,,,,,,,,,,,,,,
1229842,eb24949255816804f91095a282ff8c63f8f5e15e1441eb5fd7ce68439b240b8947deb27e248aeec363dd08b646b9a99619ac227b2945b700db959924af4171bd,11/18/2021 09:10:00 PM,2,DRIVER,,1167105,,HYUNDAI,ACCENT,IL,2020,NONE,PASSENGER,PERSONAL,S,STRAIGHT AHEAD,,,1,,,,,,,,,Y,Y,Y,,,,,,,REAR,,,,,,,,,,,,,,,,,,,,,,,,,,,,,,,,,
1227158,4784634d1f8a18ca38fc5660c71db7000d0cd3c55d864ff12967d66746cc6a9be8325a539e844cb9af2a7cb4c2ea4776bd277941f980f12578ba01604f40877d,11/14/2021 07:31:00 PM,1,DRIVER,,1164545,,SATURN,VUE,IL,2008,UNKNOWN,SPORT UTILITY VEHICLE (SUV),UNKNOWN/NA,N,U-TURN,,,1,,,,,,,,,,,,,,,,,,FRONT,,,,,,,,,,,,,,,,,,,,,,,,,,,,,,,,,