CRASH_UNIT_ID,CRASH_RECORD_ID,CRASH_DATE,UNIT_NO,UNIT_TYPE,NUM_PASSENGERS,VEHICLE_ID,CMRC_VEH_I,MAKE,MODEL,LIC_PLATE_STATE,VEHICLE_YEAR,VEHICLE_DEFECT,VEHICLE_TYPE,VEHICLE_USE,TRAVEL_DIRECTION,MANEUVER,TOWED_I,FIRE_I,OCCUPANT_CNT,EXCEED_SPEED_LIMIT_I,TOWED_BY,TOWED_TO,AREA_00_I,AREA_01_I,AREA_02_I,AREA_03_I,AREA_04_I,AREA_05_I,AREA_06_I,AREA_07_I,AREA_08_I,AREA_09_I,AREA_10_I,AREA_11_I,AREA_12_I,AREA_99_I,FIRST_CONTACT_POINT,CMV_ID,USDOT_NO,CCMC_NO,ILCC_NO,COMMERCIAL_SRC,GVWR,CARRIER_NAME,CARRIER_STATE,CARRIER_CITY,HAZMAT_PLACARDS_I,HAZMAT_NAME,UN_NO,HAZMAT_PRESENT_I,HAZMAT_REPORT_I,HAZMAT_REPORT_NO,MCS_REPORT_I,MCS_REPORT_NO,HAZMAT_VIO_CAUSE_CRASH_I,MCS_VIO_CAUSE_CRASH_I,IDOT_PERMIT_NO,WIDE_LOAD_I,TRAILER1_WIDTH,TRAILER2_WIDTH,TRAILER1_LENGTH,TRAILER2_LENGTH,TOTAL_VEHICLE_LENGTH,AXLE_CNT,VEHICLE_CONFIG,CARGO_BODY_TYPE,LOAD_TYPE,HAZMAT_OUT_OF_SERVICE_I,MCS_OUT_OF_SERVICE_I,HAZMAT_CLASS
1227159,4784634d1f8a18ca38fc5660c71db7000d0cd3c55d864ff12967d66746cc6a9be8325a539e844cb9af2a7cb4c2ea4776bd277941f980f12578ba01604f40877d,11/14/2021 07:31:00 PM,2,DRIVER,,1164550,,HONDA,ACCORD,IL,2004,NONE,PASSENGER,PERSONAL,E,STRAIGHT AHEAD,,,1,,,,,Y,,,,,,,,,,,,,FRONT-RIGHT-CORNER,,,,,,,,,,,,,,,,,,,,,,,,,,,,,,,,,
1221115,65a206442fb8c5dc6f1d20174c17cd98b700e85b15151e6696952ce6c82e4380fca0fe2ef385bd6c2cbbfd1b5dae87909cf17f1b6c4a268be7b9245ca8f71e0a,11/05/2021 03:30:00 PM,1,DRIVER,,1158751,,CHEVROLET,CRUZE,IL,2011,NONE,PASSENGER,PERSONAL,N,STRAIGHT AHEAD,,,1,,,,,,,,,,,,,,,,Y,,FRONT,,,,,,,,,,,,,,,,,,,,,,,,,,,,,,,,,
1221116,65a206442fb8c5dc6f1d20174c17cd98b700e85b15151e6696952ce6c82e4380fca0fe2ef385bd6c2cbbfd1b5dae87909cf17f1b6c4a268be7b9245ca8f71e0a,11/05/2021 03:30:00 PM,2,DRIVER,,1158827,,GENERAL MOTORS CORPORATION (GMC),YUKON,IL,2001,NONE,SPORT UTILITY VEHICLE (SUV),PERSONAL,N,SLOW/STOP IN TRAFFIC,,,1,,,,,,,,,,Y,,,,,,,,REAR,,,,,,,,,,,,,,,,,,,,,,,,,,,,,,,,,
1218810,32d0511a6a2c0e28fc8654ded471063c51838ad8cf73a16b5891c431f244ad7d3afb335df3eb7000e3f832280324b360ee586b9c04f16e9d901a73adee5fbe3c,11/02/2021 09:29:00 AM,1,DRIVER,,1156522,,DODGE,CHALLENGER,IL,2015,UNKNOWN,PASSENGER,PERSONAL,E,STRAIGHT AHEAD,Y,,1,,,,,Y,N,,,,,,,,Y,Y,Y,,UNKNOWN,,,,,,,,,,,,,,,,,,,,,,,,,,,,,,,,,
1218811,32d0511a6a2c0e28fc8654ded471063c51838ad8cf73a16b5891c431f244ad7d3afb335df3eb7000e3f832280324b360ee586b9c04f16e9d901a73adee5fbe3c,11/02/2021 09:29:00 AM,2,DRIVER,,1156528,,TOYOTA,HIGHLANDER,IL,2018,UNKNOWN,PASSENGER,PERSONAL,S,STRAIGHT AHEAD,Y,,1,,,,,Y,Y,,,,,,,,,Y,Y,,UNKNOWN,,,,,,,,,,,,,,,,,,,,,,,,,,,,,,,,,
1216983,396e7a94b70055f29e0242262df192ea14a233a2976468247ae76f42f4c458865b4396d99e624bd8fdddd597c0556c2817dfd66fe1a7b37696ae113a176e1b9c,10/30/2021 02:50:00 PM,1,DRIVER,,1154779,,UNKNOWN,OTHER (EXPLAIN IN NARRATIVE),,,UNKNOWN,UNKNOWN/NA,UNKNOWN/NA,UNKNOWN,UNKNOWN/NA,,,1,,,,,,,,,,,,,,,,,Y,UNKNOWN,,,,,,,,,,,,,,,,,,,,,,,,,,,,,,,,,
1216984,396e7a94b70055f29e0242262df192ea14a233a2976468247ae76f42f4c458865b4396d99e624bd8fdddd597c0556c2817dfd66fe1a7b37696ae113a176e1b9c,10/30/2021 02:50:00 PM,2,PARKED,,1154774,,CADILLAC,SRX,TN,2013,UNKNOWN,PASSENGER,PERSONAL,UNKNOWN,PARKED,,,0,,,,,,,Y,Y,Y,,,,,,,,,UNKNOWN,,,,,,,,,,,,,,,,,,,,,,,,,,,,,,,,,
1216076,5569e41f8f446f2084ad09215b3f4b4dd29478c89826f08116730d3e011ca063c42078ddc9aef2a0d1855220c852c593e16c992425ba4b7003498ac60ab370d2,10/29/2021 05:33:00 PM,1,DRIVER,,1153883,,FORD,TRANSIT,IL,2021,NONE,VAN/MINI-VAN,OTHER,N,STRAIGHT AHEAD,,,1,,,,,,Y,Y,Y,,,,,,,,,,SIDE-RIGHT,,,,,,,,,,,,,,,,,,,,,,,,,,,,,,,,,
1216077,5569e41f8f446f2084ad09215b3f4b4dd29478c89826f08116730d3e011ca063c42078ddc9aef2a0d1855220c852c593e16c992425ba4b7003498ac60ab370d2,10/29/2021 05:33:00 PM,2,PARKED,,1153891,,DODGE,CHARGER,IL,2018,NONE,PASSENGER,NOT IN USE,S,PARKED,,,0,,,,,Y,,,,,,,,,,,,,FRONT-RIGHT-CORNER,,,,,,,,,,,,,,,,,,,,,,,,,,,,,,,,,
1215295,cc4519ff767b6244969e8d8d670dde05b42ca5348a57cb7009dd77f9edf40de7e1b3685031e46feceec67a74717d5a359016788f5268d1dafd0f744161977ef1,10/28/2021 06:30:00 PM,1,DRIVER,,1153178,,SUBARU,OUTBACK,IL,2010,NONE,PASSENGER,PERSONAL,E,STRAIGHT AHEAD,Y,,1,,private tow,unknown,,Y,,,,,,,,,,Y,Y,,FRONT,,,,,,,,,,,,,,,,,,,,,,,,,,,,,,,,,
1215296,cc4519ff767b6244969e8d8d670dde05b42ca5348a57cb7009dd77f9edf40de7e1b3685031e46feceec67a74717d5a359016788f5268d1dafd0f744161977ef1,10/28/2021 06:30:00 PM,2,DRIVER,,1153186,,AUDI,Q5,IL,2010,NONE,PASSENGER,PERSONAL,NW,STRAIGHT AHEAD,Y,,1,,private tow,unknown,,Y,Y,,,,,,,,Y,Y,Y,,FRONT,,,,,,,,,,,,,,,,,,,,,,,,,,,,,,,,,
1213803,932ddb7581dba84718228b6891d2c422bf36e8c8cbb0a957a91cf5f5c95ef194b70095ef88a8d44de258fafcbae786e98f3330fb2d74c1bcf1e281cd72b03667,10/26/2021 11:25:00 PM,1,DRIVER,,1151766,,ISUZU,OTHER (EXPLAIN IN NARRATIVE),IL,2001,UNKNOWN,SPORT UTILITY VEHICLE (SUV),PERSONAL,W,TURNING LEFT,,,1,,,,,,,,,,,,,,,,,Y,UNKNOWN,,,,,,,,,,,,,,,,,,,,,,,,,,,,,,,,,
1213804,932ddb7581dba84718228b6891d2c422bf36e8c8cbb0a957a91cf5f5c95ef194b70095ef88a8d44de258fafcbae786e98f3330fb2d74c1bcf1e281cd72b03667,10/26/2021 11:25:00 PM,2,PARKED,,1151757,,TOYOTA,TUNDRA,IL,2011,NONE,PICKUP,PERSONAL,UNKNOWN,PARKED,,,0,,,,,,,,,,,,,,Y,Y,Y,,FRONT-LEFT-CORNER,,,,,,,,,,,,,,,,,,,,,,,,,,,,,,,,,
1213554,cb9c2fbd2c4d23c3b78fa6477c556f4c8bfa91cdb9668ca05c831cd928c3bb700bc107ba436582cebde7ccb13b3d01c14215ceff7e5d4482aa11f277eb235e7d,10/26/2021 04:00:00 PM,1,DRIVER,,1151525,,CHEVROLET,OTHER (EXPLAIN IN NARRATIVE),,,UNKNOWN,PASSENGER,PERSONAL,S,STRAIGHT AHEAD,,,1,,,,,,,,,,,,,,,Y,,,FRONT,,,,,,,,,,,,,,,,,,,,,,,,,,,,,,,,,
1213555,cb9c2fbd2c4d23c3b78fa6477c556f4c8bfa91cdb9668ca05c831cd928c3bb700bc107ba436582cebde7ccb13b3d01c14215ceff7e5d4482aa11f277eb235e7d,10/26/2021 04:00:00 PM,2,DRIVER,,1151514,,CHEVROLET,IMPALA,,2008,NONE,PASSENGER,PERSONAL,SE,STRAIGHT AHEAD,,,1,,,,,,,,,,Y,,,,,,,,REAR,,,,,,,,,,,,,,,,,,,,,,,,,,,,,,,,,
1213514,9c52c3670052ee15932f7b6e68c58488308d575207632b42c8331f0b7002dda0d6b4671af96ed049fb5bea9cff59562e2e72f29c4e57116b23a0b76ec9f04134,10/26/2021 03:04:00 PM,1,DRIVER,,1151483,,UNKNOWN,MOTORIZED,,,UNKNOWN,PASSENGER,UNKNOWN/NA,W,STRAIGHT AHEAD,,,1,,,,,Y,,,,,,,,,,Y,Y,Y,FRONT,,,,,,,,,,,,,,,,,,,,,,,,,,,,,,,,,
1213515,9c52c3670052ee15932f7b6e68c58488308d575207632b42c8331f0b7002dda0d6b4671af96ed049fb5bea9cff59562e2e72f29c4e57116b23a0b76ec9f04134,10/26/2021 03:04:00 PM,2,DRIVER,,1179598,,HYUNDAI,TUCSON,IL,2020,NONE,SPORT UTILITY VEHICLE (SUV),PERSONAL,W,SLOW/STOP IN TRAFFIC,,,1,,,,,,,,,,Y,,,,,,,Y,REAR,,,,,,,,,,,,,,,,,,,,,,,,,,,,,,,,,
1212772,4683346e8a1f34b2591360a36c15efb6adf660fd9f60b9631b70092896ba38df935faee161257e90cfa9a2072aafdc9847a2be0cf069130ebdff158bdb56726b,10/25/2021 12:50:00 PM,1,DRIVER,1,1150776,,HONDA,CIVIC,IL,2016,UNKNOWN,PASSENGER,PERSONAL,W,STRAIGHT AHEAD,Y,,2,,PERSONAL TOW,PERSONAL TOW,,Y,Y,,,,,,,,Y,Y,Y,,FRONT,,,,,,,,,,,,,,,,,,,,,,,,,,,,,,,,,
1212773,4683346e8a1f34b2591360a36c15efb6adf660fd9f60b9631b70092896ba38df935faee161257e90cfa9a2072aafdc9847a2be0cf069130ebdff158bdb56726b,10/25/2021 12:50:00 PM,2,DRIVER,,1150796,,HYUNDAI,SANTA FE,IL,2020,UNKNOWN,PASSENGER,PERSONAL,S,STRAIGHT AHEAD,Y,,1,,PERSONAL TOW,PERSONAL TOW,,Y,Y,,,,,,,,Y,Y,Y,,FRONT,,,,,,,,,,,,,,,,,,,,,,,,,,,,,,,,,
1212774,4683346e8a1f34b2591360a36c15efb6adf660fd9f60b9631b70092896ba38df935faee161257e90cfa9a2072aafdc9847a2be0cf069130ebdff158bdb56726b,10/25/2021 12:50:00 PM,3,DRIVER,,1150805,,TOYOTA,4RUNNER,IL,2016,NONE,PASSENGER,PERSONAL,E,SLOW/STOP IN TRAFFIC,,,1,,,,,Y,,,,,,,,Y,Y,Y,Y,,FRONT-LEFT-CORNER,,,,,,,,,,,,,,,,,,,,,,,,,,,,,,,,,
1212077,591d6d9b3badc1ca66a1da4e0221d9ff57c5627daee33b3cf87e9e7c20616f6b98f1469d11f5f02ce1f7d23dff8888d1f0d25616494d0ff4beb70031ea9f4f9c,10/24/2021 03:07:00 PM,1,DRIVER,1,1150109,,LINCOLN,MKZ,IL,2014,UNKNOWN,PASSENGER,PERSONAL,UNKNOWN,UNKNOWN/NA,,,2,,,,,,,,,,,,,,,,,Y,FRONT,,,,,,,,,,,,,,,,,,,,,,,,,,,,,,,,,
1212078,591d6d9b3badc1ca66a1da4e0221d9ff57c5627daee33b3cf87e9e7c20616f6b98f1469d11f5f02ce1f7d23dff8888d1f0d25616494d0ff4beb70031ea9f4f9c,10/24/2021 03:07:00 PM,2,PEDESTRIAN,,,,,,,,,,,,,,,,,,,,,,,,,,,,,,,,,,,,,,,,,,,,,,,,,,,,,,,,,,,,,,,,,,
1213024,8b66554317391e13c207908b700426806787703a529847636b84f2da3dcce97974e370f4ab16485f8dbfd6fbce66beed748e57c45d0f4f3f5caf80c7a2a26b01,10/22/2021 06:30:00 AM,1,DRIVER,,1151014,,UNKNOWN,OTHER (EXPLAIN IN NARRATIVE),,,UNKNOWN,UNKNOWN/NA,UNKNOWN/NA,N,STRAIGHT AHEAD,,,1,,,,,,,,,,,,N,N,N,,,Y,UNKNOWN,,,,,,,,,,,,,,,,,,,,,,,,,,,,,,,,,
1213025,8b66554317391e13c207908b700426806787703a529847636b84f2da3dcce97974e370f4ab16485f8dbfd6fbce66beed748e57c45d0f4f3f5caf80c7a2a26b01,10/22/2021 06:30:00 AM,2,DRIVER,,1151028,,UNKNOWN,OTHER (EXPLAIN IN NARRATIVE),IL,2017,NONE,SPORT UTILITY VEHICLE (SUV),PERSONAL,N,STRAIGHT AHEAD,,,1,,,,,,,,,,,,Y,Y,Y,,,,SIDE-LEFT,,,,,,,,,,,,,,,,,,,,,,,,,,,,,,,,,
1207490,54f311751baabcc95f9ea18ee7e826061bdfaf5ac9be3279e597b13053874076b7007701492bb31e186f41e2ee3f1a698ce1c1b62171e2b485d99dc32550d417,10/16/2021 11:30:00 PM,1,DRIVER,,1145743,,UNKNOWN,MOTORIZED,,,UNKNOWN,UNKNOWN/NA,UNKNOWN/NA,S,UNKNOWN/NA,,,1,,,,,,,,,,,,,,,,,Y,UNKNOWN,,,,,,,,,,,,,,,,,,,,,,,,,,,,,,,,,
1207491,54f311751baabcc95f9ea18ee7e826061bdfaf5ac9be3279e597b13053874076b7007701492bb31e186f41e2ee3f1a698ce1c1b62171e2b485d99dc32550d417,10/16/2021 11:30:00 PM,2,PARKED,,1145744,,KIA,OPTIMA / K5,IL,2017,NONE,PASSENGER,NOT IN USE,S,PARKED,,,0,,,,,,Y,Y,Y,,,,,,,,,,SIDE-RIGHT,,,,,,,,,,,,,,,,,,,,,,,,,,,,,,,,,
1204111,d2f8a7c84a0409e22afde17c8533846f0899cd759e13cfa33b700070f6212b85d0caa5fdbd7437bf46e1802f70acb01cc473be021b753653930f4dafbf3af45a,10/12/2021 09:30:00 PM,1,DRIVER,,1142486,,FORD,EXPLORER,IL,2017,UNKNOWN,SPORT UTILITY VEHICLE (SUV),POLICE,S,TURNING LEFT,,,1,,,,,,,,,,,,,,,Y,,,FRONT-LEFT-CORNER,,,,,,,,,,,,,,,,,,,,,,,,,,,,,,,,,
1204112,d2f8a7c84a0409e22afde17c8533846f0899cd759e13cfa33b700070f6212b85d0caa5fdbd7437bf46e1802f70acb01cc473be021b753653930f4dafbf3af45a,10/12/2021 09:30:00 PM,2,PEDESTRIAN,,,,,,,,,,,,,,,,,,,,,,,,,,,,,,,,,,,,,,,,,,,,,,,,,,,,,,,,,,,,,,,,,,
1203220,c8849d5121b2fad6ead012d09a67184733709f5a756250f573698d595545076903c494c7d0a0c82b70066472d398b072d2b2989ea4b897bf29442c64bf07ca93,10/11/2021 05:27:00 PM,1,DRIVER,,1141653,,TOYOTA,PRIUS,IL,2013,NONE,PASSENGER,TAXI/FOR HIRE,W,STRAIGHT AHEAD,Y,,1,,owner,,,Y,,,,,,,,,,Y,Y,,FRONT,,,,,,,,,,,,,,,,,,,,,,,,,,,,,,,,,
1203221,c8849d5121b2fad6ead012d09a67184733709f5a756250f573698d595545076903c494c7d0a0c82b70066472d398b072d2b2989ea4b897bf29442c64bf07ca93,10/11/2021 05:27:00 PM,2,DRIVER,,1141666,,TOYOTA,COROLLA,IL,2021,NONE,PASSENGER,PERSONAL,W,SLOW/STOP IN TRAFFIC,,,1,,,,,,,,,Y,Y,Y,,,,,,,REAR,,,,,,,,,,,,,,,,,,,,,,,,,,,,,,,,,
1201030,e3e2ac1f42bac8d4b12e3989893f0e5629e9c2c19db5fcd38a6607f8f28cef21f90cffed9b046a1d4beda41dbe28954de4b70060c0ddee29ca7432a65b5cdb59,10/08/2021 02:00:00 PM,1,DRIVER,,1139586,,DODGE,DART,IL,2013,UNKNOWN,UNKNOWN/NA,UNKNOWN/NA,W,UNKNOWN/NA,,,1,,,,,,,,,,,,Y,Y,Y,Y,,,SIDE-LEFT,,,,,,,,,,,,,,,,,,,,,,,,,,,,,,,,,
1201031,e3e2ac1f42bac8d4b12e3989893f0e5629e9c2c19db5fcd38a6607f8f28cef21f90cffed9b046a1d4beda41dbe28954de4b70060c0ddee29ca7432a65b5cdb59,10/08/2021 02:00:00 PM,2,DRIVER,1,1139587,,CHEVROLET,SILVERADO,IL,2014,UNKNOWN,UNKNOWN/NA,UNKNOWN/NA,N,UNKNOWN/NA,,,2,,,,,Y,,,,,,,,,,Y,Y,,FRONT,,,,,,,,,,,,,,,,,,,,,,,,,,,,,,,,,
1198424,485f61969af574211b9fc73e95a72317c47caa84257c061509052ec930c26e354eb58b6b7002caa10a9f5420d7a1e792b7109364c2a663f634017f253bc83498,10/04/2021 08:20:00 AM,1,DRIVER,,1137077,,HONDA,ODYSSEY,IL,2015,NONE,VAN/MINI-VAN,PERSONAL,S,STRAIGHT AHEAD,,,1,,,,,,,,,,,,,,,,Y,,FRONT,,,,,,,,,,,,,,,,,,,,,,,,,,,,,,,,,
1198425,485f61969af574211b9fc73e95a72317c47caa84257c061509052ec930c26e354eb58b6b7002caa10a9f5420d7a1e792b7109364c2a663f634017f253bc83498,10/04/2021 08:20:00 AM,2,DRIVER,,1137099,,TOYOTA,CAMRY,IL,2011,NONE,PASSENGER,PERSONAL,E,STRAIGHT AHEAD,,,1,,,,,,N,N,,,,,,Y,Y,,,,SIDE-LEFT,,,,,,,,,,,,,,,,,,,,,,,,,,,,,,,,,
1197607,46bd2ef525df8d9d1b700e270c0c8d803716fe64c4d1955caa9f9943844821463a12ccd233bc1dbb50233b4d1d3ca7ab1289724d1bc20b604f2a851f9c215e16,10/03/2021 11:30:00 AM,1,DRIVER,,1136315,,TOYOTA,RAV4,IL,2021,NONE,PASSENGER,PERSONAL,W,BACKING,,,1,,,,,Y,Y,,,,,,,,,,,,FRONT-RIGHT-CORNER,,,,,,,,,,,,,,,,,,,,,,,,,,,,,,,,,
1197608,46bd2ef525df8d9d1b700e270c0c8d803716fe64c4d1955caa9f9943844821463a12ccd233bc1dbb50233b4d1d3ca7ab1289724d1bc20b604f2a851f9c215e16,10/03/2021 11:30:00 AM,2,PARKED,,1136305,,HONDA,CIVIC,IL,2017,NONE,PASSENGER,PERSONAL,W,PARKED,,,0,,,,,,,,,,,,,,,Y,Y,,FRONT-LEFT-CORNER,,,,,,,,,,,,,,,,,,,,,,,,,,,,,,,,,
1197975,1f5c6f9e8512b1970ca8b209d72d4633fdad4efcb8665b980597f0a68c2833e20e37e0350ceda5bd367d098a8a894147fe49e3deef7972d5195667c0c1b700e7,10/02/2021 07:00:00 PM,1,DRIVER,,1136665,,TOYOTA,COROLLA,IL,1998,UNKNOWN,PASSENGER,PERSONAL,W,SKIDDING/CONTROL LOSS,,,1,,,,,Y,Y,,,,,,,,,,,Y,FRONT-RIGHT-CORNER,,,,,,,,,,,,,,,,,,,,,,,,,,,,,,,,,
1197976,1f5c6f9e8512b1970ca8b209d72d4633fdad4efcb8665b980597f0a68c2833e20e37e0350ceda5bd367d098a8a894147fe49e3deef7972d5195667c0c1b700e7,10/02/2021 07:00:00 PM,2,DRIVER,,1136666,,ACURA,ZDX,IL,2004,NONE,PASSENGER,PERSONAL,SW,OTHER,,,1,,,,,,,,,,,,,,Y,,,,SIDE-LEFT,,,,,,,,,,,,,,,,,,,,,,,,,,,,,,,,,
1196561,6db8b79cd081d9717fdf5e2bf8d77a14259623d195fe8e80f5efb31fc679c15b2e78f1d92d4690534dcc4251f8ab700f9d1d4f83e48d18d56ea436cb4a09d3aa,10/02/2021 03:00:00 AM,1,DRIVER,,1135307,,HONDA,CIVIC,OK,2018,NONE,PASSENGER,PERSONAL,E,STRAIGHT AHEAD,,,1,,,,,,,,,,,,,,,,,Y,FRONT,,,,,,,,,,,,,,,,,,,,,,,,,,,,,,,,,
1196562,6db8b79cd081d9717fdf5e2bf8d77a14259623d195fe8e80f5efb31fc679c15b2e78f1d92d4690534dcc4251f8ab700f9d1d4f83e48d18d56ea436cb4a09d3aa,10/02/2021 03:00:00 AM,2,DRIVER,2,1135309,,TOYOTA,PRIUS,IL,2010,NONE,PASSENGER,PERSONAL,S,STRAIGHT AHEAD,,,3,,,,,Y,Y,,,,,,,,,Y,Y,,FRONT-RIGHT-CORNER,,,,,,,,,,,,,,,,,,,,,,,,,,,,,,,,,
1198113,fd39965e1d61199a84552780b05498c4b45d273f1811d9d78bd08b298142f1421ac6b24e3b053ab5df838517727576fb7daff942d3eddb7d3d7ddbc6d1b700ef,10/01/2021 09:00:00 PM,1,DRIVER,,1136792,,FORD,F450,IL,2000,UNKNOWN,OTHER,UNKNOWN/NA,S,DIVERGING,,,1,,,,,,,,,,,,,,,,,Y,FRONT-RIGHT-CORNER,,,,,,,,,,,,,,,,,,,,,,,,,,,,,,,,,
1198114,fd39965e1d61199a84552780b05498c4b45d273f1811d9d78bd08b298142f1421ac6b24e3b053ab5df838517727576fb7daff942d3eddb7d3d7ddbc6d1b700ef,10/01/2021 09:00:00 PM,2,DRIVER,1,1136801,,MERCEDES-BENZ,ML320,IL,2008,NONE,PASSENGER,PERSONAL,S,STRAIGHT AHEAD,,,2,,,,,,,,,,Y,Y,Y,,,,,,REAR,,,,,,,,,,,,,,,,,,,,,,,,,,,,,,,,,
1195838,d20eb76aaab9214669ebe9d2bb4f94de6b3ac325c4221fd9b4ab41b62f5f4a3bcc42c8c8ac1e9cf9a6350c04f6114bb7eecfc2d42ab7002c8e389740a8fbc05a,10/01/2021 09:20:00 AM,1,DRIVER,,1134596,,CHEVROLET,OTHER (EXPLAIN IN NARRATIVE),IL,2008,NONE,PASSENGER,UNKNOWN/NA,S,STRAIGHT AHEAD,,,1,,,,,,,,,,,,,,,,,Y,UNKNOWN,,,,,,,,,,,,,,,,,,,,,,,,,,,,,,,,,
1195839,d20eb76aaab9214669ebe9d2bb4f94de6b3ac325c4221fd9b4ab41b62f5f4a3bcc42c8c8ac1e9cf9a6350c04f6114bb7eecfc2d42ab7002c8e389740a8fbc05a,10/01/2021 09:20:00 AM,2,DRIVER,,1134602,,FORD,F150,IL,2019,NONE,TRUCK - SINGLE UNIT,PERSONAL,S,SLOW/STOP IN TRAFFIC,,,1,,,,,,,,,,Y,Y,,,,,,,REAR,,,,,,,,,,,,,,,,,,,,,,,,,,,,,,,,,
1194284,112c4f4f3e0954e0b093a60576e207b7004c3b7ff7ba6f13143040a107d391dc3dab0a7af4ecca85f3fed0fd5475e9c8b59f88b632ff69564f15265059f45613,09/29/2021 06:00:00 AM,1,DRIVER,,1133133,,FORD,OTHER (EXPLAIN IN NARRATIVE),IL,2000,UNKNOWN,PICKUP,TOW TRUCK,W,STRAIGHT AHEAD,,,1,,,,,Y,,,,,,,,,,Y,Y,,FRONT,,,,,,,,,,,,,,,,,,,,,,,,,,,,,,,,,
1194285,112c4f4f3e0954e0b093a60576e207b7004c3b7ff7ba6f13143040a107d391dc3dab0a7af4ecca85f3fed0fd5475e9c8b59f88b632ff69564f15265059f45613,09/29/2021 06:00:00 AM,2,PARKED,,1133134,,FORD,MUSTANG,,2002,NONE,PASSENGER,PERSONAL,E,PARKED,,,0,,,,,,,,,Y,,,,,,Y,Y,,FRONT-LEFT-CORNER,,,,,,,,,,,,,,,,,,,,,,,,,,,,,,,,,
1194286,112c4f4f3e0954e0b093a60576e207b7004c3b7ff7ba6f13143040a107d391dc3dab0a7af4ecca85f3fed0fd5475e9c8b59f88b632ff69564f15265059f45613,09/29/2021 06:00:00 AM,3,PARKED,,1133136,,CHEVROLET,TRAIL BLAZER,IL,2006,NONE,PASSENGER,PERSONAL,E,PARKED,,,0,,,,,Y,,,,,,,,,,Y,Y,,FRONT,,,,,,,,,,,,,,,,,,,,,,,,,,,,,,,,,
1193993,0c2b3c837a614fcf947f052e13a723a79d245c1ce324c2390085c3cd5bf1cdd6e6d3f7471d69bab70026ef8a7bdf45ecc56f99cbcf83eb30e17994561127a5e3,09/28/2021 03:55:00 PM,1,DRIVER,,1132842,,FORD,MUSTANG,IL,,UNKNOWN,PASSENGER,UNKNOWN/NA,E,SLOW/STOP IN TRAFFIC,,,1,,,,,,,,,,,,,,,,,Y,FRONT,,,,,,,,,,,,,,,,,,,,,,,,,,,,,,,,,
1193994,0c2b3c837a614fcf947f052e13a723a79d245c1ce324c2390085c3cd5bf1cdd6e6d3f7471d69bab70026ef8a7bdf45ecc56f99cbcf83eb30e17994561127a5e3,09/28/2021 03:55:00 PM,2,DRIVER,,1132845,,BMW,5 SERIES,IL,2018,UNKNOWN,PASSENGER,PERSONAL,E,SLOW/STOP IN TRAFFIC,,,1,,,,,,,,,,Y,,,,,,,,REAR,,,,,,,,,,,,,,,,,,,,,,,,,,,,,,,,,
1198748,73bba2162237da1e53effffe439ea8a12c0b2267d31c6128aefcde3453b630b95a02b700d154be73cec06b0f50d8813da2d859ca7ba052d308e150a07767f3ca,09/28/2021 08:35:00 AM,1,DRIVER,,1137400,,NISSAN,ROGUE,IL,2014,NONE,PASSENGER,PERSONAL,W,TURNING LEFT,,,1,,,,,,,,,Y,,,,,,,,,SIDE-RIGHT-REAR,,,,,,,,,,,,,,,,,,,,,,,,,,,,,,,,,
1198749,73bba2162237da1e53effffe439ea8a12c0b2267d31c6128aefcde3453b630b95a02b700d154be73cec06b0f50d8813da2d859ca7ba052d308e150a07767f3ca,09/28/2021 08:35:00 AM,2,DRIVER,,1137396,,JEEP,CHEROKEE,IL,2020,NONE,PASSENGER,PERSONAL,N,STRAIGHT AHEAD,,,1,,,,,Y,,,,,,,,,,,,,FRONT-RIGHT-CORNER,,,,,,,,,,,,,,,,,,,,,,,,,,,,,,,,,
1192471,c7d82ea4ec95cebdaf689372fe33839b5370c32653b727360e70d2e1b7009137233a232039695840f5f7df7a0758c99495fa7b98249cf7cda16c3fc1bf02ef03,09/26/2021 04:15:00 PM,1,DRIVER,3,1131405,,FORD,EXPLORER,IL,2013,NONE,SPORT UTILITY VEHICLE (SUV),PERSONAL,W,STRAIGHT AHEAD,,,4,,,,,Y,Y,,,,,,,,,Y,Y,,FRONT-RIGHT-CORNER,,,,,,,,,,,,,,,,,,,,,,,,,,,,,,,,,
1192472,c7d82ea4ec95cebdaf689372fe33839b5370c32653b727360e70d2e1b7009137233a232039695840f5f7df7a0758c99495fa7b98249cf7cda16c3fc1bf02ef03,09/26/2021 04:15:00 PM,2,PARKED,,1131410,,DODGE,RAM 1500 PU,IL,2019,NONE,PICKUP,NOT IN USE,W,PARKED,,,0,,,,,Y,,,,Y,Y,Y,,,,Y,Y,,REAR,,,,,,,,,,,,,,,,,,,,,,,,,,,,,,,,,
1192473,c7d82ea4ec95cebdaf689372fe33839b5370c32653b727360e70d2e1b7009137233a232039695840f5f7df7a0758c99495fa7b98249cf7cda16c3fc1bf02ef03,09/26/2021 04:15:00 PM,3,PARKED,,1131416,,GENERAL MOTORS CORPORATION (GMC),TERRAIN,IL,2013,NONE,SPORT UTILITY VEHICLE (SUV),NOT IN USE,W,PARKED,,,0,,,,,Y,,,,Y,Y,Y,,,,Y,Y,,REAR,,,,,,,,,,,,,,,,,,,,,,,,,,,,,,,,,