CRASH_UNIT_ID,CRASH_RECORD_ID,CRASH_DATE,UNIT_NO,UNIT_TYPE,NUM_PASSENGERS,VEHICLE_ID,CMRC_VEH_I,MAKE,MODEL,LIC_PLATE_STATE,VEHICLE_YEAR,VEHICLE_DEFECT,VEHICLE_TYPE,VEHICLE_USE,TRAVEL_DIRECTION,MANEUVER,TOWED_I,FIRE_I,OCCUPANT_CNT,EXCEED_SPEED_LIMIT_I,TOWED_BY,TOWED_TO,AREA_00_I,AREA_01_I,AREA_02_I,AREA_03_I,AREA_04_I,AREA_05_I,AREA_06_I,AREA_07_I,AREA_08_I,AREA_09_I,AREA_10_I,AREA_11_I,AREA_12_I,AREA_99_I,FIRST_CONTACT_POINT,CMV_ID,USDOT_NO,CCMC_NO,ILCC_NO,COMMERCIAL_SRC,GVWR,CARRIER_NAME,CARRIER_STATE,CARRIER_CITY,HAZMAT_PLACARDS_I,HAZMAT_NAME,UN_NO,HAZMAT_PRESENT_I,HAZMAT_REPORT_I,HAZMAT_REPORT_NO,MCS_REPORT_I,MCS_REPORT_NO,HAZMAT_VIO_CAUSE_CRASH_I,MCS_VIO_CAUSE_CRASH_I,IDOT_PERMIT_NO,WIDE_LOAD_I,TRAILER1_WIDTH,TRAILER2_WIDTH,TRAILER1_LENGTH,TRAILER2_LENGTH,TOTAL_VEHICLE_LENGTH,AXLE_CNT,VEHICLE_CONFIG,CARGO_BODY_TYPE,LOAD_TYPE,HAZMAT_OUT_OF_SERVICE_I,MCS_OUT_OF_SERVICE_I,HAZMAT_CLASS
1192474,c7d82ea4ec95cebdaf689372fe33839b5370c32653b727360e70d2e1b7009137233a232039695840f5f7df7a0758c99495fa7b98249cf7cda16c3fc1bf02ef03,09/26/2021 04:15:00 PM,4,PARKED,,1131418,,DODGE,JOURNEY,IL,2014,NONE,VAN/MINI-VAN,NOT IN USE,W,PARKED,,,0,,,,,,,,,Y,Y,Y,,,,,,,REAR,,,,,,,,,,,,,,,,,,,,,,,,,,,,,,,,,
1192149,40f411b3d7dee096d46f20609084dcfa99762860b5b03db7003484ac40f6c87f848d5b6374e4518623d73cc84dfe88ed7d5101a27e90f6e9df11f546f087fe18,09/26/2021 12:04:00 AM,1,DRIVER,1,1131080,,BUICK,OTHER (EXPLAIN IN NARRATIVE),IL,2002,UNKNOWN,PASSENGER,PERSONAL,E,TURNING LEFT,Y,,2,,PRIVATE,HOME,,Y,,,,,,,,,,Y,Y,,FRONT,,,,,,,,,,,,,,,,,,,,,,,,,,,,,,,,,
1192150,40f411b3d7dee096d46f20609084dcfa99762860b5b03db7003484ac40f6c87f848d5b6374e4518623d73cc84dfe88ed7d5101a27e90f6e9df11f546f087fe18,09/26/2021 12:04:00 AM,2,DRIVER,1,1131085,,CHEVROLET,IMPALA,IL,2012,UNKNOWN,PASSENGER,PERSONAL,W,STRAIGHT AHEAD,,,2,,,,,,,,,,,,,Y,Y,Y,,,SIDE-LEFT-FRONT,,,,,,,,,,,,,,,,,,,,,,,,,,,,,,,,,
1191560,7edfea0a446a9bd711f7003901e1ae37c3dda714e4f1fc3303e8edd4a530023b70009f98398f1179c488f7cdf68b347b54cb3157b475f523ea06432fa81a186f,09/25/2021 08:20:00 AM,1,DRIVER,,1130521,,CHEVROLET,SUBURBAN,IL,2004,NONE,SPORT UTILITY VEHICLE (SUV),PERSONAL,E,STRAIGHT AHEAD,,,1,,,,,Y,,,,,,,,,,Y,Y,,FRONT,,,,,,,,,,,,,,,,,,,,,,,,,,,,,,,,,
1191561,7edfea0a446a9bd711f7003901e1ae37c3dda714e4f1fc3303e8edd4a530023b70009f98398f1179c488f7cdf68b347b54cb3157b475f523ea06432fa81a186f,09/25/2021 08:20:00 AM,2,DRIVER,,1130523,,TOYOTA,RAV4,IL,2007,NONE,SPORT UTILITY VEHICLE (SUV),PERSONAL,E,STRAIGHT AHEAD,,,1,,,,,Y,,,,Y,Y,Y,,,,Y,Y,,REAR,,,,,,,,,,,,,,,,,,,,,,,,,,,,,,,,,
1191562,7edfea0a446a9bd711f7003901e1ae37c3dda714e4f1fc3303e8edd4a530023b70009f98398f1179c488f7cdf68b347b54cb3157b475f523ea06432fa81a186f,09/25/2021 08:20:00 AM,3,DRIVER,,1130525,,UNKNOWN,MOTORIZED,,,UNKNOWN,PASSENGER,UNKNOWN/NA,E,STRAIGHT AHEAD,,,1,,,,,,,,,Y,Y,Y,,,,,,,REAR,,,,,,,,,,,,,,,,,,,,,,,,,,,,,,,,,
1191166,2edf403d9970466f5fe3bd16a15cfae19acd771fd6eeba6ce212f68de22f88a5489881beb963ea2646c0ffb8eaa174f02b6dda9adfd0caff4b7002ded1d6201e,09/24/2021 05:10:00 PM,1,DRIVER,,1130146,,JEEP,RENEGADE,IL,2017,UNKNOWN,SPORT UTILITY VEHICLE (SUV),UNKNOWN/NA,N,SLOW/STOP IN TRAFFIC,,,1,,,,,Y,,,,,,,,,,Y,Y,,FRONT,,,,,,,,,,,,,,,,,,,,,,,,,,,,,,,,,
1191167,2edf403d9970466f5fe3bd16a15cfae19acd771fd6eeba6ce212f68de22f88a5489881beb963ea2646c0ffb8eaa174f02b6dda9adfd0caff4b7002ded1d6201e,09/24/2021 05:10:00 PM,2,DRIVER,,1130153,,BMW,X5,IL,2018,NONE,SPORT UTILITY VEHICLE (SUV),PERSONAL,N,SLOW/STOP IN TRAFFIC,,,1,,,,,,,,,Y,Y,Y,,,,,,,REAR,,,,,,,,,,,,,,,,,,,,,,,,,,,,,,,,,
1189491,31e90003ef3834f399a96216f988976d289829eec2f66a676bec3784d3cf8b773cbf79771a9491bfe4249feb899dbba18e24a4eb91a2080fcab70093baa78e03,09/22/2021 09:30:00 AM,1,DRIVER,,1128541,,NISSAN,SENTRA,IL,2013,UNKNOWN,PASSENGER,UNKNOWN/NA,W,STRAIGHT AHEAD,,,1,,,,,,,,,,,,,,,,Y,,FRONT,,,,,,,,,,,,,,,,,,,,,,,,,,,,,,,,,
1189492,31e90003ef3834f399a96216f988976d289829eec2f66a676bec3784d3cf8b773cbf79771a9491bfe4249feb899dbba18e24a4eb91a2080fcab70093baa78e03,09/22/2021 09:30:00 AM,2,DRIVER,,1128545,,HYUNDAI,ACCENT,,2016,NONE,PASSENGER,PERSONAL,W,SLOW/STOP IN TRAFFIC,,,1,,,,,,,,,,Y,,,,,,,,REAR,,,,,,,,,,,,,,,,,,,,,,,,,,,,,,,,,
1185247,6854e77acf69c748e7bf26849cd631a340da581bd089ed979273d68228325e8c8b96aa0e950967d33001016a23854b5f288159354935b7001a66380be33755a5,09/16/2021 03:40:00 PM,1,DRIVER,1,1124457,,UNKNOWN,MOTORIZED,,,UNKNOWN,PASSENGER,UNKNOWN/NA,W,BACKING,,,2,,,,,,,,,,,,,,,,,Y,SIDE-RIGHT,,,,,,,,,,,,,,,,,,,,,,,,,,,,,,,,,
1185248,6854e77acf69c748e7bf26849cd631a340da581bd089ed979273d68228325e8c8b96aa0e950967d33001016a23854b5f288159354935b7001a66380be33755a5,09/16/2021 03:40:00 PM,2,PARKED,,1124471,,HONDA,CIVIC,IL,2007,NONE,PASSENGER,PERSONAL,E,PARKED,,,0,,,,,,,,,,,,,,,,,,SIDE-LEFT-REAR,,,,,,,,,,,,,,,,,,,,,,,,,,,,,,,,,
1184959,f14747d969261d800353b4b700c7ed57847b9d175fb1938084aa48889361715759e73e8a9ef1835ee559572f2c528fa6588fd621b3a40d72d621afb9f65803af,09/16/2021 11:25:00 AM,1,DRIVER,,1124183,,HYUNDAI,ELANTRA,IL,2010,UNKNOWN,PASSENGER,PERSONAL,S,OTHER,Y,,1,,,,,,,,,,,,,,,,Y,,FRONT,,,,,,,,,,,,,,,,,,,,,,,,,,,,,,,,,
1184691,6310ea1ec8e31ba3f1ed00bd60ba17583ee6e84dacd30086b165eb7003152f3471bf67ee595fbda25c136f720f6143ed1756bca2f6b421b5d896896843d61e1b,09/15/2021 11:30:00 PM,1,DRIVER,,1123926,,KIA,OPTIMA / K5,IL,2021,UNKNOWN,UNKNOWN/NA,UNKNOWN/NA,N,CHANGING LANES,,,1,,,,,Y,,,,,,,,,,,,,FRONT-RIGHT-CORNER,,,,,,,,,,,,,,,,,,,,,,,,,,,,,,,,,
1184692,6310ea1ec8e31ba3f1ed00bd60ba17583ee6e84dacd30086b165eb7003152f3471bf67ee595fbda25c136f720f6143ed1756bca2f6b421b5d896896843d61e1b,09/15/2021 11:30:00 PM,2,DRIVER,,1123930,,CHRYSLER,300,IL,2007,UNKNOWN,UNKNOWN/NA,UNKNOWN/NA,N,CHANGING LANES,,,1,,,,,,,,,,,,,,,Y,,,FRONT-LEFT-CORNER,,,,,,,,,,,,,,,,,,,,,,,,,,,,,,,,,
1185155,054dd7c7ba15802f6345eac50e2a3615c751b40020cef7e65804a57b24509184164b2d45674031f1c56371e5a0201f997fbde776d94ae738424a177bdeb700ab,09/15/2021 08:30:00 PM,1,DRIVER,,1124374,,NISSAN,ALTIMA,IL,2014,UNKNOWN,PASSENGER,PERSONAL,UNKNOWN,UNKNOWN/NA,,,1,,,,,,,,,,,,,,,,,Y,UNKNOWN,,,,,,,,,,,,,,,,,,,,,,,,,,,,,,,,,
1185156,054dd7c7ba15802f6345eac50e2a3615c751b40020cef7e65804a57b24509184164b2d45674031f1c56371e5a0201f997fbde776d94ae738424a177bdeb700ab,09/15/2021 08:30:00 PM,2,PARKED,,1124381,,BMW,X3,IL,2018,UNKNOWN,PASSENGER,PERSONAL,UNKNOWN,PARKED,,,0,,,,,,,,,,,,,,Y,Y,,,FRONT-LEFT-CORNER,,,,,,,,,,,,,,,,,,,,,,,,,,,,,,,,,
1183996,d539b0fbe965a6caf7b64c92c8c2860419f161af3153d3e4af9926b700577238b15240b22e363ccb6292a922eb526fd1faef0086db666f93d55820ecf41a63ed,09/15/2021 12:00:00 AM,1,DRIVER,,1123260,,UNKNOWN,OTHER (EXPLAIN IN NARRATIVE),,,UNKNOWN,UNKNOWN/NA,UNKNOWN/NA,UNKNOWN,UNKNOWN/NA,,,1,,,,,,,,,,,,,,,,,Y,UNKNOWN,,,,,,,,,,,,,,,,,,,,,,,,,,,,,,,,,
1183997,d539b0fbe965a6caf7b64c92c8c2860419f161af3153d3e4af9926b700577238b15240b22e363ccb6292a922eb526fd1faef0086db666f93d55820ecf41a63ed,09/15/2021 12:00:00 AM,2,PARKED,,1123266,,CHEVROLET,OTHER (EXPLAIN IN NARRATIVE),IL,2007,UNKNOWN,PASSENGER,NOT IN USE,S,PARKED,,,0,,,,,,,,,,,Y,Y,Y,Y,Y,,,SIDE-LEFT,,,,,,,,,,,,,,,,,,,,,,,,,,,,,,,,,
1184402,7cc7ec0427e6a67dd1bba1624b6f3735b70008560abfc7db5e886878f6233915dd2c27f248d8b3b85f48c08d5d14b7ef88bc79b679b0da2d7d4ee6fa9883ef58,09/14/2021 04:00:00 AM,1,DRIVER,,1123664,,TOYOTA,OTHER (EXPLAIN IN NARRATIVE),IL,2002,NONE,PASSENGER,PERSONAL,S,STRAIGHT AHEAD,,,1,,,,,,,,,,,,,,,,Y,,FRONT,,,,,,,,,,,,,,,,,,,,,,,,,,,,,,,,,
1184403,7cc7ec0427e6a67dd1bba1624b6f3735b70008560abfc7db5e886878f6233915dd2c27f248d8b3b85f48c08d5d14b7ef88bc79b679b0da2d7d4ee6fa9883ef58,09/14/2021 04:00:00 AM,2,DRIVER,,1123658,,KIA,OPTIMA / K5,IL,2017,NONE,PASSENGER,PERSONAL,S,STRAIGHT AHEAD,,,1,,,,,,,,,,Y,,,,,,,,REAR,,,,,,,,,,,,,,,,,,,,,,,,,,,,,,,,,
1181700,0e9fdfceb22d96187e05709dcf0f682f8d737a373baec6ad8c94dbaa405fcc154a300c345abdad6ae33cbbdb3fabfa46fb7ffe99529cefb7003e9ddee7b3bfc9,09/11/2021 09:40:00 PM,1,DRIVER,,1121100,,CHRYSLER,200,IL,2016,UNKNOWN,PASSENGER,PERSONAL,W,STRAIGHT AHEAD,Y,,1,,CITY OF CHICAGO,CENTRAL POUND,,Y,Y,Y,Y,Y,,,,,,,,,SIDE-RIGHT-FRONT,,,,,,,,,,,,,,,,,,,,,,,,,,,,,,,,,
1181701,0e9fdfceb22d96187e05709dcf0f682f8d737a373baec6ad8c94dbaa405fcc154a300c345abdad6ae33cbbdb3fabfa46fb7ffe99529cefb7003e9ddee7b3bfc9,09/11/2021 09:40:00 PM,2,DRIVER,,1121101,,HONDA,CIVIC,IL,2007,NONE,PASSENGER,PERSONAL,E,STRAIGHT AHEAD,,,1,,,,,,,Y,Y,Y,,,,,,,,,SIDE-RIGHT,,,,,,,,,,,,,,,,,,,,,,,,,,,,,,,,,
1181702,0e9fdfceb22d96187e05709dcf0f682f8d737a373baec6ad8c94dbaa405fcc154a300c345abdad6ae33cbbdb3fabfa46fb7ffe99529cefb7003e9ddee7b3bfc9,09/11/2021 09:40:00 PM,3,PARKED,,1121103,,ACURA,ZDX,IL,2015,NONE,UNKNOWN/NA,PERSONAL,N,PARKED,,,0,,,,,,,,,,,Y,Y,,,,,,SIDE-RIGHT-REAR,,,,,,,,,,,,,,,,,,,,,,,,,,,,,,,,,
1187001,a0b7008dcf126be73be213e201b20c1e173a965d09dc6381be8cfa0e4bfc6bcc2d88a4743fe63b121b666c701829959425b2a01f2d51a7c87df4b36fac912880,09/11/2021 09:30:00 PM,1,DRIVER,,1126149,,TOYOTA,CAMRY,,,UNKNOWN,PASSENGER,UNKNOWN/NA,N,UNKNOWN/NA,,,1,,,,,,,,,,,,,,,,,Y,UNKNOWN,,,,,,,,,,,,,,,,,,,,,,,,,,,,,,,,,
1187002,a0b7008dcf126be73be213e201b20c1e173a965d09dc6381be8cfa0e4bfc6bcc2d88a4743fe63b121b666c701829959425b2a01f2d51a7c87df4b36fac912880,09/11/2021 09:30:00 PM,2,PARKED,,1126152,,NISSAN,VERSA,IL,2018,NONE,PASSENGER,PERSONAL,N,PARKED,,,0,,,,,,,,,,,Y,,,,,,,REAR-LEFT-CORNER,,,,,,,,,,,,,,,,,,,,,,,,,,,,,,,,,
1180562,26ba143bb7da23bf480f831b157baae8fc322a09ab36ae0cc8ecccfc92ceacf11462df8c4ceea27349ad2071256cc07bea4f20bb7006eb214f6ed85dc00cde19,09/10/2021 11:55:00 AM,1,DRIVER,,1120025,,"CALDWELL (DIVISION OF SMITH INTERNATIONAL, INC.)","CALDWELL DIV., SMITH INTERNATIONAL, INC.",IL,2006,NONE,TRUCK - SINGLE UNIT,COMMERCIAL - SINGLE UNIT,N,SLOW/STOP IN TRAFFIC,,,1,,,,,,,,,,,,,,,,Y,,FRONT,,,,,,,,,,,,,,,,,,,,,,,,,,,,,,,,,
1180563,26ba143bb7da23bf480f831b157baae8fc322a09ab36ae0cc8ecccfc92ceacf11462df8c4ceea27349ad2071256cc07bea4f20bb7006eb214f6ed85dc00cde19,09/10/2021 11:55:00 AM,2,DRIVER,2,1120039,,JEEP,GRAND CHEROKEE,IL,2017,NONE,SPORT UTILITY VEHICLE (SUV),PERSONAL,N,SLOW/STOP IN TRAFFIC,Y,,3,,,,,Y,,,,Y,Y,Y,,,,Y,,,REAR,,,,,,,,,,,,,,,,,,,,,,,,,,,,,,,,,
1180564,26ba143bb7da23bf480f831b157baae8fc322a09ab36ae0cc8ecccfc92ceacf11462df8c4ceea27349ad2071256cc07bea4f20bb7006eb214f6ed85dc00cde19,09/10/2021 11:55:00 AM,3,DRIVER,1,1120052,,LEXUS,RX300,IL,2020,NONE,SPORT UTILITY VEHICLE (SUV),PERSONAL,N,SLOW/STOP IN TRAFFIC,,,2,,,,,,,,,,Y,,,,,,,,REAR,,,,,,,,,,,,,,,,,,,,,,,,,,,,,,,,,
1181246,602803aba141fc86dc9da3aca206fa4073f673fea784a0210efc0cb555e8b69e40b700ecf93a2852355832e8d2ae1f384db8c92f987c6d75de3dd5c0e5c75c3c,09/07/2021 09:50:00 PM,1,DRIVER,,1120659,,UNKNOWN,MOTORIZED,IL,,UNKNOWN,UNKNOWN/NA,UNKNOWN/NA,UNKNOWN,UNKNOWN/NA,,,1,,,,,,,,,,,,,,,,,Y,UNKNOWN,,,,,,,,,,,,,,,,,,,,,,,,,,,,,,,,,
1181247,602803aba141fc86dc9da3aca206fa4073f673fea784a0210efc0cb555e8b69e40b700ecf93a2852355832e8d2ae1f384db8c92f987c6d75de3dd5c0e5c75c3c,09/07/2021 09:50:00 PM,2,PARKED,,1120663,,NISSAN,ALTIMA,FL,,NONE,PASSENGER,PERSONAL,N,PARKED,,,0,,,,,Y,,,,,,,,,,,,,SIDE-RIGHT-FRONT,,,,,,,,,,,,,,,,,,,,,,,,,,,,,,,,,
1176870,392a445db2abe531068a9fa6f28e0c3852122ae5b4545196373dbcbb700551e119333044426e4e70389fa017cdc4583721074c5280f59b696834677b51924589,09/04/2021 10:28:00 PM,1,DRIVER,,1116447,,FORD,EXPLORER,IL,2010,UNKNOWN,PASSENGER,PERSONAL,S,STRAIGHT AHEAD,Y,,1,,OWNER,,,Y,,,,,,,,,N,Y,Y,,FRONT,,,,,,,,,,,,,,,,,,,,,,,,,,,,,,,,,
1176871,392a445db2abe531068a9fa6f28e0c3852122ae5b4545196373dbcbb700551e119333044426e4e70389fa017cdc4583721074c5280f59b696834677b51924589,09/04/2021 10:28:00 PM,2,DRIVER,,1116451,,MAZDA,CX-5,IL,2016,UNKNOWN,PASSENGER,PERSONAL,S,STRAIGHT AHEAD,,,1,,,,,,,,,Y,Y,Y,,,,,,,REAR,,,,,,,,,,,,,,,,,,,,,,,,,,,,,,,,,
1175791,04ff6beef6811df7816dd4ade5aee3d4a25fbf9d648585a0ab2634ec40665b700044e4fa0d66de2252141727c1531fff8e25b8b1beabf315d7a0f0fc74eabd35,09/03/2021 12:05:00 PM,1,DRIVER,,1115427,,HONDA,INSIGHT,IL,2010,NONE,PASSENGER,PERSONAL,N,ENTER FROM DRIVE/ALLEY,Y,,1,,,,,N,,,,,,,,,,,,,FRONT,,,,,,,,,,,,,,,,,,,,,,,,,,,,,,,,,
1175792,04ff6beef6811df7816dd4ade5aee3d4a25fbf9d648585a0ab2634ec40665b700044e4fa0d66de2252141727c1531fff8e25b8b1beabf315d7a0f0fc74eabd35,09/03/2021 12:05:00 PM,2,DRIVER,,1115429,,LEXUS,IS250,IL,2015,NONE,PASSENGER,PERSONAL,W,STRAIGHT AHEAD,,,1,,,,,,,,,,,,,,,,,,FRONT,,,,,,,,,,,,,,,,,,,,,,,,,,,,,,,,,
1175343,cf5f5e870a3a0fd70352280eb7a80d3a2b7009d6258f901b3a1352218295d1fe851e9f7974da98ca8e70d28e624d0b0eb92202e6dfb046065c8b09f199bea01e,09/02/2021 02:00:00 PM,1,DRIVER,,1114984,,UNKNOWN,MOTORIZED,IL,,UNKNOWN,UNKNOWN/NA,UNKNOWN/NA,UNKNOWN,OTHER,,,1,,,,,,,,,,,,,,,,,Y,UNKNOWN,,,,,,,,,,,,,,,,,,,,,,,,,,,,,,,,,
1175344,cf5f5e870a3a0fd70352280eb7a80d3a2b7009d6258f901b3a1352218295d1fe851e9f7974da98ca8e70d28e624d0b0eb92202e6dfb046065c8b09f199bea01e,09/02/2021 02:00:00 PM,2,PARKED,,1114989,,VOLKSWAGEN,ATLAS,IL,,UNKNOWN,UNKNOWN/NA,UNKNOWN/NA,UNKNOWN,PARKED IN TRAFFIC LANE,,,0,,,,,,,,,,,,,,,,,Y,UNKNOWN,,,,,,,,,,,,,,,,,,,,,,,,,,,,,,,,,
1174571,d4e9d9a10cc1ce47351f09ae0ef37bdda30be93a58db59d1b66d417342ace58172ebe2501671048d324b0f51f9b700ae743f390e3ef6b360e9dcf5956d09a62c,09/01/2021 02:58:00 PM,1,DRIVER,,1114253,,DODGE,CHARGER,IL,2021,NONE,PASSENGER,PERSONAL,N,TURNING LEFT,,,1,,,,,Y,,,,,,,,,,Y,Y,,FRONT,,,,,,,,,,,,,,,,,,,,,,,,,,,,,,,,,
1174572,d4e9d9a10cc1ce47351f09ae0ef37bdda30be93a58db59d1b66d417342ace58172ebe2501671048d324b0f51f9b700ae743f390e3ef6b360e9dcf5956d09a62c,09/01/2021 02:58:00 PM,2,DRIVER,,1114262,,NISSAN,ALTIMA,IN,2019,NONE,PASSENGER,PERSONAL,S,STRAIGHT AHEAD,,,1,,,,,,,,,,,,Y,Y,Y,,,,SIDE-LEFT,,,,,,,,,,,,,,,,,,,,,,,,,,,,,,,,,
1174502,908558c9af87095901caa0f6ead33edf523daed4e66a11bb7a75e34901f364b0cee2288fd672d87efe303af97f790d8a4b700658309194dbb98cb1c6638f8184,09/01/2021 02:35:00 PM,1,DRIVER,,1114191,,JAGUAR,OTHER (EXPLAIN IN NARRATIVE),,,UNKNOWN,UNKNOWN/NA,UNKNOWN/NA,W,STRAIGHT AHEAD,,,1,,,,,,,,,,,,,,,,,Y,UNKNOWN,,,,,,,,,,,,,,,,,,,,,,,,,,,,,,,,,
1174503,908558c9af87095901caa0f6ead33edf523daed4e66a11bb7a75e34901f364b0cee2288fd672d87efe303af97f790d8a4b700658309194dbb98cb1c6638f8184,09/01/2021 02:35:00 PM,2,DRIVER,,1114183,,NISSAN,MAXIMA,IL,2017,NONE,PASSENGER,PERSONAL,S,STRAIGHT AHEAD,,,1,,,,,,,,,,,,,,Y,Y,Y,,FRONT,,,,,,,,,,,,,,,,,,,,,,,,,,,,,,,,,
1172509,d36d827beed41a65fbb296db641bac9bc1c0fda48d877c439516dc07d0ac704b8fdf07d88de9ac2458cc7ae97a5105c6cf0d8523b700edf12c706504f50e3b16,08/30/2021 12:30:00 AM,1,DRIVER,,1112264,,HONDA,ACCORD,IL,2015,NONE,PASSENGER,PERSONAL,N,STRAIGHT AHEAD,Y,,1,,PRIVATE,,,Y,,,,,,,,,,,Y,,FRONT-RIGHT-CORNER,,,,,,,,,,,,,,,,,,,,,,,,,,,,,,,,,
1172510,d36d827beed41a65fbb296db641bac9bc1c0fda48d877c439516dc07d0ac704b8fdf07d88de9ac2458cc7ae97a5105c6cf0d8523b700edf12c706504f50e3b16,08/30/2021 12:30:00 AM,2,DRIVER,1,1112268,,TOYOTA,CAMRY,IL,2008,NONE,PASSENGER,TAXI/FOR HIRE,N,STRAIGHT AHEAD,,,2,,,,,,,,,Y,Y,Y,Y,,,,,,FRONT,,,,,,,,,,,,,,,,,,,,,,,,,,,,,,,,,
1170929,96fd25b25e839f5a9aeb6665dbe5084fb9e0249edaebbab4383e4884218d0055d1027ebb8ed02f70bb46c2b70062a3d888bc40c9c09ccc830e2bb055d6103e16,08/27/2021 07:00:00 PM,1,DRIVER,,1110758,,HONDA,CIVIC,IL,2003,UNKNOWN,UNKNOWN/NA,UNKNOWN/NA,E,TURNING LEFT,,,1,,,,,,,,,,,,,,,,,Y,FRONT-LEFT-CORNER,,,,,,,,,,,,,,,,,,,,,,,,,,,,,,,,,
1170930,96fd25b25e839f5a9aeb6665dbe5084fb9e0249edaebbab4383e4884218d0055d1027ebb8ed02f70bb46c2b70062a3d888bc40c9c09ccc830e2bb055d6103e16,08/27/2021 07:00:00 PM,2,DRIVER,,1110762,,LEXUS,RX300,IL,2000,UNKNOWN,PASSENGER,PERSONAL,S,STRAIGHT AHEAD,Y,,1,,UNKNOWN,UNKNOWN,,Y,Y,,,,,,,,,,Y,,FRONT-RIGHT-CORNER,,,,,,,,,,,,,,,,,,,,,,,,,,,,,,,,,
1170795,506067a39207166e78cc45ba7b9784c60edc95ca4fd689b471d53317ae67e84e740fbb8e569d59115d9f08ab32466e51ea6ac16899adb700567afa6b9548a886,08/27/2021 04:40:00 PM,1,DRIVER,,1110650,,KIA,OPTIMA / K5,IL,2019,NONE,PASSENGER,PERSONAL,W,BACKING,,,1,,,,,,,,,Y,Y,Y,,,,,,,REAR,,,,,,,,,,,,,,,,,,,,,,,,,,,,,,,,,
1170796,506067a39207166e78cc45ba7b9784c60edc95ca4fd689b471d53317ae67e84e740fbb8e569d59115d9f08ab32466e51ea6ac16899adb700567afa6b9548a886,08/27/2021 04:40:00 PM,2,DRIVER,,1110661,,TOYOTA,RAV4,IL,2020,NONE,PASSENGER,PERSONAL,E,STRAIGHT AHEAD,,,1,,,,,Y,,,,,,,,,,Y,Y,,FRONT,,,,,,,,,,,,,,,,,,,,,,,,,,,,,,,,,
1170761,646eacbc2d368d648204ea5b0108aae5da632369430eb5cdaaaebf5a454c05a6a5937b7d3e296e2a8b7008a36dbb6c738f145f9c0f6c3e193f69eb87673ab97b,08/27/2021 04:25:00 PM,1,DRIVER,,1110585,,CHEVROLET,MALIBU,IL,2004,UNKNOWN,PASSENGER,PERSONAL,N,ENTERING TRAFFIC LANE FROM PARKING,,,1,,,,,,,,,,,,,,,,,Y,UNKNOWN,,,,,,,,,,,,,,,,,,,,,,,,,,,,,,,,,
1170762,646eacbc2d368d648204ea5b0108aae5da632369430eb5cdaaaebf5a454c05a6a5937b7d3e296e2a8b7008a36dbb6c738f145f9c0f6c3e193f69eb87673ab97b,08/27/2021 04:25:00 PM,2,DRIVER,,1110599,,DODGE,CARAVAN,IL,2019,NONE,VAN/MINI-VAN,PERSONAL,N,STRAIGHT AHEAD,,,1,,,,,,Y,Y,Y,,,,,,,,,,SIDE-RIGHT,,,,,,,,,,,,,,,,,,,,,,,,,,,,,,,,,
1172961,da2155608e8e3847d4f3f3fb591ab7005c59653973b1833d22fa833df732d88d809e6628ebb7d9f656eceeb7073d569b0dd7a05261c5ea6a3d367c8c604c9ed1,08/27/2021 09:00:00 AM,1,DRIVER,,1112699,,UNKNOWN,OTHER (EXPLAIN IN NARRATIVE),IL,,UNKNOWN,UNKNOWN/NA,UNKNOWN/NA,UNKNOWN,UNKNOWN/NA,,,1,,,,,,,,,,,,,,,,,Y,UNKNOWN,,,,,,,,,,,,,,,,,,,,,,,,,,,,,,,,,
1172962,da2155608e8e3847d4f3f3fb591ab7005c59653973b1833d22fa833df732d88d809e6628ebb7d9f656eceeb7073d569b0dd7a05261c5ea6a3d367c8c604c9ed1,08/27/2021 09:00:00 AM,2,PARKED,,1112700,,KIA,FORTE,IL,2010,NONE,PASSENGER,PERSONAL,UNKNOWN,PARKED,,,0,,,,,Y,Y,Y,Y,Y,,,,,,,,,UNKNOWN,,,,,,,,,,,,,,,,,,,,,,,,,,,,,,,,,
1170072,e66f58bdbfa51d60ba6858a6f8a5c13761b41c06050e7e2d3b0a90ca1190ade47c72d674c1bdbbd48822ec2435ac43ecbb56253be690172109ad5e3b7007e369,08/26/2021 05:43:00 PM,1,DRIVER,,1109933,,CHEVROLET,OTHER (EXPLAIN IN NARRATIVE),IL,2019,NONE,PASSENGER,PERSONAL,E,STRAIGHT AHEAD,,,1,,,,,,,,,,,,,,,,Y,,FRONT,,,,,,,,,,,,,,,,,,,,,,,,,,,,,,,,,
1170073,e66f58bdbfa51d60ba6858a6f8a5c13761b41c06050e7e2d3b0a90ca1190ade47c72d674c1bdbbd48822ec2435ac43ecbb56253be690172109ad5e3b7007e369,08/26/2021 05:43:00 PM,2,DRIVER,,1109944,,MAZDA,CX-5,IL,,NONE,SPORT UTILITY VEHICLE (SUV),PERSONAL,E,SLOW/STOP IN TRAFFIC,,,1,,,,,,,,,,Y,,,,,,,,REAR,,,,,,,,,,,,,,,,,,,,,,,,,,,,,,,,,