CRASH_UNIT_ID,CRASH_RECORD_ID,CRASH_DATE,UNIT_NO,UNIT_TYPE,NUM_PASSENGERS,VEHICLE_ID,CMRC_VEH_I,MAKE,MODEL,LIC_PLATE_STATE,VEHICLE_YEAR,VEHICLE_DEFECT,VEHICLE_TYPE,VEHICLE_USE,TRAVEL_DIRECTION,MANEUVER,TOWED_I,FIRE_I,OCCUPANT_CNT,EXCEED_SPEED_LIMIT_I,TOWED_BY,TOWED_TO,AREA_00_I,AREA_01_I,AREA_02_I,AREA_03_I,AREA_04_I,AREA_05_I,AREA_06_I,AREA_07_I,AREA_08_I,AREA_09_I,AREA_10_I,AREA_11_I,AREA_12_I,AREA_99_I,FIRST_CONTACT_POINT,CMV_ID,USDOT_NO,CCMC_NO,ILCC_NO,COMMERCIAL_SRC,GVWR,CARRIER_NAME,CARRIER_STATE,CARRIER_CITY,HAZMAT_PLACARDS_I,HAZMAT_NAME,UN_NO,HAZMAT_PRESENT_I,HAZMAT_REPORT_I,HAZMAT_REPORT_NO,MCS_REPORT_I,MCS_REPORT_NO,HAZMAT_VIO_CAUSE_CRASH_I,MCS_VIO_CAUSE_CRASH_I,IDOT_PERMIT_NO,WIDE_LOAD_I,TRAILER1_WIDTH,TRAILER2_WIDTH,TRAILER1_LENGTH,TRAILER2_LENGTH,TOTAL_VEHICLE_LENGTH,AXLE_CNT,VEHICLE_CONFIG,CARGO_BODY_TYPE,LOAD_TYPE,HAZMAT_OUT_OF_SERVICE_I,MCS_OUT_OF_SERVICE_I,HAZMAT_CLASS
1173842,a1311a7bfdb7b281edb69d144043d8544e2cb7744fd14af3ea06382b33fd1acab27cd07a651fa649957e37a630997df0ccb96026425684dff3cb700d80127e92,08/24/2021 10:30:00 PM,1,DRIVER,,1113535,,UNKNOWN,OTHER (EXPLAIN IN NARRATIVE),,,NONE,VAN/MINI-VAN,UNKNOWN/NA,N,STRAIGHT AHEAD,,,1,,,,,,,,,,,,,,,,,,FRONT,,,,,,,,,,,,,,,,,,,,,,,,,,,,,,,,,
1173843,a1311a7bfdb7b281edb69d144043d8544e2cb7744fd14af3ea06382b33fd1acab27cd07a651fa649957e37a630997df0ccb96026425684dff3cb700d80127e92,08/24/2021 10:30:00 PM,2,DRIVER,,1113536,,INFINITI,G35,IL,2007,NONE,PASSENGER,PERSONAL,E,STRAIGHT AHEAD,,,1,,,,,Y,Y,Y,,,,,,,,,,,SIDE-RIGHT,,,,,,,,,,,,,,,,,,,,,,,,,,,,,,,,,
1166517,cc1b134547a05dac84ea156bbc9b15b5e52550209396f044b72cf5634471e409dd6a60732f23a3c21e8da61e56dfac7f22058b700eb61e81b5574f185ccffaa0,08/21/2021 02:40:00 PM,1,DRIVER,,1106550,,UNKNOWN,OTHER (EXPLAIN IN NARRATIVE),IL,,UNKNOWN,UNKNOWN/NA,UNKNOWN/NA,W,STRAIGHT AHEAD,,,1,,,,,,,,,,,,,,,,,Y,UNKNOWN,,,,,,,,,,,,,,,,,,,,,,,,,,,,,,,,,
1166518,cc1b134547a05dac84ea156bbc9b15b5e52550209396f044b72cf5634471e409dd6a60732f23a3c21e8da61e56dfac7f22058b700eb61e81b5574f185ccffaa0,08/21/2021 02:40:00 PM,2,DRIVER,1,1106557,,KIA,FORTE,IL,2012,NONE,PASSENGER,PERSONAL,S,STRAIGHT AHEAD,,,2,,,,,Y,,,,,,,,,,Y,Y,,FRONT-LEFT-CORNER,,,,,,,,,,,,,,,,,,,,,,,,,,,,,,,,,
1166173,95022c45a2f1b8602e44561db70004eaee9faa729acd2609f853d4d2164d2577ab3b97ca68dc195d2ae720271c782fa586c17e445537a90742309e5d5acab4b5,08/21/2021 01:45:00 AM,1,DRIVER,,1106234,,DODGE,DURANGO,IL,2006,UNKNOWN,SPORT UTILITY VEHICLE (SUV),PERSONAL,S,BACKING,N,,1,,,,,,,,,,Y,,,,,,,,REAR,,,,,,,,,,,,,,,,,,,,,,,,,,,,,,,,,
1166174,95022c45a2f1b8602e44561db70004eaee9faa729acd2609f853d4d2164d2577ab3b97ca68dc195d2ae720271c782fa586c17e445537a90742309e5d5acab4b5,08/21/2021 01:45:00 AM,2,PARKED,,1106236,,CHEVROLET,BOLT,IL,2020,UNKNOWN,PASSENGER,PERSONAL,N,PARKED,,,0,,,,,,,,,,,,,,,,Y,,FRONT,,,,,,,,,,,,,,,,,,,,,,,,,,,,,,,,,
1163691,3e7564e1dce53cfdb2daab8404861b099d8f3aee24caf8f75b622995824979ce62d9a822e8af9d2f6b0c3640d9028f77693b70006d229f6f8f4a8a9ebfea3268,08/17/2021 11:00:00 AM,2,DRIVER,,1103857,,TOYOTA,PRIUS,IL,2015,NONE,PASSENGER,TAXI/FOR HIRE,E,STRAIGHT AHEAD,,,1,,,,,N,N,,,,,,,,Y,Y,,,FRONT-LEFT-CORNER,,,,,,,,,,,,,,,,,,,,,,,,,,,,,,,,,
1163692,3e7564e1dce53cfdb2daab8404861b099d8f3aee24caf8f75b622995824979ce62d9a822e8af9d2f6b0c3640d9028f77693b70006d229f6f8f4a8a9ebfea3268,08/17/2021 11:00:00 AM,1,DRIVER,,1103862,,AUDI,Q5,IL,2018,NONE,PASSENGER,PERSONAL,E,ENTERING TRAFFIC LANE FROM PARKING,,,1,,,,,Y,Y,Y,,,,,,,,,,,FRONT-RIGHT-CORNER,,,,,,,,,,,,,,,,,,,,,,,,,,,,,,,,,
1204770,09d6f4ac63265fb3764744f2d0cb021175bcf87a2990444de9e270ddd9a5001a9158384283dc2c31a4157e2e19418ce5fb7001b94fa7a73e68bd810d415e78a0,08/15/2021 06:34:00 PM,1,DRIVER,5,1143125,,BMW,X3,TN,2005,NONE,PASSENGER,PERSONAL,E,STRAIGHT AHEAD,,,6,,,,,Y,,,,,,,,,,Y,Y,,FRONT,,,,,,,,,,,,,,,,,,,,,,,,,,,,,,,,,
1204771,09d6f4ac63265fb3764744f2d0cb021175bcf87a2990444de9e270ddd9a5001a9158384283dc2c31a4157e2e19418ce5fb7001b94fa7a73e68bd810d415e78a0,08/15/2021 06:34:00 PM,2,DRIVER,1,1143126,,CHRYSLER,PACIFICA,IL,2018,NONE,VAN/MINI-VAN,PERSONAL,N,STRAIGHT AHEAD,Y,,2,,unknown,unknown,,Y,,,,,,Y,Y,Y,,Y,Y,,TOTAL (ALL AREAS),,,,,,,,,,,,,,,,,,,,,,,,,,,,,,,,,
1161262,ad3a8a5bdb8f424aed5a0d5f171869321db13cf9902683484041e15cafbb7004702732603c8bc79cfe45ba99342514af74a50d8ad22ff5addd91ed20410b1c33,08/13/2021 07:30:00 PM,1,DRIVER,,1101560,,JEEP,LIBERTY,IL,2012,UNKNOWN,PASSENGER,UNKNOWN/NA,W,OTHER,,,1,,,,,Y,,,,,,,,,,,,,FRONT-RIGHT-CORNER,,,,,,,,,,,,,,,,,,,,,,,,,,,,,,,,,
1161263,ad3a8a5bdb8f424aed5a0d5f171869321db13cf9902683484041e15cafbb7004702732603c8bc79cfe45ba99342514af74a50d8ad22ff5addd91ed20410b1c33,08/13/2021 07:30:00 PM,2,PARKED,1,1101565,,HONDA,CR-V,IL,2018,UNKNOWN,PASSENGER,PERSONAL,W,PARKED,,,1,,,,,,,,,,,,,Y,Y,,,,SIDE-LEFT,,,,,,,,,,,,,,,,,,,,,,,,,,,,,,,,,
1159733,a9d4463ec5aef703db700838e06dfeac5d227809f658a8515f5323240673736c6736a32e77a58e506298a729c596f623174f380fe92d5d13eeeff5893995081b,08/11/2021 04:48:00 PM,1,DRIVER,,1100098,,FORD,EDGE,IL,2013,UNKNOWN,PASSENGER,PERSONAL,E,STRAIGHT AHEAD,,,1,,,,Y,,,,,,,,,,,,,,FRONT,,,,,,,,,,,,,,,,,,,,,,,,,,,,,,,,,
1159734,a9d4463ec5aef703db700838e06dfeac5d227809f658a8515f5323240673736c6736a32e77a58e506298a729c596f623174f380fe92d5d13eeeff5893995081b,08/11/2021 04:48:00 PM,2,DRIVER,1,1100110,,BMW,OTHER (EXPLAIN IN NARRATIVE),IL,2021,UNKNOWN,PASSENGER,PERSONAL,E,SLOW/STOP IN TRAFFIC,,,2,,,,,,,,,,Y,,,,,,,,REAR,,,,,,,,,,,,,,,,,,,,,,,,,,,,,,,,,
1154888,27b700946c81779a74afdfaf9a677c0ded470a49155ee5cf629cc09bc45f2876bde903390708859a46c445e922f43d61c7d19f423610992fff722be41f21a8b3,08/04/2021 05:30:00 PM,1,DRIVER,,1095474,,NISSAN,MURANO,IL,2018,NONE,PASSENGER,PERSONAL,N,U-TURN,,,1,,,,,,,,,Y,,,,,,,,,SIDE-RIGHT-REAR,,,,,,,,,,,,,,,,,,,,,,,,,,,,,,,,,
1154889,27b700946c81779a74afdfaf9a677c0ded470a49155ee5cf629cc09bc45f2876bde903390708859a46c445e922f43d61c7d19f423610992fff722be41f21a8b3,08/04/2021 05:30:00 PM,2,PARKED,,1095480,,DODGE,CHARGER,IL,2016,NONE,PASSENGER,NOT IN USE,S,PARKED,,,0,,,,,,,,,,,,,,Y,,,,SIDE-LEFT,,,,,,,,,,,,,,,,,,,,,,,,,,,,,,,,,
1153477,a2bef74b78c64da88fbbfccb063acb171806b23fa5a7c388d51556e9e035950b35b1273736b35139fc50149241ee2aae3972b717b82b700147b31f11ae785f40,08/02/2021 03:27:00 PM,1,DRIVER,,1094161,N,UNKNOWN,OTHER (EXPLAIN IN NARRATIVE),AZ,,UNKNOWN,TRUCK - SINGLE UNIT,OTHER,SW,TURNING RIGHT,,,1,,,,,,,,,,,,,,,Y,,,FRONT-LEFT-CORNER,,,,,,,,,,,,,,,,,,,,,,,,,,,,,,,,,
1153478,a2bef74b78c64da88fbbfccb063acb171806b23fa5a7c388d51556e9e035950b35b1273736b35139fc50149241ee2aae3972b717b82b700147b31f11ae785f40,08/02/2021 03:27:00 PM,2,PARKED,,1094172,,TOYOTA,CAMRY,IL,2004,UNKNOWN,PASSENGER,PERSONAL,E,PARKED,,,0,,,,,,,,,,,,,,,Y,,,FRONT-LEFT-CORNER,,,,,,,,,,,,,,,,,,,,,,,,,,,,,,,,,
1152219,020b0f334d2b7005a383b2fbef95ffac5dc9c72d04fc6607889091cd882eb1df325bb05c72497a2dbd55a64b00715330bf164784f871711331d39dc922c2ffe1,07/31/2021 11:45:00 PM,1,DRIVER,1,1092964,,TOYOTA,RAV4,IL,2017,UNKNOWN,PASSENGER,RIDESHARE SERVICE,W,TURNING LEFT,,,2,,,,,Y,,,,,,,,,,Y,Y,,FRONT,,,,,,,,,,,,,,,,,,,,,,,,,,,,,,,,,
1152220,020b0f334d2b7005a383b2fbef95ffac5dc9c72d04fc6607889091cd882eb1df325bb05c72497a2dbd55a64b00715330bf164784f871711331d39dc922c2ffe1,07/31/2021 11:45:00 PM,2,DRIVER,1,1092988,,TOYOTA,CAMRY,IL,2017,NONE,PASSENGER,RIDESHARE SERVICE,S,STRAIGHT AHEAD,Y,,2,,PRIVATE TOW,,,,,,,,,Y,Y,Y,Y,Y,,,SIDE-LEFT,,,,,,,,,,,,,,,,,,,,,,,,,,,,,,,,,
1151489,e643eee996f073a57e0a4a95078eafc5c32c4ef42d406e6fb6643e28948a002c0c2cf9cdef9a3925cfd54da8b70052a489edd6d406ee57670a7a0c9510793f0f,07/30/2021 08:45:00 PM,1,DRIVER,3,1092263,,NISSAN,ALTIMA,MN,2009,UNKNOWN,PASSENGER,PERSONAL,N,STRAIGHT AHEAD,Y,,4,,PRIVATE TOW,,,,,,Y,Y,Y,Y,Y,,,,,,REAR-LEFT-CORNER,,,,,,,,,,,,,,,,,,,,,,,,,,,,,,,,,
1151490,e643eee996f073a57e0a4a95078eafc5c32c4ef42d406e6fb6643e28948a002c0c2cf9cdef9a3925cfd54da8b70052a489edd6d406ee57670a7a0c9510793f0f,07/30/2021 08:45:00 PM,2,DRIVER,1,1092275,,MAZDA,CX-5,IL,2013,NONE,SPORT UTILITY VEHICLE (SUV),PERSONAL,E,STRAIGHT AHEAD,,,2,,,,,Y,Y,,,,,,,,Y,Y,Y,,FRONT-LEFT-CORNER,,,,,,,,,,,,,,,,,,,,,,,,,,,,,,,,,
1149663,be9f347c877e2f32f0704fe4930a83243fe2f1086ae0019dfeca040f9daa73e3b36190193ff40dc3816daf6c2f105d43224c118eaeacbe70b700d33ecb7be65b,07/28/2021 03:12:00 PM,1,DRIVER,,1090523,,GENERAL MOTORS CORPORATION (GMC),TERRAIN,IL,2018,NONE,PASSENGER,PERSONAL,N,ENTERING TRAFFIC LANE FROM PARKING,,,1,,,,,,,,,,,Y,Y,Y,Y,Y,,,FRONT-LEFT-CORNER,,,,,,,,,,,,,,,,,,,,,,,,,,,,,,,,,
1149664,be9f347c877e2f32f0704fe4930a83243fe2f1086ae0019dfeca040f9daa73e3b36190193ff40dc3816daf6c2f105d43224c118eaeacbe70b700d33ecb7be65b,07/28/2021 03:12:00 PM,2,DRIVER,,1090541,,FORD,FUSION,IL,2017,NONE,PASSENGER,PERSONAL,N,STRAIGHT AHEAD,,,1,,,,,Y,Y,Y,Y,,,,,,,,,,FRONT-RIGHT-CORNER,,,,,,,,,,,,,,,,,,,,,,,,,,,,,,,,,
1149198,4a5468355f79800a81f18cb7006789178ddb33ce7fe27830bc7c3d0f6bbd0d9b25bd511fdadf94828f335a7b27640b391613983ca2303fee9b8b0366b9b09081,07/28/2021 04:55:00 AM,1,DRIVER,1,1090080,,NISSAN,OTHER (EXPLAIN IN NARRATIVE),IL,2015,NONE,PASSENGER,PERSONAL,N,TURNING LEFT,Y,,2,,BY OWNER,,,Y,Y,Y,Y,,,,,,,,Y,,FRONT-RIGHT-CORNER,,,,,,,,,,,,,,,,,,,,,,,,,,,,,,,,,
1149199,4a5468355f79800a81f18cb7006789178ddb33ce7fe27830bc7c3d0f6bbd0d9b25bd511fdadf94828f335a7b27640b391613983ca2303fee9b8b0366b9b09081,07/28/2021 04:55:00 AM,2,DRIVER,,1090085,,FORD,F150,IL,2014,NONE,PICKUP,PERSONAL,S,STRAIGHT AHEAD,,,1,,,,,,,,,,,,,,,,Y,,FRONT,,,,,,,,,,,,,,,,,,,,,,,,,,,,,,,,,
1149369,1c618ea51506295ccc83445e54722d9f0318945b5796d0a934607c9ee56793221b11ef36659450c44e4bd703e240646dd1c127facb692bf55b70039c44309a0d,07/26/2021 02:30:00 PM,1,DRIVER,,1090253,,HONDA,PILOT,IL,2004,NONE,PASSENGER,PERSONAL,S,STRAIGHT AHEAD,,,1,,,,,,,,,,,,,,,,,,NONE,,,,,,,,,,,,,,,,,,,,,,,,,,,,,,,,,
1149370,1c618ea51506295ccc83445e54722d9f0318945b5796d0a934607c9ee56793221b11ef36659450c44e4bd703e240646dd1c127facb692bf55b70039c44309a0d,07/26/2021 02:30:00 PM,2,PEDESTRIAN,,,,,,,,,,,,,,,,,,,,,,,,,,,,,,,,,,,,,,,,,,,,,,,,,,,,,,,,,,,,,,,,,,
1145085,883b6b8226d6096af835c510ef3e5c65360455cd1d2162d151b9fa403370d84646ddfbe7bd275d55d8a7df64120643bc113637aadb700aef9fc46b1fca7a9f66,07/22/2021 12:14:00 PM,1,DRIVER,1,1086181,,TOYOTA,COROLLA,IL,2013,UNKNOWN,PASSENGER,PERSONAL,E,STRAIGHT AHEAD,,,2,,,,,,,,,,,,Y,,,,,,SIDE-LEFT-REAR,,,,,,,,,,,,,,,,,,,,,,,,,,,,,,,,,
1145086,883b6b8226d6096af835c510ef3e5c65360455cd1d2162d151b9fa403370d84646ddfbe7bd275d55d8a7df64120643bc113637aadb700aef9fc46b1fca7a9f66,07/22/2021 12:14:00 PM,2,DRIVER,1,1086191,,FORD,TAURUS,IL,2013,NONE,OTHER,POLICE,W,STRAIGHT AHEAD,,,2,,,,,,,,,,,,,,,Y,N,,FRONT-LEFT-CORNER,,,,,,,,,,,,,,,,,,,,,,,,,,,,,,,,,
1144322,19e2c35e136f16810dad18102a0c4b676ca532fc4b390b332d692fdba990696ab87f97ffd1bef71cd313b5e7b7001305bd6ab353b8d74ff4820840d687b9a451,07/19/2021 01:30:00 PM,1,DRIVER,,1085455,,FORD,F150,AZ,2017,UNKNOWN,PICKUP,UNKNOWN/NA,W,STRAIGHT AHEAD,,,1,,,,Y,,,,,,,,,,,,,,SIDE-LEFT-REAR,,,,,,,,,,,,,,,,,,,,,,,,,,,,,,,,,
1144323,19e2c35e136f16810dad18102a0c4b676ca532fc4b390b332d692fdba990696ab87f97ffd1bef71cd313b5e7b7001305bd6ab353b8d74ff4820840d687b9a451,07/19/2021 01:30:00 PM,2,DRIVERLESS,,1085456,,TOYOTA,SIENNA,IL,2011,UNKNOWN,UNKNOWN/NA,PERSONAL,W,PARKED,,,0,,,,,,,,,Y,,,,,,,,,SIDE-RIGHT-REAR,,,,,,,,,,,,,,,,,,,,,,,,,,,,,,,,,
1139471,73fd36b51c827cf79ba3fd8e60bd81cdeaa0d0f3e459044d8e957736e35c7cc2ac1991b29f009a78b700b8d4f9c910840ac9e3770b6e757c14c5b6358eb94adc,07/14/2021 09:45:00 AM,1,DRIVER,,1080840,N,FLEET CAP'N TRAILERS,FLEET CAP'N TRAILERS,TX,,NONE,TRACTOR W/ SEMI-TRAILER,UNKNOWN/NA,S,BACKING,,,1,,,,Y,,,,,,,,,,,,,Y,UNKNOWN,,,,,,,,,,,,,,,,,,,,,,,,,,,,,,,,,
1139472,73fd36b51c827cf79ba3fd8e60bd81cdeaa0d0f3e459044d8e957736e35c7cc2ac1991b29f009a78b700b8d4f9c910840ac9e3770b6e757c14c5b6358eb94adc,07/14/2021 09:45:00 AM,2,PARKED,,1080844,,INFINITI,FX35,,,NONE,PASSENGER,PERSONAL,S,PARKED,,,0,,,,,,,,,,,,Y,Y,,,,,SIDE-LEFT-REAR,,,,,,,,,,,,,,,,,,,,,,,,,,,,,,,,,
1139112,98d2229c555f2be6bf0e1ab65cb2af84a79dbf07a2cc60ea76633e20ff6b3079a03ebfdab700fb98b3df9ceb088b9436ad645533cb0c04dd2b7121732685e11d,07/13/2021 02:30:00 PM,1,DRIVER,,1080477,,LEXUS,RX350,IL,2011,NONE,PASSENGER,PERSONAL,S,UNKNOWN/NA,,,1,,,,,,,,,,,,,,,,Y,,FRONT,,,,,,,,,,,,,,,,,,,,,,,,,,,,,,,,,
1139113,98d2229c555f2be6bf0e1ab65cb2af84a79dbf07a2cc60ea76633e20ff6b3079a03ebfdab700fb98b3df9ceb088b9436ad645533cb0c04dd2b7121732685e11d,07/13/2021 02:30:00 PM,2,DRIVER,,1080482,,HYUNDAI,ELANTRA,IL,2017,NONE,PASSENGER,PERSONAL,E,UNKNOWN/NA,,,1,,,,,,,,,,,,Y,,,,,,SIDE-LEFT-REAR,,,,,,,,,,,,,,,,,,,,,,,,,,,,,,,,,
1138977,832995837191cef4ba10639eb70080d223dca8d19609b4cb0fbe8b7fb6baed9ef54e190d8fb5f1c878a1ae4811b5d68fa2d267d33cd5da2cb1f07db2f06fb378,07/13/2021 12:40:00 PM,1,DRIVER,,1080354,,UNKNOWN,ENCLOSED BODY,IL,,UNKNOWN,UNKNOWN/NA,UNKNOWN/NA,UNKNOWN,UNKNOWN/NA,,,1,,,,,,,,,,,,,,,,,Y,UNKNOWN,,,,,,,,,,,,,,,,,,,,,,,,,,,,,,,,,
1138978,832995837191cef4ba10639eb70080d223dca8d19609b4cb0fbe8b7fb6baed9ef54e190d8fb5f1c878a1ae4811b5d68fa2d267d33cd5da2cb1f07db2f06fb378,07/13/2021 12:40:00 PM,2,PARKED,,1080353,,CHRYSLER,SEBRING,IL,2008,NONE,PASSENGER,PERSONAL,E,PARKED,,,0,,,,,Y,Y,Y,,,,,,,,,Y,,SIDE-RIGHT,,,,,,,,,,,,,,,,,,,,,,,,,,,,,,,,,
1137069,845b59a7e1b44ae292c3535423ca7276a6d30f490b08f668a9dea621505c30b3d14539e31d7bba91d37ba9143fb5d4cb70066e91bfb62239918f700dee2d9de3,07/09/2021 05:00:00 PM,1,DRIVER,2,1078546,,NISSAN,SENTRA,IN,,UNKNOWN,PASSENGER,UNKNOWN/NA,N,CHANGING LANES,,,3,,,,,Y,,,,,,,,,,,,,FRONT-RIGHT-CORNER,,,,,,,,,,,,,,,,,,,,,,,,,,,,,,,,,
1137070,845b59a7e1b44ae292c3535423ca7276a6d30f490b08f668a9dea621505c30b3d14539e31d7bba91d37ba9143fb5d4cb70066e91bfb62239918f700dee2d9de3,07/09/2021 05:00:00 PM,2,DRIVER,1,1078548,,NISSAN,PATHFINDER,IL,2016,NONE,SPORT UTILITY VEHICLE (SUV),PERSONAL,N,STRAIGHT AHEAD,,,2,,,,,,,,,,,Y,Y,Y,,,,,SIDE-LEFT-REAR,,,,,,,,,,,,,,,,,,,,,,,,,,,,,,,,,
1136025,adda468320df01797f46650efc06854baac4f4773ee93cad3b42dc9a32f10bc797633e55a7e916adbef97d7bbd1b70082dd428ae128e4a6abc7deadd7ea87883,07/08/2021 10:00:00 PM,1,DRIVER,,1077562,,JEEP,WRANGLER,,,UNKNOWN,SPORT UTILITY VEHICLE (SUV),UNKNOWN/NA,S,UNKNOWN/NA,,,1,,,,,Y,,,,,,,,,,Y,Y,,FRONT,,,,,,,,,,,,,,,,,,,,,,,,,,,,,,,,,
1136026,adda468320df01797f46650efc06854baac4f4773ee93cad3b42dc9a32f10bc797633e55a7e916adbef97d7bbd1b70082dd428ae128e4a6abc7deadd7ea87883,07/08/2021 10:00:00 PM,2,PARKED,,1077566,,BUICK,TERRAZA,IL,2006,UNKNOWN,VAN/MINI-VAN,PERSONAL,S,PARKED,,,0,,,,,,,,,Y,Y,Y,,,,,,,REAR,,,,,,,,,,,,,,,,,,,,,,,,,,,,,,,,,
1136010,152575aff59439b46e8ba8a6b754b70007a752bf84b629501b4cba00f8317bd5b0c4bde4d72715a24822c931f9dd13bb38606ba54bfb6b32bee921c1c8ef0a70,07/08/2021 07:45:00 PM,1,DRIVER,,1077551,,INFINITI,FX45,IL,2003,UNKNOWN,SPORT UTILITY VEHICLE (SUV),PERSONAL,S,OTHER,Y,,1,,ER Towing,,,Y,Y,Y,Y,,,,Y,Y,Y,Y,Y,,FRONT-RIGHT-CORNER,,,,,,,,,,,,,,,,,,,,,,,,,,,,,,,,,
1133863,20f986dea4d77d061266e0601a267f16004b22e98391de037cf274422e07488bde77767c29ac41f488b19ac55dec434b4d8c37bcdf2cdf47dd29eb7002987e10,07/06/2021 04:03:00 AM,1,DRIVER,,1075505,,TOYOTA,COROLLA,IL,2021,NONE,PASSENGER,PERSONAL,E,AVOIDING VEHICLES/OBJECTS,Y,,1,,,,,Y,,,,,,,,,,,,,FRONT-RIGHT-CORNER,,,,,,,,,,,,,,,,,,,,,,,,,,,,,,,,,
1133864,20f986dea4d77d061266e0601a267f16004b22e98391de037cf274422e07488bde77767c29ac41f488b19ac55dec434b4d8c37bcdf2cdf47dd29eb7002987e10,07/06/2021 04:03:00 AM,2,PARKED,,1075507,,HYUNDAI,ELANTRA,IL,2016,UNKNOWN,PASSENGER,NOT IN USE,E,PARKED,,,0,,,,,,,,,,,Y,,,,,,,REAR-LEFT-CORNER,,,,,,,,,,,,,,,,,,,,,,,,,,,,,,,,,
1140414,d2fa9175fa6163226aa289bedbc5a803dc4e5c0d1cbfb85774a87b7006b3a846ba855f1186fe0c4f7069533562de26dde1e40339446654483dd7d876a17377c8,07/05/2021 08:30:00 PM,1,DRIVER,,1081721,,JAGUAR,OTHER (EXPLAIN IN NARRATIVE),IL,2017,UNKNOWN,PASSENGER,PERSONAL,N,STRAIGHT AHEAD,,,1,,,,,,Y,,,,,,,,,,,,FRONT-RIGHT-CORNER,,,,,,,,,,,,,,,,,,,,,,,,,,,,,,,,,
1131344,aa99f7c5e52e80cda4fb7005cdfff892a29880fe35e6b27fe7ae891c336e88bff7434ade6f30a7f82fef9e22adc742ff0dd41be04819f8ff876a5a7dc9798704,07/02/2021 03:37:00 PM,1,DRIVER,,1073164,,VOLKSWAGEN,OTHER (EXPLAIN IN NARRATIVE),,,UNKNOWN,PASSENGER,UNKNOWN/NA,N,UNKNOWN/NA,,,1,,,,,,,,,,,,,,,,,Y,UNKNOWN,,,,,,,,,,,,,,,,,,,,,,,,,,,,,,,,,
1131345,aa99f7c5e52e80cda4fb7005cdfff892a29880fe35e6b27fe7ae891c336e88bff7434ade6f30a7f82fef9e22adc742ff0dd41be04819f8ff876a5a7dc9798704,07/02/2021 03:37:00 PM,2,DRIVER,,1073173,Y,FREIGHTLINER CORPORATION,FREIGHTLINER CORP.,IL,2007,UNKNOWN,TRUCK - SINGLE UNIT,COMMERCIAL - SINGLE UNIT,N,OTHER,,,1,,,,,,,,,,,,Y,Y,,,,,SIDE-LEFT,12456,,,,DRIVER,2,FEDEX GROUND,IL,CHICAGO,,,,N,N,,N,,N,N,,,,,,,,,TRUCK/TRAILER,OTHER,UNKNOWN,N,N,
1135268,f4b4952b24e90de17b72b700c78c3ee6f262d3360c7b1b0396fd85eb3590e608d1bc1bc95bf033de6dde6c9d654ece0490cffc46badeb67401ac5a4de5d35304,07/01/2021 08:00:00 AM,1,DRIVER,,1076820,,UNKNOWN,OTHER (EXPLAIN IN NARRATIVE),,,UNKNOWN,UNKNOWN/NA,UNKNOWN/NA,UNKNOWN,UNKNOWN/NA,,,1,,,,,,,,,,,,,,,,,Y,UNKNOWN,,,,,,,,,,,,,,,,,,,,,,,,,,,,,,,,,
1135269,f4b4952b24e90de17b72b700c78c3ee6f262d3360c7b1b0396fd85eb3590e608d1bc1bc95bf033de6dde6c9d654ece0490cffc46badeb67401ac5a4de5d35304,07/01/2021 08:00:00 AM,2,PARKED,,1076840,,HONDA,CR-V,IL,2017,NONE,PASSENGER,NOT IN USE,N,PARKED,,,0,,,,,,,,,,,Y,Y,Y,,,,,UNKNOWN,,,,,,,,,,,,,,,,,,,,,,,,,,,,,,,,,
1129744,bb5ac20a7ed698f040f57e95767ba7c7bada41bdb2a733d9329de297fc56850ae8674eace3fabbf011dc6e17d1028fbf6eb700c25a96782279c0788c79ae3c4b,06/30/2021 02:45:00 PM,1,DRIVER,,1071650,,SAGE MANUFACTURING COMPANY,SAGE MFG. CO.,IN,,NONE,OTHER,PERSONAL,W,STRAIGHT AHEAD,,,1,,,,,,,,,,,,,,,,,,FRONT,,,,,,,,,,,,,,,,,,,,,,,,,,,,,,,,,
1129745,bb5ac20a7ed698f040f57e95767ba7c7bada41bdb2a733d9329de297fc56850ae8674eace3fabbf011dc6e17d1028fbf6eb700c25a96782279c0788c79ae3c4b,06/30/2021 02:45:00 PM,2,DRIVER,2,1071660,,FORD,FIVE HUNDRED,IL,2005,NONE,PASSENGER,PERSONAL,W,SLOW/STOP IN TRAFFIC,,,3,,,,,,,,,,Y,Y,,,,,,,REAR-LEFT-CORNER,,,,,,,,,,,,,,,,,,,,,,,,,,,,,,,,,
1129053,4da74458ec718acfd59ca38a2ff3654561ada560f8a58911702e40fd308178d13076e67db78397579a284b7006c370160c35e5d9f672a1ed9008afc711d7f846,06/29/2021 03:28:00 PM,1,DRIVER,,1070988,,HONDA,ODYSSEY,IL,2007,UNKNOWN,VAN/MINI-VAN,PERSONAL,N,STRAIGHT AHEAD,,,1,,,,,Y,,,,,,,,,,Y,Y,,FRONT,,,,,,,,,,,,,,,,,,,,,,,,,,,,,,,,,