CRASH_UNIT_ID,CRASH_RECORD_ID,CRASH_DATE,UNIT_NO,UNIT_TYPE,NUM_PASSENGERS,VEHICLE_ID,CMRC_VEH_I,MAKE,MODEL,LIC_PLATE_STATE,VEHICLE_YEAR,VEHICLE_DEFECT,VEHICLE_TYPE,VEHICLE_USE,TRAVEL_DIRECTION,MANEUVER,TOWED_I,FIRE_I,OCCUPANT_CNT,EXCEED_SPEED_LIMIT_I,TOWED_BY,TOWED_TO,AREA_00_I,AREA_01_I,AREA_02_I,AREA_03_I,AREA_04_I,AREA_05_I,AREA_06_I,AREA_07_I,AREA_08_I,AREA_09_I,AREA_10_I,AREA_11_I,AREA_12_I,AREA_99_I,FIRST_CONTACT_POINT,CMV_ID,USDOT_NO,CCMC_NO,ILCC_NO,COMMERCIAL_SRC,GVWR,CARRIER_NAME,CARRIER_STATE,CARRIER_CITY,HAZMAT_PLACARDS_I,HAZMAT_NAME,UN_NO,HAZMAT_PRESENT_I,HAZMAT_REPORT_I,HAZMAT_REPORT_NO,MCS_REPORT_I,MCS_REPORT_NO,HAZMAT_VIO_CAUSE_CRASH_I,MCS_VIO_CAUSE_CRASH_I,IDOT_PERMIT_NO,WIDE_LOAD_I,TRAILER1_WIDTH,TRAILER2_WIDTH,TRAILER1_LENGTH,TRAILER2_LENGTH,TOTAL_VEHICLE_LENGTH,AXLE_CNT,VEHICLE_CONFIG,CARGO_BODY_TYPE,LOAD_TYPE,HAZMAT_OUT_OF_SERVICE_I,MCS_OUT_OF_SERVICE_I,HAZMAT_CLASS
1101221,a612685e8e5aa90124e5a451e783c8c5d39ef912f192eb5ec76fc3b01a7db7000045c9fcf9fae310e4f6deebd8caf7d59840d5065fb234972fec64b219cb7923,05/23/2021 09:30:00 AM,2,DRIVER,,1044557,,MERCURY,GRAND MARQUIS,IL,2007,NONE,PASSENGER,PERSONAL,S,STRAIGHT AHEAD,,,1,,,,,Y,,,,,,,,,,,Y,,FRONT-RIGHT-CORNER,,,,,,,,,,,,,,,,,,,,,,,,,,,,,,,,,
1095535,e4595e73dbac03a65eb7004f6cc48b073c8362849bc20da89d415ec499b3609e04ae826f44f53f26f3f7bd99bd02b26b6f084ca54a9ca704efc6c6676ce3089e,05/14/2021 07:00:00 PM,1,DRIVER,,1039105,,MAZDA,CX-9,WI,,NONE,PASSENGER,PERSONAL,S,BACKING,,,1,,,,,,,,,Y,,,,,,,,N,REAR-RIGHT-CORNER,,,,,,,,,,,,,,,,,,,,,,,,,,,,,,,,,
1095536,e4595e73dbac03a65eb7004f6cc48b073c8362849bc20da89d415ec499b3609e04ae826f44f53f26f3f7bd99bd02b26b6f084ca54a9ca704efc6c6676ce3089e,05/14/2021 07:00:00 PM,2,PARKED,,1039110,,NISSAN,ROGUE,IL,,NONE,PASSENGER,PERSONAL,S,PARKED,,,0,,,,,,,,,,,,,,,Y,,,FRONT-LEFT-CORNER,,,,,,,,,,,,,,,,,,,,,,,,,,,,,,,,,
1096956,7bf4f0dd73d3570cf95dcb1c49212652c8a6e94a857315dd67b1217b700fbe2a7809f9e71343e62a752ec997524493debd3341bdc80da69f0497af9f3849e70c,05/14/2021 12:30:00 PM,1,DRIVER,,1040481,,UNKNOWN,MOTORIZED,IL,,UNKNOWN,UNKNOWN/NA,UNKNOWN/NA,UNKNOWN,UNKNOWN/NA,,,1,,,,,,,,,,,,,,,,,Y,UNKNOWN,,,,,,,,,,,,,,,,,,,,,,,,,,,,,,,,,
1096957,7bf4f0dd73d3570cf95dcb1c49212652c8a6e94a857315dd67b1217b700fbe2a7809f9e71343e62a752ec997524493debd3341bdc80da69f0497af9f3849e70c,05/14/2021 12:30:00 PM,2,PARKED,,1040483,,CHEVROLET,MALIBU,IL,2018,UNKNOWN,UNKNOWN/NA,PERSONAL,E,PARKED,,,0,,,,,,,,,,,,Y,,,,,,SIDE-LEFT-REAR,,,,,,,,,,,,,,,,,,,,,,,,,,,,,,,,,
1094638,98d133fa4facf7195df93a6d4e0182b8ede4d41392921998429e7b5d443e0a41e97a95c0b310a2cefeb68d6b2ed14793db70085dbb553d5dc22551e4ea28fc94,05/13/2021 01:00:00 PM,1,DRIVER,,1038247,,KIA,OPIRUS,,2018,UNKNOWN,PASSENGER,UNKNOWN/NA,NW,STRAIGHT AHEAD,,,1,,,,,Y,,,,,,,,,,Y,Y,,FRONT,,,,,,,,,,,,,,,,,,,,,,,,,,,,,,,,,
1094639,98d133fa4facf7195df93a6d4e0182b8ede4d41392921998429e7b5d443e0a41e97a95c0b310a2cefeb68d6b2ed14793db70085dbb553d5dc22551e4ea28fc94,05/13/2021 01:00:00 PM,2,DRIVER,1,1038250,,JEEP,COMMANDER,IN,2008,NONE,PASSENGER,PERSONAL,NW,STRAIGHT AHEAD,,,2,,,,,,,,,Y,Y,Y,,,,,,,REAR,,,,,,,,,,,,,,,,,,,,,,,,,,,,,,,,,
1091014,c2892724c49fa752dab737a06b46dc0160e7767cec846c5b1e5d19b5b987cb8b8d73d61b605a3b7a25ddca225d4838242f93ae324521f34b700aa93efc8868ee,05/07/2021 02:42:00 PM,1,DRIVER,,1034790,,KIA,OPTIMA / K5,IL,2015,UNKNOWN,PASSENGER,PERSONAL,N,STRAIGHT AHEAD,,,1,,,,,,,,,,,,,,,,Y,,FRONT,,,,,,,,,,,,,,,,,,,,,,,,,,,,,,,,,
1091015,c2892724c49fa752dab737a06b46dc0160e7767cec846c5b1e5d19b5b987cb8b8d73d61b605a3b7a25ddca225d4838242f93ae324521f34b700aa93efc8868ee,05/07/2021 02:42:00 PM,2,DRIVER,,1034793,,SUBARU,CROSSTREK,IL,2021,NONE,PASSENGER,PERSONAL,N,SLOW/STOP IN TRAFFIC,,,1,,,,,,,,,,Y,,,,,,,,REAR,,,,,,,,,,,,,,,,,,,,,,,,,,,,,,,,,
1089713,15e692ba933422b7ff84cdd2a24f84ec0bddeca2fe8c7dbd46b700fb39029a1f15c89b8f00820fa45caeacded72e38a6cd0ffee889feebca13bd496770fdaf66,05/06/2021 01:30:00 AM,1,DRIVER,,1033542,,UNKNOWN,OTHER (EXPLAIN IN NARRATIVE),XX,,UNKNOWN,UNKNOWN/NA,UNKNOWN/NA,UNKNOWN,UNKNOWN/NA,,,1,,,,,,,,,,,,,,,,Y,,FRONT,,,,,,,,,,,,,,,,,,,,,,,,,,,,,,,,,
1089714,15e692ba933422b7ff84cdd2a24f84ec0bddeca2fe8c7dbd46b700fb39029a1f15c89b8f00820fa45caeacded72e38a6cd0ffee889feebca13bd496770fdaf66,05/06/2021 01:30:00 AM,2,PARKED,,1033541,,HONDA,ACCORD,IL,2005,UNKNOWN,PASSENGER,PERSONAL,UNKNOWN,PARKED,,,0,,,,,,,,Y,Y,Y,Y,,,,,,,REAR-RIGHT-CORNER,,,,,,,,,,,,,,,,,,,,,,,,,,,,,,,,,
1091914,3e33cfee4e2e159f8ddaf05b1e6605fb272b6a991a70404081eb320220ea803ba13af59ce320a0a1e88dbc05b700fa02ffcc4c7fdf3c8e9f55046a78ff17bc9f,05/05/2021 02:00:00 PM,1,DRIVER,,1035654,,FORD,ESCAPE,IL,2010,NONE,PASSENGER,PERSONAL,W,CHANGING LANES,,,1,,,,,Y,,,,,,,,,,Y,Y,,FRONT,,,,,,,,,,,,,,,,,,,,,,,,,,,,,,,,,
1091915,3e33cfee4e2e159f8ddaf05b1e6605fb272b6a991a70404081eb320220ea803ba13af59ce320a0a1e88dbc05b700fa02ffcc4c7fdf3c8e9f55046a78ff17bc9f,05/05/2021 02:00:00 PM,2,DRIVER,,1035657,,NISSAN,MAXIMA,IL,2017,NONE,PASSENGER,PERSONAL,S,STRAIGHT AHEAD,,,1,,,,,,,,,,,,,,Y,Y,Y,,FRONT,,,,,,,,,,,,,,,,,,,,,,,,,,,,,,,,,
1085629,f5d2187d227a9d88dd902f3226469c819d5f644ce03d5e5a16c9debd91fae684a0bef2a93228f0c1297f1845afa0b700953a160d831a48f8ccd14fb28416eecc,04/29/2021 07:30:00 PM,1,DRIVER,,1029619,,AUDI,OTHER (EXPLAIN IN NARRATIVE),IL,2007,UNKNOWN,SPORT UTILITY VEHICLE (SUV),PERSONAL,S,PASSING/OVERTAKING,,,1,,,,,,,,,,,,,,Y,Y,Y,,FRONT-LEFT-CORNER,,,,,,,,,,,,,,,,,,,,,,,,,,,,,,,,,
1085630,f5d2187d227a9d88dd902f3226469c819d5f644ce03d5e5a16c9debd91fae684a0bef2a93228f0c1297f1845afa0b700953a160d831a48f8ccd14fb28416eecc,04/29/2021 07:30:00 PM,2,DRIVER,,1029621,,GENERAL MOTORS CORPORATION (GMC),TERRAIN,IL,2011,NONE,SPORT UTILITY VEHICLE (SUV),PERSONAL,S,SLOW/STOP IN TRAFFIC,,,1,,,,,,,,,Y,Y,Y,,,,,,,REAR-RIGHT-CORNER,,,,,,,,,,,,,,,,,,,,,,,,,,,,,,,,,
1085067,e2063c9b8fa92860cf1605492318092913abbd39bf057a576822dd2bc3d780233b9678a827fd65fbe682b700ad4d3d9121e61b8e08f23bb4b598b9a6f5459663,04/29/2021 10:00:00 AM,1,DRIVER,,1029096,,UNKNOWN,OTHER (EXPLAIN IN NARRATIVE),,,UNKNOWN,PASSENGER,UNKNOWN/NA,S,CHANGING LANES,,,1,,,,,,,,,,,,,,,,,Y,UNKNOWN,,,,,,,,,,,,,,,,,,,,,,,,,,,,,,,,,
1085068,e2063c9b8fa92860cf1605492318092913abbd39bf057a576822dd2bc3d780233b9678a827fd65fbe682b700ad4d3d9121e61b8e08f23bb4b598b9a6f5459663,04/29/2021 10:00:00 AM,2,DRIVER,,1029103,,JEEP,WRANGLER,IL,2000,NONE,SPORT UTILITY VEHICLE (SUV),PERSONAL,S,STRAIGHT AHEAD,Y,,1,,private,private,,Y,Y,Y,Y,,,,Y,Y,Y,Y,Y,,SIDE-LEFT,,,,,,,,,,,,,,,,,,,,,,,,,,,,,,,,,
1084731,4bf21b540cb7008bbbd1506258dba91451c5cf17cc4063dce47cd3c420a4ae2255b8920202771c8c4bae2ebb08c33f33cc7dd6fab28f14885f44449e3f3dd013,04/28/2021 05:50:00 PM,1,DRIVER,,1028768,,PORSCHE,OTHER (EXPLAIN IN NARRATIVE),IL,1991,UNKNOWN,PASSENGER,PERSONAL,W,STRAIGHT AHEAD,,,1,,,,,,,,,,,,,,,,Y,,FRONT,,,,,,,,,,,,,,,,,,,,,,,,,,,,,,,,,
1084732,4bf21b540cb7008bbbd1506258dba91451c5cf17cc4063dce47cd3c420a4ae2255b8920202771c8c4bae2ebb08c33f33cc7dd6fab28f14885f44449e3f3dd013,04/28/2021 05:50:00 PM,2,DRIVER,,1028782,,HYUNDAI,ELANTRA,IL,2008,NONE,PASSENGER,PERSONAL,W,SLOW/STOP IN TRAFFIC,,,1,,,,,,,,,Y,Y,,,,,,,,REAR,,,,,,,,,,,,,,,,,,,,,,,,,,,,,,,,,
1084302,44b700f7aa58cb592c204f9a5668707cd45426cd4ab82152fcc88be0011ecd8b265d79c0c15981dee1fbf11d7de2a18fbb927c8fd4e3646d4e1fa1346abfd442,04/28/2021 12:40:00 AM,1,DRIVER,,1028364,,NISSAN,MAXIMA,,,UNKNOWN,PASSENGER,PERSONAL,E,PASSING/OVERTAKING,Y,,1,,private,,,Y,,,,,,,,,Y,Y,Y,,FRONT,,,,,,,,,,,,,,,,,,,,,,,,,,,,,,,,,
1084303,44b700f7aa58cb592c204f9a5668707cd45426cd4ab82152fcc88be0011ecd8b265d79c0c15981dee1fbf11d7de2a18fbb927c8fd4e3646d4e1fa1346abfd442,04/28/2021 12:40:00 AM,2,DRIVER,,1028368,,DODGE,OTHER (EXPLAIN IN NARRATIVE),IL,2018,NONE,TRUCK - SINGLE UNIT,TOW TRUCK,E,STRAIGHT AHEAD,,,1,,,,,,,,,Y,,,,,,,,,REAR-RIGHT-CORNER,,,,,,,,,,,,,,,,,,,,,,,,,,,,,,,,,
1083939,505a3dfc69118a92fe07e9609e7a6a7125e3427c5ce9ad4e0f7522274baf9b4362901a02b2628e584588030258c5b69e1343759d08cc4d5872573485dbb70085,04/26/2021 04:00:00 PM,1,DRIVER,,1028014,,FORD,FUSION,IL,,UNKNOWN,PASSENGER,PERSONAL,W,UNKNOWN/NA,,,1,,,,,Y,,,,,,,,,,Y,Y,,FRONT,,,,,,,,,,,,,,,,,,,,,,,,,,,,,,,,,
1083940,505a3dfc69118a92fe07e9609e7a6a7125e3427c5ce9ad4e0f7522274baf9b4362901a02b2628e584588030258c5b69e1343759d08cc4d5872573485dbb70085,04/26/2021 04:00:00 PM,2,DRIVER,,1028020,,UNKNOWN,OTHER (EXPLAIN IN NARRATIVE),IL,,UNKNOWN,UNKNOWN/NA,UNKNOWN/NA,E,UNKNOWN/NA,,,1,,,,,,,,,,,,,,,,,Y,REAR,,,,,,,,,,,,,,,,,,,,,,,,,,,,,,,,,
1079036,836751e40ab549313c8aab2b1a188154dbcef590db321b4942662b56b06e6930cb7003569d56ca97569eeca53f87eccfe0ad912e260d50ca81bae89e18c2a6b3,04/19/2021 09:20:00 AM,1,DRIVER,,1023348,,NISSAN,OTHER (EXPLAIN IN NARRATIVE),IL,2003,UNKNOWN,UNKNOWN/NA,UNKNOWN/NA,N,TURNING LEFT,,,1,,,,,,,,,,,Y,Y,,,,,Y,SIDE-LEFT-REAR,,,,,,,,,,,,,,,,,,,,,,,,,,,,,,,,,
1079037,836751e40ab549313c8aab2b1a188154dbcef590db321b4942662b56b06e6930cb7003569d56ca97569eeca53f87eccfe0ad912e260d50ca81bae89e18c2a6b3,04/19/2021 09:20:00 AM,2,DRIVER,,1023351,,CHEVROLET,OTHER (EXPLAIN IN NARRATIVE),IL,2011,NONE,PASSENGER,PERSONAL,N,STRAIGHT AHEAD,,,1,,,,,Y,,,,,,,,,,,,Y,FRONT-RIGHT-CORNER,,,,,,,,,,,,,,,,,,,,,,,,,,,,,,,,,
1077768,86e7a6d0bda0a6a2ba7fbb9e3d7e8d55974813daa3d8d05c35e6d395dd401702c408ef2effa0e15a5c75bcdc775237167415d9cadfa76e69bdbc84307fb700ef,04/16/2021 08:00:00 PM,1,DRIVER,,1022114,,CHEVROLET,MALIBU,IL,2015,UNKNOWN,PASSENGER,UNKNOWN/NA,W,UNKNOWN/NA,,,1,,,,,,,,,,,,,,,,,Y,UNKNOWN,,,,,,,,,,,,,,,,,,,,,,,,,,,,,,,,,
1077769,86e7a6d0bda0a6a2ba7fbb9e3d7e8d55974813daa3d8d05c35e6d395dd401702c408ef2effa0e15a5c75bcdc775237167415d9cadfa76e69bdbc84307fb700ef,04/16/2021 08:00:00 PM,2,PARKED,,1022117,,TOYOTA,RAV4,IL,2014,UNKNOWN,SPORT UTILITY VEHICLE (SUV),PERSONAL,W,PARKED,,,0,,,,,,,,,,,Y,Y,Y,Y,Y,,,UNKNOWN,,,,,,,,,,,,,,,,,,,,,,,,,,,,,,,,,
1076936,23e1434099dbf1894f5a3bd5ee3a937d916a5d8a9c15009f884d0d3b700c35ba9e34c0374560f8d240e9e661cd0e6cbc150f0e27831b030e755b2134f090293f,04/15/2021 12:55:00 PM,1,DRIVER,,1021336,,HYUNDAI,ELANTRA,IL,2011,NONE,PASSENGER,PERSONAL,E,CHANGING LANES,,,1,,,,,,,,,,,,,,,Y,,,FRONT-LEFT-CORNER,,,,,,,,,,,,,,,,,,,,,,,,,,,,,,,,,
1076937,23e1434099dbf1894f5a3bd5ee3a937d916a5d8a9c15009f884d0d3b700c35ba9e34c0374560f8d240e9e661cd0e6cbc150f0e27831b030e755b2134f090293f,04/15/2021 12:55:00 PM,2,DRIVER,,1021327,,KENWORTH MOTOR TRUCK COMPANY,KENWORTH MOTOR TRUCK CO.,IL,2013,UNKNOWN,TRACTOR W/ SEMI-TRAILER,UNKNOWN/NA,E,SLOW/STOP IN TRAFFIC,,,1,,,,,Y,N,,,,,,,,,,,,FRONT-RIGHT-CORNER,,,,,,,,,,,,,,,,,,,,,,,,,,,,,,,,,
1076385,db73995a50546e63ac6b5b9ceffcfb1f9f908b1d4073b700fcf7a98006d2f95ff77c06086e2987374e2ade8253bc0a7cd7eca17914ef488f40d9c114c0ae3cfe,04/14/2021 11:52:00 AM,1,DRIVER,,1020804,,TOYOTA,PRIUS,IL,2009,NONE,PASSENGER,PERSONAL,E,STRAIGHT AHEAD,Y,,1,,unk,,,Y,,,,,,,,,,Y,Y,,FRONT-RIGHT-CORNER,,,,,,,,,,,,,,,,,,,,,,,,,,,,,,,,,
1076386,db73995a50546e63ac6b5b9ceffcfb1f9f908b1d4073b700fcf7a98006d2f95ff77c06086e2987374e2ade8253bc0a7cd7eca17914ef488f40d9c114c0ae3cfe,04/14/2021 11:52:00 AM,2,DRIVER,,1020808,,HYUNDAI,TUCSON,IL,2013,NONE,SPORT UTILITY VEHICLE (SUV),PERSONAL,N,OTHER,,,1,,,,,,,,,,,,,,,Y,,,FRONT-LEFT-CORNER,,,,,,,,,,,,,,,,,,,,,,,,,,,,,,,,,
1076242,2af04449a6473837b3daf88610c01934708d9dec5bf4429f06e77820b9f179d198c15af2d18c8f0d452db8b38383bd69249f5385b700dd3d0168b11a72f5fc58,04/12/2021 11:45:00 PM,1,DRIVER,,1020656,,CHEVROLET,OTHER (EXPLAIN IN NARRATIVE),IL,2018,UNKNOWN,PASSENGER,PERSONAL,W,STRAIGHT AHEAD,,,1,,,,,,,,,,,,,,,,,Y,UNKNOWN,,,,,,,,,,,,,,,,,,,,,,,,,,,,,,,,,
1076243,2af04449a6473837b3daf88610c01934708d9dec5bf4429f06e77820b9f179d198c15af2d18c8f0d452db8b38383bd69249f5385b700dd3d0168b11a72f5fc58,04/12/2021 11:45:00 PM,2,DRIVER,,1020660,,CHEVROLET,MALIBU,IL,2018,UNKNOWN,PASSENGER,PERSONAL,S,TURNING LEFT,,,1,,,,,,,,,,,Y,Y,Y,Y,,,Y,SIDE-LEFT,,,,,,,,,,,,,,,,,,,,,,,,,,,,,,,,,
1072215,bb83d326a0751433c645f5b6dce1f4b92d3038380d7e1959c73256c432f8ec8c97fb213a4dd6b70044cb3e4f9f282ca91b85d994dc14ff8758b9c7a3a4020e41,04/07/2021 09:30:00 AM,1,DRIVER,,1016839,,LEXUS,OTHER (EXPLAIN IN NARRATIVE),IL,2002,NONE,PASSENGER,PERSONAL,S,PASSING/OVERTAKING,,,1,,,,,,,,,,,,,Y,Y,Y,,,SIDE-LEFT,,,,,,,,,,,,,,,,,,,,,,,,,,,,,,,,,
1072216,bb83d326a0751433c645f5b6dce1f4b92d3038380d7e1959c73256c432f8ec8c97fb213a4dd6b70044cb3e4f9f282ca91b85d994dc14ff8758b9c7a3a4020e41,04/07/2021 09:30:00 AM,2,DRIVER,,1016840,Y,"PETERBILT MOTORS COMPANY (DIVISION OF PACCAR, INC.)","PETERBILT MOTORS CO., DIVISION PACCAR, INC.",IL,1999,NONE,TRUCK - SINGLE UNIT,CONSTRUCTION/MAINTENANCE,S,STRAIGHT AHEAD,,,1,,,,,,Y,,,,,,,,,,,,SIDE-RIGHT-FRONT,,,,,,,,,,,,,,,,,,,,,,,,,,,,,,,,,
1071977,03fab9c14edd3cce4b1a8b3331334db70088861f2ded22f129c29906cbfe3f957e726d833e3205c260bd70ba13ebb882e5e2335b94cfb9c7d68560dee3b05ab2,04/06/2021 05:00:00 PM,1,PEDESTRIAN,,,,,,,,,,,,,,,,,,,,,,,,,,,,,,,,,,,,,,,,,,,,,,,,,,,,,,,,,,,,,,,,,,
1071978,03fab9c14edd3cce4b1a8b3331334db70088861f2ded22f129c29906cbfe3f957e726d833e3205c260bd70ba13ebb882e5e2335b94cfb9c7d68560dee3b05ab2,04/06/2021 05:00:00 PM,2,DRIVER,1,1016607,,NISSAN,KICKS,IL,2019,NONE,PASSENGER,PERSONAL,W,STRAIGHT AHEAD,,,2,,,,,,Y,,,,,,,,,,,,SIDE-RIGHT-FRONT,,,,,,,,,,,,,,,,,,,,,,,,,,,,,,,,,
1073379,cd6ca88e41d148b70068e7d70a94eae1448c86f8a69b4390854a102cd690909b0ca4a7cbd4b291d6451ff88e14f47bc0f9a12e9f6cc33fbd09ac503771cc6727,04/06/2021 11:30:00 AM,1,DRIVER,,1017964,,DODGE,OTHER (EXPLAIN IN NARRATIVE),IL,2014,NONE,PASSENGER,PERSONAL,N,STRAIGHT AHEAD,,,1,,,,,,,,,,,,,,,,Y,,FRONT,,,,,,,,,,,,,,,,,,,,,,,,,,,,,,,,,
1073380,cd6ca88e41d148b70068e7d70a94eae1448c86f8a69b4390854a102cd690909b0ca4a7cbd4b291d6451ff88e14f47bc0f9a12e9f6cc33fbd09ac503771cc6727,04/06/2021 11:30:00 AM,2,DRIVER,,1017966,,NISSAN,SENTRA,IL,2019,NONE,PASSENGER,COMMERCIAL - SINGLE UNIT,N,SLOW/STOP IN TRAFFIC,,,1,,,,,,,,,,Y,,,,,,,,REAR,,,,,,,,,,,,,,,,,,,,,,,,,,,,,,,,,
1071031,7fda2e30db700cbe3396222f730f5b08d599903aa1efa5b3852367ea9bbeb0d6f19d58c491219c505f5d134f43be5d1ea446130ccecf2e69d8223bffaf744fb8,04/05/2021 08:43:00 AM,1,DRIVER,1,1015697,,MERCURY,MARINER,IL,2007,UNKNOWN,PASSENGER,PERSONAL,S,ENTER FROM DRIVE/ALLEY,Y,,2,,,,,Y,Y,Y,Y,,,,,,,,,,SIDE-RIGHT,,,,,,,,,,,,,,,,,,,,,,,,,,,,,,,,,
1071032,7fda2e30db700cbe3396222f730f5b08d599903aa1efa5b3852367ea9bbeb0d6f19d58c491219c505f5d134f43be5d1ea446130ccecf2e69d8223bffaf744fb8,04/05/2021 08:43:00 AM,2,DRIVER,,1015693,,HONDA,CIVIC,IL,2007,UNKNOWN,PASSENGER,PERSONAL,E,STRAIGHT AHEAD,,,1,,,,,Y,,,,,,,,,,Y,Y,,FRONT,,,,,,,,,,,,,,,,,,,,,,,,,,,,,,,,,
1070642,1d9c5bb043c1521e8ac3732d15af05fd6cd295a5d646d53c8fa2962d004da2867b3cefbca86407297b73992ed2b34b700902f3894cbe3c7528320eb2b6493f49,04/04/2021 02:50:00 PM,1,DRIVER,1,1015321,,DODGE,CHARGER,IL,2010,NONE,PASSENGER,PERSONAL,S,STRAIGHT AHEAD,,,2,,,,,Y,,,,,,,,,,,,,FRONT-RIGHT-CORNER,,,,,,,,,,,,,,,,,,,,,,,,,,,,,,,,,
1070643,1d9c5bb043c1521e8ac3732d15af05fd6cd295a5d646d53c8fa2962d004da2867b3cefbca86407297b73992ed2b34b700902f3894cbe3c7528320eb2b6493f49,04/04/2021 02:50:00 PM,2,PEDESTRIAN,,,,,,,,,,,,,,,,,,,,,,,,,,,,,,,,,,,,,,,,,,,,,,,,,,,,,,,,,,,,,,,,,,
1069693,45d0748ba2fa5191e4452e10f5b700a691cc01434dd08de20ff1f28d1abc47a8d028e232a0b0d626c2a8b77f4f774deebc865c9f33ed0ac765eb9ac18a6d49c4,04/03/2021 05:20:00 AM,1,DRIVER,,1014417,,JEEP,CHEROKEE,IL,2017,UNKNOWN,UNKNOWN/NA,UNKNOWN/NA,E,STRAIGHT AHEAD,,,1,,,,,,,,,,,,,,,,,Y,UNKNOWN,,,,,,,,,,,,,,,,,,,,,,,,,,,,,,,,,
1069694,45d0748ba2fa5191e4452e10f5b700a691cc01434dd08de20ff1f28d1abc47a8d028e232a0b0d626c2a8b77f4f774deebc865c9f33ed0ac765eb9ac18a6d49c4,04/03/2021 05:20:00 AM,2,DRIVER,,1014419,,DODGE,GRAND CARAVAN,IL,2008,UNKNOWN,VAN/MINI-VAN,PERSONAL,N,STRAIGHT AHEAD,Y,,1,,CITY TOW,10301 S DOTY RD,,,,,,Y,Y,Y,Y,Y,Y,Y,N,,SIDE-LEFT,,,,,,,,,,,,,,,,,,,,,,,,,,,,,,,,,
1069473,7f48874516b70001b44ec9290bb3d7195eee901f7960179ad7344fef95a44c5a6290f8a04c2611c0274c049e0581f00524fc27c654e2dff614845d9129272fa3,04/02/2021 05:25:00 PM,1,DRIVER,4,1014210,,JEEP,LIBERTY,IL,2003,NONE,PASSENGER,PERSONAL,SW,TURNING LEFT,,,5,,,,,Y,Y,,,,,,,,,,,,FRONT-RIGHT-CORNER,,,,,,,,,,,,,,,,,,,,,,,,,,,,,,,,,
1069474,7f48874516b70001b44ec9290bb3d7195eee901f7960179ad7344fef95a44c5a6290f8a04c2611c0274c049e0581f00524fc27c654e2dff614845d9129272fa3,04/02/2021 05:25:00 PM,2,DRIVER,,1014220,N,DODGE,OTHER (EXPLAIN IN NARRATIVE),IL,2018,NONE,OTHER,COMMERCIAL - SINGLE UNIT,S,STRAIGHT AHEAD,,,1,,,,,,,,,,,,,,,Y,,,SIDE-LEFT-FRONT,,,,,,,,,,,,,,,,,,,,,,,,,,,,,,,,,
1067067,933df1bdf89ce7cace6ec568df6aadf5b70060a5d2b961290f9c59d14406bfbdd0ef526c991221d454dd79c71ff65a4b8e4cc18e58ff79b6c810f29c616a4408,03/29/2021 12:02:00 AM,1,DRIVER,,1011977,,UNKNOWN,OTHER (EXPLAIN IN NARRATIVE),,,UNKNOWN,PASSENGER,UNKNOWN/NA,E,STRAIGHT AHEAD,,,1,,,,,,,,,,,,,,,Y,,,FRONT-LEFT-CORNER,,,,,,,,,,,,,,,,,,,,,,,,,,,,,,,,,
1067068,933df1bdf89ce7cace6ec568df6aadf5b70060a5d2b961290f9c59d14406bfbdd0ef526c991221d454dd79c71ff65a4b8e4cc18e58ff79b6c810f29c616a4408,03/29/2021 12:02:00 AM,2,PARKED,,1011985,,KIA,FORTE,IL,2020,NONE,PASSENGER,PERSONAL,W,PARKED,Y,,0,,,,,,,,,,,,Y,,,,,,SIDE-LEFT-REAR,,,,,,,,,,,,,,,,,,,,,,,,,,,,,,,,,
1063366,940a5a19fad1bb3b94af86dd78bd96739bbe975f031e860dcd5cd276a8a214e9e015e0453025666f5b700380a02066450e3ac00e47c65a861e2d5d8e3d81a720,03/23/2021 08:45:00 AM,1,DRIVER,,1008403,,UNKNOWN,MOTORIZED,XX,,UNKNOWN,UNKNOWN/NA,UNKNOWN/NA,S,UNKNOWN/NA,,,1,,,,,,,,,,Y,,,,,,,,REAR,,,,,,,,,,,,,,,,,,,,,,,,,,,,,,,,,
1063367,940a5a19fad1bb3b94af86dd78bd96739bbe975f031e860dcd5cd276a8a214e9e015e0453025666f5b700380a02066450e3ac00e47c65a861e2d5d8e3d81a720,03/23/2021 08:45:00 AM,2,PARKED,,1008410,,MERCEDES-BENZ,GLC,IL,2118,NONE,PASSENGER,PERSONAL,S,PARKED,,,0,,,,,,,,,,,,,,,,Y,,FRONT,,,,,,,,,,,,,,,,,,,,,,,,,,,,,,,,,
1065781,aa482fe6fa6d9fc6ff804a38dfb700f376f6609f9cdf73111c9914ad866d0c9df0c22d6db9e520ef22a2e4b0cff6f38577e43ddbf6490acd8e8dc8962bb007da,03/21/2021 07:00:00 PM,1,DRIVER,,1010736,,TOYOTA,SIENNA,IL,2002,NONE,VAN/MINI-VAN,PERSONAL,E,BACKING,,,1,,,,,,,,,,Y,,,,,,,,REAR,,,,,,,,,,,,,,,,,,,,,,,,,,,,,,,,,
1065782,aa482fe6fa6d9fc6ff804a38dfb700f376f6609f9cdf73111c9914ad866d0c9df0c22d6db9e520ef22a2e4b0cff6f38577e43ddbf6490acd8e8dc8962bb007da,03/21/2021 07:00:00 PM,2,PARKED,,1010741,,HONDA,CIVIC,GA,2016,NONE,PASSENGER,PERSONAL,N,PARKED,,,0,,,,,,,,,,,,Y,Y,Y,,,,SIDE-LEFT,,,,,,,,,,,,,,,,,,,,,,,,,,,,,,,,,