CRASH_UNIT_ID,CRASH_RECORD_ID,CRASH_DATE,UNIT_NO,UNIT_TYPE,NUM_PASSENGERS,VEHICLE_ID,CMRC_VEH_I,MAKE,MODEL,LIC_PLATE_STATE,VEHICLE_YEAR,VEHICLE_DEFECT,VEHICLE_TYPE,VEHICLE_USE,TRAVEL_DIRECTION,MANEUVER,TOWED_I,FIRE_I,OCCUPANT_CNT,EXCEED_SPEED_LIMIT_I,TOWED_BY,TOWED_TO,AREA_00_I,AREA_01_I,AREA_02_I,AREA_03_I,AREA_04_I,AREA_05_I,AREA_06_I,AREA_07_I,AREA_08_I,AREA_09_I,AREA_10_I,AREA_11_I,AREA_12_I,AREA_99_I,FIRST_CONTACT_POINT,CMV_ID,USDOT_NO,CCMC_NO,ILCC_NO,COMMERCIAL_SRC,GVWR,CARRIER_NAME,CARRIER_STATE,CARRIER_CITY,HAZMAT_PLACARDS_I,HAZMAT_NAME,UN_NO,HAZMAT_PRESENT_I,HAZMAT_REPORT_I,HAZMAT_REPORT_NO,MCS_REPORT_I,MCS_REPORT_NO,HAZMAT_VIO_CAUSE_CRASH_I,MCS_VIO_CAUSE_CRASH_I,IDOT_PERMIT_NO,WIDE_LOAD_I,TRAILER1_WIDTH,TRAILER2_WIDTH,TRAILER1_LENGTH,TRAILER2_LENGTH,TOTAL_VEHICLE_LENGTH,AXLE_CNT,VEHICLE_CONFIG,CARGO_BODY_TYPE,LOAD_TYPE,HAZMAT_OUT_OF_SERVICE_I,MCS_OUT_OF_SERVICE_I,HAZMAT_CLASS
1061251,7b54a812bab28c2a8371873de3813f0d5305d7dbe9a302109da221cd876a52d2bb536c2bf9a9da24386b81aa5519b700da64069566f5fac683b3afff6ca5162b,03/19/2021 06:20:00 PM,1,DRIVER,,1006386,,HONDA,ACCORD,,2011,NONE,PASSENGER,PERSONAL,N,STRAIGHT AHEAD,,,1,,,,,,,,,,,,,Y,Y,Y,,,SIDE-LEFT,,,,,,,,,,,,,,,,,,,,,,,,,,,,,,,,,
1061252,7b54a812bab28c2a8371873de3813f0d5305d7dbe9a302109da221cd876a52d2bb536c2bf9a9da24386b81aa5519b700da64069566f5fac683b3afff6ca5162b,03/19/2021 06:20:00 PM,2,DRIVER,,1006387,,UNKNOWN,MOTORIZED,,,NONE,PASSENGER,PERSONAL,N,STRAIGHT AHEAD,,,1,,,,,,,Y,,,,,,,,,,,SIDE-RIGHT,,,,,,,,,,,,,,,,,,,,,,,,,,,,,,,,,
1060941,ec421ec2bc0ec419aa378cd03ef33e717c97f4b5ca47d84606c53e74f2f1ec79aea3d0db8e4796083c03381359f31db1baf07db0b70092a07b6be4ec42726ade,03/19/2021 11:55:00 AM,1,DRIVER,,1006101,,TOYOTA,RAV4,IL,2021,UNKNOWN,SPORT UTILITY VEHICLE (SUV),UNKNOWN/NA,E,STRAIGHT AHEAD,Y,,1,,D&G TOWING,,,Y,,,,,,,,,,Y,Y,,FRONT,,,,,,,,,,,,,,,,,,,,,,,,,,,,,,,,,
1060942,ec421ec2bc0ec419aa378cd03ef33e717c97f4b5ca47d84606c53e74f2f1ec79aea3d0db8e4796083c03381359f31db1baf07db0b70092a07b6be4ec42726ade,03/19/2021 11:55:00 AM,2,DRIVER,,1006115,,FORD,F150,IL,1997,UNKNOWN,PICKUP,UNKNOWN/NA,S,STRAIGHT AHEAD,Y,,1,,MAGIC CITY,,,,Y,Y,Y,Y,,Y,Y,,,,,,SIDE-RIGHT,,,,,,,,,,,,,,,,,,,,,,,,,,,,,,,,,
1061996,66c4fcc2744ad5b96b700867b5f073867b89ba24cd4f82880e8d59744b25c7e76c53b5e3672771433fc56c43f4d8ebd6ecb5892ffb613a657ec9ed222bfa137b,03/19/2021 08:00:00 AM,1,DRIVER,,1007100,,UNKNOWN,OTHER (EXPLAIN IN NARRATIVE),IL,,UNKNOWN,PASSENGER,PERSONAL,W,PASSING/OVERTAKING,,,1,,,,,,,,,Y,,,,,,,,,REAR,,,,,,,,,,,,,,,,,,,,,,,,,,,,,,,,,
1061997,66c4fcc2744ad5b96b700867b5f073867b89ba24cd4f82880e8d59744b25c7e76c53b5e3672771433fc56c43f4d8ebd6ecb5892ffb613a657ec9ed222bfa137b,03/19/2021 08:00:00 AM,2,DRIVER,,1007119,,FORD,ESCAPE,,2014,NONE,PASSENGER,PERSONAL,W,TURNING LEFT,,,1,,,,,,,,Y,Y,,,,,,,,,REAR-RIGHT-CORNER,,,,,,,,,,,,,,,,,,,,,,,,,,,,,,,,,
1060299,062467e9b9c1789e210a7421bce0c6a831a21557dc3c37509209748a3fc0a5a544b700932c40785bd8e595746481ce9870190966066528bca6c8a1daa4e70b9a,03/18/2021 03:37:00 AM,1,DRIVER,,1005500,,TOYOTA,CAMRY,IL,2005,UNKNOWN,PASSENGER,UNKNOWN/NA,N,STRAIGHT AHEAD,,,1,,,,,,,,,,,,,,,Y,Y,,FRONT-LEFT-CORNER,,,,,,,,,,,,,,,,,,,,,,,,,,,,,,,,,
1060300,062467e9b9c1789e210a7421bce0c6a831a21557dc3c37509209748a3fc0a5a544b700932c40785bd8e595746481ce9870190966066528bca6c8a1daa4e70b9a,03/18/2021 03:37:00 AM,2,DRIVERLESS,,1005503,,CHEVROLET,EXPRESS,IL,2015,UNKNOWN,OTHER,CTA,S,DRIVERLESS,,,0,,,,,,,,,,,,,,,Y,Y,,FRONT-LEFT-CORNER,,,,,,,,,,,,,,,,,,,,,,,,,,,,,,,,,
1061355,021e75ff74847335810bc854bd7cef8a03f86a6f17d0990967602bc4ef2e9a7c9a2e3b6c578c82c9ff829206a94e8716e0eb70018366e73a21faa160e114f754,03/17/2021 08:50:00 PM,1,DRIVER,,1006481,,CHEVROLET,EXPRESS,IL,2015,NONE,VAN/MINI-VAN,CONSTRUCTION/MAINTENANCE,E,STRAIGHT AHEAD,,,1,,,,,,,,,,Y,,,,,,,,REAR,,,,,,,,,,,,,,,,,,,,,,,,,,,,,,,,,
1061356,021e75ff74847335810bc854bd7cef8a03f86a6f17d0990967602bc4ef2e9a7c9a2e3b6c578c82c9ff829206a94e8716e0eb70018366e73a21faa160e114f754,03/17/2021 08:50:00 PM,2,DRIVER,1,1006482,,HONDA,CR-V,IL,2004,NONE,SPORT UTILITY VEHICLE (SUV),PERSONAL,W,STRAIGHT AHEAD,,,2,,,,,,,,,,,,,,,,Y,,FRONT,,,,,,,,,,,,,,,,,,,,,,,,,,,,,,,,,
1057416,c852778cdbc126ddd9dd2fadc9e0e6b3488dab78e4ce12d2d018b0b17a3dce6544b70056a3b1239a49ea8034a44bc4f74e445f681d669ae6dd855571f5033803,03/12/2021 02:55:00 PM,1,DRIVER,,1002694,,KIA,OPTIMA / K5,IL,2015,NONE,PASSENGER,PERSONAL,W,STRAIGHT AHEAD,,,1,,,,,,,Y,,,,,,,,,,,REAR,,,,,,,,,,,,,,,,,,,,,,,,,,,,,,,,,
1057417,c852778cdbc126ddd9dd2fadc9e0e6b3488dab78e4ce12d2d018b0b17a3dce6544b70056a3b1239a49ea8034a44bc4f74e445f681d669ae6dd855571f5033803,03/12/2021 02:55:00 PM,2,DRIVER,1,1002714,,FORD,FOCUS,IL,2003,NONE,PASSENGER,PERSONAL,S,STRAIGHT AHEAD,,,2,,,,,,,,,,,,,,,Y,Y,,FRONT-LEFT-CORNER,,,,,,,,,,,,,,,,,,,,,,,,,,,,,,,,,
1055318,997b511b516ce0418be1346ff0a427e3e79b70e798dbb578fc2130ee58a792d94dcf640ab36a0764cd9c6e2202a365ab700a089d2730d579ed27e6fa752dce0d,03/06/2021 05:15:00 PM,1,DRIVER,,1000661,,HONDA,PILOT,IL,2008,UNKNOWN,PASSENGER,PERSONAL,SE,TURNING LEFT,,,1,,,,,,,,,,,,,,Y,Y,,,SIDE-LEFT-FRONT,,,,,,,,,,,,,,,,,,,,,,,,,,,,,,,,,
1055319,997b511b516ce0418be1346ff0a427e3e79b70e798dbb578fc2130ee58a792d94dcf640ab36a0764cd9c6e2202a365ab700a089d2730d579ed27e6fa752dce0d,03/06/2021 05:15:00 PM,2,DRIVER,2,1000665,,NISSAN,ALTIMA,IL,2016,NONE,PASSENGER,PERSONAL,SE,TURNING LEFT,,,3,,,,,Y,Y,Y,,,,,,,,,,,SIDE-RIGHT,,,,,,,,,,,,,,,,,,,,,,,,,,,,,,,,,
1053862,ac3064c1a048b293d44ba7d9b3e6a4842f609316a0a99ffd4191945242c4d4506bfdc7a37001ab9fe3f0fb8527c35da4d261b898b098e43d9bb7007c8e0247d1,03/05/2021 12:00:00 PM,1,DRIVER,,999255,,FORD,OTHER (EXPLAIN IN NARRATIVE),IL,2013,UNKNOWN,SPORT UTILITY VEHICLE (SUV),UNKNOWN/NA,S,CHANGING LANES,,,1,,,,,,,,,,,,,,,,,Y,UNKNOWN,,,,,,,,,,,,,,,,,,,,,,,,,,,,,,,,,
1053863,ac3064c1a048b293d44ba7d9b3e6a4842f609316a0a99ffd4191945242c4d4506bfdc7a37001ab9fe3f0fb8527c35da4d261b898b098e43d9bb7007c8e0247d1,03/05/2021 12:00:00 PM,2,DRIVER,,999259,,HYUNDAI,VENUE,IL,2020,NONE,PASSENGER,PERSONAL,S,STRAIGHT AHEAD,,,1,,,,,,,,,,,Y,Y,,,,,,SIDE-LEFT-REAR,,,,,,,,,,,,,,,,,,,,,,,,,,,,,,,,,
1053823,4899a9b47b0b61c9b939f344d49fcd56d8ec56c099635b2629767ae3cbb03563c98e5c3a7568eee8a154117acb19c850ad0b700a63b58ee717423064851250a9,03/05/2021 12:01:00 AM,1,DRIVER,,999217,,UNKNOWN,OTHER (EXPLAIN IN NARRATIVE),,,UNKNOWN,UNKNOWN/NA,UNKNOWN/NA,UNKNOWN,UNKNOWN/NA,,,1,,,,,,,,,,,,,,,,,Y,UNKNOWN,,,,,,,,,,,,,,,,,,,,,,,,,,,,,,,,,
1053824,4899a9b47b0b61c9b939f344d49fcd56d8ec56c099635b2629767ae3cbb03563c98e5c3a7568eee8a154117acb19c850ad0b700a63b58ee717423064851250a9,03/05/2021 12:01:00 AM,2,PARKED,,999222,,SUZUKI,GRAND VITARA,IL,2007,NONE,SPORT UTILITY VEHICLE (SUV),PERSONAL,W,PARKED,Y,,0,,PRIVATE,,,,,,,,,,Y,Y,,,,,SIDE-RIGHT,,,,,,,,,,,,,,,,,,,,,,,,,,,,,,,,,
1053621,c8d0b602b05f95701c79779d1910bafebaeb700c9ded96adfa8658975f36afa14afb2de918713db3aa8adaa4372dd67f310df9417b4afe7cb0c2af1cc5f5f053,03/04/2021 06:30:00 PM,1,DRIVER,,999032,,HONDA,CR-V,IL,2000,UNKNOWN,PASSENGER,PERSONAL,N,STRAIGHT AHEAD,Y,,1,,,,,Y,Y,Y,Y,Y,,,,,,,,,SIDE-RIGHT,,,,,,,,,,,,,,,,,,,,,,,,,,,,,,,,,
1053622,c8d0b602b05f95701c79779d1910bafebaeb700c9ded96adfa8658975f36afa14afb2de918713db3aa8adaa4372dd67f310df9417b4afe7cb0c2af1cc5f5f053,03/04/2021 06:30:00 PM,2,DRIVER,,999035,,TOYOTA,PRIUS,IL,2011,UNKNOWN,PASSENGER,PERSONAL,W,STRAIGHT AHEAD,Y,,1,,,,,Y,,,,,,,,Y,Y,Y,Y,,FRONT,,,,,,,,,,,,,,,,,,,,,,,,,,,,,,,,,
1053623,c8d0b602b05f95701c79779d1910bafebaeb700c9ded96adfa8658975f36afa14afb2de918713db3aa8adaa4372dd67f310df9417b4afe7cb0c2af1cc5f5f053,03/04/2021 06:30:00 PM,3,DRIVER,,999041,,HYUNDAI,ELANTRA,IL,2020,NONE,PASSENGER,PERSONAL,S,OTHER,Y,,1,,,,,Y,Y,,,,,,,Y,Y,Y,Y,,FRONT-LEFT-CORNER,,,,,,,,,,,,,,,,,,,,,,,,,,,,,,,,,
1051409,6e6ea0a9c5c9d761e7064391847647f4d5012e59f609aab2e733d6bdadeb3ce84129a5f3224fd7250b1c1a33a329c3047e892d7b3d476b700acbb2be3308716c,02/28/2021 05:00:00 PM,1,DRIVER,,996921,,VOLVO,OTHER (EXPLAIN IN NARRATIVE),,,UNKNOWN,PASSENGER,UNKNOWN/NA,S,STRAIGHT AHEAD,,,1,,,,,Y,,,,,,,,,,Y,Y,,FRONT,,,,,,,,,,,,,,,,,,,,,,,,,,,,,,,,,
1051410,6e6ea0a9c5c9d761e7064391847647f4d5012e59f609aab2e733d6bdadeb3ce84129a5f3224fd7250b1c1a33a329c3047e892d7b3d476b700acbb2be3308716c,02/28/2021 05:00:00 PM,2,DRIVER,,996918,,CHEVROLET,OTHER (EXPLAIN IN NARRATIVE),IL,2013,NONE,PASSENGER,PERSONAL,E,STRAIGHT AHEAD,,,1,,,,,,,,,,,,Y,Y,Y,N,,,SIDE-LEFT,,,,,,,,,,,,,,,,,,,,,,,,,,,,,,,,,
1051190,5998adf3b700719ba1a7f0fe1e18b629d6913cf7bf8a9c4197de4d63c98eae209bb970e3503cd096af26b44b3afbec491d6b79a1ff72613675e22b8c75fd53eb,02/28/2021 09:51:00 AM,1,DRIVER,,996710,,DODGE,OTHER (EXPLAIN IN NARRATIVE),,,UNKNOWN,UNKNOWN/NA,UNKNOWN/NA,W,DRIVING WRONG WAY,,,1,,,,,,,,,,,,,,,,Y,,FRONT,,,,,,,,,,,,,,,,,,,,,,,,,,,,,,,,,
1051191,5998adf3b700719ba1a7f0fe1e18b629d6913cf7bf8a9c4197de4d63c98eae209bb970e3503cd096af26b44b3afbec491d6b79a1ff72613675e22b8c75fd53eb,02/28/2021 09:51:00 AM,2,PARKED,,996711,,FORD,FOCUS,IL,2008,UNKNOWN,PASSENGER,PERSONAL,E,PARKED,,,0,,,,,,,,,,,,,Y,Y,,,,SIDE-LEFT,,,,,,,,,,,,,,,,,,,,,,,,,,,,,,,,,
1050445,0d60bb7007141de494afe188c1657bcf894b7daeb183fb3d7f03974f04d39ede5473eda43a8c001e92617dc7ac25808ac940b1b3108386322ec4a136ee268e72,02/27/2021 04:15:00 AM,1,DRIVER,,995982,,TOYOTA,CAMRY,IL,2004,UNKNOWN,UNKNOWN/NA,UNKNOWN/NA,S,STRAIGHT AHEAD,Y,,1,,STREETS AND SANITATION,323 E LOWER WACKER DRIVE,,,,,,,,,,,,,,,FRONT-RIGHT-CORNER,,,,,,,,,,,,,,,,,,,,,,,,,,,,,,,,,
1047890,48a7c08ed57b41c2a0c89fb9f085c5a072e4cd15d2dca3871591c31fe641d2fcbd9885e830ea52a2d4b5e116c6816999e9b7007e419aa253d43d71c69ce7b797,02/22/2021 05:00:00 PM,1,DRIVER,,993512,,TOYOTA,AVALON,IL,2006,UNKNOWN,PASSENGER,PERSONAL,W,STRAIGHT AHEAD,,,1,,,,,,,,,,,,,,,Y,,,FRONT-LEFT-CORNER,,,,,,,,,,,,,,,,,,,,,,,,,,,,,,,,,
1047891,48a7c08ed57b41c2a0c89fb9f085c5a072e4cd15d2dca3871591c31fe641d2fcbd9885e830ea52a2d4b5e116c6816999e9b7007e419aa253d43d71c69ce7b797,02/22/2021 05:00:00 PM,2,PEDESTRIAN,,,,,,,,,,,,,,,,,,,,,,,,,,,,,,,,,,,,,,,,,,,,,,,,,,,,,,,,,,,,,,,,,,
1047638,e05c263fb5b01cebabada045bab785e46ee199212cae5e703a3b71ea8fea569e717a56cecd266316ef9efd5969c27a5c653bffae18e287c7b700e57d299a6ba2,02/22/2021 01:20:00 PM,1,DRIVER,,993276,,DODGE,CHARGER,IL,,UNKNOWN,UNKNOWN/NA,UNKNOWN/NA,W,STRAIGHT AHEAD,,,1,,,,,,,,,,,,,,,,,,FRONT,,,,,,,,,,,,,,,,,,,,,,,,,,,,,,,,,
1047639,e05c263fb5b01cebabada045bab785e46ee199212cae5e703a3b71ea8fea569e717a56cecd266316ef9efd5969c27a5c653bffae18e287c7b700e57d299a6ba2,02/22/2021 01:20:00 PM,2,DRIVER,7,993284,,NAVISTAR,NAVISTAR,IL,2014,NONE,BUS OVER 15 PASS.,SCHOOL BUS,W,STRAIGHT AHEAD,,,8,,,,,,,,,,,Y,,,,,,,REAR-LEFT-CORNER,,,,,,,,,,,,,,,,,,,,,,,,,,,,,,,,,
1047266,7e95420734615fec99018fb062f4cd561394f1ee6083f9cbe6e4170630d8b0a49b70009a92a6fc1e688efae66ffaf9e821c589a73221e8e38be5d16093e3fe39,02/21/2021 07:20:00 PM,1,DRIVER,,992908,,ACURA,CL,,,UNKNOWN,PASSENGER,UNKNOWN/NA,N,UNKNOWN/NA,,,1,,,,,,,,,,,,,,,,,Y,UNKNOWN,,,,,,,,,,,,,,,,,,,,,,,,,,,,,,,,,
1047267,7e95420734615fec99018fb062f4cd561394f1ee6083f9cbe6e4170630d8b0a49b70009a92a6fc1e688efae66ffaf9e821c589a73221e8e38be5d16093e3fe39,02/21/2021 07:20:00 PM,2,DRIVER,,992912,,DODGE,DART,IL,2013,NONE,PASSENGER,PERSONAL,N,STRAIGHT AHEAD,,,1,,,,,,,,,Y,,,,,,,,,REAR-RIGHT-CORNER,,,,,,,,,,,,,,,,,,,,,,,,,,,,,,,,,
1044722,5f16448afe3f3ea035a56a32b28dd5d8dd531dfac248459961a3e7b94056f9c1cde1b90a5fa416b1b70012aad7b29fbbc74f583b833a9329792660c93739a486,02/18/2021 11:45:00 AM,1,DRIVER,,990427,,HINO,HINO,IL,2008,NONE,TRUCK - SINGLE UNIT,OTHER,N,SLOW/STOP IN TRAFFIC,,,1,,,,,,,,,,,,,,,,Y,,FRONT,,,,,,,,,,,,,,,,,,,,,,,,,,,,,,,,,
1044723,5f16448afe3f3ea035a56a32b28dd5d8dd531dfac248459961a3e7b94056f9c1cde1b90a5fa416b1b70012aad7b29fbbc74f583b833a9329792660c93739a486,02/18/2021 11:45:00 AM,2,DRIVER,,990432,,CHEVROLET,OTHER (EXPLAIN IN NARRATIVE),IL,2017,NONE,PASSENGER,PERSONAL,N,STRAIGHT AHEAD,,,1,,,,,,,,,,Y,,,,,,,,REAR,,,,,,,,,,,,,,,,,,,,,,,,,,,,,,,,,
1042686,3604fb8099caf4e73385ae05c11ebb97a085d0dd928d3dabbbd2e40015007ad84c57ba7e700c77e720c6a1463ba2fb041e5dadfc6b7007f8094be2277bf9d29c,02/14/2021 02:22:00 PM,1,DRIVER,,988458,,FORD,EDGE,IL,2007,NONE,PASSENGER,PERSONAL,E,STRAIGHT AHEAD,,,1,,,,,Y,,,,,,,,,,Y,Y,,FRONT,,,,,,,,,,,,,,,,,,,,,,,,,,,,,,,,,
1042687,3604fb8099caf4e73385ae05c11ebb97a085d0dd928d3dabbbd2e40015007ad84c57ba7e700c77e720c6a1463ba2fb041e5dadfc6b7007f8094be2277bf9d29c,02/14/2021 02:22:00 PM,2,DRIVER,,988463,,KIA,SPORTAGE,IL,2019,NONE,PASSENGER,PERSONAL,E,STRAIGHT AHEAD,,,1,,,,,,,,,Y,Y,,,,,,,,REAR-RIGHT-CORNER,,,,,,,,,,,,,,,,,,,,,,,,,,,,,,,,,
1040745,3f61a68b915f14c74913b3b700c687fd25fc4f8700784e5438772edbe108b093c24114bd74fc7176ec29b87fde7ab3b8a1b13e8876874fa0aadf664f231a5c37,02/11/2021 11:40:00 PM,1,DRIVER,,986572,,FORD,FOCUS,IL,2005,NONE,PASSENGER,PERSONAL,E,STRAIGHT AHEAD,Y,,1,,,,,,,,,,,,,,,,,,FRONT,,,,,,,,,,,,,,,,,,,,,,,,,,,,,,,,,
1040250,03f119170bb70029e76fc46d670a5e89ccbeba8ca767ea1f0ba1060bdd486109e6162cab2356f86a7f12967f1e23eb94e34eeb2bea68331c30a3f3a40c7dc7da,02/11/2021 07:50:00 AM,1,DRIVER,,986083,,AUTOCAR,AUTOCAR,IL,2005,UNKNOWN,OTHER,OTHER,N,STRAIGHT AHEAD,,,1,,,,Y,,,,,,,,,,,,,,REAR-RIGHT-CORNER,,,,,,,,,,,,,,,,,,,,,,,,,,,,,,,,,
1039278,13e88bd40bce13c1afd82f25d1b8e1def4d70aeef7ceb576aa64b08623058da0ae1ca269717a4c48d9d36b591805fad3447dd0999a773a2efcef5b7003954a47,02/09/2021 03:00:00 PM,1,PARKED,,985127,,UNKNOWN,OTHER (EXPLAIN IN NARRATIVE),IL,,UNKNOWN,UNKNOWN/NA,UNKNOWN/NA,N,PARKED,,,0,,,,,,,,,,Y,,,,,,,,REAR,,,,,,,,,,,,,,,,,,,,,,,,,,,,,,,,,
1039288,13e88bd40bce13c1afd82f25d1b8e1def4d70aeef7ceb576aa64b08623058da0ae1ca269717a4c48d9d36b591805fad3447dd0999a773a2efcef5b7003954a47,02/09/2021 03:00:00 PM,2,PARKED,,985133,,CHRYSLER,200,IL,2014,UNKNOWN,PASSENGER,PERSONAL,N,PARKED,,,0,,,,,Y,,,,,,,,,,Y,Y,,FRONT,,,,,,,,,,,,,,,,,,,,,,,,,,,,,,,,,
1039132,f1166b0d4888dc5e053c122e407e11894079542bc9f3b700bb659672d35e94e1e8957382029e372e7b07fb076ce0ec506a2290493be08c85ca7e5cd02a492b51,02/09/2021 12:00:00 PM,1,DRIVER,,984986,,TOYOTA,CAMRY,IL,2016,NONE,PASSENGER,TAXI/FOR HIRE,N,SLOW/STOP IN TRAFFIC,,,1,,,,,,,,,,,,,,,,Y,,FRONT,,,,,,,,,,,,,,,,,,,,,,,,,,,,,,,,,
1039133,f1166b0d4888dc5e053c122e407e11894079542bc9f3b700bb659672d35e94e1e8957382029e372e7b07fb076ce0ec506a2290493be08c85ca7e5cd02a492b51,02/09/2021 12:00:00 PM,2,DRIVER,,984996,,FORD,EXPLORER,IL,2014,NONE,SPORT UTILITY VEHICLE (SUV),PERSONAL,N,SLOW/STOP IN TRAFFIC,,,1,,,,,,,,,,Y,,,,,,,,REAR,,,,,,,,,,,,,,,,,,,,,,,,,,,,,,,,,
1037974,cd1fcf94bf1fb7383cdd638116c8bb7f06e5fdc68f2d63c99c52f9c972f8e11fc336ecc510e6a3770ccce72edcfffb3daaca81ef85079bee6bb700929c264499,02/07/2021 05:10:00 PM,1,DRIVER,,983866,,CHEVROLET,MALIBU,IL,2007,UNKNOWN,PASSENGER,UNKNOWN/NA,W,STRAIGHT AHEAD,,,1,,,,,,,,,,,,,,,,,,FRONT,,,,,,,,,,,,,,,,,,,,,,,,,,,,,,,,,
1037975,cd1fcf94bf1fb7383cdd638116c8bb7f06e5fdc68f2d63c99c52f9c972f8e11fc336ecc510e6a3770ccce72edcfffb3daaca81ef85079bee6bb700929c264499,02/07/2021 05:10:00 PM,2,DRIVER,,983868,,SUBARU,OUTBACK,,,UNKNOWN,PASSENGER,PERSONAL,W,STRAIGHT AHEAD,,,1,,,,,,,,,,,,,,,,,,REAR,,,,,,,,,,,,,,,,,,,,,,,,,,,,,,,,,
1038489,c64eaaa53d61f9f3743ab7e0791b3d990bff1ab26df826e61bbbc7b059db71e4ec96e67e7462eeda17a89fb121fea8e5041dd05e721c81cfdbda70c421b700a2,02/05/2021 09:00:00 PM,1,DRIVER,,984364,,UNKNOWN,OTHER (EXPLAIN IN NARRATIVE),IL,,UNKNOWN,UNKNOWN/NA,UNKNOWN/NA,UNKNOWN,UNKNOWN/NA,,,1,,,,,,,,,,,,,,,,,Y,UNKNOWN,,,,,,,,,,,,,,,,,,,,,,,,,,,,,,,,,
1038490,c64eaaa53d61f9f3743ab7e0791b3d990bff1ab26df826e61bbbc7b059db71e4ec96e67e7462eeda17a89fb121fea8e5041dd05e721c81cfdbda70c421b700a2,02/05/2021 09:00:00 PM,2,PARKED,,984367,,CHEVROLET,IMPALA,IL,2006,NONE,PASSENGER,PERSONAL,UNKNOWN,PARKED,Y,,0,,,,,,,Y,,Y,,,,Y,,,,,UNKNOWN,,,,,,,,,,,,,,,,,,,,,,,,,,,,,,,,,
1040703,db352efc5d4fe8db7003b156f2bc57ff546313ff7bdf34b5edc0829c36dc35de77ba005192f9c16aa88732c6de3a2ef7acbe35d92f45ef7e40cb3f868eb5de31,02/02/2021 11:40:00 AM,1,DRIVER,,986532,,HYUNDAI,OTHER (EXPLAIN IN NARRATIVE),IL,2016,UNKNOWN,PASSENGER,PERSONAL,W,PASSING/OVERTAKING,,,1,,,,,N,,,,,,,,,,,,Y,UNKNOWN,,,,,,,,,,,,,,,,,,,,,,,,,,,,,,,,,
1040704,db352efc5d4fe8db7003b156f2bc57ff546313ff7bdf34b5edc0829c36dc35de77ba005192f9c16aa88732c6de3a2ef7acbe35d92f45ef7e40cb3f868eb5de31,02/02/2021 11:40:00 AM,2,DRIVER,,986536,,BUICK,OTHER (EXPLAIN IN NARRATIVE),IL,2017,UNKNOWN,PASSENGER,PERSONAL,W,STRAIGHT AHEAD,,,1,,,,,,,,,,,Y,Y,Y,,,,,REAR-LEFT-CORNER,,,,,,,,,,,,,,,,,,,,,,,,,,,,,,,,,
1033949,5c6d5842923b3711179d88302527a0719d6acc8eaca72e40b7d06aacc40d63ae2cad4684925e101b8e9347c7b73e4cb9adfaefc498164b700f0d13e47f679107,01/31/2021 03:00:00 PM,1,DRIVER,,980004,,UNKNOWN,OTHER (EXPLAIN IN NARRATIVE),IL,,UNKNOWN,UNKNOWN/NA,UNKNOWN/NA,UNKNOWN,UNKNOWN/NA,,,1,,,,,,,,,,,,,,,,,Y,UNKNOWN,,,,,,,,,,,,,,,,,,,,,,,,,,,,,,,,,
1033950,5c6d5842923b3711179d88302527a0719d6acc8eaca72e40b7d06aacc40d63ae2cad4684925e101b8e9347c7b73e4cb9adfaefc498164b700f0d13e47f679107,01/31/2021 03:00:00 PM,2,PARKED,,980009,,CADILLAC,ESCALADE,IL,2007,NONE,SPORT UTILITY VEHICLE (SUV),NOT IN USE,E,PARKED,,,0,,,,,,,Y,,,,,,,,,,,SIDE-RIGHT,,,,,,,,,,,,,,,,,,,,,,,,,,,,,,,,,
1033418,9f974f47594678b70011ead8a63ca56978117558fdf8c4c30e6aed8b6462a934ebc7864493ab9aec00b3ae4bd5aab1e47781eedd886ea775996d937952a2cd61,01/31/2021 12:01:00 AM,1,DRIVER,,979533,,UNKNOWN,OTHER (EXPLAIN IN NARRATIVE),,,UNKNOWN,UNKNOWN/NA,UNKNOWN/NA,UNKNOWN,UNKNOWN/NA,,,1,,,,,,,,,,,,,,,,,Y,UNKNOWN,,,,,,,,,,,,,,,,,,,,,,,,,,,,,,,,,
1033419,9f974f47594678b70011ead8a63ca56978117558fdf8c4c30e6aed8b6462a934ebc7864493ab9aec00b3ae4bd5aab1e47781eedd886ea775996d937952a2cd61,01/31/2021 12:01:00 AM,2,PARKED,,979534,,FORD,FUSION,IL,2012,NONE,PASSENGER,PERSONAL,N,PARKED,,,0,,,,,,,,,,Y,Y,,,,,,,REAR-LEFT-CORNER,,,,,,,,,,,,,,,,,,,,,,,,,,,,,,,,,
1031579,0de82a44f96c439b80b8d3fcecb452cab20409f25b2d9675f6ec02bc44779ffddeb700ec2d811b7372acebcdc17fc2a91881144c806600f5569e7a3e9adad6d0,01/28/2021 11:50:00 AM,1,DRIVER,1,977756,,NISSAN,FRONTIER,XX,,UNKNOWN,PICKUP,UNKNOWN/NA,N,STRAIGHT AHEAD,,,2,,,,,,,,,,,,,,,,Y,,FRONT,,,,,,,,,,,,,,,,,,,,,,,,,,,,,,,,,
1031580,0de82a44f96c439b80b8d3fcecb452cab20409f25b2d9675f6ec02bc44779ffddeb700ec2d811b7372acebcdc17fc2a91881144c806600f5569e7a3e9adad6d0,01/28/2021 11:50:00 AM,2,DRIVER,1,977759,,CHEVROLET,CRUZE,IL,2016,NONE,PASSENGER,PERSONAL,N,OTHER,,,2,,,,,,,,,,Y,,,,,,,,REAR,,,,,,,,,,,,,,,,,,,,,,,,,,,,,,,,,