CRASH_UNIT_ID,CRASH_RECORD_ID,CRASH_DATE,UNIT_NO,UNIT_TYPE,NUM_PASSENGERS,VEHICLE_ID,CMRC_VEH_I,MAKE,MODEL,LIC_PLATE_STATE,VEHICLE_YEAR,VEHICLE_DEFECT,VEHICLE_TYPE,VEHICLE_USE,TRAVEL_DIRECTION,MANEUVER,TOWED_I,FIRE_I,OCCUPANT_CNT,EXCEED_SPEED_LIMIT_I,TOWED_BY,TOWED_TO,AREA_00_I,AREA_01_I,AREA_02_I,AREA_03_I,AREA_04_I,AREA_05_I,AREA_06_I,AREA_07_I,AREA_08_I,AREA_09_I,AREA_10_I,AREA_11_I,AREA_12_I,AREA_99_I,FIRST_CONTACT_POINT,CMV_ID,USDOT_NO,CCMC_NO,ILCC_NO,COMMERCIAL_SRC,GVWR,CARRIER_NAME,CARRIER_STATE,CARRIER_CITY,HAZMAT_PLACARDS_I,HAZMAT_NAME,UN_NO,HAZMAT_PRESENT_I,HAZMAT_REPORT_I,HAZMAT_REPORT_NO,MCS_REPORT_I,MCS_REPORT_NO,HAZMAT_VIO_CAUSE_CRASH_I,MCS_VIO_CAUSE_CRASH_I,IDOT_PERMIT_NO,WIDE_LOAD_I,TRAILER1_WIDTH,TRAILER2_WIDTH,TRAILER1_LENGTH,TRAILER2_LENGTH,TOTAL_VEHICLE_LENGTH,AXLE_CNT,VEHICLE_CONFIG,CARGO_BODY_TYPE,LOAD_TYPE,HAZMAT_OUT_OF_SERVICE_I,MCS_OUT_OF_SERVICE_I,HAZMAT_CLASS
1030519,5b405978db66d9db1f2d83f9bc1f8ba89b700b03c169c746d2291876bfcf537f5f5f65de779db53c7ac142311f51e3f145ad6245980975423206aad9b76afcc2,01/26/2021 09:00:00 AM,1,DRIVER,,976729,,UNKNOWN,OTHER (EXPLAIN IN NARRATIVE),,,UNKNOWN,PICKUP,UNKNOWN/NA,UNKNOWN,UNKNOWN/NA,,,1,,,,,,,,,,,,,,,,,Y,UNKNOWN,,,,,,,,,,,,,,,,,,,,,,,,,,,,,,,,,
1030520,5b405978db66d9db1f2d83f9bc1f8ba89b700b03c169c746d2291876bfcf537f5f5f65de779db53c7ac142311f51e3f145ad6245980975423206aad9b76afcc2,01/26/2021 09:00:00 AM,2,PARKED,,976730,,KIA,OPTIMA / K5,IL,2014,UNKNOWN,PASSENGER,PERSONAL,W,PARKED,,,0,,,,,Y,,,,,,,,,,,Y,,FRONT-RIGHT-CORNER,,,,,,,,,,,,,,,,,,,,,,,,,,,,,,,,,
1029427,64d3a51ea49dd38a6b70043664db5dcc9d85a4f086e6ac40923ab4aa229c99185498608c4fce3eefeb73234668e5c2f37ec28ca439d21c7dd5d178d32ca8c43d,01/23/2021 04:47:00 PM,1,DRIVER,,975687,,CHEVROLET,TAHOE,IL,2012,UNKNOWN,PASSENGER,PERSONAL,N,STRAIGHT AHEAD,,,1,,,,,Y,,,,,,,,,,Y,Y,,FRONT,,,,,,,,,,,,,,,,,,,,,,,,,,,,,,,,,
1029428,64d3a51ea49dd38a6b70043664db5dcc9d85a4f086e6ac40923ab4aa229c99185498608c4fce3eefeb73234668e5c2f37ec28ca439d21c7dd5d178d32ca8c43d,01/23/2021 04:47:00 PM,2,DRIVER,1,975711,,NISSAN,VERSA,IL,2017,UNKNOWN,PASSENGER,PERSONAL,N,STRAIGHT AHEAD,,,2,,,,,,,,,Y,Y,Y,,,,,,,REAR,,,,,,,,,,,,,,,,,,,,,,,,,,,,,,,,,
1029117,f060fbbe8de8b442d9ab5e80dc7bf0873b223e0d4af1bf6990ef9257c5f8de5bd6bdf8f50063506b7004f7c45621eafc04db4e252fb6a678c2d1af8fc14a7b0b,01/23/2021 10:30:00 AM,1,DRIVER,,975372,,JEEP,GRAND CHEROKEE,IL,2017,NONE,PASSENGER,PERSONAL,UNKNOWN,OTHER,,,1,,,,,,,Y,Y,,,,,,,,,,SIDE-RIGHT,,,,,,,,,,,,,,,,,,,,,,,,,,,,,,,,,
1029118,f060fbbe8de8b442d9ab5e80dc7bf0873b223e0d4af1bf6990ef9257c5f8de5bd6bdf8f50063506b7004f7c45621eafc04db4e252fb6a678c2d1af8fc14a7b0b,01/23/2021 10:30:00 AM,2,DRIVERLESS,,975376,,BMW,OTHER (EXPLAIN IN NARRATIVE),IL,2018,UNKNOWN,PASSENGER,UNKNOWN/NA,UNKNOWN,PARKED,,,0,,,,,,,,,,,,,,,Y,Y,,FRONT-LEFT-CORNER,,,,,,,,,,,,,,,,,,,,,,,,,,,,,,,,,
1027277,94344ac9a9b6e24fdea8c20a5c184ab5f33b7d8af8b0744b858d38b4efb0dfe097708c679082835f90ad913f5a1ab700a92bc7db8818d2e15049f367209959fe,01/20/2021 03:58:00 AM,1,DRIVER,,973652,,NISSAN,MAXIMA,IN,2012,NONE,PASSENGER,PERSONAL,S,NEGOTIATING A CURVE,,,1,,,,,Y,,,,,,,,,,Y,Y,,FRONT,,,,,,,,,,,,,,,,,,,,,,,,,,,,,,,,,
1026235,b700b8e3439a901d95bde5c4031add1c81782d2373486d30357f0315c8f5ffa51e73a2074282cfa6e70e9e606f09ef2e2dfc804ff63e0a9e0056429b2db54f03,01/17/2021 06:15:00 PM,1,DRIVER,,972645,,FORD,SUPER DUTY,IL,2015,NONE,TRUCK - SINGLE UNIT,COMMERCIAL - SINGLE UNIT,S,STRAIGHT AHEAD,,,1,,,,,Y,,,,,,,,,,,,,FRONT-RIGHT-CORNER,,,,,,,,,,,,,,,,,,,,,,,,,,,,,,,,,
1026236,b700b8e3439a901d95bde5c4031add1c81782d2373486d30357f0315c8f5ffa51e73a2074282cfa6e70e9e606f09ef2e2dfc804ff63e0a9e0056429b2db54f03,01/17/2021 06:15:00 PM,2,PARKED,,972652,,CHEVROLET,SUBURBAN,IL,2007,UNKNOWN,UNKNOWN/NA,NOT IN USE,S,PARKED,,,0,,,,,,,,,,,,,Y,Y,,,,SIDE-LEFT,,,,,,,,,,,,,,,,,,,,,,,,,,,,,,,,,
1024278,505c527e4c748aa176b549bbf871287823e42c9dfb35e7a4d4f4f5164227b47024a4ea376fb5f0915f4d0228203ae5a99b700bba56145f18cb2b094c65f0b114,01/14/2021 10:30:00 AM,1,DRIVER,,970786,,FORD,OTHER (EXPLAIN IN NARRATIVE),LA,2020,NONE,PICKUP,PERSONAL,W,PASSING/OVERTAKING,,,1,,,,,,,,Y,Y,,,,,,,,,SIDE-RIGHT-REAR,,,,,,,,,,,,,,,,,,,,,,,,,,,,,,,,,
1024279,505c527e4c748aa176b549bbf871287823e42c9dfb35e7a4d4f4f5164227b47024a4ea376fb5f0915f4d0228203ae5a99b700bba56145f18cb2b094c65f0b114,01/14/2021 10:30:00 AM,2,PARKED,,970792,,"PETERBILT MOTORS COMPANY (DIVISION OF PACCAR, INC.)","PETERBILT MOTORS CO., DIVISION PACCAR, INC.",MI,2020,NONE,TRACTOR W/ SEMI-TRAILER,NOT IN USE,W,PARKED,,,0,,,,,,,,,,,,,,,Y,Y,,FRONT-LEFT-CORNER,,,,,,,,,,,,,,,,,,,,,,,,,,,,,,,,,
1023203,aaa00cd03166c31aa42377268b421f8c20bedafcdcb224360e56cb91609fe98746cede9ceb934996f371b0a2f5e055a59a73b7fb6952b700d8ac209ccbf6485f,01/12/2021 10:30:00 AM,1,DRIVER,,969783,,UNKNOWN,OTHER (EXPLAIN IN NARRATIVE),,,NONE,TRUCK - SINGLE UNIT,OTHER,S,BACKING,,,1,,,,,,,,,Y,Y,Y,,,,,,,REAR,,,,,,,,,,,,,,,,,,,,,,,,,,,,,,,,,
1023204,aaa00cd03166c31aa42377268b421f8c20bedafcdcb224360e56cb91609fe98746cede9ceb934996f371b0a2f5e055a59a73b7fb6952b700d8ac209ccbf6485f,01/12/2021 10:30:00 AM,2,DRIVER,,969792,,DODGE,DURANGO,IL,2018,NONE,PASSENGER,PERSONAL,S,SLOW/STOP IN TRAFFIC,,,1,,,,,Y,,,,,,,,,,Y,Y,,FRONT,,,,,,,,,,,,,,,,,,,,,,,,,,,,,,,,,
1022953,3af6d4e4cf86c90ab09123fe9eeb3278d909f1c9923dd7dfee036ba4e5f87bbe82b8f058b4245cf5f2786dc8785c49b6b700a2821a98e9c9a990896ec369d515,01/11/2021 05:35:00 PM,1,DRIVER,,969588,,DODGE,NITRO,IN,2010,UNKNOWN,PASSENGER,PERSONAL,E,STRAIGHT AHEAD,,,1,,,,,,,,,Y,,,,,,,,,SIDE-RIGHT-REAR,,,,,,,,,,,,,,,,,,,,,,,,,,,,,,,,,
1022954,3af6d4e4cf86c90ab09123fe9eeb3278d909f1c9923dd7dfee036ba4e5f87bbe82b8f058b4245cf5f2786dc8785c49b6b700a2821a98e9c9a990896ec369d515,01/11/2021 05:35:00 PM,2,DRIVER,,969591,,HYUNDAI,ELANTRA,IL,2017,NONE,PASSENGER,PERSONAL,N,STRAIGHT AHEAD,,,1,,,,,,,,,,,,,,,,Y,,FRONT,,,,,,,,,,,,,,,,,,,,,,,,,,,,,,,,,
1021757,130845d7eb689203185e5ad3da2c59660a6f06d0c135aed74d8328eb700b7aa1517d4887c28ddb53321f844195b406aa3cda684b54fae1b10e4116a969a34109,01/08/2021 07:02:00 PM,1,DRIVER,,968443,,HONDA,ACCORD,IL,2014,UNKNOWN,UNKNOWN/NA,UNKNOWN/NA,NW,TURNING LEFT,Y,,1,,private,unk,,,,,,,,,,Y,Y,Y,Y,,FRONT-LEFT-CORNER,,,,,,,,,,,,,,,,,,,,,,,,,,,,,,,,,
1021230,2f7ad91e4639abed14fef61e14a00b888bfb7007179a76d232f9da6f4786523a12e5e50236ea560e480484c40fa6c859fba122095d28aed155def4569d755716,01/07/2021 05:45:00 PM,1,DRIVER,,967941,,FORD,TAURUS,IL,,NONE,PASSENGER,PERSONAL,S,BACKING,,,1,,,,,,,,,,N,,,,,,,Y,REAR,,,,,,,,,,,,,,,,,,,,,,,,,,,,,,,,,
1021231,2f7ad91e4639abed14fef61e14a00b888bfb7007179a76d232f9da6f4786523a12e5e50236ea560e480484c40fa6c859fba122095d28aed155def4569d755716,01/07/2021 05:45:00 PM,2,DRIVER,,967943,,DODGE,RAM 1500 PU,IL,2017,NONE,PASSENGER,PERSONAL,W,STRAIGHT AHEAD,,,1,,,,,,,Y,Y,Y,,,,,,,,Y,REAR-RIGHT-CORNER,,,,,,,,,,,,,,,,,,,,,,,,,,,,,,,,,
1020691,c6aec47b2f486c3f45222ccea597e39bd1c1b700cf8660a8d9600253f5d28f9bddb71518b8878e4261d1ed5687b08a62108ed7bdc5d258a93a937b1a700f44e3,01/06/2021 05:25:00 PM,1,DRIVER,,967422,,TOYOTA,PRIUS,IL,2010,NONE,PASSENGER,PERSONAL,S,TURNING LEFT,,,1,,,,,Y,,,,,,,,,,,,,REAR-RIGHT-CORNER,,,,,,,,,,,,,,,,,,,,,,,,,,,,,,,,,
1020692,c6aec47b2f486c3f45222ccea597e39bd1c1b700cf8660a8d9600253f5d28f9bddb71518b8878e4261d1ed5687b08a62108ed7bdc5d258a93a937b1a700f44e3,01/06/2021 05:25:00 PM,2,DRIVER,,967428,,NISSAN,ROGUE,GA,2012,NONE,PASSENGER,PERSONAL,N,STRAIGHT AHEAD,,,1,,,,,Y,,,,,,,,,,Y,Y,,FRONT-LEFT-CORNER,,,,,,,,,,,,,,,,,,,,,,,,,,,,,,,,,
1018678,22bb1d3cccdcc2d1344a4aea1391db70fb2508ecfce8320d70d1e8ec10e491fd69aa035b6315bddcb700f0b50fac12798ef0b55f8b76e067bc26681f5d3a89ca,01/01/2021 09:00:00 PM,1,DRIVER,,965505,,AUDI,A5,IL,2010,UNKNOWN,PASSENGER,PERSONAL,W,STRAIGHT AHEAD,Y,,1,,,,,,,,,,,,,,,,Y,,FRONT,,,,,,,,,,,,,,,,,,,,,,,,,,,,,,,,,
1018679,22bb1d3cccdcc2d1344a4aea1391db70fb2508ecfce8320d70d1e8ec10e491fd69aa035b6315bddcb700f0b50fac12798ef0b55f8b76e067bc26681f5d3a89ca,01/01/2021 09:00:00 PM,2,DRIVER,,965518,,TOYOTA,CAMRY,IL,2020,UNKNOWN,PASSENGER,PERSONAL,W,STRAIGHT AHEAD,Y,,1,,,,,,,,,,Y,,,,,,Y,,REAR,,,,,,,,,,,,,,,,,,,,,,,,,,,,,,,,,
1018680,22bb1d3cccdcc2d1344a4aea1391db70fb2508ecfce8320d70d1e8ec10e491fd69aa035b6315bddcb700f0b50fac12798ef0b55f8b76e067bc26681f5d3a89ca,01/01/2021 09:00:00 PM,3,DRIVER,,965529,,LAND ROVER,OTHER (EXPLAIN IN NARRATIVE),IL,2010,UNKNOWN,PASSENGER,PERSONAL,W,STRAIGHT AHEAD,,,1,,,,,,,,,,Y,,,,,,,,REAR,,,,,,,,,,,,,,,,,,,,,,,,,,,,,,,,,
1017788,3d5e66f3aed098f5937c936da50bddd771c6b58df60b196d25c19d909eb24c0261a701dae45d009d603c21f666a18076594354a365d8b7004b7c27f4002254ea,12/31/2020 08:00:00 PM,1,DRIVER,,964638,,NISSAN,SENTRA,IL,2009,NONE,PASSENGER,PERSONAL,S,STRAIGHT AHEAD,Y,,1,,,,,Y,,,,,,,,,,Y,Y,,FRONT,,,,,,,,,,,,,,,,,,,,,,,,,,,,,,,,,
1017789,3d5e66f3aed098f5937c936da50bddd771c6b58df60b196d25c19d909eb24c0261a701dae45d009d603c21f666a18076594354a365d8b7004b7c27f4002254ea,12/31/2020 08:00:00 PM,2,DRIVER,,964650,,GENERAL MOTORS CORPORATION (GMC),ACADIA,IL,2017,NONE,PASSENGER,PERSONAL,N,TURNING LEFT,Y,,1,,,,,Y,,,,,,,,,,Y,Y,,FRONT,,,,,,,,,,,,,,,,,,,,,,,,,,,,,,,,,
1018857,58b3008e9958ec4bc2cb6f9bafb4196bdcbf6210a43a2be1ac39b99f75083ed882b7004e7148e7452de327e33ab91bcbf46bc5b42c35a739bf75715452dc1668,12/31/2020 12:10:00 AM,1,DRIVER,,965676,,INFINITI,G35,IN,2006,UNKNOWN,PASSENGER,UNKNOWN/NA,S,CHANGING LANES,,,1,,,,,,,,,,,,,,,,,Y,UNKNOWN,,,,,,,,,,,,,,,,,,,,,,,,,,,,,,,,,
1018858,58b3008e9958ec4bc2cb6f9bafb4196bdcbf6210a43a2be1ac39b99f75083ed882b7004e7148e7452de327e33ab91bcbf46bc5b42c35a739bf75715452dc1668,12/31/2020 12:10:00 AM,2,DRIVER,,965678,,CHEVROLET,MALIBU,IL,2016,NONE,PASSENGER,PERSONAL,S,STRAIGHT AHEAD,,,1,,,,,,,,Y,Y,,,,,,,,,REAR-RIGHT-CORNER,,,,,,,,,,,,,,,,,,,,,,,,,,,,,,,,,
1015100,9b1f1b30dd1fa59207931335580967bbffcc83f50f7db012eb9166ef1a83a08c0b700916d149b5f494146f0a41cb3501e8bc88a78fb976a6bfe211fb046a384e,12/26/2020 04:33:00 PM,1,DRIVER,,962038,,TOYOTA,AVALON,IL,2001,NONE,PASSENGER,PERSONAL,E,TURNING LEFT,Y,,1,,PRIVATE,,,,,,,,,,,,,Y,Y,,FRONT-LEFT-CORNER,,,,,,,,,,,,,,,,,,,,,,,,,,,,,,,,,
1015101,9b1f1b30dd1fa59207931335580967bbffcc83f50f7db012eb9166ef1a83a08c0b700916d149b5f494146f0a41cb3501e8bc88a78fb976a6bfe211fb046a384e,12/26/2020 04:33:00 PM,2,DRIVER,1,962047,,GENERAL MOTORS CORPORATION (GMC),TERRAIN,OH,2020,NONE,SPORT UTILITY VEHICLE (SUV),PERSONAL,W,STRAIGHT AHEAD,Y,,2,,PRIVATE,,,,,,,,,,,,,,Y,,FRONT-LEFT-CORNER,,,,,,,,,,,,,,,,,,,,,,,,,,,,,,,,,
1015029,987ce1b34e971251de0de2c0b19a26213af3d00cf97dd9f2af8e1d32919d51490664588a6038fe1586aaf78570c0b730e55b419b9018fd0b27076b700cb282b8,12/26/2020 02:40:00 PM,1,DRIVER,,961972,,UNKNOWN,OTHER (EXPLAIN IN NARRATIVE),IL,,NONE,SPORT UTILITY VEHICLE (SUV),UNKNOWN/NA,N,BACKING,,,1,,,,,,,,,Y,,,,,,,,,REAR-RIGHT-CORNER,,,,,,,,,,,,,,,,,,,,,,,,,,,,,,,,,
1015030,987ce1b34e971251de0de2c0b19a26213af3d00cf97dd9f2af8e1d32919d51490664588a6038fe1586aaf78570c0b730e55b419b9018fd0b27076b700cb282b8,12/26/2020 02:40:00 PM,2,DRIVER,,961975,,CADILLAC,CTS,IL,,NONE,PASSENGER,PERSONAL,E,SLOW/STOP IN TRAFFIC,,,1,,,,,Y,,,,,,,,,,,,,FRONT-RIGHT-CORNER,,,,,,,,,,,,,,,,,,,,,,,,,,,,,,,,,
1014044,caf489c434a75a1e229eb9541929f5f73d0e59e20ceb26af09d0364b5922b0ad402e2c6e9400af0b82446b8fe7f78aac02fb3b7000155583bb24374bd91592a8,12/24/2020 09:30:00 AM,1,DRIVER,,961043,,BMW,OTHER (EXPLAIN IN NARRATIVE),IL,2017,UNKNOWN,PASSENGER,UNKNOWN/NA,N,PASSING/OVERTAKING,Y,,1,,,,,Y,Y,Y,Y,Y,,,,,,,,,FRONT-RIGHT-CORNER,,,,,,,,,,,,,,,,,,,,,,,,,,,,,,,,,
1014045,caf489c434a75a1e229eb9541929f5f73d0e59e20ceb26af09d0364b5922b0ad402e2c6e9400af0b82446b8fe7f78aac02fb3b7000155583bb24374bd91592a8,12/24/2020 09:30:00 AM,2,PARKED,,961044,Y,FREIGHTLINER CORPORATION,FREIGHTLINER CORP.,IL,2014,UNKNOWN,BUS OVER 15 PASS.,COMMERCIAL - SINGLE UNIT,N,PARKED IN TRAFFIC LANE,,,0,,,,Y,,,,,,,,,,,,,,NONE,,,,,,,,,,,,,,,,,,,,,,,,,,,,,,,,,
1012566,122fd17ca91fab700d26c02c852a097cad137acd1f648da35c1b38cb773bfc464dffc04610fb949c16736b7b34d625231660f0157c430b58840c819c9612bb17,12/21/2020 05:33:00 PM,1,DRIVER,,959651,,TOYOTA,AVALON,IL,2002,UNKNOWN,PASSENGER,UNKNOWN/NA,NE,STRAIGHT AHEAD,Y,,1,,CITY OF CHICAGO,CITY POUND 400 E. WACKER,,Y,Y,Y,Y,Y,Y,Y,Y,Y,Y,Y,Y,,UNKNOWN,,,,,,,,,,,,,,,,,,,,,,,,,,,,,,,,,
1012274,ebc7664de3e93190550a6c9c26206b244a830c61d8a85e43cab1ed88f35245fda6a13eecdd64150f71819b700d620f271291234c204075b8211188bf3da21792,12/20/2020 03:07:00 PM,1,DRIVER,,959399,,UNKNOWN,OTHER (EXPLAIN IN NARRATIVE),,,UNKNOWN,UNKNOWN/NA,UNKNOWN/NA,UNKNOWN,UNKNOWN/NA,,,1,,,,,,,,,,,,,,,,,Y,UNKNOWN,,,,,,,,,,,,,,,,,,,,,,,,,,,,,,,,,
1012275,ebc7664de3e93190550a6c9c26206b244a830c61d8a85e43cab1ed88f35245fda6a13eecdd64150f71819b700d620f271291234c204075b8211188bf3da21792,12/20/2020 03:07:00 PM,2,PARKED,,959403,,VOLVO,OTHER (EXPLAIN IN NARRATIVE),IL,2002,NONE,PASSENGER,PERSONAL,W,PARKED,,,0,,,,,,,Y,Y,,,,,,,,,,SIDE-RIGHT-REAR,,,,,,,,,,,,,,,,,,,,,,,,,,,,,,,,,
1010539,da0e1e69b115705bebd94bc65c0287c441044a569373267e2667847addc044818f37960c31d82d4daaabe441831601b7b7002e104999f39423b5b0c9b9118d43,12/16/2020 09:10:00 PM,1,DRIVER,1,957740,,CHEVROLET,OTHER (EXPLAIN IN NARRATIVE),IL,2015,UNKNOWN,PASSENGER,PERSONAL,W,STRAIGHT AHEAD,Y,,2,,JFK TOWING,RESIDENCE,,Y,Y,Y,Y,Y,Y,,,,,,Y,,FRONT-RIGHT-CORNER,,,,,,,,,,,,,,,,,,,,,,,,,,,,,,,,,
1010540,da0e1e69b115705bebd94bc65c0287c441044a569373267e2667847addc044818f37960c31d82d4daaabe441831601b7b7002e104999f39423b5b0c9b9118d43,12/16/2020 09:10:00 PM,2,PARKED,,957744,,MAZDA,MX-6,IL,2008,UNKNOWN,PASSENGER,PERSONAL,E,PARKED,,,0,,,,,,,,,Y,Y,Y,Y,Y,Y,Y,Y,,REAR-RIGHT-CORNER,,,,,,,,,,,,,,,,,,,,,,,,,,,,,,,,,
1008435,bbab7d130f1ca13d6fbd88fd5dfd29646608fd83e17b1e5cbb8cd0837085aa205b700f8fd4feafc7c6bc9b099792ed0b4045fd90b1641938a7d4cb4de0cfc089,12/13/2020 11:04:00 AM,1,DRIVER,,955729,,FORD,EXPLORER,IL,2017,NONE,SPORT UTILITY VEHICLE (SUV),POLICE,W,TURNING RIGHT,,,1,,,,,,,Y,,,,,,,,,,,OTHER,,,,,,,,,,,,,,,,,,,,,,,,,,,,,,,,,
1006716,bc84a5175e647557bf0c47c3b743bf1d2055bfbab700d8476e1de69992780c7f2732ff5d063085ecad7ddfd14329b77a899355750af6fa7ec5c89e6abdb98f00,12/10/2020 02:46:00 PM,1,DRIVER,,954070,,MAZDA,MAZDA6,OH,2011,NONE,PASSENGER,PERSONAL,E,STRAIGHT AHEAD,N,,1,,,,,Y,Y,Y,,,,,,,,,,,SIDE-RIGHT-FRONT,,,,,,,,,,,,,,,,,,,,,,,,,,,,,,,,,
1006717,bc84a5175e647557bf0c47c3b743bf1d2055bfbab700d8476e1de69992780c7f2732ff5d063085ecad7ddfd14329b77a899355750af6fa7ec5c89e6abdb98f00,12/10/2020 02:46:00 PM,2,DRIVER,,954078,,TOYOTA,SIENNA,IL,2019,NONE,VAN/MINI-VAN,TAXI/FOR HIRE,N,STRAIGHT AHEAD,Y,,1,,,,,Y,,,,,,,,,,Y,Y,,FRONT,,,,,,,,,,,,,,,,,,,,,,,,,,,,,,,,,
1004940,8e05fae32f25889277650a42ca6e9ed0e78cd002b70029e4c851d2229ad0b29cad778d34b27774b54faaa331b2d909c6afc7377e56b1915d2f807eba5b83ec77,12/06/2020 05:05:00 PM,1,DRIVER,,952393,,FORD,ECONOLINE E150,IL,1996,UNKNOWN,PICKUP,UNKNOWN/NA,S,STRAIGHT AHEAD,Y,,1,,city tow,pound 1,,Y,,,,,,,,,,,,,FRONT-RIGHT-CORNER,,,,,,,,,,,,,,,,,,,,,,,,,,,,,,,,,
1004941,8e05fae32f25889277650a42ca6e9ed0e78cd002b70029e4c851d2229ad0b29cad778d34b27774b54faaa331b2d909c6afc7377e56b1915d2f807eba5b83ec77,12/06/2020 05:05:00 PM,2,DRIVER,,952424,,CHEVROLET,TAHOE,IN,2001,UNKNOWN,PASSENGER,PERSONAL,S,STRAIGHT AHEAD,,,1,,,,,,,,,,,,,,,Y,,,FRONT-LEFT-CORNER,,,,,,,,,,,,,,,,,,,,,,,,,,,,,,,,,
1004814,076dd02915048419accde068917c9012b741fe31e8efd31f3f4ec7ebf007b70066113ac73ced50e64f974fd82e7faf7af5cfc3c74e3207986557a45ea76cbf4d,12/04/2020 05:10:00 PM,1,DRIVER,,952265,,DODGE,CARAVAN,IL,2010,NONE,VAN/MINI-VAN,UNKNOWN/NA,W,STRAIGHT AHEAD,,,1,,,,,,,,,,,,,,,,Y,,FRONT,,,,,,,,,,,,,,,,,,,,,,,,,,,,,,,,,
1004815,076dd02915048419accde068917c9012b741fe31e8efd31f3f4ec7ebf007b70066113ac73ced50e64f974fd82e7faf7af5cfc3c74e3207986557a45ea76cbf4d,12/04/2020 05:10:00 PM,2,DRIVER,,952271,,MAZDA,CX-5,IL,2020,NONE,SPORT UTILITY VEHICLE (SUV),PERSONAL,W,SLOW/STOP IN TRAFFIC,,,1,,,,,,,,,,Y,,,,,,,,REAR,,,,,,,,,,,,,,,,,,,,,,,,,,,,,,,,,
1003984,84fffa9d5248d4f66ec8d019bbf321217b8622ba7d5f695a900143b73d5464685ba3b7007ac71ee41e246a46d20b481eaaf4d11ad29856060682081cad0e4c62,12/04/2020 01:00:00 PM,1,DRIVER,,951457,,HONDA,ODYSSEY,IL,2004,NONE,VAN/MINI-VAN,PERSONAL,E,STRAIGHT AHEAD,Y,,1,,Private,,,N,,,,,,,,,Y,Y,Y,,SIDE-LEFT,,,,,,,,,,,,,,,,,,,,,,,,,,,,,,,,,
1003985,84fffa9d5248d4f66ec8d019bbf321217b8622ba7d5f695a900143b73d5464685ba3b7007ac71ee41e246a46d20b481eaaf4d11ad29856060682081cad0e4c62,12/04/2020 01:00:00 PM,2,DRIVER,1,951466,,CHEVROLET,EQUINOX,IL,2018,NONE,PASSENGER,PERSONAL,S,STRAIGHT AHEAD,Y,,2,,Private,,,Y,,,,,,,,,,Y,Y,,FRONT,,,,,,,,,,,,,,,,,,,,,,,,,,,,,,,,,
1002587,4a3d3a45beaea1068db1f97021d1181429afc4d4bf97509c0f889df5704d82a7b0433132b528d7f326d0f6854cd2fc310d98268594f245b700206ae378f230e6,12/01/2020 07:00:00 PM,1,DRIVER,,950139,,UNKNOWN,OTHER (EXPLAIN IN NARRATIVE),XX,,UNKNOWN,UNKNOWN/NA,UNKNOWN/NA,E,STRAIGHT AHEAD,,,1,,,,,Y,,,,,,,,,,Y,Y,,FRONT,,,,,,,,,,,,,,,,,,,,,,,,,,,,,,,,,
1002588,4a3d3a45beaea1068db1f97021d1181429afc4d4bf97509c0f889df5704d82a7b0433132b528d7f326d0f6854cd2fc310d98268594f245b700206ae378f230e6,12/01/2020 07:00:00 PM,2,DRIVER,,950140,,HONDA,ACCORD,IL,2013,NONE,PASSENGER,PERSONAL,E,TURNING LEFT,,,1,,,,,,,,,Y,Y,Y,,,,,,,REAR,,,,,,,,,,,,,,,,,,,,,,,,,,,,,,,,,
1004014,ebbed3c269e5f2752cd715a53841895e0fbf186abc91e26cff0fd217d745987e1402992f09cf97f63a92568a6e37ca911ac30b53097c07e117f0aeb700674217,12/01/2020 06:00:00 PM,1,DRIVER,,951493,,UNKNOWN,MOTORIZED,IL,,UNKNOWN,UNKNOWN/NA,UNKNOWN/NA,UNKNOWN,UNKNOWN/NA,,,1,,,,,,,,,,,,,,,,,Y,UNKNOWN,,,,,,,,,,,,,,,,,,,,,,,,,,,,,,,,,
1002110,bdb34ce5c765466b62121db58811f70e22130cfa932e8ece48f149ea1002263f7c70baab70040902179e0869ef206c34a17ac553d450cdb80d2b10f8a88bfe81,11/30/2020 04:51:00 PM,1,DRIVER,1,949671,,FORD,FUSION,,2017,NONE,PASSENGER,PERSONAL,S,TURNING LEFT,,,2,,,,,,,Y,Y,,,,,,,,,,UNKNOWN,,,,,,,,,,,,,,,,,,,,,,,,,,,,,,,,,
1002111,bdb34ce5c765466b62121db58811f70e22130cfa932e8ece48f149ea1002263f7c70baab70040902179e0869ef206c34a17ac553d450cdb80d2b10f8a88bfe81,11/30/2020 04:51:00 PM,2,DRIVER,,949679,,FORD,ESCAPE,IL,2019,NONE,PASSENGER,POLICE,N,TURNING RIGHT,,,1,,,,,N,,,,,,,,,,Y,,,FRONT-LEFT-CORNER,,,,,,,,,,,,,,,,,,,,,,,,,,,,,,,,,
998739,ce28811480bbe23bb6eea15aac9323d8dd49fdca142f9bbdf596f94605034615dd4647b52f4080ad6fec2b700795ea0d675225bfdd1df1916b7120df37ab8f5c,11/23/2020 08:12:00 PM,1,DRIVER,,946468,,FORD,ESCAPE,IL,2008,NONE,PASSENGER,PERSONAL,W,STRAIGHT AHEAD,N,,1,,,,,Y,Y,,,,,,,,,Y,Y,,FRONT,,,,,,,,,,,,,,,,,,,,,,,,,,,,,,,,,