CRASH_UNIT_ID,CRASH_RECORD_ID,CRASH_DATE,UNIT_NO,UNIT_TYPE,NUM_PASSENGERS,VEHICLE_ID,CMRC_VEH_I,MAKE,MODEL,LIC_PLATE_STATE,VEHICLE_YEAR,VEHICLE_DEFECT,VEHICLE_TYPE,VEHICLE_USE,TRAVEL_DIRECTION,MANEUVER,TOWED_I,FIRE_I,OCCUPANT_CNT,EXCEED_SPEED_LIMIT_I,TOWED_BY,TOWED_TO,AREA_00_I,AREA_01_I,AREA_02_I,AREA_03_I,AREA_04_I,AREA_05_I,AREA_06_I,AREA_07_I,AREA_08_I,AREA_09_I,AREA_10_I,AREA_11_I,AREA_12_I,AREA_99_I,FIRST_CONTACT_POINT,CMV_ID,USDOT_NO,CCMC_NO,ILCC_NO,COMMERCIAL_SRC,GVWR,CARRIER_NAME,CARRIER_STATE,CARRIER_CITY,HAZMAT_PLACARDS_I,HAZMAT_NAME,UN_NO,HAZMAT_PRESENT_I,HAZMAT_REPORT_I,HAZMAT_REPORT_NO,MCS_REPORT_I,MCS_REPORT_NO,HAZMAT_VIO_CAUSE_CRASH_I,MCS_VIO_CAUSE_CRASH_I,IDOT_PERMIT_NO,WIDE_LOAD_I,TRAILER1_WIDTH,TRAILER2_WIDTH,TRAILER1_LENGTH,TRAILER2_LENGTH,TOTAL_VEHICLE_LENGTH,AXLE_CNT,VEHICLE_CONFIG,CARGO_BODY_TYPE,LOAD_TYPE,HAZMAT_OUT_OF_SERVICE_I,MCS_OUT_OF_SERVICE_I,HAZMAT_CLASS
998740,ce28811480bbe23bb6eea15aac9323d8dd49fdca142f9bbdf596f94605034615dd4647b52f4080ad6fec2b700795ea0d675225bfdd1df1916b7120df37ab8f5c,11/23/2020 08:12:00 PM,2,PARKED,,946469,,NISSAN,ALTIMA,IL,2010,NONE,PASSENGER,NOT IN USE,W,PARKED,Y,,0,,,,,,,,,,Y,Y,Y,,,,,,REAR,,,,,,,,,,,,,,,,,,,,,,,,,,,,,,,,,
997997,0309553f68880769ed8c4bac33dc89b10d2286bcfb5df50cc51a073cacb700d82ccb878e38ddd45572efd2b4bb53fd78b4ad980dac9bbac477b2702940a8e414,11/21/2020 09:30:00 PM,1,DRIVER,,945744,,UNKNOWN,OTHER (EXPLAIN IN NARRATIVE),,,UNKNOWN,UNKNOWN/NA,UNKNOWN/NA,UNKNOWN,UNKNOWN/NA,,,1,,,,,,,,,,,,,,,,,Y,UNKNOWN,,,,,,,,,,,,,,,,,,,,,,,,,,,,,,,,,
997998,0309553f68880769ed8c4bac33dc89b10d2286bcfb5df50cc51a073cacb700d82ccb878e38ddd45572efd2b4bb53fd78b4ad980dac9bbac477b2702940a8e414,11/21/2020 09:30:00 PM,2,PARKED,,945742,,MITSUBISHI,ENDEAVOR,IL,2006,UNKNOWN,PASSENGER,PERSONAL,UNKNOWN,PARKED,,,0,,,,,Y,Y,Y,Y,Y,,,,,,,,,SIDE-RIGHT,,,,,,,,,,,,,,,,,,,,,,,,,,,,,,,,,
995890,0514b38f360e6362a779927524112fa74f5b8ea67c8951b99d31bd34b00743338db70022067174a4b0876b502b11220c8724ece26d7309ac965083c3f15f99a4,11/18/2020 11:00:00 AM,1,DRIVER,,943752,,TOYOTA,CAMRY,IL,2004,NONE,PASSENGER,PERSONAL,E,STRAIGHT AHEAD,Y,,1,,UNKNOWN,UNKNOWN,,Y,,,,,,,,,,,Y,,FRONT-RIGHT-CORNER,,,,,,,,,,,,,,,,,,,,,,,,,,,,,,,,,
995891,0514b38f360e6362a779927524112fa74f5b8ea67c8951b99d31bd34b00743338db70022067174a4b0876b502b11220c8724ece26d7309ac965083c3f15f99a4,11/18/2020 11:00:00 AM,2,DRIVER,,943760,,FORD,EXPLORER,IL,2003,NONE,SPORT UTILITY VEHICLE (SUV),PERSONAL,N,STRAIGHT AHEAD,Y,,1,,UNKNOWN,UNKNOWN,,,,,,,,,,,,Y,Y,,FRONT-LEFT-CORNER,,,,,,,,,,,,,,,,,,,,,,,,,,,,,,,,,
994917,18366b8688a720907db95108b2356e0f4590db700dee557a830fd4bfaced788b778540c126d162172cf45cd67cca134aee3fa7925d22c320cbf9d6f9ddd4dff7,11/16/2020 09:00:00 AM,1,DRIVER,,942814,,VOLKSWAGEN,JETTA,IL,2012,NONE,UNKNOWN/NA,PERSONAL,N,TURNING LEFT,,,1,,,,,,,,,,,,,,,Y,Y,,FRONT-LEFT-CORNER,,,,,,,,,,,,,,,,,,,,,,,,,,,,,,,,,
994918,18366b8688a720907db95108b2356e0f4590db700dee557a830fd4bfaced788b778540c126d162172cf45cd67cca134aee3fa7925d22c320cbf9d6f9ddd4dff7,11/16/2020 09:00:00 AM,2,DRIVER,,942821,,FORD,F150,IL,,NONE,PICKUP,PERSONAL,N,TURNING LEFT,,,1,,,,,,,,,,Y,,,,,,,,REAR,,,,,,,,,,,,,,,,,,,,,,,,,,,,,,,,,
993580,41404a4fe196da44f49bfd07207e862942f2033032144040dfcdc18b0adf2c2514b6cc4303ac088c2f4bffa0f14e5700d8d9a7650c4b700dae5c8d6010cdbd49,11/13/2020 02:00:00 PM,1,DRIVER,,941556,,HYUNDAI,TUCSON,IL,2020,UNKNOWN,PASSENGER,PERSONAL,N,STRAIGHT AHEAD,,,1,,,,Y,,,,,,,,,,,,,,NONE,,,,,,,,,,,,,,,,,,,,,,,,,,,,,,,,,
993581,41404a4fe196da44f49bfd07207e862942f2033032144040dfcdc18b0adf2c2514b6cc4303ac088c2f4bffa0f14e5700d8d9a7650c4b700dae5c8d6010cdbd49,11/13/2020 02:00:00 PM,2,DRIVER,1,941548,,TOYOTA,CAMRY,IL,2005,UNKNOWN,PASSENGER,PERSONAL,E,STRAIGHT AHEAD,,,2,,,,,Y,,,,,,,,,,,Y,,FRONT-RIGHT-CORNER,,,,,,,,,,,,,,,,,,,,,,,,,,,,,,,,,
993448,355ac024fdf3ffd35af0593f8b70030af2e5c5e4f751de0781e9892b1a12349cbc79c8209b2c34b7f58febfa97c09ebb147deb5f9cb4d0fe065d929375b71acf,11/12/2020 05:00:00 PM,1,BICYCLE,,,,,,,,,,,,,,,,,,,,,,,,,,,,,,,,,,,,,,,,,,,,,,,,,,,,,,,,,,,,,,,,,,
993449,355ac024fdf3ffd35af0593f8b70030af2e5c5e4f751de0781e9892b1a12349cbc79c8209b2c34b7f58febfa97c09ebb147deb5f9cb4d0fe065d929375b71acf,11/12/2020 05:00:00 PM,2,PARKED,,941404,,CHRYSLER,OTHER (EXPLAIN IN NARRATIVE),IL,2017,NONE,PASSENGER,PERSONAL,S,PARKED IN TRAFFIC LANE,,,0,,,,,,,,,,,,,,,Y,,,SIDE-LEFT-FRONT,,,,,,,,,,,,,,,,,,,,,,,,,,,,,,,,,
988772,4acc9e43243cbcf2d7b1b59a156f71efc59a2e301c15b347b7000e4667f58d0fae2c5dbc789e368fa78be4b3480521613620345f2985d8bb9ac7deffbd96008a,11/04/2020 02:45:00 PM,1,DRIVER,,936999,,NISSAN,SENTRA,IL,2009,UNKNOWN,PASSENGER,UNKNOWN/NA,E,TURNING LEFT,,,1,,,,,,,,,,,,,,,,,Y,FRONT,,,,,,,,,,,,,,,,,,,,,,,,,,,,,,,,,
988773,4acc9e43243cbcf2d7b1b59a156f71efc59a2e301c15b347b7000e4667f58d0fae2c5dbc789e368fa78be4b3480521613620345f2985d8bb9ac7deffbd96008a,11/04/2020 02:45:00 PM,2,PEDESTRIAN,,,,,,,,,,,,,,,,,,,,,,,,,,,,,,,,,,,,,,,,,,,,,,,,,,,,,,,,,,,,,,,,,,
988493,bd85ab37132c9038640b7006ef02ab6277b37e88cd36cd39f84393826d87e8168bf61d064434392e6a77dcdc75d9fb4100f8490fc4b798bb9b71637fc20422f0,11/04/2020 08:36:00 AM,1,DRIVER,,936743,,UNKNOWN,MOTORIZED,,,UNKNOWN,PICKUP,UNKNOWN/NA,N,STRAIGHT AHEAD,,,1,,,,,Y,,,,,,,,,,,,,FRONT-RIGHT-CORNER,,,,,,,,,,,,,,,,,,,,,,,,,,,,,,,,,
988494,bd85ab37132c9038640b7006ef02ab6277b37e88cd36cd39f84393826d87e8168bf61d064434392e6a77dcdc75d9fb4100f8490fc4b798bb9b71637fc20422f0,11/04/2020 08:36:00 AM,2,DRIVER,,936745,,TOYOTA,COROLLA,IL,2018,NONE,PASSENGER,PERSONAL,N,STRAIGHT AHEAD,,,1,,,,,,,,,,,Y,,,,,,,REAR-LEFT-CORNER,,,,,,,,,,,,,,,,,,,,,,,,,,,,,,,,,
986507,5dd4489d9ee9444996c11b2a2d5de29f231957f9df90ab7008e1956ce7ca8b54ea7f573c6b2d4d0d383c8e8f64ebe6e136505add93f03d21260a704ed8924a4c,10/31/2020 03:58:00 PM,1,DRIVER,,934854,,AUDI,Q5,IL,2017,UNKNOWN,PASSENGER,PERSONAL,E,LEAVING TRAFFIC LANE TO PARK,,,1,,,,,Y,,,,,,,,,,Y,Y,,FRONT,,,,,,,,,,,,,,,,,,,,,,,,,,,,,,,,,
986508,5dd4489d9ee9444996c11b2a2d5de29f231957f9df90ab7008e1956ce7ca8b54ea7f573c6b2d4d0d383c8e8f64ebe6e136505add93f03d21260a704ed8924a4c,10/31/2020 03:58:00 PM,2,PARKED,2,934857,,HONDA,ACCORD,IL,2017,NONE,PASSENGER,PERSONAL,E,PARKED,,,2,,,,,,,,,Y,Y,Y,,,,,,,REAR,,,,,,,,,,,,,,,,,,,,,,,,,,,,,,,,,
983791,e6b7009ac492a7fb5c78c2a6085e5097484d756c26af0393f41dfd06bd080271050a93531e047b7cb444f7a2f31a11037c6474c89a17c3a5946c6675f9db9939,10/26/2020 05:15:00 PM,1,DRIVER,,932287,,VOLKSWAGEN,PASSAT,,,UNKNOWN,PASSENGER,PERSONAL,UNKNOWN,UNKNOWN/NA,,,1,,,,,,,,,,,,,,,,Y,,FRONT,,,,,,,,,,,,,,,,,,,,,,,,,,,,,,,,,
983792,e6b7009ac492a7fb5c78c2a6085e5097484d756c26af0393f41dfd06bd080271050a93531e047b7cb444f7a2f31a11037c6474c89a17c3a5946c6675f9db9939,10/26/2020 05:15:00 PM,2,PARKED,,932293,,JEEP,WRANGLER,IL,2019,NONE,PASSENGER,NOT IN USE,UNKNOWN,PARKED,,,0,,,,,,,,,,,,,,Y,Y,Y,,FRONT-LEFT-CORNER,,,,,,,,,,,,,,,,,,,,,,,,,,,,,,,,,
983584,07c08ed7f1285aef806f209f906b16755bd1ff4cd5f7b373106159795f91e5d899612b98c7e268b5f8c2c14f66d33fba708aafaa6b726a9db700969b01bcef0b,10/26/2020 12:18:00 PM,1,DRIVER,,932100,,FORD,OTHER (EXPLAIN IN NARRATIVE),IL,2011,UNKNOWN,PICKUP,PERSONAL,S,CHANGING LANES,,,1,,,,,,,,,,Y,,,,,,,,REAR,,,,,,,,,,,,,,,,,,,,,,,,,,,,,,,,,
983585,07c08ed7f1285aef806f209f906b16755bd1ff4cd5f7b373106159795f91e5d899612b98c7e268b5f8c2c14f66d33fba708aafaa6b726a9db700969b01bcef0b,10/26/2020 12:18:00 PM,2,DRIVER,,932107,,NISSAN,SENTRA,IL,2016,NONE,PASSENGER,PERSONAL,S,STRAIGHT AHEAD,,,1,,,,,,,,,,,,,,,,Y,,FRONT,,,,,,,,,,,,,,,,,,,,,,,,,,,,,,,,,
982727,464f730e4c809d828bdf439deb716c747d9ec3ef0f3b46d27b4e72d61de68b700c12b15383ffedd0c5a0f4d32b40301446af4b65326fdc590b5f9cca6eb55546,10/24/2020 02:50:00 PM,1,DRIVER,,931280,,HONDA,CR-V,MN,1997,UNKNOWN,PASSENGER,UNKNOWN/NA,E,STRAIGHT AHEAD,,,1,,,,,,,,,,,,,,,,Y,,FRONT,,,,,,,,,,,,,,,,,,,,,,,,,,,,,,,,,
982728,464f730e4c809d828bdf439deb716c747d9ec3ef0f3b46d27b4e72d61de68b700c12b15383ffedd0c5a0f4d32b40301446af4b65326fdc590b5f9cca6eb55546,10/24/2020 02:50:00 PM,2,DRIVER,,931286,,SUBARU,WRX,IL,2018,NONE,PASSENGER,PERSONAL,E,SLOW/STOP IN TRAFFIC,,,1,,,,,,,,,Y,Y,Y,,,,,,,REAR,,,,,,,,,,,,,,,,,,,,,,,,,,,,,,,,,
982684,604bcf9f4077c4ebcaddf9c4d085fccbbe2e1e1b90c4ddf4f13315a40c702fe55daf0981ec73decb700cf57fadc755a0870cce43c9f05db9b4fa5f5d3c14e77d,10/24/2020 02:20:00 PM,1,DRIVER,,931228,,NISSAN,SENTRA,IL,2015,UNKNOWN,PASSENGER,PERSONAL,UNKNOWN,BACKING,,,1,,,,,,,,,,,,,,,,,Y,UNKNOWN,,,,,,,,,,,,,,,,,,,,,,,,,,,,,,,,,
982691,604bcf9f4077c4ebcaddf9c4d085fccbbe2e1e1b90c4ddf4f13315a40c702fe55daf0981ec73decb700cf57fadc755a0870cce43c9f05db9b4fa5f5d3c14e77d,10/24/2020 02:20:00 PM,2,DRIVER,,931231,,CHEVROLET,CAMARO,IL,2018,UNKNOWN,PASSENGER,PERSONAL,UNKNOWN,STRAIGHT AHEAD,,,1,,,,,,,,,,,,,,,,,Y,UNKNOWN,,,,,,,,,,,,,,,,,,,,,,,,,,,,,,,,,
982187,50fedcebb7805947f3fe67c4706d97f5baca150c32239a7dc1ff62dfaac6328cc7e4574c2b7cbab1ada6b84268551b8bb069b847c4316b70043d96b9f1a1d4eb,10/23/2020 08:45:00 PM,1,DRIVER,1,930739,,LEXUS,RX400H,IL,2006,NONE,PASSENGER,PERSONAL,UNKNOWN,STRAIGHT AHEAD,,,2,,,,,Y,,,,,,,,,,Y,Y,,FRONT,,,,,,,,,,,,,,,,,,,,,,,,,,,,,,,,,
982188,50fedcebb7805947f3fe67c4706d97f5baca150c32239a7dc1ff62dfaac6328cc7e4574c2b7cbab1ada6b84268551b8bb069b847c4316b70043d96b9f1a1d4eb,10/23/2020 08:45:00 PM,2,DRIVER,,930736,,MERCEDES-BENZ,500 SERIES,IL,2011,UNKNOWN,PASSENGER,PERSONAL,UNKNOWN,STRAIGHT AHEAD,,,1,,,,,,,,,Y,Y,Y,,,,,,,REAR,,,,,,,,,,,,,,,,,,,,,,,,,,,,,,,,,
981389,53b50ca1cd71b70026b70c53a9aba2bfa39b959d9186ea392755ae5b60388144c074e346903066e50c8b65d3633b917f60dfbe87cfacd1009706e9f56d072180,10/22/2020 03:09:00 PM,1,DRIVER,,929988,,INFINITI,G37,IL,2011,NONE,PASSENGER,PERSONAL,N,STRAIGHT AHEAD,,,1,,,,,Y,,,,,,,,,,Y,Y,,FRONT,,,,,,,,,,,,,,,,,,,,,,,,,,,,,,,,,
981390,53b50ca1cd71b70026b70c53a9aba2bfa39b959d9186ea392755ae5b60388144c074e346903066e50c8b65d3633b917f60dfbe87cfacd1009706e9f56d072180,10/22/2020 03:09:00 PM,2,DRIVER,,929998,,NISSAN,ALTIMA,IL,2004,OTHER,PASSENGER,PERSONAL,N,STRAIGHT AHEAD,Y,,1,,self tow,,,,,,,Y,Y,Y,,,,,,,REAR,,,,,,,,,,,,,,,,,,,,,,,,,,,,,,,,,
980634,2ad0e1e4e956f305373c0b0b1cecc4f82f395457e04d507f95d8b700af62c5556a6a9c55055bd4967f5bcc2247019bc3e100d33d1eecd79cbd2b823f9bab9175,10/21/2020 03:40:00 PM,1,DRIVER,,929263,,JEEP,PATRIOT,IL,2008,UNKNOWN,SPORT UTILITY VEHICLE (SUV),UNKNOWN/NA,S,UNKNOWN/NA,,,1,,,,,,,,,,,,,,,,,Y,SIDE-LEFT,,,,,,,,,,,,,,,,,,,,,,,,,,,,,,,,,
980635,2ad0e1e4e956f305373c0b0b1cecc4f82f395457e04d507f95d8b700af62c5556a6a9c55055bd4967f5bcc2247019bc3e100d33d1eecd79cbd2b823f9bab9175,10/21/2020 03:40:00 PM,2,DRIVER,,929271,,TOYOTA,SIENNA,IL,2014,NONE,VAN/MINI-VAN,PERSONAL,S,TURNING LEFT,,,1,,,,,Y,Y,Y,Y,Y,,,,,,,,,REAR-RIGHT-CORNER,,,,,,,,,,,,,,,,,,,,,,,,,,,,,,,,,
980571,1f8edcd098a9ba0f660a3c158851e24ca00810b4282f3cc699b0c418d5dd710477661c57769a7bb700e5ad65f8d11ea9fcb05646374832aaf26e11a540896bd4,10/20/2020 05:55:00 PM,1,DRIVER,,929203,,NISSAN,ROGUE,IL,2012,UNKNOWN,PASSENGER,PERSONAL,N,STRAIGHT AHEAD,Y,,1,,ASAP TOWING,PRIVATE,,Y,,,,,,,,,,Y,Y,,FRONT,,,,,,,,,,,,,,,,,,,,,,,,,,,,,,,,,
980574,1f8edcd098a9ba0f660a3c158851e24ca00810b4282f3cc699b0c418d5dd710477661c57769a7bb700e5ad65f8d11ea9fcb05646374832aaf26e11a540896bd4,10/20/2020 05:55:00 PM,2,DRIVER,2,929204,,CHEVROLET,MALIBU,IL,2002,UNKNOWN,PASSENGER,PERSONAL,W,STRAIGHT AHEAD,Y,,3,,EVERY 24,PRIVATE,,Y,,,,,,,Y,,Y,Y,Y,,FRONT-LEFT-CORNER,,,,,,,,,,,,,,,,,,,,,,,,,,,,,,,,,
979866,f630068b9371205ce2e4f584c6a71638c93d4fa741da33338928ff8d78b5b76f4a57ffc56cbd6c4df6566ff629343602e817e58b700396f7ea443df9372e84b5,10/20/2020 06:20:00 AM,1,DRIVER,,928535,,CHRYSLER,OTHER (EXPLAIN IN NARRATIVE),IL,2006,UNKNOWN,PASSENGER,UNKNOWN/NA,N,STRAIGHT AHEAD,,,1,,,,,N,,,,,,,,,,Y,Y,,FRONT,,,,,,,,,,,,,,,,,,,,,,,,,,,,,,,,,
979867,f630068b9371205ce2e4f584c6a71638c93d4fa741da33338928ff8d78b5b76f4a57ffc56cbd6c4df6566ff629343602e817e58b700396f7ea443df9372e84b5,10/20/2020 06:20:00 AM,2,DRIVER,,928536,,CHEVROLET,SILVERADO,IL,1999,NONE,PASSENGER,PERSONAL,E,TURNING RIGHT,,,1,,,,,,,,,,,,,,,Y,Y,,FRONT,,,,,,,,,,,,,,,,,,,,,,,,,,,,,,,,,
979217,02d490ae4933c7f6b5cdb700679ae2aaa64626acaa1c50fa76e534cf6d50d6f6c724480cde60f58c712219f4b8227c9e660f74973ffd26ae694071c0e8e7f8bf,10/15/2020 08:30:00 PM,1,DRIVER,,927925,,JEEP,GRAND CHEROKEE,IL,2015,UNKNOWN,SPORT UTILITY VEHICLE (SUV),PERSONAL,UNKNOWN,UNKNOWN/NA,,,1,,,,,,,,,,,,,,,,,Y,UNKNOWN,,,,,,,,,,,,,,,,,,,,,,,,,,,,,,,,,
979218,02d490ae4933c7f6b5cdb700679ae2aaa64626acaa1c50fa76e534cf6d50d6f6c724480cde60f58c712219f4b8227c9e660f74973ffd26ae694071c0e8e7f8bf,10/15/2020 08:30:00 PM,2,PARKED,,927928,,CHEVROLET,BLAZER,IL,1998,UNKNOWN,SPORT UTILITY VEHICLE (SUV),PERSONAL,N,PARKED,,,0,,,,,,,,,N,Y,,,,,,,,REAR,,,,,,,,,,,,,,,,,,,,,,,,,,,,,,,,,
977333,15d787e03cdd4823130a0b8c06256ad4c3a86af18dea7255d8c50ad983ec84d3eff072e9da581e54420c40bb7004f1ffebaf6e3d0cbb1edfcd0dd3099166453a,10/15/2020 04:20:00 PM,1,DRIVER,1,926195,,UNKNOWN,OTHER (EXPLAIN IN NARRATIVE),IL,,UNKNOWN,UNKNOWN/NA,PERSONAL,W,BACKING,,,2,,,,,,,,,,Y,Y,,,,,,,REAR-LEFT-CORNER,,,,,,,,,,,,,,,,,,,,,,,,,,,,,,,,,
977334,15d787e03cdd4823130a0b8c06256ad4c3a86af18dea7255d8c50ad983ec84d3eff072e9da581e54420c40bb7004f1ffebaf6e3d0cbb1edfcd0dd3099166453a,10/15/2020 04:20:00 PM,2,DRIVER,,926210,,TOYOTA,RAV4,IL,2018,NONE,SPORT UTILITY VEHICLE (SUV),PERSONAL,E,SLOW/STOP IN TRAFFIC,,,1,,,,,Y,,,,,,,,,,,Y,,FRONT-RIGHT-CORNER,,,,,,,,,,,,,,,,,,,,,,,,,,,,,,,,,
977090,8ae108b4b700b77112adbd100d60a31aec201c36cffec6b7cbd7e1b04227d33437b12ac3ed1a934f622985b9bd0905168f46dc5d0dac187b3c89cc485e6412ef,10/15/2020 11:15:00 AM,1,DRIVER,1,926004,,GENERAL MOTORS CORPORATION (GMC),OTHER (EXPLAIN IN NARRATIVE),IL,2204,STEERING,PASSENGER,PERSONAL,N,TURNING RIGHT,Y,,2,,city of chicago,"doty 10300rd st, pound 2",,,,,,,,,,,,Y,,,FRONT,,,,,,,,,,,,,,,,,,,,,,,,,,,,,,,,,
977091,8ae108b4b700b77112adbd100d60a31aec201c36cffec6b7cbd7e1b04227d33437b12ac3ed1a934f622985b9bd0905168f46dc5d0dac187b3c89cc485e6412ef,10/15/2020 11:15:00 AM,2,PARKED,,925979,,GENERAL MOTORS CORPORATION (GMC),OTHER (EXPLAIN IN NARRATIVE),IL,2007,NONE,PASSENGER,NOT IN USE,S,PARKED,Y,,0,,UNKNOWN,,,,,,,,,,,,,Y,,,FRONT-LEFT-CORNER,,,,,,,,,,,,,,,,,,,,,,,,,,,,,,,,,
976759,0819a0a4f683637114da2f0ec73294461ed9fcdcac95b8d848118df33d2c819848a6be4a05b1b96256af2bd2b700cac0fc67c51b3810da70f0627bec3f356d6f,10/14/2020 05:00:00 PM,1,DRIVER,,925614,,CHEVROLET,MALIBU,IL,2016,UNKNOWN,PASSENGER,UNKNOWN/NA,E,STRAIGHT AHEAD,,,1,,,,,,,,,,,,,,Y,Y,Y,,FRONT-LEFT-CORNER,,,,,,,,,,,,,,,,,,,,,,,,,,,,,,,,,
976760,0819a0a4f683637114da2f0ec73294461ed9fcdcac95b8d848118df33d2c819848a6be4a05b1b96256af2bd2b700cac0fc67c51b3810da70f0627bec3f356d6f,10/14/2020 05:00:00 PM,2,DRIVER,,925618,,GENERAL MOTORS CORPORATION (GMC),TERRAIN,IL,2015,NONE,SPORT UTILITY VEHICLE (SUV),PERSONAL,S,SLOW/STOP IN TRAFFIC,,,1,,,,,Y,Y,,,,,,,,,,Y,,FRONT-RIGHT-CORNER,,,,,,,,,,,,,,,,,,,,,,,,,,,,,,,,,
976500,d166c4df7ec462c64f41ce19237b5fde64ab9a701b465405a6cf602f87b39582746631fd42173a5fa599767d304cd3ba8eb700e899ad5dd8127173c52b96176a,10/14/2020 11:30:00 AM,1,DRIVER,,925394,,CHEVROLET,EXPRESS,IL,2014,NONE,VAN/MINI-VAN,PERSONAL,N,STRAIGHT AHEAD,,,1,,,,,,,,,,,,,,,,Y,,FRONT,,,,,,,,,,,,,,,,,,,,,,,,,,,,,,,,,
976501,d166c4df7ec462c64f41ce19237b5fde64ab9a701b465405a6cf602f87b39582746631fd42173a5fa599767d304cd3ba8eb700e899ad5dd8127173c52b96176a,10/14/2020 11:30:00 AM,2,DRIVER,,925397,,CHEVROLET,EQUINOX,IL,2014,NONE,PASSENGER,PERSONAL,N,STRAIGHT AHEAD,,,1,,,,,,,,,,Y,,,,,,,,REAR,,,,,,,,,,,,,,,,,,,,,,,,,,,,,,,,,
975478,c2901607fd3fc2a2a8f91f313442f4f312ca1a4a2be0aba750b2946dc564c0c62ec0967f0340340994ca0b700f8b6b7f202356edbc6f9b28398d73ebb5376bbd,10/10/2020 09:30:00 PM,1,DRIVER,,924403,,NISSAN,MAXIMA,IL,2017,NONE,PASSENGER,PERSONAL,E,PASSING/OVERTAKING,,,1,,,,,,,,,,,Y,Y,Y,Y,Y,,,FRONT-LEFT-CORNER,,,,,,,,,,,,,,,,,,,,,,,,,,,,,,,,,
975479,c2901607fd3fc2a2a8f91f313442f4f312ca1a4a2be0aba750b2946dc564c0c62ec0967f0340340994ca0b700f8b6b7f202356edbc6f9b28398d73ebb5376bbd,10/10/2020 09:30:00 PM,2,DRIVER,,924411,,GENERAL MOTORS CORPORATION (GMC),SIERRA,IL,2014,NONE,PICKUP,PERSONAL,E,STRAIGHT AHEAD,,,1,,,,,Y,Y,Y,Y,,,,,,,,,,SIDE-RIGHT,,,,,,,,,,,,,,,,,,,,,,,,,,,,,,,,,
974501,cee9a392a97487bb89ef3d1500f95ec26d5e1e6c0eabc06863d477b3f8b63038a1e275910b78b700a8d5663ffbf8de2b4e2154505c094abb8de3681cd4db808f,10/10/2020 06:20:00 PM,1,DRIVER,,923481,,HONDA,ACCORD,,,UNKNOWN,PASSENGER,PERSONAL,S,STRAIGHT AHEAD,,,1,,,,,,,,,,,Y,Y,Y,,,,,SIDE-LEFT,,,,,,,,,,,,,,,,,,,,,,,,,,,,,,,,,
974502,cee9a392a97487bb89ef3d1500f95ec26d5e1e6c0eabc06863d477b3f8b63038a1e275910b78b700a8d5663ffbf8de2b4e2154505c094abb8de3681cd4db808f,10/10/2020 06:20:00 PM,2,DRIVER,,923486,,HONDA,CIVIC,IL,,NONE,PASSENGER,PERSONAL,E,STRAIGHT AHEAD,,,1,,,,,Y,,,,,,,,,,Y,Y,,FRONT,,,,,,,,,,,,,,,,,,,,,,,,,,,,,,,,,
968552,ffe052328d742eabf4c872be9615310c206278f6a9b93b7ccf4713396e7573db2e1e557a94c98d409912b08223e0a55e2d20b70078dd8c3d0f12b0b00c9ea704,10/01/2020 02:55:00 PM,1,DRIVER,,917924,,ISUZU,TRUCK,IL,2018,UNKNOWN,TRUCK - SINGLE UNIT,COMMERCIAL - SINGLE UNIT,N,TURNING LEFT,,,1,,,,,,,,Y,Y,,,,,,,,,REAR-RIGHT-CORNER,,,,,,,,,,,,,,,,,,,,,,,,,,,,,,,,,
968553,ffe052328d742eabf4c872be9615310c206278f6a9b93b7ccf4713396e7573db2e1e557a94c98d409912b08223e0a55e2d20b70078dd8c3d0f12b0b00c9ea704,10/01/2020 02:55:00 PM,2,DRIVER,,917941,,FORD,VAN,IL,2016,UNKNOWN,VAN/MINI-VAN,COMMERCIAL - SINGLE UNIT,N,STRAIGHT AHEAD,,,1,,,,,,,,,,,,,Y,Y,Y,,,SIDE-LEFT-FRONT,,,,,,,,,,,,,,,,,,,,,,,,,,,,,,,,,
968354,1913102857ccba62916b7949390389555b5923ae9be7b1bc55eba60b55fcec411aea3413004d14d12ffeaf90d75467c844c33ffb9739f8ab700fe8fcb79f89fe,09/29/2020 07:00:00 AM,1,DRIVER,,917730,,UNKNOWN,OTHER (EXPLAIN IN NARRATIVE),IL,,UNKNOWN,UNKNOWN/NA,OTHER,S,UNKNOWN/NA,,,1,,,,,,,,,,,,,,,,,Y,UNKNOWN,,,,,,,,,,,,,,,,,,,,,,,,,,,,,,,,,
968355,1913102857ccba62916b7949390389555b5923ae9be7b1bc55eba60b55fcec411aea3413004d14d12ffeaf90d75467c844c33ffb9739f8ab700fe8fcb79f89fe,09/29/2020 07:00:00 AM,2,PARKED,,917734,,CHEVROLET,EQUINOX,IL,2018,NONE,PASSENGER,PERSONAL,S,PARKED,,,0,,,,,,,,,,,Y,,,,,,,REAR-LEFT-CORNER,,,,,,,,,,,,,,,,,,,,,,,,,,,,,,,,,