CRASH_UNIT_ID,CRASH_RECORD_ID,CRASH_DATE,UNIT_NO,UNIT_TYPE,NUM_PASSENGERS,VEHICLE_ID,CMRC_VEH_I,MAKE,MODEL,LIC_PLATE_STATE,VEHICLE_YEAR,VEHICLE_DEFECT,VEHICLE_TYPE,VEHICLE_USE,TRAVEL_DIRECTION,MANEUVER,TOWED_I,FIRE_I,OCCUPANT_CNT,EXCEED_SPEED_LIMIT_I,TOWED_BY,TOWED_TO,AREA_00_I,AREA_01_I,AREA_02_I,AREA_03_I,AREA_04_I,AREA_05_I,AREA_06_I,AREA_07_I,AREA_08_I,AREA_09_I,AREA_10_I,AREA_11_I,AREA_12_I,AREA_99_I,FIRST_CONTACT_POINT,CMV_ID,USDOT_NO,CCMC_NO,ILCC_NO,COMMERCIAL_SRC,GVWR,CARRIER_NAME,CARRIER_STATE,CARRIER_CITY,HAZMAT_PLACARDS_I,HAZMAT_NAME,UN_NO,HAZMAT_PRESENT_I,HAZMAT_REPORT_I,HAZMAT_REPORT_NO,MCS_REPORT_I,MCS_REPORT_NO,HAZMAT_VIO_CAUSE_CRASH_I,MCS_VIO_CAUSE_CRASH_I,IDOT_PERMIT_NO,WIDE_LOAD_I,TRAILER1_WIDTH,TRAILER2_WIDTH,TRAILER1_LENGTH,TRAILER2_LENGTH,TOTAL_VEHICLE_LENGTH,AXLE_CNT,VEHICLE_CONFIG,CARGO_BODY_TYPE,LOAD_TYPE,HAZMAT_OUT_OF_SERVICE_I,MCS_OUT_OF_SERVICE_I,HAZMAT_CLASS
966840,664ab2655796121c20933a2afea284ff7a7b86231c50afe7be091281f99d23b9b3fc7c27d9152b1b700c43a4d6dbb736b4c3900ffe9917195e124dc1de58168f,09/28/2020 04:00:00 PM,1,DRIVER,,916301,,JEEP,RENEGADE,IL,2015,NONE,PASSENGER,PERSONAL,N,STRAIGHT AHEAD,,,1,,,,,,,,,,,,,,,,Y,,FRONT,,,,,,,,,,,,,,,,,,,,,,,,,,,,,,,,,
966841,664ab2655796121c20933a2afea284ff7a7b86231c50afe7be091281f99d23b9b3fc7c27d9152b1b700c43a4d6dbb736b4c3900ffe9917195e124dc1de58168f,09/28/2020 04:00:00 PM,2,DRIVER,,916305,,PORSCHE,CAYENNE,IL,2011,NONE,PASSENGER,PERSONAL,N,STRAIGHT AHEAD,,,1,,,,,,,,,,Y,,,,,,,,REAR,,,,,,,,,,,,,,,,,,,,,,,,,,,,,,,,,
964856,a8143b637efb61f1f87f193fb1e3c989497021180dd2a978ebc825d0b70091bcc186ded745d9747b8f4c4a76ef567ea4b0e4a6488d6b5bb43aa891b6f12e3255,09/25/2020 03:40:00 PM,1,DRIVER,,914410,,CHEVROLET,MALIBU,IL,2015,NONE,PASSENGER,PERSONAL,W,U-TURN,Y,,1,,VEHICLE TOWED PER OWNER,,,,,,,,,,,,Y,Y,Y,,FRONT-LEFT-CORNER,,,,,,,,,,,,,,,,,,,,,,,,,,,,,,,,,
964857,a8143b637efb61f1f87f193fb1e3c989497021180dd2a978ebc825d0b70091bcc186ded745d9747b8f4c4a76ef567ea4b0e4a6488d6b5bb43aa891b6f12e3255,09/25/2020 03:40:00 PM,2,DRIVER,1,914417,,CHEVROLET,SPRINT,IL,2019,NONE,PASSENGER,PERSONAL,W,STRAIGHT AHEAD,,,2,,,,,Y,,,,,,,,,,Y,Y,,FRONT,,,,,,,,,,,,,,,,,,,,,,,,,,,,,,,,,
962509,a091560b9c29f7188ab280a28c03c754a5fc9f0cd515734c9abd316f7667416d5344ec097ebcb6e757dad23f866519fca47bba9649345c7ba6bb70036ca8af6a,09/21/2020 03:40:00 PM,1,DRIVER,,912212,,DODGE,OTHER (EXPLAIN IN NARRATIVE),IL,2015,NONE,PASSENGER,PERSONAL,N,TURNING LEFT,,,1,,,,,,,,,,,,,,,Y,Y,,FRONT-LEFT-CORNER,,,,,,,,,,,,,,,,,,,,,,,,,,,,,,,,,
962510,a091560b9c29f7188ab280a28c03c754a5fc9f0cd515734c9abd316f7667416d5344ec097ebcb6e757dad23f866519fca47bba9649345c7ba6bb70036ca8af6a,09/21/2020 03:40:00 PM,2,DRIVER,,912224,,HONDA,ACCORD,IL,2003,NONE,PASSENGER,PERSONAL,S,STRAIGHT AHEAD,,,1,,,,,,,,,,,,Y,Y,Y,,,,SIDE-LEFT,,,,,,,,,,,,,,,,,,,,,,,,,,,,,,,,,
961506,ec36b0ba2aef9c8fa5c02d1fe00016e11c74e4d6af2eb700d5a7f1ab8be026e2cf85c3707906300a0d15a09f0cc000f213cfc69be5145c02e496d8eb032998f6,09/19/2020 11:45:00 PM,1,DRIVER,,911254,,CHEVROLET,TAHOE,IL,2015,UNKNOWN,PASSENGER,UNKNOWN/NA,N,STRAIGHT AHEAD,Y,,1,,e&r,103rd and doty,,Y,Y,Y,,,,,,N,Y,Y,Y,,FRONT-RIGHT-CORNER,,,,,,,,,,,,,,,,,,,,,,,,,,,,,,,,,
961083,80f81e668ed6190470f98b38a3d9317acabb2b93642b5180bd48c587807dd433bca402d3b780128175423bcf7bf81299f294631132a258c865ad029b700391ac,09/19/2020 11:00:00 AM,1,DRIVER,,910860,,TOYOTA,OTHER (EXPLAIN IN NARRATIVE),,,UNKNOWN,PASSENGER,PERSONAL,N,TURNING LEFT,,,1,,,,,,,,,,,,,,,,,Y,FRONT,,,,,,,,,,,,,,,,,,,,,,,,,,,,,,,,,
961084,80f81e668ed6190470f98b38a3d9317acabb2b93642b5180bd48c587807dd433bca402d3b780128175423bcf7bf81299f294631132a258c865ad029b700391ac,09/19/2020 11:00:00 AM,2,DRIVER,,910872,,FORD,FOCUS,IL,2008,UNKNOWN,PASSENGER,PERSONAL,S,STRAIGHT AHEAD,,,1,,,,,,,,,,,,Y,Y,Y,Y,,,SIDE-LEFT,,,,,,,,,,,,,,,,,,,,,,,,,,,,,,,,,
960764,e841cbcc59561ba1cec35b0f2bb04271fda864dc8888df0815ed196816b0be66e742cc5a7bb05f1335656214d7cf7c4bbd200ad116b700d5dde479b5b0b1c974,09/18/2020 09:40:00 PM,1,DRIVER,3,910568,,HUMMER,H3,IL,2007,NONE,SPORT UTILITY VEHICLE (SUV),UNKNOWN/NA,S,BACKING,,,4,,,,,,,,,,,,,,,,,Y,REAR-RIGHT-CORNER,,,,,,,,,,,,,,,,,,,,,,,,,,,,,,,,,
960765,e841cbcc59561ba1cec35b0f2bb04271fda864dc8888df0815ed196816b0be66e742cc5a7bb05f1335656214d7cf7c4bbd200ad116b700d5dde479b5b0b1c974,09/18/2020 09:40:00 PM,2,PARKED,,910571,,JEEP,JEEP,IL,2013,NONE,SPORT UTILITY VEHICLE (SUV),OTHER,S,PARKED,,,0,,,,,,,,,,,,Y,Y,,,,,SIDE-LEFT,,,,,,,,,,,,,,,,,,,,,,,,,,,,,,,,,
959794,b103ad7f80bffbc517448cf49c26e2f35cbc5e069922e1e65c6f10ecf4e2fc5af57077092c050a7b63df2a9a68a9537c6994b700bc443eacb4a462747f4d21ae,09/17/2020 10:30:00 AM,1,DRIVER,,909683,,BLUEBIRD INTERNATIONAL,BLUEBIRD INTERNATIONAL,IN,,UNKNOWN,TRUCK - SINGLE UNIT,OTHER,S,STARTING IN TRAFFIC,,,1,,,,Y,,,,,,,,,,,,,,REAR-RIGHT-CORNER,,,,,,,,,,,,,,,,,,,,,,,,,,,,,,,,,
959795,b103ad7f80bffbc517448cf49c26e2f35cbc5e069922e1e65c6f10ecf4e2fc5af57077092c050a7b63df2a9a68a9537c6994b700bc443eacb4a462747f4d21ae,09/17/2020 10:30:00 AM,2,PARKED,,909687,,MERCEDES-BENZ,OTHER (EXPLAIN IN NARRATIVE),IL,2012,UNKNOWN,PASSENGER,PERSONAL,N,PARKED,,,0,,,,,Y,,,,,,,,,,,Y,,FRONT-RIGHT-CORNER,,,,,,,,,,,,,,,,,,,,,,,,,,,,,,,,,
959502,4e9827177c4457c713096a90a376a9d64a9fcccefba6e6fb063abac25a9f8bf143b4f179b95c549a4c842533116cc6c3b0b7003df125038107bc16ffa1409e45,09/16/2020 11:40:00 PM,1,DRIVER,1,909393,,UNKNOWN,MOTORIZED,IL,,UNKNOWN,PASSENGER,PERSONAL,N,STRAIGHT AHEAD,,,2,,,,,,,,,,,Y,,,,,,,REAR-LEFT-CORNER,,,,,,,,,,,,,,,,,,,,,,,,,,,,,,,,,
959503,4e9827177c4457c713096a90a376a9d64a9fcccefba6e6fb063abac25a9f8bf143b4f179b95c549a4c842533116cc6c3b0b7003df125038107bc16ffa1409e45,09/16/2020 11:40:00 PM,2,DRIVER,,909394,,MAZDA,MAZDA3,IL,2013,NONE,PASSENGER,PERSONAL,E,TURNING LEFT,,,1,,,,,,,,,,,,,,,Y,,,FRONT-LEFT-CORNER,,,,,,,,,,,,,,,,,,,,,,,,,,,,,,,,,
957251,9868bae1d389e5d5dec1f9ddd95741a82ff9218fd4b700bfe8851461275680a3e614de84453c9e399b84b2af701238809fc62dd56ce1c3f603843520fe315bc4,09/13/2020 10:45:00 AM,1,DRIVER,,907324,,FORD,CROWN VICTORIA,IL,2004,UNKNOWN,PASSENGER,PERSONAL,N,STRAIGHT AHEAD,,,1,,,,,,,,,,,,,,,,,,NONE,,,,,,,,,,,,,,,,,,,,,,,,,,,,,,,,,
957252,9868bae1d389e5d5dec1f9ddd95741a82ff9218fd4b700bfe8851461275680a3e614de84453c9e399b84b2af701238809fc62dd56ce1c3f603843520fe315bc4,09/13/2020 10:45:00 AM,2,DRIVER,1,907333,,BMW,OTHER (EXPLAIN IN NARRATIVE),IL,2019,NONE,MOTORCYCLE (OVER 150CC),PERSONAL,N,STRAIGHT AHEAD,,,2,,,,,,,,,,Y,,,,,,,,REAR,,,,,,,,,,,,,,,,,,,,,,,,,,,,,,,,,
954896,c58775b819ef86da2a1c26728fd27626504fe792e16d4690bcdc446e91302b2727b7f8f88584f1742795cf6d601d8b700d2ca14596655e01499efcd8a42e5266,09/09/2020 02:45:00 PM,1,DRIVER,,905075,,LEXUS,RX350,IL,2008,NONE,PASSENGER,PERSONAL,W,STRAIGHT AHEAD,,,1,,,,,,,,,,,,,,,Y,Y,,FRONT-LEFT-CORNER,,,,,,,,,,,,,,,,,,,,,,,,,,,,,,,,,
954897,c58775b819ef86da2a1c26728fd27626504fe792e16d4690bcdc446e91302b2727b7f8f88584f1742795cf6d601d8b700d2ca14596655e01499efcd8a42e5266,09/09/2020 02:45:00 PM,2,DRIVER,,905082,,AUDI,A7,IL,2014,NONE,PASSENGER,PERSONAL,W,STRAIGHT AHEAD,,,1,,,,,Y,Y,Y,Y,Y,,,,,,,,,SIDE-RIGHT,,,,,,,,,,,,,,,,,,,,,,,,,,,,,,,,,
952515,f99fb1ab70093421b612d3a5a0869b90b95f8138870520bddb25c03bc8d9bf816d7ad5cebbbc72ea982b8d2a91cc43c80ea6d5a0fd1244e7748206a23e72f4c9,09/05/2020 11:27:00 AM,1,PEDESTRIAN,,,,,,,,,,,,,,,,,,,,,,,,,,,,,,,,,,,,,,,,,,,,,,,,,,,,,,,,,,,,,,,,,,
952518,f99fb1ab70093421b612d3a5a0869b90b95f8138870520bddb25c03bc8d9bf816d7ad5cebbbc72ea982b8d2a91cc43c80ea6d5a0fd1244e7748206a23e72f4c9,09/05/2020 11:27:00 AM,2,DRIVER,,902838,,SUZUKI,MOTORCYCLE,IL,2006,NONE,MOTORCYCLE (OVER 150CC),PERSONAL,N,STRAIGHT AHEAD,,,1,,,,N,,,,,,,,,,,Y,Y,,FRONT,,,,,,,,,,,,,,,,,,,,,,,,,,,,,,,,,
953896,16da22ffe6dc7171fddf2a5bca89174e1dbffdfb95406c6fd0de9c0492ccbcf7477dd5ec75b7001566ba0234279574042d2e34c797cf28f41979a6600064f25c,09/04/2020 11:45:00 PM,1,DRIVER,,904133,,NISSAN,ROGUE,IL,2016,UNKNOWN,SPORT UTILITY VEHICLE (SUV),PERSONAL,E,STRAIGHT AHEAD,,,1,,,,,,,,,,,,,,,,Y,,FRONT,,,,,,,,,,,,,,,,,,,,,,,,,,,,,,,,,
953897,16da22ffe6dc7171fddf2a5bca89174e1dbffdfb95406c6fd0de9c0492ccbcf7477dd5ec75b7001566ba0234279574042d2e34c797cf28f41979a6600064f25c,09/04/2020 11:45:00 PM,2,DRIVER,,904143,,TOYOTA,COROLLA,IL,2015,UNKNOWN,PASSENGER,PERSONAL,E,STRAIGHT AHEAD,,,1,,,,,,,,,,Y,Y,,,,,,,REAR,,,,,,,,,,,,,,,,,,,,,,,,,,,,,,,,,
946604,6952916fc0911213c2d2fc143da8f641e23a414312e1ffeb7002a1e80c77893098ded43eb6be3e5d1105b62057910364fa863a8de9ef78a2d7ea3abe01fc8427,08/27/2020 03:00:00 PM,1,DRIVER,,897293,N,FORD,F150,IL,2014,UNKNOWN,TRUCK - SINGLE UNIT,CONSTRUCTION/MAINTENANCE,S,STRAIGHT AHEAD,,,1,,,,,,,,,,,,,,,,Y,,FRONT,,,,,,,,,,,,,,,,,,,,,,,,,,,,,,,,,
946605,6952916fc0911213c2d2fc143da8f641e23a414312e1ffeb7002a1e80c77893098ded43eb6be3e5d1105b62057910364fa863a8de9ef78a2d7ea3abe01fc8427,08/27/2020 03:00:00 PM,2,DRIVER,,897299,,LEXUS,ES300,IL,2001,UNKNOWN,PASSENGER,PERSONAL,S,STRAIGHT AHEAD,,,1,,,,,,,,,,Y,,,,,,,,REAR,,,,,,,,,,,,,,,,,,,,,,,,,,,,,,,,,
946147,16b9830ce3582a6384648933ecb20d320de5c701217073a4b89ce586607f00ef1c7243a3d025fa0bfd1ef78fff2e9d6c2877e3d77ffd8ac1b70044292cf0b4f6,08/26/2020 04:45:00 PM,1,DRIVER,,896852,,LEXUS,OTHER (EXPLAIN IN NARRATIVE),IL,2015,NONE,SPORT UTILITY VEHICLE (SUV),PERSONAL,N,STRAIGHT AHEAD,,,1,,,,,,,,,,,,,,,,Y,,FRONT,,,,,,,,,,,,,,,,,,,,,,,,,,,,,,,,,
946148,16b9830ce3582a6384648933ecb20d320de5c701217073a4b89ce586607f00ef1c7243a3d025fa0bfd1ef78fff2e9d6c2877e3d77ffd8ac1b70044292cf0b4f6,08/26/2020 04:45:00 PM,2,DRIVER,,896885,,MAZDA,CX-30,IL,2020,NONE,PASSENGER,PERSONAL,N,SLOW/STOP IN TRAFFIC,,,1,,,,,,,,,,Y,,,,,,,,REAR,,,,,,,,,,,,,,,,,,,,,,,,,,,,,,,,,
945762,ccc18e155837d3c78ff82b1928e892ac29c827f7ce58869076ec420e2f6d42b01d5c74c9bde102aa6a61b300edd2ab7003cd2d0ae1b4f3d75dae60bee34a5a4c,08/26/2020 05:50:00 AM,1,DRIVER,,896499,,TOYOTA,TACOMA,IL,2017,UNKNOWN,PASSENGER,UNKNOWN/NA,S,BACKING,,,1,,,,,,,,,,Y,,,,,,,,REAR,,,,,,,,,,,,,,,,,,,,,,,,,,,,,,,,,
945763,ccc18e155837d3c78ff82b1928e892ac29c827f7ce58869076ec420e2f6d42b01d5c74c9bde102aa6a61b300edd2ab7003cd2d0ae1b4f3d75dae60bee34a5a4c,08/26/2020 05:50:00 AM,2,DRIVER,,896500,,FORD,EDGE,IL,2007,NONE,PASSENGER,PERSONAL,N,OTHER,,,1,,,,,,,,,,,,,,,Y,Y,,FRONT,,,,,,,,,,,,,,,,,,,,,,,,,,,,,,,,,
945571,d76b3f0993775f3b02ba1bb46cc8b8ec9a31dfee44f621ecc437fa64f51fa9caaeeab700718634891e4ab996740a4f225c87ade8780b975524e9edd9a87530f6,08/25/2020 03:43:00 PM,1,DRIVER,1,896330,,CHRYSLER,TOWN & COUNTRY,IL,2015,UNKNOWN,VAN/MINI-VAN,PERSONAL,S,STRAIGHT AHEAD,N,,2,,,,,Y,,,,,,,,,,Y,Y,,FRONT,,,,,,,,,,,,,,,,,,,,,,,,,,,,,,,,,
945572,d76b3f0993775f3b02ba1bb46cc8b8ec9a31dfee44f621ecc437fa64f51fa9caaeeab700718634891e4ab996740a4f225c87ade8780b975524e9edd9a87530f6,08/25/2020 03:43:00 PM,2,DRIVER,2,896342,,FORD,TAURUS,IN,2015,UNKNOWN,PASSENGER,PERSONAL,W,STRAIGHT AHEAD,Y,,3,,PERSONAL TOW,UNKNOWN,,Y,Y,Y,Y,Y,,,,,,,,,SIDE-RIGHT,,,,,,,,,,,,,,,,,,,,,,,,,,,,,,,,,
944390,64c15a994b700509ec2edb37277d8cb9035821ccd8d3fffdb5ca16c89c176e7edce0db1532213f34dc6d379517900bcda3ad0e1210a0d1791ba231eb8f7868c0,08/23/2020 07:15:00 PM,1,DRIVER,,895198,,NISSAN,OTHER (EXPLAIN IN NARRATIVE),,,UNKNOWN,PASSENGER,UNKNOWN/NA,N,STRAIGHT AHEAD,,,1,,,,,,,,,,,,,,,,,Y,FRONT-RIGHT-CORNER,,,,,,,,,,,,,,,,,,,,,,,,,,,,,,,,,
944391,64c15a994b700509ec2edb37277d8cb9035821ccd8d3fffdb5ca16c89c176e7edce0db1532213f34dc6d379517900bcda3ad0e1210a0d1791ba231eb8f7868c0,08/23/2020 07:15:00 PM,2,DRIVER,,895202,,HONDA,OTHER (EXPLAIN IN NARRATIVE),IL,2007,NONE,PASSENGER,PERSONAL,N,TURNING RIGHT,,,1,,,,,,,,,Y,,,,,,,,,REAR-RIGHT-CORNER,,,,,,,,,,,,,,,,,,,,,,,,,,,,,,,,,
942570,200e45e1fb636901befb4277be17bcb7004128939fe64c02c51332604c0339b4edfd5ebe1f3ff9aeab7db6c0564c14bd7a8a5a836e19dc6cc6228308193b5c1a,08/21/2020 08:00:00 AM,1,DRIVER,,893522,,FREIGHTLINER CORPORATION,FREIGHTLINER CORP.,,,NONE,PASSENGER,PERSONAL,N,TURNING RIGHT,,,1,,,,,,,Y,Y,,,,,,,,,,SIDE-RIGHT,,,,,,,,,,,,,,,,,,,,,,,,,,,,,,,,,
942571,200e45e1fb636901befb4277be17bcb7004128939fe64c02c51332604c0339b4edfd5ebe1f3ff9aeab7db6c0564c14bd7a8a5a836e19dc6cc6228308193b5c1a,08/21/2020 08:00:00 AM,2,DRIVER,2,893523,,NISSAN,MURANO,IL,,NONE,PASSENGER,PERSONAL,N,TURNING RIGHT,,,3,,,,,,,,,,,Y,Y,Y,Y,Y,,,SIDE-LEFT,,,,,,,,,,,,,,,,,,,,,,,,,,,,,,,,,
942004,c894b8b1e3043f33352e9d20e05722dda6e55b6d1a1872bb234110b70095fa491da2b50426f526676c8580a961d68313e719253639d27790c6f925ccce51a236,08/19/2020 03:30:00 PM,1,DRIVER,,892985,,UNKNOWN,OTHER (EXPLAIN IN NARRATIVE),,,UNKNOWN,UNKNOWN/NA,UNKNOWN/NA,UNKNOWN,UNKNOWN/NA,,,1,,,,,,,,,,,,,,,,,Y,UNKNOWN,,,,,,,,,,,,,,,,,,,,,,,,,,,,,,,,,
942005,c894b8b1e3043f33352e9d20e05722dda6e55b6d1a1872bb234110b70095fa491da2b50426f526676c8580a961d68313e719253639d27790c6f925ccce51a236,08/19/2020 03:30:00 PM,2,PARKED,,892989,,DODGE,DAKOTA,IL,2008,UNKNOWN,PICKUP,UNKNOWN/NA,S,PARKED,,,0,,,,,,,,,,,Y,,,,,,,REAR-LEFT-CORNER,,,,,,,,,,,,,,,,,,,,,,,,,,,,,,,,,
940698,7a930d05222f919105428d6f224b362e044811cdced97abf5bc132b700f5d37b1a0eac463758cfd6ff666c90bbd93e80329688b0e92c940b5d4e750820fff685,08/17/2020 07:36:00 AM,1,DRIVER,,891761,,CHEVROLET,SUBURBAN,,,UNKNOWN,UNKNOWN/NA,UNKNOWN/NA,W,STRAIGHT AHEAD,,,1,,,,,,,,,,,,,,,,,Y,UNKNOWN,,,,,,,,,,,,,,,,,,,,,,,,,,,,,,,,,
940699,7a930d05222f919105428d6f224b362e044811cdced97abf5bc132b700f5d37b1a0eac463758cfd6ff666c90bbd93e80329688b0e92c940b5d4e750820fff685,08/17/2020 07:36:00 AM,2,DRIVER,,891763,,CHEVROLET,TRAX,IL,2020,UNKNOWN,UNKNOWN/NA,UNKNOWN/NA,W,TURNING LEFT,,,1,,,,,,,,,Y,,,,,,,,,REAR-RIGHT-CORNER,,,,,,,,,,,,,,,,,,,,,,,,,,,,,,,,,
940610,44ec645280b04e4a839708c7d59589f68c026367260479e49b7002c6b4a374777eda32ca7a16380f8d2dfb0dcf7540fbe2d3f34f7acdf4f3b6650ce8b69f8923,08/14/2020 10:39:00 PM,1,DRIVER,,891670,,FORD,FIESTA,IL,,UNKNOWN,UNKNOWN/NA,UNKNOWN/NA,N,UNKNOWN/NA,,,1,,,,,,,,,,,Y,Y,,,,,,REAR-LEFT-CORNER,,,,,,,,,,,,,,,,,,,,,,,,,,,,,,,,,
940611,44ec645280b04e4a839708c7d59589f68c026367260479e49b7002c6b4a374777eda32ca7a16380f8d2dfb0dcf7540fbe2d3f34f7acdf4f3b6650ce8b69f8923,08/14/2020 10:39:00 PM,2,PARKED,,891679,,HONDA,CIVIC,IL,2007,UNKNOWN,UNKNOWN/NA,UNKNOWN/NA,N,PARKED,,,0,,,,,Y,Y,Y,,,,,,,,,,,FRONT-RIGHT-CORNER,,,,,,,,,,,,,,,,,,,,,,,,,,,,,,,,,
938610,df07bc9135ecea4a434bbd419b6c4b3391e1e416b81f6b79e4fb9d077a329b1a10e240e552d92e01bf0c2fb797a35bcc5077f6ee22fbb410b70036c81dba6f9a,08/14/2020 09:30:00 PM,1,DRIVER,,889819,,UNKNOWN,OTHER (EXPLAIN IN NARRATIVE),IL,,UNKNOWN,PICKUP,UNKNOWN/NA,W,TURNING LEFT,,,1,,,,,,,,,,,,,,,,N,,SIDE-RIGHT-FRONT,,,,,,,,,,,,,,,,,,,,,,,,,,,,,,,,,
938611,df07bc9135ecea4a434bbd419b6c4b3391e1e416b81f6b79e4fb9d077a329b1a10e240e552d92e01bf0c2fb797a35bcc5077f6ee22fbb410b70036c81dba6f9a,08/14/2020 09:30:00 PM,2,DRIVER,,889773,,JEEP,CHEROKEE,IL,2016,UNKNOWN,PASSENGER,UNKNOWN/NA,N,TURNING LEFT,,,1,,,,Y,Y,Y,Y,,,,,,,,,Y,,SIDE-RIGHT,,,,,,,,,,,,,,,,,,,,,,,,,,,,,,,,,
937168,fae59a1ae9aef204767a9e8d119b6ff75b811b7009c16a59b602825885a709deae59b77d3562bc90a8b152b0f7f63e924ebc91a0bab29ddc111c17e2297b81f9,08/12/2020 05:48:00 PM,1,DRIVER,,888409,,TOYOTA,CAMRY,IL,,NONE,PASSENGER,PERSONAL,N,STRAIGHT AHEAD,,,1,,,,,,,,,,,,,,,,,Y,UNKNOWN,,,,,,,,,,,,,,,,,,,,,,,,,,,,,,,,,
937169,fae59a1ae9aef204767a9e8d119b6ff75b811b7009c16a59b602825885a709deae59b77d3562bc90a8b152b0f7f63e924ebc91a0bab29ddc111c17e2297b81f9,08/12/2020 05:48:00 PM,2,DRIVER,1,888415,,DODGE,CHALLENGER,IL,2016,NONE,PASSENGER,PERSONAL,N,STRAIGHT AHEAD,,,2,,,,,,,,,,,,,,,Y,,,FRONT-LEFT-CORNER,,,,,,,,,,,,,,,,,,,,,,,,,,,,,,,,,
936876,e63d6ece8616dfc4030e4852720173828a2a67db6c64cdd09b7000ca5247fab54c3cf082f56a2a3676eda8ef2e7618dbf10dab4310a72e1403750c0d05489713,08/12/2020 11:30:00 AM,1,DRIVER,,888158,,CHEVROLET,COLORADO,IL,2019,NONE,PICKUP,PERSONAL,N,UNKNOWN/NA,,,1,,,,,,,,,,,,,Y,Y,Y,,,FRONT-LEFT-CORNER,,,,,,,,,,,,,,,,,,,,,,,,,,,,,,,,,
935810,7f37ef9edfa211f85a56ba216ee26f069bb389524a84ec853fc16b700ca4eac676fd61984c9c23aea6bcd586e58049cdf4f59e698a3935a893923ea4d761ec94,08/10/2020 06:30:00 PM,1,DRIVER,,887143,,HONDA,ACCORD,IL,2007,UNKNOWN,PASSENGER,PERSONAL,W,STRAIGHT AHEAD,,,1,,,,,,,,,,,,,,,,Y,,FRONT,,,,,,,,,,,,,,,,,,,,,,,,,,,,,,,,,
935811,7f37ef9edfa211f85a56ba216ee26f069bb389524a84ec853fc16b700ca4eac676fd61984c9c23aea6bcd586e58049cdf4f59e698a3935a893923ea4d761ec94,08/10/2020 06:30:00 PM,2,DRIVER,,887149,,HONDA,ACCORD,IL,2006,UNKNOWN,PASSENGER,PERSONAL,W,STRAIGHT AHEAD,,,1,,,,,,,Y,,,,,,,,,,,SIDE-RIGHT,,,,,,,,,,,,,,,,,,,,,,,,,,,,,,,,,
935075,31c81adee46cea23625b76d6c30727c7302f5ffeb857c8e6623b5d6e9d3af74da151f536eb700ea6121cbd05813e34054b0008722a0bdd1a34fe2f7a01cf5776,08/09/2020 04:15:00 PM,1,DRIVER,,886449,,CHEVROLET,MALIBU,,2008,NONE,PASSENGER,UNKNOWN/NA,UNKNOWN,STRAIGHT AHEAD,,,1,,,,,Y,,,,,,,,,,Y,Y,,FRONT,,,,,,,,,,,,,,,,,,,,,,,,,,,,,,,,,
935076,31c81adee46cea23625b76d6c30727c7302f5ffeb857c8e6623b5d6e9d3af74da151f536eb700ea6121cbd05813e34054b0008722a0bdd1a34fe2f7a01cf5776,08/09/2020 04:15:00 PM,2,DRIVER,,886447,,AUDI,A8,,2014,NONE,PASSENGER,PERSONAL,UNKNOWN,SLOW/STOP IN TRAFFIC,,,1,,,,,,,,,Y,Y,Y,,,,,,,REAR,,,,,,,,,,,,,,,,,,,,,,,,,,,,,,,,,
933931,f412f52eee9980b8991605a9226cd2ff31eb700821d3c4ffe11ee179f8af5e62168b980cc795dd18b047aa91a123744225fd7b3fdc8b838f1e1b43545ed5fa94,08/07/2020 07:45:00 PM,1,DRIVER,,885379,,NISSAN,OTHER (EXPLAIN IN NARRATIVE),IL,,UNKNOWN,PASSENGER,UNKNOWN/NA,N,STRAIGHT AHEAD,,,1,,,,,,,,,,,,,,,,,Y,UNKNOWN,,,,,,,,,,,,,,,,,,,,,,,,,,,,,,,,,
933932,f412f52eee9980b8991605a9226cd2ff31eb700821d3c4ffe11ee179f8af5e62168b980cc795dd18b047aa91a123744225fd7b3fdc8b838f1e1b43545ed5fa94,08/07/2020 07:45:00 PM,2,PEDESTRIAN,,,,,,,,,,,,,,,,,,,,,,,,,,,,,,,,,,,,,,,,,,,,,,,,,,,,,,,,,,,,,,,,,,
933933,f412f52eee9980b8991605a9226cd2ff31eb700821d3c4ffe11ee179f8af5e62168b980cc795dd18b047aa91a123744225fd7b3fdc8b838f1e1b43545ed5fa94,08/07/2020 07:45:00 PM,3,DRIVER,,885360,,DODGE,AVENGER,AR,2019,UNKNOWN,PASSENGER,PERSONAL,W,SLOW/STOP IN TRAFFIC,,,1,,,,,,,,,,,,,,,,Y,,FRONT,,,,,,,,,,,,,,,,,,,,,,,,,,,,,,,,,
931145,83cbaec4a2e43dde3b700de3d4b18e98fb5113cff7de9334e8c1826e3174ed64ac63efb2a343babe6fba1f6cd7b686d6760ff0c5b2d9bee2574f0c63ac8bc5a2,08/03/2020 01:30:00 PM,1,DRIVER,,882727,,CHEVROLET,TRUCK,IL,2008,UNKNOWN,PICKUP,UNKNOWN/NA,W,SLOW/STOP IN TRAFFIC,,,1,,,,,,,,,,,,,,,,N,Y,FRONT,,,,,,,,,,,,,,,,,,,,,,,,,,,,,,,,,
931146,83cbaec4a2e43dde3b700de3d4b18e98fb5113cff7de9334e8c1826e3174ed64ac63efb2a343babe6fba1f6cd7b686d6760ff0c5b2d9bee2574f0c63ac8bc5a2,08/03/2020 01:30:00 PM,2,DRIVER,,882731,,CHEVROLET,IMPALA,IL,2013,NONE,PASSENGER,PERSONAL,W,SLOW/STOP IN TRAFFIC,,,1,,,,,,,,,Y,Y,Y,,,,,,,REAR,,,,,,,,,,,,,,,,,,,,,,,,,,,,,,,,,