CRASH_UNIT_ID,CRASH_RECORD_ID,CRASH_DATE,UNIT_NO,UNIT_TYPE,NUM_PASSENGERS,VEHICLE_ID,CMRC_VEH_I,MAKE,MODEL,LIC_PLATE_STATE,VEHICLE_YEAR,VEHICLE_DEFECT,VEHICLE_TYPE,VEHICLE_USE,TRAVEL_DIRECTION,MANEUVER,TOWED_I,FIRE_I,OCCUPANT_CNT,EXCEED_SPEED_LIMIT_I,TOWED_BY,TOWED_TO,AREA_00_I,AREA_01_I,AREA_02_I,AREA_03_I,AREA_04_I,AREA_05_I,AREA_06_I,AREA_07_I,AREA_08_I,AREA_09_I,AREA_10_I,AREA_11_I,AREA_12_I,AREA_99_I,FIRST_CONTACT_POINT,CMV_ID,USDOT_NO,CCMC_NO,ILCC_NO,COMMERCIAL_SRC,GVWR,CARRIER_NAME,CARRIER_STATE,CARRIER_CITY,HAZMAT_PLACARDS_I,HAZMAT_NAME,UN_NO,HAZMAT_PRESENT_I,HAZMAT_REPORT_I,HAZMAT_REPORT_NO,MCS_REPORT_I,MCS_REPORT_NO,HAZMAT_VIO_CAUSE_CRASH_I,MCS_VIO_CAUSE_CRASH_I,IDOT_PERMIT_NO,WIDE_LOAD_I,TRAILER1_WIDTH,TRAILER2_WIDTH,TRAILER1_LENGTH,TRAILER2_LENGTH,TOTAL_VEHICLE_LENGTH,AXLE_CNT,VEHICLE_CONFIG,CARGO_BODY_TYPE,LOAD_TYPE,HAZMAT_OUT_OF_SERVICE_I,MCS_OUT_OF_SERVICE_I,HAZMAT_CLASS
929651,a82dcb6c46320eb4aff252d7d3b30fb7002d998f655c6b8182fe410c4c7a784263ece16ac22c6392761f9e7a79872379544d3f434330b8dde6cf3add90856edd,08/01/2020 11:37:00 AM,1,DRIVER,,881360,,JEEP,CHEROKEE,IL,2000,NONE,TRUCK - SINGLE UNIT,PERSONAL,E,STRAIGHT AHEAD,,,1,,,,,,,,,,,,,,Y,Y,,,SIDE-LEFT-FRONT,,,,,,,,,,,,,,,,,,,,,,,,,,,,,,,,,
929652,a82dcb6c46320eb4aff252d7d3b30fb7002d998f655c6b8182fe410c4c7a784263ece16ac22c6392761f9e7a79872379544d3f434330b8dde6cf3add90856edd,08/01/2020 11:37:00 AM,2,DRIVER,,881368,,HONDA,CR-V,IL,2015,NONE,PASSENGER,PERSONAL,N,STRAIGHT AHEAD,,,1,,,,,Y,Y,,,,,,,,,,,,FRONT-RIGHT-CORNER,,,,,,,,,,,,,,,,,,,,,,,,,,,,,,,,,
928181,955f15d23a0a7fab683749031bc26a9aaca06c1f8b70011a2cdfbffd0ca713635fc4448194b9ff3ff67a9794caa469e9cc6e10f527a4c5daa2440f328d8d7c8b,07/30/2020 10:29:00 AM,1,DRIVER,,879985,,CHEVROLET,EQUINOX,IL,2017,UNKNOWN,PASSENGER,PERSONAL,S,STRAIGHT AHEAD,,,1,,,,,,,,,Y,,,,,,,,,REAR-RIGHT-CORNER,,,,,,,,,,,,,,,,,,,,,,,,,,,,,,,,,
928182,955f15d23a0a7fab683749031bc26a9aaca06c1f8b70011a2cdfbffd0ca713635fc4448194b9ff3ff67a9794caa469e9cc6e10f527a4c5daa2440f328d8d7c8b,07/30/2020 10:29:00 AM,2,PARKED,,879989,,TOYOTA,CAMRY,IL,2014,UNKNOWN,PASSENGER,PERSONAL,UNKNOWN,PARKED,,,0,,,,,,,,,,,,,Y,Y,Y,,,FRONT-RIGHT-CORNER,,,,,,,,,,,,,,,,,,,,,,,,,,,,,,,,,
927662,e322980b21058dec15a2015d792c63291170b7256ff1b700038f5e64c4038e5d9e73c0497236b4a56f8e6a5f1cb00fa0cc128721c441b25371495e294b22dc82,07/28/2020 04:17:00 PM,1,DRIVER,,879478,,CHEVROLET,MALIBU,IL,,NONE,PASSENGER,PERSONAL,N,BACKING,,,1,,,,,,,,,,Y,,,,,,,,REAR,,,,,,,,,,,,,,,,,,,,,,,,,,,,,,,,,
927663,e322980b21058dec15a2015d792c63291170b7256ff1b700038f5e64c4038e5d9e73c0497236b4a56f8e6a5f1cb00fa0cc128721c441b25371495e294b22dc82,07/28/2020 04:17:00 PM,2,DRIVER,1,879472,,HONDA,CIVIC,IL,2016,NONE,PASSENGER,PERSONAL,S,SLOW/STOP IN TRAFFIC,,,2,,,,,,,,,,,,,,,,Y,,FRONT,,,,,,,,,,,,,,,,,,,,,,,,,,,,,,,,,
925639,e8fb9ada9e1efa18023d8a4fcbf6ce196bf8958c4d18a21aeb48744193df699d75c20444d914a7142c2f538c4602cecb8e73605a9e3a7e2e7b0b40ecb7007c46,07/25/2020 09:30:00 AM,1,DRIVER,,877588,,HYUNDAI,OTHER (EXPLAIN IN NARRATIVE),,,UNKNOWN,PASSENGER,UNKNOWN/NA,E,BACKING,,,1,,,,,,,,,,Y,,,,,,,,REAR,,,,,,,,,,,,,,,,,,,,,,,,,,,,,,,,,
925640,e8fb9ada9e1efa18023d8a4fcbf6ce196bf8958c4d18a21aeb48744193df699d75c20444d914a7142c2f538c4602cecb8e73605a9e3a7e2e7b0b40ecb7007c46,07/25/2020 09:30:00 AM,2,PARKED,,877590,,HONDA,MOTORCYCLE,IL,2004,NONE,MOTORCYCLE (OVER 150CC),PERSONAL,E,PARKED,,,0,,,,,,,,,,,,,Y,Y,Y,,,SIDE-LEFT,,,,,,,,,,,,,,,,,,,,,,,,,,,,,,,,,
924184,29962dd900478febbf5a5d7df745d7f984075966dc079c9620ff00bc8760761b6730040c287016c3c0e458fe15491356a537465ae5bb700a85adefa4f1791526,07/24/2020 12:14:00 AM,1,,,,,,,,,,,,,,,,,,,,,,,,,,,,,,,,,,,,,,,,,,,,,,,,,,,,,,,,,,,,,,,,,,,
924189,29962dd900478febbf5a5d7df745d7f984075966dc079c9620ff00bc8760761b6730040c287016c3c0e458fe15491356a537465ae5bb700a85adefa4f1791526,07/24/2020 12:14:00 AM,1,DRIVER,,876191,,MERCEDES-BENZ,C-CLASS,IL,2008,UNKNOWN,PASSENGER,PERSONAL,N,STRAIGHT AHEAD,,,1,,,,,Y,,,,,,,,,,Y,Y,,FRONT,,,,,,,,,,,,,,,,,,,,,,,,,,,,,,,,,
923518,6eb7007141d8904b2579be8662daa8944453ab28313095b2e5a39f204cf990224d1e7b3f52d04cf155c66d4e23dd786ed18ecfaeeb009c021277089be8a9f6c1,07/22/2020 06:40:00 PM,1,DRIVER,,875544,,"SUBURBAN MOTORS, INC.","SUBURBAN MOTORS, INC.",IL,,UNKNOWN,PASSENGER,UNKNOWN/NA,W,UNKNOWN/NA,,,1,,,,,,,,,,,,,,,Y,,,FRONT-LEFT-CORNER,,,,,,,,,,,,,,,,,,,,,,,,,,,,,,,,,
923519,6eb7007141d8904b2579be8662daa8944453ab28313095b2e5a39f204cf990224d1e7b3f52d04cf155c66d4e23dd786ed18ecfaeeb009c021277089be8a9f6c1,07/22/2020 06:40:00 PM,2,DRIVER,,875549,,NISSAN,ROGUE,IL,2015,UNKNOWN,PASSENGER,PERSONAL,W,STRAIGHT AHEAD,,,1,,,,,,,,,Y,Y,,,,,,,,REAR-RIGHT-CORNER,,,,,,,,,,,,,,,,,,,,,,,,,,,,,,,,,
923057,40eeb50bce275d397bdb62231023e3e048d4b7004b3fd61f2d709ed0b06162ff57928b8abb87739d15de85fb7f48cac1e358fc3043f73915b5c687a5a738c537,07/22/2020 05:00:00 AM,1,DRIVER,,875111,,UNKNOWN,OTHER (EXPLAIN IN NARRATIVE),XX,,UNKNOWN,UNKNOWN/NA,UNKNOWN/NA,UNKNOWN,UNKNOWN/NA,,,1,,,,,,,,,,,,,,,,,Y,UNKNOWN,,,,,,,,,,,,,,,,,,,,,,,,,,,,,,,,,
923058,40eeb50bce275d397bdb62231023e3e048d4b7004b3fd61f2d709ed0b06162ff57928b8abb87739d15de85fb7f48cac1e358fc3043f73915b5c687a5a738c537,07/22/2020 05:00:00 AM,2,DRIVERLESS,,875113,,NISSAN,ARMADA,IL,2019,NONE,PASSENGER,PERSONAL,S,PARKED,,,0,,,,,,,,,,,,,,Y,Y,,,FRONT-LEFT-CORNER,,,,,,,,,,,,,,,,,,,,,,,,,,,,,,,,,
923039,3a4184ebfde7f0a25e9bfcb0b700177b95c0bec0892ec83c66c42e7208537f89c0006e737558f07ccb052348b138de8ff3618f72b4429e10b2e4d8f9dd6a6b79,07/21/2020 01:23:00 PM,1,DRIVER,,875118,,INFINITI,FX35,IL,2003,UNKNOWN,PASSENGER,PERSONAL,S,STRAIGHT AHEAD,Y,,1,,private,,,,,,,Y,,Y,,,,Y,,,REAR-LEFT-CORNER,,,,,,,,,,,,,,,,,,,,,,,,,,,,,,,,,
923040,3a4184ebfde7f0a25e9bfcb0b700177b95c0bec0892ec83c66c42e7208537f89c0006e737558f07ccb052348b138de8ff3618f72b4429e10b2e4d8f9dd6a6b79,07/21/2020 01:23:00 PM,2,PARKED,,875101,,CHEVROLET,TRAIL BLAZER,IL,2004,UNKNOWN,PASSENGER,NOT IN USE,UNKNOWN,PARKED,,,0,,,,,,,,,Y,,Y,Y,,,,,,REAR-LEFT-CORNER,,,,,,,,,,,,,,,,,,,,,,,,,,,,,,,,,
923041,3a4184ebfde7f0a25e9bfcb0b700177b95c0bec0892ec83c66c42e7208537f89c0006e737558f07ccb052348b138de8ff3618f72b4429e10b2e4d8f9dd6a6b79,07/21/2020 01:23:00 PM,3,PARKED,,875103,,VOLVO,S60,IL,2001,UNKNOWN,PASSENGER,NOT IN USE,UNKNOWN,PARKED,,,0,,,,,,,,,Y,,Y,Y,,,,,,REAR-LEFT-CORNER,,,,,,,,,,,,,,,,,,,,,,,,,,,,,,,,,
922163,06bf8ff91d5d03441419bc3e272701f6b77cdb700055ccf5363242c801a715b47d1a76f227dc128f41277f0cb4878216bf98e13bb9855038f2293ef33d04086c,07/20/2020 09:45:00 AM,1,DRIVER,,874257,,NISSAN,OTHER (EXPLAIN IN NARRATIVE),IL,2012,UNKNOWN,PASSENGER,PERSONAL,E,STRAIGHT AHEAD,,,1,,,,,,,,,,,,,,,,Y,,FRONT,,,,,,,,,,,,,,,,,,,,,,,,,,,,,,,,,
922164,06bf8ff91d5d03441419bc3e272701f6b77cdb700055ccf5363242c801a715b47d1a76f227dc128f41277f0cb4878216bf98e13bb9855038f2293ef33d04086c,07/20/2020 09:45:00 AM,2,DRIVER,,874252,,FORD,MUSTANG,IL,2016,NONE,PASSENGER,PERSONAL,E,SLOW/STOP IN TRAFFIC,,,1,,,,,,,,,,Y,,,,,,,,REAR,,,,,,,,,,,,,,,,,,,,,,,,,,,,,,,,,
921857,b3811a683dc907971eee0a70a906425e4762e38a65271be966cd86cd8299b133deea60f4ee3b7db0c00a13ac6b700f620be0ffd8a29ed5ca5d63d729a2af0667,07/20/2020 02:20:00 AM,1,DRIVER,,873973,,NISSAN,SENTRA,IL,2008,UNKNOWN,PASSENGER,PERSONAL,N,UNKNOWN/NA,N,,1,,,,,,,,,,,Y,Y,Y,Y,Y,,,SIDE-LEFT,,,,,,,,,,,,,,,,,,,,,,,,,,,,,,,,,
921858,b3811a683dc907971eee0a70a906425e4762e38a65271be966cd86cd8299b133deea60f4ee3b7db0c00a13ac6b700f620be0ffd8a29ed5ca5d63d729a2af0667,07/20/2020 02:20:00 AM,2,DRIVER,,873977,,CHEVROLET,MALIBU,IL,2013,NONE,PASSENGER,PERSONAL,N,STRAIGHT AHEAD,,,1,,,,,,,,,Y,Y,Y,,,,,,,REAR,,,,,,,,,,,,,,,,,,,,,,,,,,,,,,,,,
919679,2fbd3214eb70073d4794da5376a58538ef9322ef7a2a32341a9a002d33535b0db499e3420136b0075b314a7262b498554580121eb784b24ac891f2d9b4dbcc0b,07/16/2020 04:40:00 PM,1,DRIVER,,871909,,LEXUS,ES350,IL,2012,UNKNOWN,PASSENGER,PERSONAL,S,STRAIGHT AHEAD,Y,,1,,,,,,,,,,,,,,,,Y,,FRONT,,,,,,,,,,,,,,,,,,,,,,,,,,,,,,,,,
919680,2fbd3214eb70073d4794da5376a58538ef9322ef7a2a32341a9a002d33535b0db499e3420136b0075b314a7262b498554580121eb784b24ac891f2d9b4dbcc0b,07/16/2020 04:40:00 PM,2,DRIVER,,871913,,CHEVROLET,IMPALA,IL,2017,UNKNOWN,PASSENGER,PERSONAL,S,STRAIGHT AHEAD,,,1,,,,,,,,,,Y,,,,,,Y,,REAR,,,,,,,,,,,,,,,,,,,,,,,,,,,,,,,,,
919681,2fbd3214eb70073d4794da5376a58538ef9322ef7a2a32341a9a002d33535b0db499e3420136b0075b314a7262b498554580121eb784b24ac891f2d9b4dbcc0b,07/16/2020 04:40:00 PM,3,DRIVER,,871923,,CHEVROLET,C1500,IL,1996,UNKNOWN,PICKUP,PERSONAL,S,STRAIGHT AHEAD,,,1,,,,,,,,,,Y,,,,,,,,REAR,,,,,,,,,,,,,,,,,,,,,,,,,,,,,,,,,
919351,c13676b7c1baa93088ab700d280e33ad7544e6158595b13e968a6790b49b3df4187338f9762de4f543d4bb5a39ec079c14e86c4c2426db6a87ff7e463bbf2e51,07/16/2020 08:25:00 AM,1,DRIVER,,871599,,HONDA,CIVIC,,2003,NONE,PASSENGER,PERSONAL,E,STRAIGHT AHEAD,,,1,,,,,Y,,,,,,,,,,,,,FRONT-RIGHT-CORNER,,,,,,,,,,,,,,,,,,,,,,,,,,,,,,,,,
919352,c13676b7c1baa93088ab700d280e33ad7544e6158595b13e968a6790b49b3df4187338f9762de4f543d4bb5a39ec079c14e86c4c2426db6a87ff7e463bbf2e51,07/16/2020 08:25:00 AM,2,PARKED,,871602,,CHEVROLET,IMPALA,IL,2006,NONE,PASSENGER,NOT IN USE,E,PARKED,Y,,0,,unknown,,,,,Y,Y,Y,,Y,Y,,,,,,REAR-LEFT-CORNER,,,,,,,,,,,,,,,,,,,,,,,,,,,,,,,,,
917236,2a399201de4a8e800ab2431404ba3e2d67cff83d9e7e640f257501aafd536a6dcf4c8dcd58eb0f3f0a763a090210547bff524e48e3fbeb8814b9782e87b700fc,07/12/2020 09:30:00 PM,1,DRIVER,,869605,,FORD,FUSION,IL,2010,UNKNOWN,PASSENGER,PERSONAL,W,UNKNOWN/NA,,,1,,,,Y,Y,,,,,,,,,,,Y,,FRONT-LEFT-CORNER,,,,,,,,,,,,,,,,,,,,,,,,,,,,,,,,,
917237,2a399201de4a8e800ab2431404ba3e2d67cff83d9e7e640f257501aafd536a6dcf4c8dcd58eb0f3f0a763a090210547bff524e48e3fbeb8814b9782e87b700fc,07/12/2020 09:30:00 PM,2,PARKED,,869612,,FORD,FUSION,WI,2014,UNKNOWN,PASSENGER,PERSONAL,W,PARKED,,,0,,,,Y,,,,,,,,Y,,,,,,REAR-LEFT-CORNER,,,,,,,,,,,,,,,,,,,,,,,,,,,,,,,,,
916531,2c831a304389ae2f8080df9045085c5fcc8e110afe76584893fcfc7c99ecb4cb700f2b55b38dae2dbbdd21f11555fbecdba830a7f35a141f4f3386865c09c41b,07/11/2020 04:55:00 PM,1,DRIVER,1,868939,,HYUNDAI,SONATA,IL,2014,NONE,PASSENGER,PERSONAL,E,STRAIGHT AHEAD,Y,,2,,PRIVATE,,,Y,Y,,,,,,,,Y,Y,Y,,FRONT,,,,,,,,,,,,,,,,,,,,,,,,,,,,,,,,,
916532,2c831a304389ae2f8080df9045085c5fcc8e110afe76584893fcfc7c99ecb4cb700f2b55b38dae2dbbdd21f11555fbecdba830a7f35a141f4f3386865c09c41b,07/11/2020 04:55:00 PM,2,DRIVER,,868949,,KIA,OPTIMA / K5,IL,2020,NONE,PASSENGER,PERSONAL,E,TURNING LEFT,Y,,1,,SUPREME RECOVERY,DIXMOORE,,,,,,Y,Y,Y,,,,,,,REAR,,,,,,,,,,,,,,,,,,,,,,,,,,,,,,,,,
916984,ee6ccb9acfd5f8554c711322559a01fd730e75ced3c826bcffaefa783ffef28b700a97a5aa7295bdf12298979728454c5f0e00b2afd56752c1983062633d2191,07/11/2020 01:30:00 PM,2,PARKED,,869388,,HONDA,CIVIC,IL,2017,NONE,PASSENGER,PERSONAL,N,PARKED IN TRAFFIC LANE,Y,,0,,,,,,,,,,,Y,Y,,,,,N,REAR-LEFT-CORNER,,,,,,,,,,,,,,,,,,,,,,,,,,,,,,,,,
916985,ee6ccb9acfd5f8554c711322559a01fd730e75ced3c826bcffaefa783ffef28b700a97a5aa7295bdf12298979728454c5f0e00b2afd56752c1983062633d2191,07/11/2020 01:30:00 PM,1,DRIVER,,869393,,UNKNOWN,OTHER (EXPLAIN IN NARRATIVE),IL,,UNKNOWN,UNKNOWN/NA,UNKNOWN/NA,UNKNOWN,UNKNOWN/NA,,,1,,,,,,,,,,,,,,,,,Y,UNKNOWN,,,,,,,,,,,,,,,,,,,,,,,,,,,,,,,,,
915196,722733418feb98ef448639e143311f5a1bda3b71b78dd04c256e853e4718bf4f7cbda10e0eafd872521a56fcef27c4db7905c3a191fdb7767470c4ed187bb700,07/09/2020 05:22:00 PM,1,DRIVER,,867700,,HONDA,CIVIC,IL,2006,UNKNOWN,PASSENGER,PERSONAL,E,STRAIGHT AHEAD,,,1,,,,,Y,,,,,,,,,,N,Y,,FRONT,,,,,,,,,,,,,,,,,,,,,,,,,,,,,,,,,
915197,722733418feb98ef448639e143311f5a1bda3b71b78dd04c256e853e4718bf4f7cbda10e0eafd872521a56fcef27c4db7905c3a191fdb7767470c4ed187bb700,07/09/2020 05:22:00 PM,2,DRIVER,,867719,,CHEVROLET,CHEVETTE,IL,2011,UNKNOWN,PASSENGER,PERSONAL,S,STRAIGHT AHEAD,Y,,1,,Cook county towing,906 N MONTICELLO,,,,,Y,Y,,,,,,,,,SIDE-RIGHT-REAR,,,,,,,,,,,,,,,,,,,,,,,,,,,,,,,,,
914048,a1833d187a1dd347deb7000db0f8893f5f02e2174c24db6f175471697e0a5cfd2301338f6a8d9cbaa8dff8ee098992e20628a54dd17143adeb4f96d744351fc6,07/07/2020 07:40:00 PM,1,DRIVER,,866573,,KIA,OPTIMA / K5,IL,,NONE,PASSENGER,PERSONAL,N,TURNING LEFT,Y,,1,,,,,Y,,,,,,,,,,Y,Y,,FRONT,,,,,,,,,,,,,,,,,,,,,,,,,,,,,,,,,
913640,ce99b6476030f229de842c88e8946b7e776c7196d09c32eda1a729384c05fc16cdb7009f3d2782efcf881e8d58753a5bea0cdae589e62d1f670317f44fcbf23c,07/07/2020 11:25:00 AM,1,BICYCLE,,,,,,,,,,,,,,,,,,,,,,,,,,,,,,,,,,,,,,,,,,,,,,,,,,,,,,,,,,,,,,,,,,
913641,ce99b6476030f229de842c88e8946b7e776c7196d09c32eda1a729384c05fc16cdb7009f3d2782efcf881e8d58753a5bea0cdae589e62d1f670317f44fcbf23c,07/07/2020 11:25:00 AM,2,DRIVER,,866180,,TOYOTA,SIENNA,IL,2013,NONE,VAN/MINI-VAN,PERSONAL,S,STRAIGHT AHEAD,,,1,,,,,,,,,Y,,,,,,,,,SIDE-RIGHT-REAR,,,,,,,,,,,,,,,,,,,,,,,,,,,,,,,,,
912462,9b4b32f9972be45aea599ff753ff8710f8ebb7000088cfeffd83952641eac80e9e2a73fca19a7f45d954e66ae39362e1b34171ed1e582ca60eeb5ac5dc4f165f,07/05/2020 03:05:00 PM,1,DRIVER,,865064,,BUICK,OTHER (EXPLAIN IN NARRATIVE),IL,2000,UNKNOWN,UNKNOWN/NA,UNKNOWN/NA,W,STRAIGHT AHEAD,,,1,,,,,,,,,,,,,,,,Y,,FRONT,,,,,,,,,,,,,,,,,,,,,,,,,,,,,,,,,
912463,9b4b32f9972be45aea599ff753ff8710f8ebb7000088cfeffd83952641eac80e9e2a73fca19a7f45d954e66ae39362e1b34171ed1e582ca60eeb5ac5dc4f165f,07/05/2020 03:05:00 PM,2,DRIVER,,865058,,CHEVROLET,CRUZE,IL,2018,NONE,PASSENGER,PERSONAL,W,STRAIGHT AHEAD,,,1,,,,,,,,,,Y,,,,,,,,REAR,,,,,,,,,,,,,,,,,,,,,,,,,,,,,,,,,
911998,5ab8d5045806d51c8b5c10b0e715b927682691da90e1fa339250da84a3effa95f758e99ba812a9770537ee2db4301d3c57db4af02c4b7000d0f73a6dace98e76,07/04/2020 10:30:00 PM,1,DRIVER,,864616,,CHEVROLET,TAHOE,,,LIGHTS,UNKNOWN/NA,UNKNOWN/NA,E,UNKNOWN/NA,,,1,,,,,,,,,,,,,,,,,Y,UNKNOWN,,,,,,,,,,,,,,,,,,,,,,,,,,,,,,,,,
911999,5ab8d5045806d51c8b5c10b0e715b927682691da90e1fa339250da84a3effa95f758e99ba812a9770537ee2db4301d3c57db4af02c4b7000d0f73a6dace98e76,07/04/2020 10:30:00 PM,2,PEDESTRIAN,,,,,,,,,,,,,,,,,,,,,,,,,,,,,,,,,,,,,,,,,,,,,,,,,,,,,,,,,,,,,,,,,,
911781,ad4132e2fb59d495384ae36d840eb65e2bdab2853f96f436d1128d93b284bcb0843925886fb70067c3ef1eb7696a840b7ccc0b5812bdea7371e1547513b8c5ca,07/04/2020 05:30:00 PM,1,DRIVER,2,864421,,INFINITI,G37,IL,2010,NONE,PASSENGER,PERSONAL,E,STRAIGHT AHEAD,,,3,,,,,,,,,,,Y,Y,,,,,,UNKNOWN,,,,,,,,,,,,,,,,,,,,,,,,,,,,,,,,,
911782,ad4132e2fb59d495384ae36d840eb65e2bdab2853f96f436d1128d93b284bcb0843925886fb70067c3ef1eb7696a840b7ccc0b5812bdea7371e1547513b8c5ca,07/04/2020 05:30:00 PM,2,DRIVER,2,864425,,TOYOTA,CAMRY,IL,2016,NONE,PASSENGER,PERSONAL,E,TURNING RIGHT,,,3,,,,,Y,Y,,N,N,,,,,,,,,UNKNOWN,,,,,,,,,,,,,,,,,,,,,,,,,,,,,,,,,
944987,352df648f5c38eab9fa37fb9ca65de5566c782dd24af3d5b296b86db45402ced86cf99751799d1a21c745a9e67d496c173d5b8dfc90871b700b00e112cf8116e,07/01/2020 11:30:00 PM,1,DRIVER,,895756,,CHEVROLET,IMPALA,IL,2019,UNKNOWN,UNKNOWN/NA,UNKNOWN/NA,N,TURNING RIGHT,,,1,,,,,,,,,,,,,,,,,Y,UNKNOWN,,,,,,,,,,,,,,,,,,,,,,,,,,,,,,,,,
944988,352df648f5c38eab9fa37fb9ca65de5566c782dd24af3d5b296b86db45402ced86cf99751799d1a21c745a9e67d496c173d5b8dfc90871b700b00e112cf8116e,07/01/2020 11:30:00 PM,2,DRIVER,,895770,,HYUNDAI,OTHER (EXPLAIN IN NARRATIVE),IL,2019,UNKNOWN,PASSENGER,PERSONAL,N,TURNING LEFT,,,1,,,,,,,,,,,,,,,Y,N,,FRONT-LEFT-CORNER,,,,,,,,,,,,,,,,,,,,,,,,,,,,,,,,,
908736,3d984fb67c32b00196b700b2fd492d6f5e15055ee8d682d540e93f5e8cd24de8bfd7db419cb10fdda6140d01af41b59b76d4d7525e8ae9e94632f4a17a97fa60,06/29/2020 05:15:00 PM,1,DRIVER,,861538,,HONDA,CR-V,CA,2009,UNKNOWN,SPORT UTILITY VEHICLE (SUV),PERSONAL,E,STRAIGHT AHEAD,,,1,,,,,Y,,,,,,,,,,,Y,,FRONT-RIGHT-CORNER,,,,,,,,,,,,,,,,,,,,,,,,,,,,,,,,,
908737,3d984fb67c32b00196b700b2fd492d6f5e15055ee8d682d540e93f5e8cd24de8bfd7db419cb10fdda6140d01af41b59b76d4d7525e8ae9e94632f4a17a97fa60,06/29/2020 05:15:00 PM,2,DRIVER,,861551,,TOYOTA,RAV4,MA,2015,UNKNOWN,SPORT UTILITY VEHICLE (SUV),PERSONAL,NE,STRAIGHT AHEAD,,,1,,,,,,,,,,,,,Y,Y,Y,,,SIDE-LEFT,,,,,,,,,,,,,,,,,,,,,,,,,,,,,,,,,
907405,1aeb700e7cdf7ed84958c4b77b681cfdd2d2eedec289dbc651e013ededc94b65d4f033d519406859c42123da5ab279cf1adb1f179a96135d10470e1f2169bf8b,06/27/2020 11:28:00 AM,1,NON-MOTOR VEHICLE,,,,,,,,,,,,,,,,,,,,,,,,,,,,,,,,,,,,,,,,,,,,,,,,,,,,,,,,,,,,,,,,,,
907415,1aeb700e7cdf7ed84958c4b77b681cfdd2d2eedec289dbc651e013ededc94b65d4f033d519406859c42123da5ab279cf1adb1f179a96135d10470e1f2169bf8b,06/27/2020 11:28:00 AM,2,DRIVER,,860343,,NISSAN,SENTRA,IL,2017,UNKNOWN,PASSENGER,PERSONAL,S,STRAIGHT AHEAD,,,1,,,,,,,,,,,,,,,Y,Y,,FRONT,,,,,,,,,,,,,,,,,,,,,,,,,,,,,,,,,
906634,f99efea8bc3e9921f8a3483b30b8ea6d05434529fa5d666af2967a9269793516d913156a4fa5380d72939d9b700ba0f817bd61f5fdf41aaea2bc8fa18b40e430,06/26/2020 11:00:00 AM,2,DRIVER,,859675,N,GENERAL MOTORS CORPORATION (GMC),TRUCK,IL,2006,NONE,TRUCK - SINGLE UNIT,CONSTRUCTION/MAINTENANCE,E,STRAIGHT AHEAD,,,1,,,,,,,,,,,Y,,,,,,,REAR-LEFT-CORNER,,,,,,,,,,,,,,,,,,,,,,,,,,,,,,,,,
906639,f99efea8bc3e9921f8a3483b30b8ea6d05434529fa5d666af2967a9269793516d913156a4fa5380d72939d9b700ba0f817bd61f5fdf41aaea2bc8fa18b40e430,06/26/2020 11:00:00 AM,1,DRIVER,2,859666,,TOYOTA,SIENNA,IL,2014,UNKNOWN,VAN/MINI-VAN,PERSONAL,E,PASSING/OVERTAKING,,,3,,,,,Y,,,,,,,,,,,,,FRONT-RIGHT-CORNER,,,,,,,,,,,,,,,,,,,,,,,,,,,,,,,,,
903564,39bb58b700d85d1baef78b54094bd175b45083938a036ba487981d635bfebc0c8c1d443ea567364c74c2221d27acd4c2930a45fdd20bbfd4a5efea8669d8b29f,06/21/2020 01:40:00 AM,1,DRIVER,,856778,,INFINITI,G35,IL,2005,UNKNOWN,PASSENGER,PERSONAL,S,STRAIGHT AHEAD,,,1,,,,,Y,,,,,,,,,,Y,Y,,FRONT-LEFT-CORNER,,,,,,,,,,,,,,,,,,,,,,,,,,,,,,,,,
903565,39bb58b700d85d1baef78b54094bd175b45083938a036ba487981d635bfebc0c8c1d443ea567364c74c2221d27acd4c2930a45fdd20bbfd4a5efea8669d8b29f,06/21/2020 01:40:00 AM,2,PARKED,,856782,,FORD,ESCAPE,IL,2013,NONE,PASSENGER,PERSONAL,N,PARKED,Y,,0,,PRIVATE TOW,,,,,,,,,,,Y,Y,Y,Y,,FRONT,,,,,,,,,,,,,,,,,,,,,,,,,,,,,,,,,
903566,39bb58b700d85d1baef78b54094bd175b45083938a036ba487981d635bfebc0c8c1d443ea567364c74c2221d27acd4c2930a45fdd20bbfd4a5efea8669d8b29f,06/21/2020 01:40:00 AM,3,PARKED,,856785,,CHEVROLET,EQUINOX,IL,2006,NONE,PASSENGER,PERSONAL,N,PARKED,Y,,0,,PRIVATE,,,Y,,,,,,,,Y,Y,Y,Y,,FRONT,,,,,,,,,,,,,,,,,,,,,,,,,,,,,,,,,