CRASH_UNIT_ID,CRASH_RECORD_ID,CRASH_DATE,UNIT_NO,UNIT_TYPE,NUM_PASSENGERS,VEHICLE_ID,CMRC_VEH_I,MAKE,MODEL,LIC_PLATE_STATE,VEHICLE_YEAR,VEHICLE_DEFECT,VEHICLE_TYPE,VEHICLE_USE,TRAVEL_DIRECTION,MANEUVER,TOWED_I,FIRE_I,OCCUPANT_CNT,EXCEED_SPEED_LIMIT_I,TOWED_BY,TOWED_TO,AREA_00_I,AREA_01_I,AREA_02_I,AREA_03_I,AREA_04_I,AREA_05_I,AREA_06_I,AREA_07_I,AREA_08_I,AREA_09_I,AREA_10_I,AREA_11_I,AREA_12_I,AREA_99_I,FIRST_CONTACT_POINT,CMV_ID,USDOT_NO,CCMC_NO,ILCC_NO,COMMERCIAL_SRC,GVWR,CARRIER_NAME,CARRIER_STATE,CARRIER_CITY,HAZMAT_PLACARDS_I,HAZMAT_NAME,UN_NO,HAZMAT_PRESENT_I,HAZMAT_REPORT_I,HAZMAT_REPORT_NO,MCS_REPORT_I,MCS_REPORT_NO,HAZMAT_VIO_CAUSE_CRASH_I,MCS_VIO_CAUSE_CRASH_I,IDOT_PERMIT_NO,WIDE_LOAD_I,TRAILER1_WIDTH,TRAILER2_WIDTH,TRAILER1_LENGTH,TRAILER2_LENGTH,TOTAL_VEHICLE_LENGTH,AXLE_CNT,VEHICLE_CONFIG,CARGO_BODY_TYPE,LOAD_TYPE,HAZMAT_OUT_OF_SERVICE_I,MCS_OUT_OF_SERVICE_I,HAZMAT_CLASS
902307,d76ccfaa951e3f295926ce3c1f15f0d56b95991869d6b664eb7002e0996ee6fe1c3b0686d806dc00393d1601134784f1eb355e1349e3c9263069d536f66183ee,06/19/2020 01:30:00 PM,1,DRIVER,,855565,,FORD,FIESTA,IL,2015,NONE,PASSENGER,PERSONAL,N,OTHER,,,1,,,,,Y,,,,,,,,,,,,,FRONT-RIGHT-CORNER,,,,,,,,,,,,,,,,,,,,,,,,,,,,,,,,,
902308,d76ccfaa951e3f295926ce3c1f15f0d56b95991869d6b664eb7002e0996ee6fe1c3b0686d806dc00393d1601134784f1eb355e1349e3c9263069d536f66183ee,06/19/2020 01:30:00 PM,2,DRIVER,,855572,,TOYOTA,RAV4,IL,2015,NONE,PASSENGER,PERSONAL,N,STRAIGHT AHEAD,,,1,,,,,,,,,,,Y,,,,,,,REAR-LEFT-CORNER,,,,,,,,,,,,,,,,,,,,,,,,,,,,,,,,,
901627,4062572bdaa1020650a4899ae06240572fbcee1242d386fb700a931f994ac47855ce9a65d8435e70159f7a118073d108e06d7fc55f8122a784c0fc570fd229ea,06/18/2020 11:20:00 AM,1,DRIVER,,855044,,NISSAN,ALTIMA,IL,2018,NONE,PASSENGER,AMBULANCE,N,STRAIGHT AHEAD,,,1,,,,Y,,,,,,,,,,Y,,,,FRONT-LEFT-CORNER,,,,,,,,,,,,,,,,,,,,,,,,,,,,,,,,,
901637,4062572bdaa1020650a4899ae06240572fbcee1242d386fb700a931f994ac47855ce9a65d8435e70159f7a118073d108e06d7fc55f8122a784c0fc570fd229ea,06/18/2020 11:20:00 AM,1,DRIVER,,855369,,NISSAN,ALTIMA,IL,2018,NONE,PASSENGER,PERSONAL,N,STRAIGHT AHEAD,,,1,,,,Y,,,,,,,,,,,,,,SIDE-LEFT,,,,,,,,,,,,,,,,,,,,,,,,,,,,,,,,,
901647,4062572bdaa1020650a4899ae06240572fbcee1242d386fb700a931f994ac47855ce9a65d8435e70159f7a118073d108e06d7fc55f8122a784c0fc570fd229ea,06/18/2020 11:20:00 AM,2,PEDESTRIAN,,,,,,,,,,,,,,,,,,,,,,,,,,,,,,,,,,,,,,,,,,,,,,,,,,,,,,,,,,,,,,,,,,
901542,6365a7bbb7005eea2895a8aa941334948bd48e91c27cbb68cc45dcfc3a45df2a6cb77a9355ee7e04772eb2fb258a138164f66b063d0527a76141b22c9bbe31a8,06/17/2020 07:00:00 PM,1,DRIVER,,854861,,UNKNOWN,OTHER (EXPLAIN IN NARRATIVE),IL,,UNKNOWN,UNKNOWN/NA,UNKNOWN/NA,S,STRAIGHT AHEAD,,,1,,,,,,,,,,,,,,,,,Y,UNKNOWN,,,,,,,,,,,,,,,,,,,,,,,,,,,,,,,,,
901543,6365a7bbb7005eea2895a8aa941334948bd48e91c27cbb68cc45dcfc3a45df2a6cb77a9355ee7e04772eb2fb258a138164f66b063d0527a76141b22c9bbe31a8,06/17/2020 07:00:00 PM,2,PARKED,,854862,,LEXUS,GS460,IL,2017,NONE,PASSENGER,PERSONAL,S,PARKED,,,0,,,,,,,,,,,,,,N,Y,Y,,FRONT,,,,,,,,,,,,,,,,,,,,,,,,,,,,,,,,,
899566,ece4f6d719de586d06a7ef4dde022b17043a2529811bbbc5552fb7009041b4d6ed7c92d8fc519842655ec901542ad8845596ca73de0243bc520a4684f88756da,06/14/2020 10:35:00 AM,1,DRIVER,,852984,,CHEVROLET,SUBURBAN,IL,2000,NONE,SPORT UTILITY VEHICLE (SUV),PERSONAL,S,ENTERING TRAFFIC LANE FROM PARKING,,,1,,,,,,,,,,,,,,N,Y,,,FRONT-LEFT-CORNER,,,,,,,,,,,,,,,,,,,,,,,,,,,,,,,,,
899567,ece4f6d719de586d06a7ef4dde022b17043a2529811bbbc5552fb7009041b4d6ed7c92d8fc519842655ec901542ad8845596ca73de0243bc520a4684f88756da,06/14/2020 10:35:00 AM,2,DRIVER,,852986,,HONDA,CIVIC,IL,2019,NONE,PASSENGER,PERSONAL,S,STRAIGHT AHEAD,,,1,,,,,Y,Y,Y,Y,Y,,,,,,,,,FRONT-RIGHT-CORNER,,,,,,,,,,,,,,,,,,,,,,,,,,,,,,,,,
897286,759897a44a310876619e6dcd3f733407379b70074a6adfc9f46cf6c6fa7cc1652d6641727ab1464b7a4ae38d702249f7d5d980eaad5dcd2826321edf049a6902,06/10/2020 12:10:00 PM,1,PARKED,1,850793,,ACURA,CL,IL,2007,UNKNOWN,PASSENGER,NOT IN USE,E,PARKED,,,1,,,,,,,,,,,,,Y,,,,,SIDE-LEFT,,,,,,,,,,,,,,,,,,,,,,,,,,,,,,,,,
897287,759897a44a310876619e6dcd3f733407379b70074a6adfc9f46cf6c6fa7cc1652d6641727ab1464b7a4ae38d702249f7d5d980eaad5dcd2826321edf049a6902,06/10/2020 12:10:00 PM,2,DRIVER,,850802,,HONDA,CR-V,GA,2010,NONE,SPORT UTILITY VEHICLE (SUV),PERSONAL,E,STRAIGHT AHEAD,,,1,,,,,Y,,,,,,,,,,,,,FRONT-RIGHT-CORNER,,,,,,,,,,,,,,,,,,,,,,,,,,,,,,,,,
894873,d53f75dec0fb21de03c86b03cda501104e9c42a553e3de2ebecab7003a6366c77e88256ce686828ba099a21fd7196907d598199549f8fdf8eef4a3bbf315687d,06/05/2020 12:30:00 PM,1,DRIVER,,848725,,UNKNOWN,OTHER (EXPLAIN IN NARRATIVE),,,UNKNOWN,UNKNOWN/NA,UNKNOWN/NA,UNKNOWN,UNKNOWN/NA,,,1,,,,,,,,,,,,,,,,,Y,UNKNOWN,,,,,,,,,,,,,,,,,,,,,,,,,,,,,,,,,
894874,d53f75dec0fb21de03c86b03cda501104e9c42a553e3de2ebecab7003a6366c77e88256ce686828ba099a21fd7196907d598199549f8fdf8eef4a3bbf315687d,06/05/2020 12:30:00 PM,2,PARKED,,848728,,FORD,ECONOLINE E150,IL,2020,NONE,PICKUP,PERSONAL,N,PARKED,,,0,,,,,Y,,,,,,,,,,Y,Y,,TOTAL (ALL AREAS),,,,,,,,,,,,,,,,,,,,,,,,,,,,,,,,,
897378,eb57c2f5181906fb5f771af727ff34ead63f2aabfdf273d32284af9032de2dd4010a6ae8470f965e3b716c462a04b26a55b700bf10f3f84556b5f397f44cfdcb,06/04/2020 03:00:00 PM,1,DRIVER,,850886,,UNKNOWN,OTHER (EXPLAIN IN NARRATIVE),,,UNKNOWN,UNKNOWN/NA,UNKNOWN/NA,UNKNOWN,UNKNOWN/NA,,,1,,,,,,,,,,,,,,,,,Y,UNKNOWN,,,,,,,,,,,,,,,,,,,,,,,,,,,,,,,,,
897379,eb57c2f5181906fb5f771af727ff34ead63f2aabfdf273d32284af9032de2dd4010a6ae8470f965e3b716c462a04b26a55b700bf10f3f84556b5f397f44cfdcb,06/04/2020 03:00:00 PM,2,PARKED,,850894,,FORD,FUSION,IL,2014,NONE,PASSENGER,PERSONAL,E,PARKED,,,0,,,,,,,,,,,Y,Y,,,,,,SIDE-LEFT-REAR,,,,,,,,,,,,,,,,,,,,,,,,,,,,,,,,,
894098,cb700971336a272fe38cbadc13361b1b8da50488cb0137aa1dd0f771f6dbe9581df704350f470742c40168a3d6545e22ef7500cb4e2de3324103f71b3bca00de,06/02/2020 09:30:00 PM,2,PEDESTRIAN,,,,,,,,,,,,,,,,,,,,,,,,,,,,,,,,,,,,,,,,,,,,,,,,,,,,,,,,,,,,,,,,,,
894104,cb700971336a272fe38cbadc13361b1b8da50488cb0137aa1dd0f771f6dbe9581df704350f470742c40168a3d6545e22ef7500cb4e2de3324103f71b3bca00de,06/02/2020 09:30:00 PM,1,DRIVER,,848013,,UNKNOWN,OTHER (EXPLAIN IN NARRATIVE),,,UNKNOWN,UNKNOWN/NA,UNKNOWN/NA,S,UNKNOWN/NA,,,1,,,,,,,,,,,,,,,,,Y,UNKNOWN,,,,,,,,,,,,,,,,,,,,,,,,,,,,,,,,,
913041,1c4c4ba9fc653fb70094b328be365e23dbcfe94b9a473a33bec31cb4ef828c8fa64c0744e6e7c97763def552744a7713bcf7d3fd2fb24e1433a2667a485d7489,06/02/2020 02:45:00 PM,1,DRIVER,,865612,,DODGE,DURANGO,IL,1999,NONE,SPORT UTILITY VEHICLE (SUV),PERSONAL,E,STRAIGHT AHEAD,,,1,,,,,,,,,,,,,,Y,Y,Y,,FRONT-LEFT-CORNER,,,,,,,,,,,,,,,,,,,,,,,,,,,,,,,,,
913042,1c4c4ba9fc653fb70094b328be365e23dbcfe94b9a473a33bec31cb4ef828c8fa64c0744e6e7c97763def552744a7713bcf7d3fd2fb24e1433a2667a485d7489,06/02/2020 02:45:00 PM,2,DRIVER,,865620,,CHEVROLET,EXPRESS,IL,2009,NONE,VAN/MINI-VAN,PERSONAL,N,SLOW/STOP IN TRAFFIC,,,1,,,,,,,,,,Y,Y,Y,,,,,,SIDE-LEFT-REAR,,,,,,,,,,,,,,,,,,,,,,,,,,,,,,,,,
892653,0d17a7453d200ea09f7153daef64cf50a1a8b70001b59c8e0dfde5d6e6d46bba8595213fdc23cdf3f300752f26694d055e8a2e7da9dab46c203a1019dc3e48c2,06/01/2020 09:15:00 PM,1,DRIVER,,846680,,UNKNOWN,OTHER (EXPLAIN IN NARRATIVE),,,OTHER,UNKNOWN/NA,UNKNOWN/NA,UNKNOWN,UNKNOWN/NA,,,1,,,,,,,,,,,,,,,,,Y,UNKNOWN,,,,,,,,,,,,,,,,,,,,,,,,,,,,,,,,,
892654,0d17a7453d200ea09f7153daef64cf50a1a8b70001b59c8e0dfde5d6e6d46bba8595213fdc23cdf3f300752f26694d055e8a2e7da9dab46c203a1019dc3e48c2,06/01/2020 09:15:00 PM,2,DRIVER,,846682,,DODGE,CHALLENGER,OH,2019,NONE,PASSENGER,PERSONAL,E,TURNING RIGHT,,,1,,,,,,,,,Y,Y,,,,,,,,REAR,,,,,,,,,,,,,,,,,,,,,,,,,,,,,,,,,
890743,663af6e534eeda65f4e89b700c5df95294338abb3a8ae5a4a1132544737d034d970c3008cb8b3c63bd21a2075235726ff549de038a5551e90038f821d1da58de,05/28/2020 03:30:00 PM,1,DRIVER,,844947,,KIA,OPTIMA / K5,IL,2017,NONE,PASSENGER,PERSONAL,N,STRAIGHT AHEAD,,,1,,,,,Y,,,,,,,,,,Y,Y,,FRONT,,,,,,,,,,,,,,,,,,,,,,,,,,,,,,,,,
887929,a4e035404417a756dad400726f2988271d0a6448e489b7a260f50436e6a6c6d39663e5f5e75989fcf852d77c570c834da7ebd9913a5cd6b70098c13efd6bc141,05/23/2020 05:30:00 PM,1,DRIVER,,842296,,CHEVROLET,TAHOE,,2005,UNKNOWN,UNKNOWN/NA,UNKNOWN/NA,N,UNKNOWN/NA,,,1,,,,,,,,,,,,,,,,,Y,FRONT-RIGHT-CORNER,,,,,,,,,,,,,,,,,,,,,,,,,,,,,,,,,
887930,a4e035404417a756dad400726f2988271d0a6448e489b7a260f50436e6a6c6d39663e5f5e75989fcf852d77c570c834da7ebd9913a5cd6b70098c13efd6bc141,05/23/2020 05:30:00 PM,2,PARKED,,842297,,HONDA,ODYSSEY,IL,2001,NONE,PASSENGER,PERSONAL,UNKNOWN,PARKED,,,0,,,,,,,,,,,Y,,,,,Y,,REAR-LEFT-CORNER,,,,,,,,,,,,,,,,,,,,,,,,,,,,,,,,,
887931,a4e035404417a756dad400726f2988271d0a6448e489b7a260f50436e6a6c6d39663e5f5e75989fcf852d77c570c834da7ebd9913a5cd6b70098c13efd6bc141,05/23/2020 05:30:00 PM,3,PARKED,,842302,,TOYOTA,COROLLA,IL,2004,NONE,PASSENGER,PERSONAL,UNKNOWN,PARKED,,,0,,,,,,,,,,Y,Y,Y,Y,,Y,,,REAR-LEFT-CORNER,,,,,,,,,,,,,,,,,,,,,,,,,,,,,,,,,
887932,a4e035404417a756dad400726f2988271d0a6448e489b7a260f50436e6a6c6d39663e5f5e75989fcf852d77c570c834da7ebd9913a5cd6b70098c13efd6bc141,05/23/2020 05:30:00 PM,4,PARKED,,842305,,MITSUBISHI,LANCER,IL,2011,NONE,PASSENGER,PERSONAL,UNKNOWN,PARKED,,,0,,,,,,,,,,,,Y,Y,Y,,,,SIDE-LEFT,,,,,,,,,,,,,,,,,,,,,,,,,,,,,,,,,
887933,a4e035404417a756dad400726f2988271d0a6448e489b7a260f50436e6a6c6d39663e5f5e75989fcf852d77c570c834da7ebd9913a5cd6b70098c13efd6bc141,05/23/2020 05:30:00 PM,5,PARKED,,842311,,CHEVROLET,SILVERADO,IL,1999,NONE,PASSENGER,PERSONAL,UNKNOWN,UNKNOWN/NA,,,0,,,,,,,,,,Y,Y,Y,Y,Y,Y,,,REAR-LEFT-CORNER,,,,,,,,,,,,,,,,,,,,,,,,,,,,,,,,,
887516,897dad218aea6819c9d7f5816b47a42a92afceb8e88acbd0d2ea124049eb70044b6dc2d3a0bd0b824b0ee6c33fa76f45987825154f8dcc90e816e1829c0ac168,05/23/2020 01:30:00 AM,1,DRIVER,,841925,,TOYOTA,SOLARA,IL,2000,UNKNOWN,PASSENGER,UNKNOWN/NA,E,UNKNOWN/NA,Y,,1,,,,,Y,,,,,,Y,,,,Y,Y,,FRONT,,,,,,,,,,,,,,,,,,,,,,,,,,,,,,,,,
887517,897dad218aea6819c9d7f5816b47a42a92afceb8e88acbd0d2ea124049eb70044b6dc2d3a0bd0b824b0ee6c33fa76f45987825154f8dcc90e816e1829c0ac168,05/23/2020 01:30:00 AM,2,DRIVER,,841933,,CHEVROLET,CRUZE,IL,2018,UNKNOWN,PASSENGER,UNKNOWN/NA,W,UNKNOWN/NA,,,1,,,,,Y,,,,,,,,,,Y,Y,,FRONT,,,,,,,,,,,,,,,,,,,,,,,,,,,,,,,,,
887391,adecef08529f8b700d5633f178da99676886a216e18cec7470955c02ed7c18f9642830d25a921d12eaf369af59e275e63c9890107ccfeb7f728f66c625b0ac4f,05/22/2020 07:05:00 PM,1,DRIVER,,841818,,VOLKSWAGEN,GTI,IL,2013,NONE,PASSENGER,PERSONAL,N,STRAIGHT AHEAD,,,1,,,,,,,,,,,,,,,,Y,,FRONT,,,,,,,,,,,,,,,,,,,,,,,,,,,,,,,,,
887392,adecef08529f8b700d5633f178da99676886a216e18cec7470955c02ed7c18f9642830d25a921d12eaf369af59e275e63c9890107ccfeb7f728f66c625b0ac4f,05/22/2020 07:05:00 PM,2,BICYCLE,,,,,,,,,,,,,,,,,,,,,,,,,,,,,,,,,,,,,,,,,,,,,,,,,,,,,,,,,,,,,,,,,,
886963,c88cf53e714bc4e7869f4d6e10b9e595dbecc59d72d316aa42c0d717e529be4051aa0a4843276f0c6b4c26ac501907e2a1f037b700d1e4319311173c19bf48a2,05/21/2020 11:10:00 PM,1,DRIVER,3,841411,,CHEVROLET,MALIBU,IL,2009,UNKNOWN,PASSENGER,PERSONAL,E,DRIVING WRONG WAY,Y,,4,,streets and sanation,,,,,,,,,,,,,,Y,,FRONT,,,,,,,,,,,,,,,,,,,,,,,,,,,,,,,,,
886277,e0d2b70040650b7fb2eb4611d7b2f883035ff70426742c62ff19de34f0d962ed35d5ac252350316822c132dba417532bff7137fd20dacd351aa924bf5e42d3e1,05/20/2020 11:34:00 AM,1,DRIVER,1,840762,,TOYOTA,AVALON,IL,2006,NONE,PASSENGER,OTHER,N,STRAIGHT AHEAD,,,2,,,,,Y,Y,,,,,,,,,Y,Y,,FRONT,,,,,,,,,,,,,,,,,,,,,,,,,,,,,,,,,
885384,d0b7006373c36a6c37ad22c62b3fd41314eee1868b981abaef9a676369a3f463f271e81ac4ba892ee2edc3f3b1a6bb2c69ad63532839696e8f7ebb32b54d2fbd,05/18/2020 10:50:00 AM,1,DRIVER,,839919,,CHEVROLET,HHR,IN,2006,OTHER,PASSENGER,PERSONAL,W,STRAIGHT AHEAD,,,1,,,,,Y,,,,,,,,,,,Y,,FRONT-RIGHT-CORNER,,,,,,,,,,,,,,,,,,,,,,,,,,,,,,,,,
885385,d0b7006373c36a6c37ad22c62b3fd41314eee1868b981abaef9a676369a3f463f271e81ac4ba892ee2edc3f3b1a6bb2c69ad63532839696e8f7ebb32b54d2fbd,05/18/2020 10:50:00 AM,2,DRIVER,,839921,,TOYOTA,AVALON,IL,2007,UNKNOWN,PASSENGER,PERSONAL,W,STRAIGHT AHEAD,,,1,,,,,,,,,,,,,,Y,Y,,,FRONT-LEFT-CORNER,,,,,,,,,,,,,,,,,,,,,,,,,,,,,,,,,
884180,03d307a28adbffced7daf4dbcea1ea4befaaa024eee8953390a39f23a3275b3ff363e531539f3b700be12bc50f20e17a86bf19ef9154cee865e80e752ede0eaa,05/15/2020 03:00:00 PM,1,DRIVER,,838797,,BUICK,PARK AVENUE,IL,1998,UNKNOWN,PASSENGER,UNKNOWN/NA,S,STRAIGHT AHEAD,Y,,1,,CITY TOW,,,Y,,,,,,,Y,Y,Y,Y,Y,,FRONT-RIGHT-CORNER,,,,,,,,,,,,,,,,,,,,,,,,,,,,,,,,,
884181,03d307a28adbffced7daf4dbcea1ea4befaaa024eee8953390a39f23a3275b3ff363e531539f3b700be12bc50f20e17a86bf19ef9154cee865e80e752ede0eaa,05/15/2020 03:00:00 PM,2,DRIVERLESS,,838801,,TOYOTA,COROLLA,IL,2001,UNKNOWN,PASSENGER,PERSONAL,S,PARKED,Y,,0,,CITY TOW,,,Y,Y,Y,Y,Y,Y,Y,Y,Y,Y,Y,Y,,REAR,,,,,,,,,,,,,,,,,,,,,,,,,,,,,,,,,
883243,b0875654bcf840f6015a1ab7006a6791e410c5580262cf432cd0508d8153a5f14e7f3257e4733920869dd6e8766a835be4af13a0b4bce7c8e6c98bd18e1e8d4b,05/13/2020 04:30:00 PM,1,DRIVER,,837914,,HONDA,OTHER (EXPLAIN IN NARRATIVE),IL,2000,UNKNOWN,SPORT UTILITY VEHICLE (SUV),PERSONAL,S,STRAIGHT AHEAD,,,1,,,,,,,,,,,,,,,,Y,,FRONT,,,,,,,,,,,,,,,,,,,,,,,,,,,,,,,,,
883244,b0875654bcf840f6015a1ab7006a6791e410c5580262cf432cd0508d8153a5f14e7f3257e4733920869dd6e8766a835be4af13a0b4bce7c8e6c98bd18e1e8d4b,05/13/2020 04:30:00 PM,2,DRIVER,3,837921,,TOYOTA,CAMRY,IL,1999,NONE,PASSENGER,PERSONAL,S,SLOW/STOP IN TRAFFIC,,,4,,,,,,,,,,Y,,,,,,,,REAR,,,,,,,,,,,,,,,,,,,,,,,,,,,,,,,,,
882580,aea65b39e74007d614f56077306574f323d41689166317fca86f971dc25994b7004ab6081d0a83a85241d1a3035cf9616d0e2db8bf1965c4846a0d5d3a96dc66,05/11/2020 10:30:00 PM,1,DRIVER,,837283,,UNKNOWN,MOTORIZED,IL,,UNKNOWN,UNKNOWN/NA,UNKNOWN/NA,S,UNKNOWN/NA,,,1,,,,,,Y,,,,,,,,,,,,SIDE-RIGHT-FRONT,,,,,,,,,,,,,,,,,,,,,,,,,,,,,,,,,
882581,aea65b39e74007d614f56077306574f323d41689166317fca86f971dc25994b7004ab6081d0a83a85241d1a3035cf9616d0e2db8bf1965c4846a0d5d3a96dc66,05/11/2020 10:30:00 PM,2,PARKED,,837284,,TOYOTA,RAV4,IL,2018,NONE,PASSENGER,PERSONAL,S,PARKED,,,0,,,,,,,,,,,Y,,,,,,,REAR-LEFT-CORNER,,,,,,,,,,,,,,,,,,,,,,,,,,,,,,,,,
880669,ad04e5e314539f882d3fbe9bd88aa3d58a2311b70091e3add6a615e1ea7e712ea19f301829d28b3e28e19c43bbaee1ff35ad4ffee212cd6f409f947cf3162b8e,05/07/2020 03:20:00 PM,1,DRIVER,,835508,,BUICK,ENCLAVE,IL,2012,NONE,PASSENGER,PERSONAL,W,TURNING LEFT,Y,,1,,OWNER,,,Y,,,,,,,,,,,Y,,FRONT-RIGHT-CORNER,,,,,,,,,,,,,,,,,,,,,,,,,,,,,,,,,
880670,ad04e5e314539f882d3fbe9bd88aa3d58a2311b70091e3add6a615e1ea7e712ea19f301829d28b3e28e19c43bbaee1ff35ad4ffee212cd6f409f947cf3162b8e,05/07/2020 03:20:00 PM,2,DRIVER,,835510,,ISUZU,TRUCK,IL,2015,NONE,TRUCK - SINGLE UNIT,OTHER,W,TURNING LEFT,,,1,,,,,,,,,,Y,Y,N,,,,,,REAR-LEFT-CORNER,,,,,,,,,,,,,,,,,,,,,,,,,,,,,,,,,
879064,97cb6c586059732c7c199e5459281eabf80d454cf533cef933c0fbbfcadbfd52b93168cab700e668d4856c2553b3b6572702749e2e031c8924e71fdce948d98d,05/03/2020 08:07:00 PM,1,DRIVER,,833963,,JEEP,COMMANDER,IL,2006,STEERING,SPORT UTILITY VEHICLE (SUV),PERSONAL,S,STRAIGHT AHEAD,,,1,,,,,Y,,,,,,,,,,Y,Y,,FRONT,,,,,,,,,,,,,,,,,,,,,,,,,,,,,,,,,
879065,97cb6c586059732c7c199e5459281eabf80d454cf533cef933c0fbbfcadbfd52b93168cab700e668d4856c2553b3b6572702749e2e031c8924e71fdce948d98d,05/03/2020 08:07:00 PM,2,PARKED,,833964,,TOYOTA,AVALON,IL,1998,NONE,PASSENGER,NOT IN USE,E,PARKED,,,0,,,,,,,,,Y,,,Y,,,,,,REAR-LEFT-CORNER,,,,,,,,,,,,,,,,,,,,,,,,,,,,,,,,,
875485,34f7de929b12808e27355c1a01d483dca6436c0895365a4b43cbc1b74a7fb70018f643cc0696a896ab348e2e09c0771beddeb645abddc8df6e7e777b14df589d,04/25/2020 01:25:00 AM,1,DRIVER,,830601,,GENERAL MOTORS CORPORATION (GMC),OTHER (EXPLAIN IN NARRATIVE),IL,2012,NONE,PASSENGER,PERSONAL,NW,STRAIGHT AHEAD,,,1,,,,,,,,,,,,,,,,,Y,UNKNOWN,,,,,,,,,,,,,,,,,,,,,,,,,,,,,,,,,
875486,34f7de929b12808e27355c1a01d483dca6436c0895365a4b43cbc1b74a7fb70018f643cc0696a896ab348e2e09c0771beddeb645abddc8df6e7e777b14df589d,04/25/2020 01:25:00 AM,2,DRIVER,,830607,,TOYOTA,CAMRY,IL,2014,NONE,PASSENGER,PERSONAL,NW,STRAIGHT AHEAD,,,1,,,,,,,,,,,Y,Y,,,,,,REAR-LEFT-CORNER,,,,,,,,,,,,,,,,,,,,,,,,,,,,,,,,,
875466,cbf4dd693176676e6ee861ddfd12607a2322861b755478db51e7df31c31df3b700be379462c2e1ddf0f6eb0d3272a6208341e74fb25fba5f4e56c0e8c6041b3b,04/24/2020 11:15:00 PM,1,DRIVER,,830579,,NISSAN,OTHER (EXPLAIN IN NARRATIVE),IL,2020,NONE,PASSENGER,UNKNOWN/NA,W,TURNING LEFT,,,1,,,,,,,,,,,,,,,,Y,,FRONT,,,,,,,,,,,,,,,,,,,,,,,,,,,,,,,,,
875467,cbf4dd693176676e6ee861ddfd12607a2322861b755478db51e7df31c31df3b700be379462c2e1ddf0f6eb0d3272a6208341e74fb25fba5f4e56c0e8c6041b3b,04/24/2020 11:15:00 PM,2,DRIVER,,830582,,TOYOTA,SIENNA,IL,2004,NONE,VAN/MINI-VAN,PERSONAL,S,STRAIGHT AHEAD,,,1,,,,,,,,,,,,,Y,Y,Y,,,SIDE-LEFT,,,,,,,,,,,,,,,,,,,,,,,,,,,,,,,,,
882158,cbf4dd693176676e6ee861ddfd12607a2322861b755478db51e7df31c31df3b700be379462c2e1ddf0f6eb0d3272a6208341e74fb25fba5f4e56c0e8c6041b3b,04/24/2020 11:15:00 PM,1,DRIVER,,836880,,NISSAN,OTHER (EXPLAIN IN NARRATIVE),IL,2020,NONE,PASSENGER,UNKNOWN/NA,W,TURNING LEFT,,,1,,,,,,,,,,,,,,,,Y,,FRONT,,,,,,,,,,,,,,,,,,,,,,,,,,,,,,,,,
882159,cbf4dd693176676e6ee861ddfd12607a2322861b755478db51e7df31c31df3b700be379462c2e1ddf0f6eb0d3272a6208341e74fb25fba5f4e56c0e8c6041b3b,04/24/2020 11:15:00 PM,2,DRIVER,2,836881,,TOYOTA,SIENNA,IL,2004,NONE,VAN/MINI-VAN,PERSONAL,S,STRAIGHT AHEAD,,,3,,,,,,,,,,,,,Y,Y,Y,,,SIDE-LEFT,,,,,,,,,,,,,,,,,,,,,,,,,,,,,,,,,
873703,7f88b47c7b803936270146fee04ffdb3ee461b4b659c5e87ea3767ed1d30bee68892d4dd025c80b43dae8a9d140b700d4a78de034ebc9ae09487c3c04f3261bd,04/19/2020 03:50:00 PM,1,DRIVER,,828917,,TOYOTA,CAMRY,IL,2020,UNKNOWN,PASSENGER,PERSONAL,N,STRAIGHT AHEAD,Y,,1,,,,,Y,,,,,,Y,Y,Y,Y,Y,Y,,FRONT,,,,,,,,,,,,,,,,,,,,,,,,,,,,,,,,,
873704,7f88b47c7b803936270146fee04ffdb3ee461b4b659c5e87ea3767ed1d30bee68892d4dd025c80b43dae8a9d140b700d4a78de034ebc9ae09487c3c04f3261bd,04/19/2020 03:50:00 PM,2,DRIVER,1,828923,,CHEVROLET,CRUZE,IL,2017,NONE,PASSENGER,PERSONAL,N,STRAIGHT AHEAD,Y,,2,,,,,Y,,,,Y,Y,Y,,,,Y,Y,,REAR,,,,,,,,,,,,,,,,,,,,,,,,,,,,,,,,,
873705,7f88b47c7b803936270146fee04ffdb3ee461b4b659c5e87ea3767ed1d30bee68892d4dd025c80b43dae8a9d140b700d4a78de034ebc9ae09487c3c04f3261bd,04/19/2020 03:50:00 PM,4,PARKED,,828925,,BUICK,OTHER (EXPLAIN IN NARRATIVE),IL,2001,NONE,PASSENGER,PERSONAL,N,PARKED,,,0,,,,,Y,Y,Y,Y,Y,,,,,,,,,SIDE-RIGHT,,,,,,,,,,,,,,,,,,,,,,,,,,,,,,,,,
873706,7f88b47c7b803936270146fee04ffdb3ee461b4b659c5e87ea3767ed1d30bee68892d4dd025c80b43dae8a9d140b700d4a78de034ebc9ae09487c3c04f3261bd,04/19/2020 03:50:00 PM,3,PARKED,,828931,,FORD,FUSION,IL,2010,NONE,PASSENGER,PERSONAL,N,PARKED,,,0,,,,,Y,Y,Y,Y,Y,,,,,,,,,SIDE-RIGHT,,,,,,,,,,,,,,,,,,,,,,,,,,,,,,,,,