CRASH_UNIT_ID,CRASH_RECORD_ID,CRASH_DATE,UNIT_NO,UNIT_TYPE,NUM_PASSENGERS,VEHICLE_ID,CMRC_VEH_I,MAKE,MODEL,LIC_PLATE_STATE,VEHICLE_YEAR,VEHICLE_DEFECT,VEHICLE_TYPE,VEHICLE_USE,TRAVEL_DIRECTION,MANEUVER,TOWED_I,FIRE_I,OCCUPANT_CNT,EXCEED_SPEED_LIMIT_I,TOWED_BY,TOWED_TO,AREA_00_I,AREA_01_I,AREA_02_I,AREA_03_I,AREA_04_I,AREA_05_I,AREA_06_I,AREA_07_I,AREA_08_I,AREA_09_I,AREA_10_I,AREA_11_I,AREA_12_I,AREA_99_I,FIRST_CONTACT_POINT,CMV_ID,USDOT_NO,CCMC_NO,ILCC_NO,COMMERCIAL_SRC,GVWR,CARRIER_NAME,CARRIER_STATE,CARRIER_CITY,HAZMAT_PLACARDS_I,HAZMAT_NAME,UN_NO,HAZMAT_PRESENT_I,HAZMAT_REPORT_I,HAZMAT_REPORT_NO,MCS_REPORT_I,MCS_REPORT_NO,HAZMAT_VIO_CAUSE_CRASH_I,MCS_VIO_CAUSE_CRASH_I,IDOT_PERMIT_NO,WIDE_LOAD_I,TRAILER1_WIDTH,TRAILER2_WIDTH,TRAILER1_LENGTH,TRAILER2_LENGTH,TOTAL_VEHICLE_LENGTH,AXLE_CNT,VEHICLE_CONFIG,CARGO_BODY_TYPE,LOAD_TYPE,HAZMAT_OUT_OF_SERVICE_I,MCS_OUT_OF_SERVICE_I,HAZMAT_CLASS
872252,3e87ea70eedd593a3d2bcbed47c69d2f31b35dfa29d533b3f80033e2329d1b802e2afb9cf5c6b70065183a75f2f8bde51323293c46eca4a178f8aa7caeef663e,04/15/2020 12:40:00 PM,1,DRIVER,,827538,,UNKNOWN,MOTORIZED,,,UNKNOWN,UNKNOWN/NA,UNKNOWN/NA,UNKNOWN,UNKNOWN/NA,,,1,,,,,,,,,,,,,,,,,Y,FRONT,,,,,,,,,,,,,,,,,,,,,,,,,,,,,,,,,
872253,3e87ea70eedd593a3d2bcbed47c69d2f31b35dfa29d533b3f80033e2329d1b802e2afb9cf5c6b70065183a75f2f8bde51323293c46eca4a178f8aa7caeef663e,04/15/2020 12:40:00 PM,2,PARKED,,827542,,JEEP,PATRIOT,IL,2011,NONE,PASSENGER,NOT IN USE,N,PARKED,,,0,,,,,,,,,Y,Y,,,,,,,,REAR-RIGHT-CORNER,,,,,,,,,,,,,,,,,,,,,,,,,,,,,,,,,
869262,cb11a21efc30b9db68b70092aab6b2563153981a25364811e4abf31eeb91770e29501a79b0b8d0bd7e786dbe3885a62b43ad8d51d75c1ee302b2548ef2ac029a,04/04/2020 05:28:00 PM,1,DRIVER,,824751,,NISSAN,MURANO,IL,2015,NONE,PASSENGER,PERSONAL,E,STRAIGHT AHEAD,Y,,1,,private,unk,,Y,,,,,,,,,,Y,Y,Y,FRONT,,,,,,,,,,,,,,,,,,,,,,,,,,,,,,,,,
869263,cb11a21efc30b9db68b70092aab6b2563153981a25364811e4abf31eeb91770e29501a79b0b8d0bd7e786dbe3885a62b43ad8d51d75c1ee302b2548ef2ac029a,04/04/2020 05:28:00 PM,2,DRIVER,2,824753,,TOYOTA,COROLLA,IL,2020,NONE,PASSENGER,PERSONAL,S,STRAIGHT AHEAD,Y,,3,,city of chicago,doty,,Y,Y,Y,Y,Y,Y,Y,Y,Y,Y,,,,SIDE-RIGHT-REAR,,,,,,,,,,,,,,,,,,,,,,,,,,,,,,,,,
862242,225608d89028024211b70015e926d861403b3c25eca72e395e1ac66db4e1ecf5be336f0997a09ba1ea989bcde2ed5d5cc9f04a2082d9aeaf17d6e499afef267f,03/14/2020 11:00:00 PM,1,DRIVER,1,818180,,MERCEDES-BENZ,G-CLASS,IL,2013,NONE,SPORT UTILITY VEHICLE (SUV),PERSONAL,W,BACKING,,,2,,,,,,,,Y,Y,,,,,,,,,SIDE-RIGHT-REAR,,,,,,,,,,,,,,,,,,,,,,,,,,,,,,,,,
862243,225608d89028024211b70015e926d861403b3c25eca72e395e1ac66db4e1ecf5be336f0997a09ba1ea989bcde2ed5d5cc9f04a2082d9aeaf17d6e499afef267f,03/14/2020 11:00:00 PM,2,DRIVER,1,818183,,KIA,CADENZA,IL,2018,NONE,PASSENGER,RIDESHARE SERVICE,W,SLOW/STOP IN TRAFFIC,,,2,,,,,,,,,,,Y,Y,Y,Y,Y,,,SIDE-LEFT,,,,,,,,,,,,,,,,,,,,,,,,,,,,,,,,,
861833,f5fdc01b1c9162cf62d10080d932cf0cf28aeca3cce815f8f0bdc484db700f7e4850e8f7444618434e01872b44aac894090e8e859d12ee8be1e3d2fad03281da,03/14/2020 01:21:00 PM,1,DRIVER,,817788,,DODGE,MAGNUM,IL,2006,NONE,PASSENGER,PERSONAL,UNKNOWN,LEAVING TRAFFIC LANE TO PARK,,,1,,,,,,,,,,,,,,,,,Y,FRONT,,,,,,,,,,,,,,,,,,,,,,,,,,,,,,,,,
861834,f5fdc01b1c9162cf62d10080d932cf0cf28aeca3cce815f8f0bdc484db700f7e4850e8f7444618434e01872b44aac894090e8e859d12ee8be1e3d2fad03281da,03/14/2020 01:21:00 PM,2,PARKED,1,817791,,MERCEDES-BENZ,C300,IL,2017,NONE,PASSENGER,PERSONAL,UNKNOWN,PARKED,,,1,,,,,,Y,Y,,,,,,,,,,,SIDE-RIGHT,,,,,,,,,,,,,,,,,,,,,,,,,,,,,,,,,
859299,efa2ff7b8d2f9f1ea9c8c97ef07b700d5251f4eb1ca8279bdbe8204d77b86257bc4e0b61205882e9e01eca6ddfcff486436e061cd91027f2aceeddae01a005d0,03/10/2020 01:20:00 PM,1,DRIVER,,815384,,FORD,OTHER (EXPLAIN IN NARRATIVE),IL,2012,NONE,VAN/MINI-VAN,STATE OWNED,E,STRAIGHT AHEAD,,,1,,,,,Y,,,,,,,,,,,,,FRONT-RIGHT-CORNER,,,,,,,,,,,,,,,,,,,,,,,,,,,,,,,,,
859300,efa2ff7b8d2f9f1ea9c8c97ef07b700d5251f4eb1ca8279bdbe8204d77b86257bc4e0b61205882e9e01eca6ddfcff486436e061cd91027f2aceeddae01a005d0,03/10/2020 01:20:00 PM,2,PARKED,,815387,,NISSAN,OTHER (EXPLAIN IN NARRATIVE),IL,,UNKNOWN,SPORT UTILITY VEHICLE (SUV),UNKNOWN/NA,E,PARKED,,,0,,,,,,,,,,,,,,,,,Y,UNKNOWN,,,,,,,,,,,,,,,,,,,,,,,,,,,,,,,,,
857541,88b700449174ccb868575753d2f1fb99ca4586cbd342592a44386b1b1970b4bb1c2d564bf290f69a0dc7fc7e982eb7d0179c03e7c3b35219017e1a916c7f7c38,03/07/2020 07:45:00 PM,1,DRIVER,,813715,,BMW,OTHER (EXPLAIN IN NARRATIVE),IL,2013,UNKNOWN,PASSENGER,PERSONAL,E,STRAIGHT AHEAD,Y,,1,,,,,,,,,,,,,,Y,Y,,,FRONT-LEFT-CORNER,,,,,,,,,,,,,,,,,,,,,,,,,,,,,,,,,
857542,88b700449174ccb868575753d2f1fb99ca4586cbd342592a44386b1b1970b4bb1c2d564bf290f69a0dc7fc7e982eb7d0179c03e7c3b35219017e1a916c7f7c38,03/07/2020 07:45:00 PM,2,DRIVER,,813717,,NISSAN,OTHER (EXPLAIN IN NARRATIVE),MO,2017,UNKNOWN,PASSENGER,PERSONAL,S,TURNING LEFT,Y,,1,,,,,Y,Y,,,,,,,,,,,,FRONT-RIGHT-CORNER,,,,,,,,,,,,,,,,,,,,,,,,,,,,,,,,,
856577,6f11ffd0217cf3e1c7c968e86ac543a400478897cf0110bd978f5fb832fa407d7868541c1564b074f904b700dfce38784707e25da32b0e87fdf73cdbc63b24ec,03/06/2020 02:45:00 PM,1,DRIVER,1,812814,,TOYOTA,RAV4 (sport utility),IL,2017,NONE,SPORT UTILITY VEHICLE (SUV),PERSONAL,S,OTHER,,,2,,,,,,,,,,,,,Y,,,,,SIDE-LEFT-REAR,,,,,,,,,,,,,,,,,,,,,,,,,,,,,,,,,
856578,6f11ffd0217cf3e1c7c968e86ac543a400478897cf0110bd978f5fb832fa407d7868541c1564b074f904b700dfce38784707e25da32b0e87fdf73cdbc63b24ec,03/06/2020 02:45:00 PM,2,DRIVER,,812802,,HONDA,FIT,IL,2011,NONE,PASSENGER,PERSONAL,S,SLOW/STOP IN TRAFFIC,,,1,,,,,,Y,Y,,,,,,,,,,,SIDE-RIGHT-FRONT,,,,,,,,,,,,,,,,,,,,,,,,,,,,,,,,,
856567,381594662b5abb380b0673b700a3769677b552cb1d771e6f7c9dd9b0251ac2309c8b92814082d83f51f9b0c53fec6fda3e6881f04099a47d79696a51942f1f92,03/06/2020 01:18:00 PM,1,DRIVER,,812796,Y,"MACK TRUCKS, INC.","MACK TRUCKS, INC.",IL,2006,UNKNOWN,TRUCK - SINGLE UNIT,OTHER,NW,TURNING LEFT,Y,,1,,,,,,,,Y,,,,,,,,,,REAR-RIGHT-CORNER,9626,,,185669,SIDE OF TRUCK,3,RUDY DIAZ,IL,MELROSE PARK,,,,N,N,,U,,N,,,,,,,,,,"SINGLE UNIT TRUCK, 2 AXLES, 6 TIRES",DUMP,OTHER,N,N,
856568,381594662b5abb380b0673b700a3769677b552cb1d771e6f7c9dd9b0251ac2309c8b92814082d83f51f9b0c53fec6fda3e6881f04099a47d79696a51942f1f92,03/06/2020 01:18:00 PM,2,DRIVER,,812811,,FORD,FUSION,IL,2013,UNKNOWN,PASSENGER,PERSONAL,S,STRAIGHT AHEAD,,,1,,,,,Y,,,,,,,,,,Y,Y,,FRONT-RIGHT-CORNER,,,,,,,,,,,,,,,,,,,,,,,,,,,,,,,,,
854515,74d408fc497be739d2447dae7643f21c86a842bc0f07e7e9cecf51de354a89b568608fbde2a202eb700235244b57b2ef01693cdd38f0df8be5968bf08fd799ba,03/03/2020 11:18:00 AM,1,DRIVER,,810890,,UNKNOWN,UNKNOWN,IL,2006,NONE,TRUCK - SINGLE UNIT,COMMERCIAL - SINGLE UNIT,N,CHANGING LANES,,,1,,,,,,,,,Y,,,,,,,,,REAR-RIGHT-CORNER,,,,,,,,,,,,,,,,,,,,,,,,,,,,,,,,,
854516,74d408fc497be739d2447dae7643f21c86a842bc0f07e7e9cecf51de354a89b568608fbde2a202eb700235244b57b2ef01693cdd38f0df8be5968bf08fd799ba,03/03/2020 11:18:00 AM,2,DRIVER,1,810903,,"TOYOTA MOTOR COMPANY, LTD.",CAMRY,IL,,NONE,PASSENGER,PERSONAL,N,STRAIGHT AHEAD,,,2,,,,,,,,,,,,,,Y,Y,,,SIDE-LEFT,,,,,,,,,,,,,,,,,,,,,,,,,,,,,,,,,
854021,a09df6e24eb771026d065bd1e958be417e8332db120c7b3220ed2008464b9769e7ce8abcf77e8e074f5b87517eb70070f82e9cf97dfb506ddc92a7478cad8938,03/02/2020 04:58:00 PM,1,DRIVER,,810442,,NISSAN,Murano,IL,2013,NONE,SPORT UTILITY VEHICLE (SUV),UNKNOWN/NA,N,STRAIGHT AHEAD,,,1,,,,,,,,,,,,,,,,,,FRONT-RIGHT-CORNER,,,,,,,,,,,,,,,,,,,,,,,,,,,,,,,,,
854022,a09df6e24eb771026d065bd1e958be417e8332db120c7b3220ed2008464b9769e7ce8abcf77e8e074f5b87517eb70070f82e9cf97dfb506ddc92a7478cad8938,03/02/2020 04:58:00 PM,2,DRIVER,,810447,,KIA MOTORS CORP,Sedona,IL,2012,NONE,SPORT UTILITY VEHICLE (SUV),UNKNOWN/NA,N,SLOW/STOP IN TRAFFIC,,,1,,,,,,,,,,,Y,,,,,,,REAR-LEFT-CORNER,,,,,,,,,,,,,,,,,,,,,,,,,,,,,,,,,
852206,bb70084de202a37979d08f9936169f69b8e04f6e5168d57e3d4be39cd1939c6dd6b278138bb040665ee732114b49a54575e6711aa4747833c2a810c227fb3ba7,02/29/2020 04:56:00 AM,1,DRIVER,1,808743,,BUICK,LACROSSE,IL,2010,UNKNOWN,PASSENGER,PERSONAL,W,UNKNOWN/NA,Y,,2,,private tow,,,,,,,,,,,,Y,Y,Y,,SIDE-LEFT-FRONT,,,,,,,,,,,,,,,,,,,,,,,,,,,,,,,,,
852090,17d29f7733aaa6dc01e25b7001499e05bd5340086d8b322feb18bd7e8d6e55991290c12c4adc0cbe43b2b9c6b14f69653f2c6e870345f63116ac465abf08fef4,02/28/2020 05:47:00 PM,1,DRIVER,,808642,,GENERAL MOTORS CORP.,YUKON,IL,2002,UNKNOWN,OTHER,PERSONAL,S,STRAIGHT AHEAD,Y,,1,,cpd,doty rd,,Y,Y,Y,Y,,,,,,,Y,Y,,FRONT,,,,,,,,,,,,,,,,,,,,,,,,,,,,,,,,,
852091,17d29f7733aaa6dc01e25b7001499e05bd5340086d8b322feb18bd7e8d6e55991290c12c4adc0cbe43b2b9c6b14f69653f2c6e870345f63116ac465abf08fef4,02/28/2020 05:47:00 PM,2,PARKED,,808644,,PONTIAC,GRAND PRIX,IL,2007,UNKNOWN,PASSENGER,NOT IN USE,S,PARKED,Y,,0,,owner,,,Y,,,,Y,Y,Y,,,,Y,Y,,REAR,,,,,,,,,,,,,,,,,,,,,,,,,,,,,,,,,
852092,17d29f7733aaa6dc01e25b7001499e05bd5340086d8b322feb18bd7e8d6e55991290c12c4adc0cbe43b2b9c6b14f69653f2c6e870345f63116ac465abf08fef4,02/28/2020 05:47:00 PM,3,PARKED,,808649,,KIA MOTORS CORP,Optima,IL,2009,UNKNOWN,PASSENGER,NOT IN USE,S,PARKED,Y,,0,,owner,,,Y,,,,Y,Y,Y,,,,Y,Y,,REAR,,,,,,,,,,,,,,,,,,,,,,,,,,,,,,,,,
845687,1b568ba9a61e2c10c99c6a611e5448cf8ab13503511a2757f5f55622cc6765d3d53f957204a867cbd937dcce83b700f60b33f377643d83639ff10ba51f9a3aae,02/19/2020 08:14:00 AM,1,DRIVER,,802603,,"TOYOTA MOTOR COMPANY, LTD.",Prius,IL,2016,UNKNOWN,PASSENGER,RIDESHARE SERVICE,E,MERGING,,,1,,,,,,,,,,,,,,,,Y,,SIDE-RIGHT-FRONT,,,,,,,,,,,,,,,,,,,,,,,,,,,,,,,,,
845688,1b568ba9a61e2c10c99c6a611e5448cf8ab13503511a2757f5f55622cc6765d3d53f957204a867cbd937dcce83b700f60b33f377643d83639ff10ba51f9a3aae,02/19/2020 08:14:00 AM,2,DRIVER,,802610,,TESLA MOTORS,MODEL S,IL,2014,UNKNOWN,PASSENGER,PERSONAL,E,STRAIGHT AHEAD,,,1,,,,,,,,,,,,Y,Y,,,,,SIDE-LEFT,,,,,,,,,,,,,,,,,,,,,,,,,,,,,,,,,
843022,cf85abd16e602353d1ff95cf3f2428bb054c5db700886bf902284f5e5b1f92381cb21fd309534088a3c018e53f64f158c772555ab58bb7752defcfb85bc618df,02/15/2020 02:43:00 AM,1,DRIVER,,800019,,UNKNOWN,UNKNOWN,IL,,UNKNOWN,UNKNOWN/NA,UNKNOWN/NA,E,STRAIGHT AHEAD,,,1,,,,,,,,,,,,,,,,,Y,UNKNOWN,,,,,,,,,,,,,,,,,,,,,,,,,,,,,,,,,
843023,cf85abd16e602353d1ff95cf3f2428bb054c5db700886bf902284f5e5b1f92381cb21fd309534088a3c018e53f64f158c772555ab58bb7752defcfb85bc618df,02/15/2020 02:43:00 AM,2,DRIVER,1,800022,,HONDA,Odyssey (minivan),IL,2019,NONE,PASSENGER,PERSONAL,W,STRAIGHT AHEAD,Y,N,2,,private tow,,,,,,,,,,,,Y,Y,Y,,FRONT-LEFT-CORNER,,,,,,,,,,,,,,,,,,,,,,,,,,,,,,,,,
839203,4af61aadd3e0f4209e89325ecc6b00be6ed2ee0df7979a0b2a604688b264343a1db0b700c996386a0c2dce447dd559c87a48618a732a5848be5e61bad9aa5a27,02/10/2020 09:00:00 AM,1,DRIVER,,796390,,STERLING,UNKNOWN,IL,2007,NONE,OTHER VEHICLE WITH TRAILER,CTA,E,STRAIGHT AHEAD,,,1,,,,,Y,,,,,,,,,,,Y,,FRONT-RIGHT-CORNER,,,,,,,,,,,,,,,,,,,,,,,,,,,,,,,,,
839204,4af61aadd3e0f4209e89325ecc6b00be6ed2ee0df7979a0b2a604688b264343a1db0b700c996386a0c2dce447dd559c87a48618a732a5848be5e61bad9aa5a27,02/10/2020 09:00:00 AM,2,DRIVER,,796396,,LEXUS,ES300,IL,2016,NONE,PASSENGER,PERSONAL,E,STRAIGHT AHEAD,,,1,,,,,,,,,,Y,Y,,,,,,,REAR-LEFT-CORNER,,,,,,,,,,,,,,,,,,,,,,,,,,,,,,,,,
842692,d21a8c058a516399c14fc4ca23d0958ff384600686a81c41b83afeaa0332532aa31a1edfa25826efcc1693c03a045fdb700085b5c1c24dc1ccc1cb7761ec2b75,02/10/2020 08:20:00 AM,1,DRIVER,1,799697,,UNKNOWN,UNKNOWN,IL,,UNKNOWN,UNKNOWN/NA,UNKNOWN/NA,UNKNOWN,SLOW/STOP IN TRAFFIC,,,2,,,,,,,,,,,,,,,,,Y,UNKNOWN,,,,,,,,,,,,,,,,,,,,,,,,,,,,,,,,,
842693,d21a8c058a516399c14fc4ca23d0958ff384600686a81c41b83afeaa0332532aa31a1edfa25826efcc1693c03a045fdb700085b5c1c24dc1ccc1cb7761ec2b75,02/10/2020 08:20:00 AM,2,BICYCLE,,,,,,,,,,,,,,,,,,,,,,,,,,,,,,,,,,,,,,,,,,,,,,,,,,,,,,,,,,,,,,,,,,
838159,83a92120bc8d4696e62c5783993c86091d061c515254345ac0ea0eeec871a4ae10d0c8228c5fb70099083060e5072f91d6bed89f5b39b7ed591c1e31d82e6516,02/08/2020 01:00:00 PM,1,DRIVER,,795398,,UNKNOWN,UNKNOWN,,,UNKNOWN,UNKNOWN/NA,UNKNOWN/NA,UNKNOWN,UNKNOWN/NA,,,1,,,,,,,,,,,,,,,,,Y,UNKNOWN,,,,,,,,,,,,,,,,,,,,,,,,,,,,,,,,,
838160,83a92120bc8d4696e62c5783993c86091d061c515254345ac0ea0eeec871a4ae10d0c8228c5fb70099083060e5072f91d6bed89f5b39b7ed591c1e31d82e6516,02/08/2020 01:00:00 PM,2,PARKED,,795400,,"TOYOTA MOTOR COMPANY, LTD.",CAMRY,IL,1997,NONE,PASSENGER,PERSONAL,S,PARKED,,,0,,,,,,,,,,,,,,Y,,,,SIDE-LEFT,,,,,,,,,,,,,,,,,,,,,,,,,,,,,,,,,
837478,d800cadfe262b700d71bd6c99ae47142498f407cc59398e1b1fb963c96ffc0138640f3bf57bd41fb5e8b221e95284dfc9b07407fe2fe83992bfa3cf30392fa1d,02/07/2020 12:25:00 PM,1,DRIVER,,794737,Y,UNKNOWN,UNKNOWN,IN,2018,NONE,TRACTOR W/ SEMI-TRAILER,COMMERCIAL - MULTI-UNIT,SW,TURNING LEFT,,,1,,,,Y,,,,,,,,,,,,,,SIDE-RIGHT-REAR,9385,327574,,,,3,PENSKE,PA,REAXDING,,,,N,N,,N,,N,N,,,,,,,65,3,TRACTOR/SEMI-TRAILER,OTHER,OTHER,N,N,
837479,d800cadfe262b700d71bd6c99ae47142498f407cc59398e1b1fb963c96ffc0138640f3bf57bd41fb5e8b221e95284dfc9b07407fe2fe83992bfa3cf30392fa1d,02/07/2020 12:25:00 PM,2,PARKED,,794742,Y,FORD,UNKNOWN,IL,,NONE,VAN/MINI-VAN,PERSONAL,E,PARKED,,,0,,,,,Y,Y,Y,Y,Y,,,,,,,,,SIDE-RIGHT,9386,1955560,,,,1,MZI GROUP,IL,CHICAGO,,,,N,N,,N,,N,N,,,,,,,15,2,"SINGLE UNIT TRUCK, 3 OR MORE AXLES",OTHER,OTHER,N,N,
836678,28c9dadfc8e99b4035ab700a89fa392bb94a316ca4fd37573b45c8169e958431ec1b47f397af788c5437c9a229dd53cd610f5f7c2f7e3174e536b73fdda3711d,02/06/2020 09:40:00 AM,1,DRIVER,2,794020,,"TOYOTA MOTOR COMPANY, LTD.",COROLLA,,2017,NONE,PASSENGER,PERSONAL,N,STRAIGHT AHEAD,,,3,,,,,,,,,,,Y,Y,,,,,,TOTAL (ALL AREAS),,,,,,,,,,,,,,,,,,,,,,,,,,,,,,,,,
836679,28c9dadfc8e99b4035ab700a89fa392bb94a316ca4fd37573b45c8169e958431ec1b47f397af788c5437c9a229dd53cd610f5f7c2f7e3174e536b73fdda3711d,02/06/2020 09:40:00 AM,2,DRIVER,,794017,,JEEP,PATRIOT,IL,2014,UNKNOWN,SPORT UTILITY VEHICLE (SUV),PERSONAL,E,STRAIGHT AHEAD,,,1,,,,,Y,,,,,,,,,,,,,FRONT-RIGHT-CORNER,,,,,,,,,,,,,,,,,,,,,,,,,,,,,,,,,
836960,3a6275b13b13d0866e346562d10512b2d33e58eac9d05a300cd784c3542bb3937bdd5d4b776190ffcccc72929c2550b70079a2cc44373b3f47ce897b26f9c155,02/06/2020 08:00:00 AM,1,DRIVER,2,794243,,VOLVO,XC60,IL,2017,NONE,PASSENGER,PERSONAL,W,STRAIGHT AHEAD,,,3,,,,,,,,,,,,,,,,Y,,FRONT,,,,,,,,,,,,,,,,,,,,,,,,,,,,,,,,,
836961,3a6275b13b13d0866e346562d10512b2d33e58eac9d05a300cd784c3542bb3937bdd5d4b776190ffcccc72929c2550b70079a2cc44373b3f47ce897b26f9c155,02/06/2020 08:00:00 AM,2,DRIVER,,794232,,HYUNDAI,Santa Fe,IL,2017,NONE,SPORT UTILITY VEHICLE (SUV),PERSONAL,W,STRAIGHT AHEAD,,,1,,,,,,,,,,Y,,,,,,,,REAR,,,,,,,,,,,,,,,,,,,,,,,,,,,,,,,,,
835831,7a97d47a8f5b700dceb69e22cb5d1078d9aa6afa042006540867a3baab627c6f370ce7cefd7a8e1453ee8c19f9bec080b83732867a318283e8054b5ce5eeb2a0,02/05/2020 02:15:00 PM,1,DRIVER,,793222,,UNKNOWN,UNKNOWN,IL,,NONE,PASSENGER,PERSONAL,UNKNOWN,STRAIGHT AHEAD,,,1,,,,,,Y,Y,,,,,,,,,,,SIDE-RIGHT,,,,,,,,,,,,,,,,,,,,,,,,,,,,,,,,,
835832,7a97d47a8f5b700dceb69e22cb5d1078d9aa6afa042006540867a3baab627c6f370ce7cefd7a8e1453ee8c19f9bec080b83732867a318283e8054b5ce5eeb2a0,02/05/2020 02:15:00 PM,2,PARKED,,793224,,"TOYOTA MOTOR COMPANY, LTD.",Prius,,2016,NONE,PASSENGER,NOT IN USE,UNKNOWN,PARKED,,,0,,,,,,,,,,,,,Y,Y,Y,,,SIDE-LEFT,,,,,,,,,,,,,,,,,,,,,,,,,,,,,,,,,
832822,65fa77e9fff81a7c0be25383b700e9f7f627c728b6209a770d1de35e462e30699fee223728e1a7afa836ca0c7c29fd121e22c1c38f7cbec111b31cf1509b0537,01/31/2020 01:30:00 PM,1,DRIVER,,790459,,FORD,TAURUS,IL,,UNKNOWN,PASSENGER,UNKNOWN/NA,W,STRAIGHT AHEAD,,,1,,,,,N,,,,,,,,,,,Y,,FRONT,,,,,,,,,,,,,,,,,,,,,,,,,,,,,,,,,
832823,65fa77e9fff81a7c0be25383b700e9f7f627c728b6209a770d1de35e462e30699fee223728e1a7afa836ca0c7c29fd121e22c1c38f7cbec111b31cf1509b0537,01/31/2020 01:30:00 PM,2,DRIVER,,790463,,FORD,F150,IL,2004,NONE,PASSENGER,UNKNOWN/NA,W,SLOW/STOP IN TRAFFIC,,,1,,,,,,,,,,Y,,,,,,,,REAR,,,,,,,,,,,,,,,,,,,,,,,,,,,,,,,,,
832578,f0896344a051b03573bdea79dd7cb7b4cc590441ca45d48e087ec9376d1c51989f1b4689dbdd1418f769354b7009a62e65f99cbc16fd599bc0610102659432f5,01/31/2020 06:24:00 AM,1,DRIVER,,790254,,FORD,UNKNOWN,IL,2005,UNKNOWN,PASSENGER,PERSONAL,W,U-TURN,Y,,1,,CITY OF CHICAGO,DOTY,,,,,,,,,Y,Y,Y,Y,,,SIDE-LEFT-FRONT,,,,,,,,,,,,,,,,,,,,,,,,,,,,,,,,,
832579,f0896344a051b03573bdea79dd7cb7b4cc590441ca45d48e087ec9376d1c51989f1b4689dbdd1418f769354b7009a62e65f99cbc16fd599bc0610102659432f5,01/31/2020 06:24:00 AM,2,DRIVER,,790276,,FORD,UNKNOWN,IL,2014,NONE,PASSENGER,PERSONAL,W,STRAIGHT AHEAD,Y,,1,,CITY OF CHICAGO,7808 S HALSTEAD,,N,N,N,,,,,,N,N,N,N,,FRONT-RIGHT-CORNER,,,,,,,,,,,,,,,,,,,,,,,,,,,,,,,,,
831855,1fd1b31f12e658de31a793f7c8992b22f2ea3288da74889aa21d67ac66d98ec87787b700e274d58d43580ac8099c5db133a2d273edc567c1b6a090120628edbf,01/29/2020 06:50:00 PM,1,DRIVER,,789541,,NISSAN,UNKNOWN,IL,2015,UNKNOWN,PASSENGER,OTHER,S,PASSING/OVERTAKING,,,1,,,,,Y,Y,N,,,,,,Y,Y,Y,,,OTHER,,,,,,,,,,,,,,,,,,,,,,,,,,,,,,,,,
831856,1fd1b31f12e658de31a793f7c8992b22f2ea3288da74889aa21d67ac66d98ec87787b700e274d58d43580ac8099c5db133a2d273edc567c1b6a090120628edbf,01/29/2020 06:50:00 PM,2,DRIVER,,789553,,"TOYOTA MOTOR COMPANY, LTD.",UNKNOWN,IL,2016,NONE,PASSENGER,PERSONAL,N,STRAIGHT AHEAD,Y,,1,,LYNCH CHICAGO,,,Y,Y,,,,,,,,,,,,FRONT-RIGHT-CORNER,,,,,,,,,,,,,,,,,,,,,,,,,,,,,,,,,
830647,368f7eb3ff7b85c935a04b7004be720f0511148d7279579531d4c346c4440d29a04961c59d330f90a5c6c481b6a808e011e34b2acc110776e9dedd4b5fb6f283,01/27/2020 02:39:00 PM,1,DRIVER,,788413,,DODGE,CARAVAN,,2012,NONE,PASSENGER,PERSONAL,N,STARTING IN TRAFFIC,,,1,,,,,,,,,,,,,,,,,Y,SIDE-RIGHT,,,,,,,,,,,,,,,,,,,,,,,,,,,,,,,,,
830648,368f7eb3ff7b85c935a04b7004be720f0511148d7279579531d4c346c4440d29a04961c59d330f90a5c6c481b6a808e011e34b2acc110776e9dedd4b5fb6f283,01/27/2020 02:39:00 PM,2,PARKED,1,788414,,FORD,FUSION,IL,2018,NONE,PASSENGER,PERSONAL,UNKNOWN,PARKED,,,1,,,,,,,,,,Y,Y,,,,,,,SIDE-LEFT-REAR,,,,,,,,,,,,,,,,,,,,,,,,,,,,,,,,,
829207,93464d680a5677178dab70064eac64f9eb4f26ff04e1af304d807f4311a5624455358f5453a93ed362f1df9a8320af0dffe0ade2b6b9dd3ea2be92418455559f,01/25/2020 02:31:00 AM,1,DRIVER,,787094,,FORD,UNKNOWN,IL,2002,UNKNOWN,PASSENGER,PERSONAL,W,BACKING,N,,1,,,,,,,,,,,Y,,,,,,,REAR-LEFT-CORNER,,,,,,,,,,,,,,,,,,,,,,,,,,,,,,,,,
829208,93464d680a5677178dab70064eac64f9eb4f26ff04e1af304d807f4311a5624455358f5453a93ed362f1df9a8320af0dffe0ade2b6b9dd3ea2be92418455559f,01/25/2020 02:31:00 AM,2,PARKED,,787095,,VOLKSWAGEN,UNKNOWN,IL,2019,UNKNOWN,PASSENGER,NOT IN USE,E,PARKED,,,0,,,,,,,,,,,,,,Y,Y,,,SIDE-LEFT-FRONT,,,,,,,,,,,,,,,,,,,,,,,,,,,,,,,,,