CRASH_UNIT_ID,CRASH_RECORD_ID,CRASH_DATE,UNIT_NO,UNIT_TYPE,NUM_PASSENGERS,VEHICLE_ID,CMRC_VEH_I,MAKE,MODEL,LIC_PLATE_STATE,VEHICLE_YEAR,VEHICLE_DEFECT,VEHICLE_TYPE,VEHICLE_USE,TRAVEL_DIRECTION,MANEUVER,TOWED_I,FIRE_I,OCCUPANT_CNT,EXCEED_SPEED_LIMIT_I,TOWED_BY,TOWED_TO,AREA_00_I,AREA_01_I,AREA_02_I,AREA_03_I,AREA_04_I,AREA_05_I,AREA_06_I,AREA_07_I,AREA_08_I,AREA_09_I,AREA_10_I,AREA_11_I,AREA_12_I,AREA_99_I,FIRST_CONTACT_POINT,CMV_ID,USDOT_NO,CCMC_NO,ILCC_NO,COMMERCIAL_SRC,GVWR,CARRIER_NAME,CARRIER_STATE,CARRIER_CITY,HAZMAT_PLACARDS_I,HAZMAT_NAME,UN_NO,HAZMAT_PRESENT_I,HAZMAT_REPORT_I,HAZMAT_REPORT_NO,MCS_REPORT_I,MCS_REPORT_NO,HAZMAT_VIO_CAUSE_CRASH_I,MCS_VIO_CAUSE_CRASH_I,IDOT_PERMIT_NO,WIDE_LOAD_I,TRAILER1_WIDTH,TRAILER2_WIDTH,TRAILER1_LENGTH,TRAILER2_LENGTH,TOTAL_VEHICLE_LENGTH,AXLE_CNT,VEHICLE_CONFIG,CARGO_BODY_TYPE,LOAD_TYPE,HAZMAT_OUT_OF_SERVICE_I,MCS_OUT_OF_SERVICE_I,HAZMAT_CLASS
828749,6ee068a8c174e803afdd7ebedec6f703eb6e2d574f8e2d7671928dc6d5dbc39cc4a2616d8b47c6b700f5289652ceb3283f1fba4a05217c7bf6234ca0554f5db6,01/24/2020 02:20:00 PM,1,DRIVER,,786670,,MERCURY,MILAN,MI,2008,NONE,PASSENGER,PERSONAL,E,STRAIGHT AHEAD,,,1,,,,Y,,,,,,,,,,,,,,NONE,,,,,,,,,,,,,,,,,,,,,,,,,,,,,,,,,
828750,6ee068a8c174e803afdd7ebedec6f703eb6e2d574f8e2d7671928dc6d5dbc39cc4a2616d8b47c6b700f5289652ceb3283f1fba4a05217c7bf6234ca0554f5db6,01/24/2020 02:20:00 PM,2,DRIVER,,786674,,"TOYOTA MOTOR COMPANY, LTD.",CAMRY,IL,2008,NONE,PASSENGER,PERSONAL,W,STRAIGHT AHEAD,,,1,,,,,,,,,,,,,,,,Y,,FRONT,,,,,,,,,,,,,,,,,,,,,,,,,,,,,,,,,
828591,fd5ac2fb8e3ca3bd59a2ebf7f770d3ef8e66e0eb9db9c6935034d218874080a408b8b7004ea50ac4c7b2a4282f33f559e1680a9ef64c6e8a37afad19b919c7e4,01/23/2020 10:00:00 PM,1,DRIVER,,786509,,UNKNOWN,UNKNOWN,,,UNKNOWN,UNKNOWN/NA,UNKNOWN/NA,W,UNKNOWN/NA,,,1,,,,,,,,,,,,,,,,,Y,UNKNOWN,,,,,,,,,,,,,,,,,,,,,,,,,,,,,,,,,
828592,fd5ac2fb8e3ca3bd59a2ebf7f770d3ef8e66e0eb9db9c6935034d218874080a408b8b7004ea50ac4c7b2a4282f33f559e1680a9ef64c6e8a37afad19b919c7e4,01/23/2020 10:00:00 PM,2,PARKED,,786511,,HONDA,ACCORD,IL,2004,UNKNOWN,PASSENGER,NOT IN USE,W,PARKED,,,0,,,,,Y,,,,Y,Y,Y,,,,Y,Y,,REAR,,,,,,,,,,,,,,,,,,,,,,,,,,,,,,,,,
828593,fd5ac2fb8e3ca3bd59a2ebf7f770d3ef8e66e0eb9db9c6935034d218874080a408b8b7004ea50ac4c7b2a4282f33f559e1680a9ef64c6e8a37afad19b919c7e4,01/23/2020 10:00:00 PM,3,PARKED,,786516,,"TOYOTA MOTOR COMPANY, LTD.",Prius,IL,2012,NONE,PASSENGER,NOT IN USE,W,PARKED,,,0,,,,,,,,,Y,Y,Y,,,,,,,REAR,,,,,,,,,,,,,,,,,,,,,,,,,,,,,,,,,
828137,2ed2df624facc35a7b9329da687d7675e273996d6af83f0705db449a0bb78576d48a9387a56b700bffe404eb6053ea91d8812f7c7a6d7142e998704d8ce0eba1,01/23/2020 10:00:00 AM,1,DRIVER,,786100,,FORD,Club Wagon E350,IL,2004,UNKNOWN,VAN/MINI-VAN,PERSONAL,E,BACKING,,,1,,,,,,,,,,Y,,,,,,,,REAR,,,,,,,,,,,,,,,,,,,,,,,,,,,,,,,,,
828138,2ed2df624facc35a7b9329da687d7675e273996d6af83f0705db449a0bb78576d48a9387a56b700bffe404eb6053ea91d8812f7c7a6d7142e998704d8ce0eba1,01/23/2020 10:00:00 AM,2,PARKED,,786105,,VOLKSWAGEN,PASSAT,IL,2013,UNKNOWN,PASSENGER,NOT IN USE,E,PARKED,,,0,,,,,,,,,,,,,,,,Y,,FRONT,,,,,,,,,,,,,,,,,,,,,,,,,,,,,,,,,
825254,a9a2b7005fa92fd578ad9f7cb42f7b664dcb19b15e624503dd3a729c475afc64d5a52efed838fb104f6005fa4c6c1743aece9febba30a4607510eb762978628d,01/19/2020 01:30:00 AM,1,DRIVER,,783409,,BUICK,UNKNOWN,IL,2011,UNKNOWN,PASSENGER,UNKNOWN/NA,W,BACKING,,,1,,,,,,,,,,,Y,,,,,,,REAR-LEFT-CORNER,,,,,,,,,,,,,,,,,,,,,,,,,,,,,,,,,
825255,a9a2b7005fa92fd578ad9f7cb42f7b664dcb19b15e624503dd3a729c475afc64d5a52efed838fb104f6005fa4c6c1743aece9febba30a4607510eb762978628d,01/19/2020 01:30:00 AM,2,DRIVER,,783413,,HONDA,CIVIC,IL,2015,NONE,PASSENGER,PERSONAL,E,STRAIGHT AHEAD,,,1,,,,,Y,,,,,,,,,,,,,FRONT-RIGHT-CORNER,,,,,,,,,,,,,,,,,,,,,,,,,,,,,,,,,
823313,e93273e6ec8daf89af956e02d1b700be911c27162ce4681ef335c966426c3752e4ed5f9faf24f9554460ec2d9d7e8767c17c4c5381eaecb218c35bee0fb276c4,01/16/2020 11:25:00 AM,1,DRIVER,,781573,,UNKNOWN,UNKNOWN,,,UNKNOWN,PASSENGER,UNKNOWN/NA,S,STRAIGHT AHEAD,,,1,,,,,,,,,,,,,,,,Y,,FRONT,,,,,,,,,,,,,,,,,,,,,,,,,,,,,,,,,
823314,e93273e6ec8daf89af956e02d1b700be911c27162ce4681ef335c966426c3752e4ed5f9faf24f9554460ec2d9d7e8767c17c4c5381eaecb218c35bee0fb276c4,01/16/2020 11:25:00 AM,2,DRIVER,,781580,,CHEVROLET,Express (full-size van),IL,2015,NONE,VAN/MINI-VAN,OTHER,E,U-TURN,,,1,,,,,,,,,,,Y,,,,,,,REAR-LEFT-CORNER,,,,,,,,,,,,,,,,,,,,,,,,,,,,,,,,,
821346,436f9b8a9bf44ba02fe78270d1d358df962c18b59a142062286b7fe2439ab7bb8065ab82b7005f22e2ad50bcf13ae21e06264c5fb6db6e5a163d42cabd4153e5,01/13/2020 03:40:00 PM,1,DRIVER,,779805,Y,FREIGHTLINER CORP.,FREIGHTLINER CORP.,IL,2020,NONE,OTHER,COMMERCIAL - SINGLE UNIT,S,STRAIGHT AHEAD,,,1,,,,Y,,,,,,,,,,,,,,REAR-RIGHT-CORNER,9197,,,,DRIVER,2,FEDEX,TN,MEMPHIS,,,,N,N,,N,,N,N,,,,,,,14,6,"SINGLE UNIT TRUCK, 2 AXLES, 6 TIRES",VAN/ENCLOSED BOX,OTHER,N,N,
821347,436f9b8a9bf44ba02fe78270d1d358df962c18b59a142062286b7fe2439ab7bb8065ab82b7005f22e2ad50bcf13ae21e06264c5fb6db6e5a163d42cabd4153e5,01/13/2020 03:40:00 PM,2,PARKED,2,779820,,CHEVROLET,CRUZE,IL,2016,NONE,PASSENGER,PERSONAL,S,PARKED,,,2,,,,,,,,,,,,,,,Y,,,FRONT-LEFT-CORNER,,,,,,,,,,,,,,,,,,,,,,,,,,,,,,,,,
821303,d93b1bd82adb4b0024fcb4f80e85b9f4f5e20bb537f0abdc83dd202b0bb700d9b4cf561e1e9a85198927709fef2f64a3167033243fe413b471b10ee180856118,01/13/2020 01:37:00 PM,1,DRIVER,,779763,,GENERAL MOTORS CORP.,Envoy,IL,2003,NONE,SPORT UTILITY VEHICLE (SUV),PERSONAL,S,BACKING,N,,1,,,,,,,,,,,,,,Y,Y,,,FRONT-LEFT-CORNER,,,,,,,,,,,,,,,,,,,,,,,,,,,,,,,,,
821304,d93b1bd82adb4b0024fcb4f80e85b9f4f5e20bb537f0abdc83dd202b0bb700d9b4cf561e1e9a85198927709fef2f64a3167033243fe413b471b10ee180856118,01/13/2020 01:37:00 PM,2,PARKED,,779772,,HONDA,CIVIC,IL,2016,NONE,PASSENGER,NOT IN USE,UNKNOWN,PARKED,,,0,,,,,,,,,,,,,Y,Y,Y,,,SIDE-LEFT,,,,,,,,,,,,,,,,,,,,,,,,,,,,,,,,,
819409,4ff1bddaff14faf7a1eeece814310b834c5baea0c4f6bf03bed33e43267f5e7e7e555391c80a372c2b70055640105f991df9ea0d842e76c98d3ccb43d71467d3,01/10/2020 12:00:00 PM,1,DRIVER,,777958,,UNKNOWN,UNKNOWN,,,UNKNOWN,UNKNOWN/NA,UNKNOWN/NA,UNKNOWN,UNKNOWN/NA,,,1,,,,,,,,,,,,,,,,,Y,UNKNOWN,,,,,,,,,,,,,,,,,,,,,,,,,,,,,,,,,
819410,4ff1bddaff14faf7a1eeece814310b834c5baea0c4f6bf03bed33e43267f5e7e7e555391c80a372c2b70055640105f991df9ea0d842e76c98d3ccb43d71467d3,01/10/2020 12:00:00 PM,2,PARKED,,777961,,MERCEDES-BENZ,UNKNOWN,IL,2016,UNKNOWN,UNKNOWN/NA,COMMERCIAL - SINGLE UNIT,N,PARKED,,,0,,,,,,,,Y,Y,,,,,,,,,REAR-RIGHT-CORNER,,,,,,,,,,,,,,,,,,,,,,,,,,,,,,,,,
818457,02e4f5341b69b97d1cb70048e78ace12c8c669c26ae699854b9b8d91641a9739d783bc8fcba3bd5543764aba93b701fc0acf287c878c47094b45f49ecd90bee0,01/08/2020 06:31:00 PM,1,DRIVER,,777031,,"TOYOTA MOTOR COMPANY, LTD.",Avalon,MN,2004,UNKNOWN,PASSENGER,UNKNOWN/NA,E,TURNING LEFT,N,,1,,,,,Y,,,,,,,,,,Y,Y,,FRONT,,,,,,,,,,,,,,,,,,,,,,,,,,,,,,,,,
818458,02e4f5341b69b97d1cb70048e78ace12c8c669c26ae699854b9b8d91641a9739d783bc8fcba3bd5543764aba93b701fc0acf287c878c47094b45f49ecd90bee0,01/08/2020 06:31:00 PM,2,DRIVER,1,777034,,GENERAL MOTORS CORP.,Envoy,IL,2009,UNKNOWN,PASSENGER,UNKNOWN/NA,W,STRAIGHT AHEAD,,,2,,,,,,,,,,,,,,,Y,Y,,FRONT,,,,,,,,,,,,,,,,,,,,,,,,,,,,,,,,,
817681,6df6577d2608f194e678abff8d39d3fd59ddb5a6d319f0cc48da0dd24346767ae1474a761241c5876b8e6a5a4502c2fb849478b7009a2e46ccdb900136a7b23d,01/07/2020 03:37:00 PM,1,DRIVER,2,776283,,HYUNDAI,UNKNOWN,IL,2005,UNKNOWN,PASSENGER,PERSONAL,N,BACKING,,,3,,,,,,,,,Y,Y,Y,,,,,,,REAR,,,,,,,,,,,,,,,,,,,,,,,,,,,,,,,,,
817682,6df6577d2608f194e678abff8d39d3fd59ddb5a6d319f0cc48da0dd24346767ae1474a761241c5876b8e6a5a4502c2fb849478b7009a2e46ccdb900136a7b23d,01/07/2020 03:37:00 PM,2,DRIVER,,776293,,FORD,Explorer,IL,2002,UNKNOWN,PASSENGER,PERSONAL,E,STRAIGHT AHEAD,Y,,1,,,,,Y,,,,,,,,,,N,Y,,FRONT-RIGHT-CORNER,,,,,,,,,,,,,,,,,,,,,,,,,,,,,,,,,
817604,5413e52759f811ce93edc83d3b4e4c1541ba46db91c4aa68981752838177329149792bd4995b358b700785306ed0a2578c1367b61422a226ad5ca5b54c85bae4,01/07/2020 12:35:00 PM,1,DRIVER,,776211,,UNKNOWN,UNKNOWN,,,UNKNOWN,UNKNOWN/NA,PERSONAL,UNKNOWN,UNKNOWN/NA,,,1,,,,,,,,,,,,,,,,,Y,UNKNOWN,,,,,,,,,,,,,,,,,,,,,,,,,,,,,,,,,
817605,5413e52759f811ce93edc83d3b4e4c1541ba46db91c4aa68981752838177329149792bd4995b358b700785306ed0a2578c1367b61422a226ad5ca5b54c85bae4,01/07/2020 12:35:00 PM,2,PARKED,,776215,,"TOYOTA MOTOR COMPANY, LTD.",Highlander(beginning vehicle year 2001),IL,2011,NONE,PASSENGER,PERSONAL,W,PARKED,,,0,,,,,,,,,Y,,,,,,,,,REAR-RIGHT-CORNER,,,,,,,,,,,,,,,,,,,,,,,,,,,,,,,,,
814605,84194e75d287068bac2cbd4db479bbda8780d2ba0c8fce97a3e9355753ef78e7836478164a9b14cb4706e4f40801b8d400f6abc022b2116b70055646ca4e828d,01/02/2020 09:00:00 AM,1,DRIVER,,773378,,VOLKSWAGEN,Touran,IL,2010,NONE,PASSENGER,PERSONAL,W,STRAIGHT AHEAD,Y,,1,,RAYMON TOWING,2515 S HALSED,,,,,,,,,,,,,Y,,FRONT,,,,,,,,,,,,,,,,,,,,,,,,,,,,,,,,,
814543,ba09a6d2baf78629d04a958d091cec6b2e6a4fdc75dc8a6ea254e99ebf16567583bd920f81725f0be4dabf354e29fe8feeb1b7002b5d5eff21d8fc7dcf1d8859,01/02/2020 05:50:00 AM,1,DRIVER,,773321,,UNKNOWN,UNKNOWN,,,UNKNOWN,UNKNOWN/NA,UNKNOWN/NA,S,UNKNOWN/NA,,,1,,,,,Y,,,,,,,,,,,,,FRONT-RIGHT-CORNER,,,,,,,,,,,,,,,,,,,,,,,,,,,,,,,,,
814544,ba09a6d2baf78629d04a958d091cec6b2e6a4fdc75dc8a6ea254e99ebf16567583bd920f81725f0be4dabf354e29fe8feeb1b7002b5d5eff21d8fc7dcf1d8859,01/02/2020 05:50:00 AM,2,PARKED,,773323,,HONDA,Pilot,IL,2008,NONE,SPORT UTILITY VEHICLE (SUV),PERSONAL,S,PARKED,,,0,,,,,,,,,,,Y,,,,,,,REAR-LEFT-CORNER,,,,,,,,,,,,,,,,,,,,,,,,,,,,,,,,,
813387,2e2d9df16ba0c0fa43f09b700013d829338bed166e12eee2c83092c326c3f37abbe17490194dc3aede47f3b3ff4e2731e0547cccd48f0ae3faa4e2f68b768e09,12/30/2019 12:30:00 PM,1,DRIVER,,772249,,CHEVROLET,EQUINOX,IN,,UNKNOWN,UNKNOWN/NA,UNKNOWN/NA,UNKNOWN,BACKING,,,1,,,,,,,,,,,,,,,,,Y,UNKNOWN,,,,,,,,,,,,,,,,,,,,,,,,,,,,,,,,,
813388,2e2d9df16ba0c0fa43f09b700013d829338bed166e12eee2c83092c326c3f37abbe17490194dc3aede47f3b3ff4e2731e0547cccd48f0ae3faa4e2f68b768e09,12/30/2019 12:30:00 PM,2,DRIVER,,772253,,PONTIAC,G6,IL,2006,UNKNOWN,PASSENGER,PERSONAL,UNKNOWN,UNKNOWN/NA,,,1,,,,,,,,,,,,,,Y,Y,,,ROOF,,,,,,,,,,,,,,,,,,,,,,,,,,,,,,,,,
811315,a7b9ece4e0603780e4b2d68d231f6803ad8972b6d7232b2c7abe79a35c1398aa7b700e7a47c994661667aa04c0efb4962d99ac69af8ed9c8a90b89a8da01d2e8,12/28/2019 01:28:00 AM,1,DRIVER,,770310,,"TOYOTA MOTOR COMPANY, LTD.",Prius,IL,2012,UNKNOWN,PASSENGER,PERSONAL,N,STRAIGHT AHEAD,Y,,1,,AD Desk,701 N Sacramento,,,,,,,,Y,Y,Y,Y,Y,Y,,UNKNOWN,,,,,,,,,,,,,,,,,,,,,,,,,,,,,,,,,
811316,a7b9ece4e0603780e4b2d68d231f6803ad8972b6d7232b2c7abe79a35c1398aa7b700e7a47c994661667aa04c0efb4962d99ac69af8ed9c8a90b89a8da01d2e8,12/28/2019 01:28:00 AM,2,PARKED,,770316,,HONDA,FIT,IL,2007,UNKNOWN,PASSENGER,NOT IN USE,UNKNOWN,PARKED,,,0,,,,,,,,,,,,Y,Y,Y,,,,ROOF,,,,,,,,,,,,,,,,,,,,,,,,,,,,,,,,,
811317,a7b9ece4e0603780e4b2d68d231f6803ad8972b6d7232b2c7abe79a35c1398aa7b700e7a47c994661667aa04c0efb4962d99ac69af8ed9c8a90b89a8da01d2e8,12/28/2019 01:28:00 AM,3,PARKED,,770320,,CHEVROLET,CRUZE,IL,,UNKNOWN,PASSENGER,NOT IN USE,N,PARKED,,,0,,,,,,,,,,,Y,,,,,,,FRONT-LEFT,,,,,,,,,,,,,,,,,,,,,,,,,,,,,,,,,
809934,b4ca412ba71de713e4d87af779cd730ce2e27670773ad0e7a3e294b30b50eed376b46be29eefb700534fcab2d94a4da38b680cf160cfef8c56e7031b90a6369c,12/25/2019 01:45:00 PM,1,DRIVER,,769019,,"TOYOTA MOTOR COMPANY, LTD.",RAV4 (sport utility),IL,2106,UNKNOWN,SPORT UTILITY VEHICLE (SUV),PERSONAL,E,TURNING RIGHT,,,1,,,,,,Y,,,,,,,,,,,,FRONT-RIGHT,,,,,,,,,,,,,,,,,,,,,,,,,,,,,,,,,
809935,b4ca412ba71de713e4d87af779cd730ce2e27670773ad0e7a3e294b30b50eed376b46be29eefb700534fcab2d94a4da38b680cf160cfef8c56e7031b90a6369c,12/25/2019 01:45:00 PM,2,DRIVER,,769024,,MAZDA,Mazda 3,IL,2016,UNKNOWN,PASSENGER,PERSONAL,E,STRAIGHT AHEAD,,,1,,,,,,,,,,,,,Y,Y,Y,,,ROOF,,,,,,,,,,,,,,,,,,,,,,,,,,,,,,,,,
809348,40663cb3f0a40aeba69aa7398ff702961c42ad67ca1a98abe8fe2aad1c2eb7003f31b64746837474140ff416bb248db62cf3b1b730b642db160774d3d734fc3c,12/24/2019 10:15:00 AM,2,DRIVER,,768453,,FORD,Focus,IL,2015,UNKNOWN,UNKNOWN/NA,PERSONAL,N,STRAIGHT AHEAD,,,1,,,,,,,,,,,Y,Y,,,,,,SIDE-LEFT,,,,,,,,,,,,,,,,,,,,,,,,,,,,,,,,,
809349,40663cb3f0a40aeba69aa7398ff702961c42ad67ca1a98abe8fe2aad1c2eb7003f31b64746837474140ff416bb248db62cf3b1b730b642db160774d3d734fc3c,12/24/2019 10:15:00 AM,1,DRIVER,,768461,,FORD,UNKNOWN,IL,2019,UNKNOWN,VAN/MINI-VAN,UNKNOWN/NA,N,ENTERING TRAFFIC LANE FROM PARKING,,,1,,,,,Y,,,,,,,,,,,,,FRONT,,,,,,,,,,,,,,,,,,,,,,,,,,,,,,,,,
807818,1ec0e2a60db2534ea3c2172a873e7e33e86916fc0a78ce7ad933f40c069ff7692954b30e59b535b7002367100ec99f66e75a83f307ee77302b504e4983ef0a87,12/22/2019 03:35:00 AM,1,DRIVER,1,767053,,CHEVROLET,UNKNOWN,IL,2016,UNKNOWN,PASSENGER,PERSONAL,N,STRAIGHT AHEAD,Y,,2,,,,,Y,Y,Y,,,,,,,,,Y,Y,FRONT,,,,,,,,,,,,,,,,,,,,,,,,,,,,,,,,,
806330,36c6b700dc5308dc573cdfe701a108af4c5fbfb43226fe35402c57b828f02c7b95ddb6c9ce9a66dc895d7502097ce937470d4e7cc92964de945901236f8b28ca,12/20/2019 09:20:00 AM,1,DRIVER,1,765688,,MITSUBISHI,LANCER,IL,2006,NONE,PASSENGER,PERSONAL,S,STRAIGHT AHEAD,Y,,2,,PRIVATE TOW,,,Y,,,,,,,,,,Y,Y,,OTHER,,,,,,,,,,,,,,,,,,,,,,,,,,,,,,,,,
806331,36c6b700dc5308dc573cdfe701a108af4c5fbfb43226fe35402c57b828f02c7b95ddb6c9ce9a66dc895d7502097ce937470d4e7cc92964de945901236f8b28ca,12/20/2019 09:20:00 AM,2,DRIVER,,765698,,CHEVROLET,CRUZE,IL,2016,NONE,PASSENGER,UNKNOWN/NA,N,STRAIGHT AHEAD,,,1,,,,,Y,,,,,,,,,,Y,Y,,OTHER,,,,,,,,,,,,,,,,,,,,,,,,,,,,,,,,,
802083,209a44fcefbe3dd468eb3f6c0925ad397ad3cba58ac825c7116d579d9966204cb7002865bb0685b250ff56fb2e92e81324268c8b9086bc9a1be422bd117ca5fa,12/14/2019 12:35:00 PM,1,DRIVER,1,761641,,FORD,FUSION,MI,2019,NONE,PASSENGER,PERSONAL,W,MERGING,,,2,,,,,,,,,,,,,Y,Y,Y,Y,,ROOF,,,,,,,,,,,,,,,,,,,,,,,,,,,,,,,,,
802084,209a44fcefbe3dd468eb3f6c0925ad397ad3cba58ac825c7116d579d9966204cb7002865bb0685b250ff56fb2e92e81324268c8b9086bc9a1be422bd117ca5fa,12/14/2019 12:35:00 PM,2,DRIVER,,761643,,MERCEDES-BENZ,MERCEDES-BENZ,IL,2018,NONE,PASSENGER,PERSONAL,W,STRAIGHT AHEAD,,,1,,,,,Y,Y,,,,,,,,,,Y,,SIDE-RIGHT,,,,,,,,,,,,,,,,,,,,,,,,,,,,,,,,,
800270,c065b3cec2a538adc58f3562fb75c4fabe16ea39b84b0ca8fe78b6cdb01d91f87e1ae0de4abaaa41d1370de449fb866b70001d200d9776bb46df6b67c87e1695,12/11/2019 09:40:00 PM,1,DRIVER,,759935,,CHEVROLET,BLAZER,IL,1995,UNKNOWN,UNKNOWN/NA,UNKNOWN/NA,N,STRAIGHT AHEAD,,,1,,,,,,,,,,,,,,,,,Y,UNKNOWN,,,,,,,,,,,,,,,,,,,,,,,,,,,,,,,,,
800271,c065b3cec2a538adc58f3562fb75c4fabe16ea39b84b0ca8fe78b6cdb01d91f87e1ae0de4abaaa41d1370de449fb866b70001d200d9776bb46df6b67c87e1695,12/11/2019 09:40:00 PM,2,DRIVER,,759939,,HONDA,PRELUDE,IL,1994,NONE,PASSENGER,PERSONAL,N,STRAIGHT AHEAD,,,1,,,,,,,,,,Y,,,,,,,,REAR-LEFT,,,,,,,,,,,,,,,,,,,,,,,,,,,,,,,,,
799960,e0c69054531cc8d14b53827b577fc8a85fad5a2bfcc062bb318e34e88bd20a3e96cafa6ac9672d0809d7f19bd99fcba8f3ab822fb700d4d124c5bfb7ba80f426,12/11/2019 11:55:00 AM,1,DRIVER,,759637,,UNKNOWN,UNKNOWN,IL,,UNKNOWN,UNKNOWN/NA,UNKNOWN/NA,W,UNKNOWN/NA,,,1,,,,,,,,,,,,,,,,,Y,UNKNOWN,,,,,,,,,,,,,,,,,,,,,,,,,,,,,,,,,
799961,e0c69054531cc8d14b53827b577fc8a85fad5a2bfcc062bb318e34e88bd20a3e96cafa6ac9672d0809d7f19bd99fcba8f3ab822fb700d4d124c5bfb7ba80f426,12/11/2019 11:55:00 AM,2,DRIVER,,759645,,HONDA,CRV,IL,2015,NONE,SPORT UTILITY VEHICLE (SUV),PERSONAL,S,UNKNOWN/NA,,,1,,,,,,,,,,,,,,,Y,,,TOTAL (ALL AREAS),,,,,,,,,,,,,,,,,,,,,,,,,,,,,,,,,
799788,94fa171346d4cee01d2175fe3c57461536722bf5aa0cfd0b7001d77cf7b014b7e730644ddd0f85e0e34b4fc27813b34e6a4d9196df4f45d19c9528f9d1aee6d0,12/11/2019 10:10:00 AM,1,DRIVER,,759490,,ACURA (DIV. OF AMERICAN HONDA MOTOR CO.),RDX,IL,2012,UNKNOWN,PASSENGER,PERSONAL,UNKNOWN,SLOW/STOP IN TRAFFIC,,,1,,,,,,,,,,,Y,,,,,,,SIDE-LEFT,,,,,,,,,,,,,,,,,,,,,,,,,,,,,,,,,
799789,94fa171346d4cee01d2175fe3c57461536722bf5aa0cfd0b7001d77cf7b014b7e730644ddd0f85e0e34b4fc27813b34e6a4d9196df4f45d19c9528f9d1aee6d0,12/11/2019 10:10:00 AM,2,DRIVER,,759493,,CHEVROLET,UNKNOWN,IL,2015,UNKNOWN,PICKUP,UNKNOWN/NA,UNKNOWN,SLOW/STOP IN TRAFFIC,,,1,,,,,,,,,,,,,,,,Y,,OTHER,,,,,,,,,,,,,,,,,,,,,,,,,,,,,,,,,
799746,3a6d6c70a5413c7339a99d7fa6fd5d790e80ed40386d69e4b5b32ebfc4c37950e5029f7f3e7d578b77041620e8d3fbb49ab1e870b70043ab3f213aca8f952626,12/11/2019 09:50:00 AM,1,DRIVER,,759441,,CHEVROLET,MALIBU (CHEVELLE),IL,2013,UNKNOWN,PASSENGER,PERSONAL,E,PASSING/OVERTAKING,,,1,,,,,,Y,,,,,,,,,,,,FRONT-RIGHT,,,,,,,,,,,,,,,,,,,,,,,,,,,,,,,,,
799747,3a6d6c70a5413c7339a99d7fa6fd5d790e80ed40386d69e4b5b32ebfc4c37950e5029f7f3e7d578b77041620e8d3fbb49ab1e870b70043ab3f213aca8f952626,12/11/2019 09:50:00 AM,2,DRIVER,,759452,,BMW,328i,IN,2013,UNKNOWN,PASSENGER,PERSONAL,E,SLOW/STOP IN TRAFFIC,,,1,,,,,,,,,,,,,,Y,,,,UNDER CARRIAGE,,,,,,,,,,,,,,,,,,,,,,,,,,,,,,,,,
799576,d76d9fc758e903e4c9be7b7008222870e5f3ca78a17ca6ecf245772714b6997049314b10fd138c75f301df993b813c97681ff96e3a0c4acc6cd49d248e90acf1,12/10/2019 10:18:00 PM,1,DRIVER,,759292,,FORD,RANGER,IL,2007,UNKNOWN,PASSENGER,UNKNOWN/NA,W,STRAIGHT AHEAD,,,1,,,,,,,,,,,,,,,,,Y,UNKNOWN,,,,,,,,,,,,,,,,,,,,,,,,,,,,,,,,,
798284,a6acc6a1e7d3803854985260b7009e1563f6e64f6fed723e32d0c7c2ecbf1476459d29bd660f21ec7730092c4e523317a95a7fc357ad93576eb37c806bf58e55,12/09/2019 07:40:00 AM,1,DRIVER,,758059,,FORD,UNKNOWN,FL,2001,UNKNOWN,PICKUP,PERSONAL,N,STRAIGHT AHEAD,,,1,,,,,,,,,,,,,,,,,Y,UNKNOWN,,,,,,,,,,,,,,,,,,,,,,,,,,,,,,,,,
798285,a6acc6a1e7d3803854985260b7009e1563f6e64f6fed723e32d0c7c2ecbf1476459d29bd660f21ec7730092c4e523317a95a7fc357ad93576eb37c806bf58e55,12/09/2019 07:40:00 AM,2,DRIVER,,758069,,HONDA,Odyssey (minivan),IL,2002,NONE,PASSENGER,PERSONAL,W,STRAIGHT AHEAD,,,1,,,,,Y,,,,,,,,,,,Y,,OTHER,,,,,,,,,,,,,,,,,,,,,,,,,,,,,,,,,
798057,3b7008efb81176ed5a59d16482d9001159af224c0857feec34d6e0db8de3c1ac2a62b19f5a6a96233e7ee7db553eee3d0e28dc9abf81161315e50b868f5685cf,12/08/2019 07:36:00 PM,1,DRIVER,,757849,,NISSAN,Murano,IL,2007,UNKNOWN,PASSENGER,PERSONAL,W,ENTERING TRAFFIC LANE FROM PARKING,,,1,,,,,,,,,,,,Y,Y,Y,,,,ROOF,,,,,,,,,,,,,,,,,,,,,,,,,,,,,,,,,
798058,3b7008efb81176ed5a59d16482d9001159af224c0857feec34d6e0db8de3c1ac2a62b19f5a6a96233e7ee7db553eee3d0e28dc9abf81161315e50b868f5685cf,12/08/2019 07:36:00 PM,2,DRIVER,,757859,,JEEP,UNKNOWN,IL,2018,UNKNOWN,PASSENGER,PERSONAL,W,STRAIGHT AHEAD,,,1,,,,,Y,Y,Y,,,,,,,,,,,FRONT,,,,,,,,,,,,,,,,,,,,,,,,,,,,,,,,,