CRASH_UNIT_ID,CRASH_RECORD_ID,CRASH_DATE,UNIT_NO,UNIT_TYPE,NUM_PASSENGERS,VEHICLE_ID,CMRC_VEH_I,MAKE,MODEL,LIC_PLATE_STATE,VEHICLE_YEAR,VEHICLE_DEFECT,VEHICLE_TYPE,VEHICLE_USE,TRAVEL_DIRECTION,MANEUVER,TOWED_I,FIRE_I,OCCUPANT_CNT,EXCEED_SPEED_LIMIT_I,TOWED_BY,TOWED_TO,AREA_00_I,AREA_01_I,AREA_02_I,AREA_03_I,AREA_04_I,AREA_05_I,AREA_06_I,AREA_07_I,AREA_08_I,AREA_09_I,AREA_10_I,AREA_11_I,AREA_12_I,AREA_99_I,FIRST_CONTACT_POINT,CMV_ID,USDOT_NO,CCMC_NO,ILCC_NO,COMMERCIAL_SRC,GVWR,CARRIER_NAME,CARRIER_STATE,CARRIER_CITY,HAZMAT_PLACARDS_I,HAZMAT_NAME,UN_NO,HAZMAT_PRESENT_I,HAZMAT_REPORT_I,HAZMAT_REPORT_NO,MCS_REPORT_I,MCS_REPORT_NO,HAZMAT_VIO_CAUSE_CRASH_I,MCS_VIO_CAUSE_CRASH_I,IDOT_PERMIT_NO,WIDE_LOAD_I,TRAILER1_WIDTH,TRAILER2_WIDTH,TRAILER1_LENGTH,TRAILER2_LENGTH,TOTAL_VEHICLE_LENGTH,AXLE_CNT,VEHICLE_CONFIG,CARGO_BODY_TYPE,LOAD_TYPE,HAZMAT_OUT_OF_SERVICE_I,MCS_OUT_OF_SERVICE_I,HAZMAT_CLASS
794279,1ab364be48c86011a0c49024bc87b70054ccfe364f3052ced78023e930b1179feaa5c396a988b483efc78fbfb7f091aeabaec2f2ff3d9afb812f3659ad822acb,12/02/2019 09:15:00 AM,1,DRIVER,,754275,,HONDA,ACCORD,IL,1996,NONE,PASSENGER,PERSONAL,N,STRAIGHT AHEAD,,,1,,,,,,,,,,,,,,,,Y,,OTHER,,,,,,,,,,,,,,,,,,,,,,,,,,,,,,,,,
794280,1ab364be48c86011a0c49024bc87b70054ccfe364f3052ced78023e930b1179feaa5c396a988b483efc78fbfb7f091aeabaec2f2ff3d9afb812f3659ad822acb,12/02/2019 09:15:00 AM,2,DRIVER,,754278,,HONDA,HONDA,XX,2019,NONE,SPORT UTILITY VEHICLE (SUV),PERSONAL,N,SLOW/STOP IN TRAFFIC,,,1,,,,,,,,,,Y,,,,,,,,REAR-LEFT,,,,,,,,,,,,,,,,,,,,,,,,,,,,,,,,,
792250,16e38737e653b030355b6e2a0c147cc96ecf458c2ba5ddb202aed502fc5eeaf1af46a7e010fbac41451e57d77f23d8c842e2cb50e948fab700fb10d34b736962,11/29/2019 04:15:00 PM,1,DRIVER,,752349,,NISSAN,SENTRA (DATSUN AND NISSAN HAVE MERGED),IL,2019,NONE,PASSENGER,PERSONAL,E,CHANGING LANES,,,1,,,,,Y,,,,,,,,,,,,,FRONT,,,,,,,,,,,,,,,,,,,,,,,,,,,,,,,,,
792251,16e38737e653b030355b6e2a0c147cc96ecf458c2ba5ddb202aed502fc5eeaf1af46a7e010fbac41451e57d77f23d8c842e2cb50e948fab700fb10d34b736962,11/29/2019 04:15:00 PM,2,DRIVER,,752352,,"TOYOTA MOTOR COMPANY, LTD.",COROLLA,IL,1996,NONE,PASSENGER,PERSONAL,E,STRAIGHT AHEAD,,,1,,,,,,,,,,,,Y,Y,Y,Y,,,ROOF,,,,,,,,,,,,,,,,,,,,,,,,,,,,,,,,,
788584,398fc7d5f7adc683c136851aaf7d2d2ef8c53aedd90b6dd3d090629c84ddc326c19121f3db7005f1c4f5bed9e3a6807b2401983aaba605cf4b786af3973cdbf5,11/22/2019 07:15:00 PM,1,DRIVER,,748968,,DODGE,CARAVAN,IL,2015,UNKNOWN,VAN/MINI-VAN,UNKNOWN/NA,W,STRAIGHT AHEAD,,,1,,,,,,,,,,,,,,,,,Y,UNKNOWN,,,,,,,,,,,,,,,,,,,,,,,,,,,,,,,,,
788585,398fc7d5f7adc683c136851aaf7d2d2ef8c53aedd90b6dd3d090629c84ddc326c19121f3db7005f1c4f5bed9e3a6807b2401983aaba605cf4b786af3973cdbf5,11/22/2019 07:15:00 PM,2,DRIVER,,748969,,BUICK,LUCERNE,,2007,NONE,PASSENGER,PERSONAL,N,STRAIGHT AHEAD,,,1,,,,,,Y,Y,Y,,,,,,,,,,SIDE-RIGHT,,,,,,,,,,,,,,,,,,,,,,,,,,,,,,,,,
792444,a53e645e421506903fffab700e4aec84898100ff00665d82779b7c70cb73e81af03bb8b85238edc7df9c907abf3e1fd9165e52a3f54d962f6914404097ae4976,11/21/2019 08:45:00 PM,1,PEDESTRIAN,,,,,,,,,,,,,,,,,,,,,,,,,,,,,,,,,,,,,,,,,,,,,,,,,,,,,,,,,,,,,,,,,,
792445,a53e645e421506903fffab700e4aec84898100ff00665d82779b7c70cb73e81af03bb8b85238edc7df9c907abf3e1fd9165e52a3f54d962f6914404097ae4976,11/21/2019 08:45:00 PM,2,DRIVER,,752540,,DODGE,RAM 1500 PU,IL,2019,UNKNOWN,PICKUP,PERSONAL,S,STRAIGHT AHEAD,Y,,1,,private-AAA,,,,,,,,,,,,Y,Y,Y,,TOTAL (ALL AREAS),,,,,,,,,,,,,,,,,,,,,,,,,,,,,,,,,
809138,a53e645e421506903fffab700e4aec84898100ff00665d82779b7c70cb73e81af03bb8b85238edc7df9c907abf3e1fd9165e52a3f54d962f6914404097ae4976,11/21/2019 08:45:00 PM,1,PEDESTRIAN,,,,,,,,,,,,,,,,,,,,,,,,,,,,,,,,,,,,,,,,,,,,,,,,,,,,,,,,,,,,,,,,,,
809139,a53e645e421506903fffab700e4aec84898100ff00665d82779b7c70cb73e81af03bb8b85238edc7df9c907abf3e1fd9165e52a3f54d962f6914404097ae4976,11/21/2019 08:45:00 PM,2,DRIVER,,768281,,DODGE,RAM 1500 PU,IL,2019,UNKNOWN,PICKUP,PERSONAL,S,STRAIGHT AHEAD,Y,,1,,private-AAA,,,,,,,,,,,,Y,Y,Y,,TOTAL (ALL AREAS),,,,,,,,,,,,,,,,,,,,,,,,,,,,,,,,,
786701,cc0fdbd58e4932e3ae98701ea688aab974e3e33fd3f2ed5d48e2a76955d0ef74dfa4b3e5d4541b0752eea7cfd9516f748e7147fe6921cf9d2eb7008e222a3e6a,11/21/2019 07:05:00 AM,1,DRIVER,,747181,,FORD,ECONOLINE E350,IL,2011,NONE,VAN/MINI-VAN,UNKNOWN/NA,W,STRAIGHT AHEAD,Y,,1,,,,,,,,,,,,,,,Y,Y,,TOTAL (ALL AREAS),,,,,,,,,,,,,,,,,,,,,,,,,,,,,,,,,
786702,cc0fdbd58e4932e3ae98701ea688aab974e3e33fd3f2ed5d48e2a76955d0ef74dfa4b3e5d4541b0752eea7cfd9516f748e7147fe6921cf9d2eb7008e222a3e6a,11/21/2019 07:05:00 AM,2,DRIVER,,747187,,CHRYSLER,300,IL,2018,NONE,PASSENGER,PERSONAL,N,STRAIGHT AHEAD,Y,,1,,,,,,,,Y,Y,,Y,,,,,Y,,REAR-RIGHT,,,,,,,,,,,,,,,,,,,,,,,,,,,,,,,,,
786703,cc0fdbd58e4932e3ae98701ea688aab974e3e33fd3f2ed5d48e2a76955d0ef74dfa4b3e5d4541b0752eea7cfd9516f748e7147fe6921cf9d2eb7008e222a3e6a,11/21/2019 07:05:00 AM,3,DRIVER,,747192,,"TOYOTA MOTOR COMPANY, LTD.",Prius,IL,,NONE,PASSENGER,PERSONAL,N,STRAIGHT AHEAD,,,1,,,,,Y,,,,,,,,,,,,,FRONT,,,,,,,,,,,,,,,,,,,,,,,,,,,,,,,,,
784291,14d735b2068198c785b0449abe59c143ccf8fe564776ad9b35f08e29b077ba8f1473b550d4db70002f925b5254e251f7b31c83953ea8796b796cea914105a034,11/17/2019 06:59:00 PM,1,DRIVER,,744927,,NEW FLYER,NEW FLYER,,,UNKNOWN,BUS OVER 15 PASS.,CTA,W,PASSING/OVERTAKING,,,1,,,,,Y,Y,,,,,,,,,,,,FRONT,,,,,,,,,,,,,,,,,,,,,,,,,,,,,,,,,
784292,14d735b2068198c785b0449abe59c143ccf8fe564776ad9b35f08e29b077ba8f1473b550d4db70002f925b5254e251f7b31c83953ea8796b796cea914105a034,11/17/2019 06:59:00 PM,2,PARKED,,744928,,HYUNDAI,Accent,IL,2007,UNKNOWN,PASSENGER,PERSONAL,W,PARKED,,,0,,,,,,,,,,,,,Y,Y,N,,,TOTAL (ALL AREAS),,,,,,,,,,,,,,,,,,,,,,,,,,,,,,,,,
783991,7c13d2d37cd1e93afb15475b71c8a9726429617dff6739898d40b7709f37125a5d42a18ffb90510600c36858c4335d559c9256e0f8dab70095491bf984ec356b,11/17/2019 10:30:00 AM,1,DRIVER,,744635,,UNKNOWN,UNKNOWN,,,UNKNOWN,UNKNOWN/NA,UNKNOWN/NA,UNKNOWN,UNKNOWN/NA,,,1,,,,,,,,,,,,,,,,,Y,,,,,,,,,,,,,,,,,,,,,,,,,,,,,,,,,,
783992,7c13d2d37cd1e93afb15475b71c8a9726429617dff6739898d40b7709f37125a5d42a18ffb90510600c36858c4335d559c9256e0f8dab70095491bf984ec356b,11/17/2019 10:30:00 AM,2,PARKED,,744636,,JEEP,Grand Cherokee (for vehicle years 1989 to present),IL,2018,NONE,SPORT UTILITY VEHICLE (SUV),PERSONAL,N,PARKED,,,0,,,,,Y,Y,Y,,,,,,,,,,,FRONT,,,,,,,,,,,,,,,,,,,,,,,,,,,,,,,,,
781701,6a00aab319c4267f72561d433c00231a1160187df44fb85da235884136e60e4f6806aad36dfc9818b6af87c59c7945d2cfdf663e7d3bcf0eb56ad13f09fb7005,11/14/2019 09:45:00 AM,1,DRIVER,,742439,,HYUNDAI,UNKNOWN,OH,2005,UNKNOWN,UNKNOWN/NA,UNKNOWN/NA,N,TURNING RIGHT,,,1,,,,,,,,,,,,,,,,,Y,UNKNOWN,,,,,,,,,,,,,,,,,,,,,,,,,,,,,,,,,
781702,6a00aab319c4267f72561d433c00231a1160187df44fb85da235884136e60e4f6806aad36dfc9818b6af87c59c7945d2cfdf663e7d3bcf0eb56ad13f09fb7005,11/14/2019 09:45:00 AM,2,DRIVER,,742449,,"TOYOTA MOTOR COMPANY, LTD.",UNKNOWN,IL,2015,NONE,PASSENGER,PERSONAL,N,STRAIGHT AHEAD,,,1,,,,,,,Y,Y,Y,,,,,,,,,SIDE-RIGHT,,,,,,,,,,,,,,,,,,,,,,,,,,,,,,,,,
781166,06b71e4dca3a1e986a2ff91461f40b7d9a7903801ab101a5760b506eebfcebe55570afbd29357d5be8d9625f497c5b3a1dd81c80fa85f9b700cfe671191a3a28,11/13/2019 02:52:00 PM,1,DRIVER,,741926,,UNKNOWN,UNKNOWN,,,NONE,PICKUP,PERSONAL,S,STRAIGHT AHEAD,,,1,,,,,,,,,,,,,,,,,Y,TOTAL (ALL AREAS),,,,,,,,,,,,,,,,,,,,,,,,,,,,,,,,,
781167,06b71e4dca3a1e986a2ff91461f40b7d9a7903801ab101a5760b506eebfcebe55570afbd29357d5be8d9625f497c5b3a1dd81c80fa85f9b700cfe671191a3a28,11/13/2019 02:52:00 PM,2,DRIVER,4,741905,Y,UNKNOWN,UNKNOWN,IL,2011,NONE,BUS OVER 15 PASS.,SCHOOL BUS,N,STRAIGHT AHEAD,,,5,,,,Y,,,,,,,,,,,,,,SIDE-LEFT,8724,,,,PAPERS,,LATINO EXPRESS OF CHICAGO LLC LSR,IL,CHICAGO,,,,,,,,,,,,,,,,,40,2,BUS,BUS,,,,
786107,21202dbcacc12bcf89da66bbfa50fd45b663df441e46dde4421f4daffb700802130ab6a4381ff4883f9a44829d6c6633b01c7ae883887e0444ec072246e74fc4,11/12/2019 06:30:00 PM,1,DRIVER,,746633,,NISSAN,ROGUE,IL,2010,UNKNOWN,SPORT UTILITY VEHICLE (SUV),PERSONAL,W,STRAIGHT AHEAD,,,1,,,,,,,,,,,,,,,,Y,,OTHER,,,,,,,,,,,,,,,,,,,,,,,,,,,,,,,,,
786108,21202dbcacc12bcf89da66bbfa50fd45b663df441e46dde4421f4daffb700802130ab6a4381ff4883f9a44829d6c6633b01c7ae883887e0444ec072246e74fc4,11/12/2019 06:30:00 PM,2,DRIVER,2,746628,,CHEVROLET,CRUZE,IL,2015,NONE,PASSENGER,PERSONAL,W,STRAIGHT AHEAD,,,3,,,,,,,,,,Y,,,,,,,,REAR-LEFT,,,,,,,,,,,,,,,,,,,,,,,,,,,,,,,,,
779401,f33322cef913363bfa502e8d53ddb5b93ea7f76f1d4535b700f4524259672379833c4e3473e5494d706fa85a8c614165a2335a5f323e02a453f54703fe4cea03,11/10/2019 05:30:00 PM,1,DRIVER,,740232,,NISSAN,NISSAN ALTIMA,IL,2012,UNKNOWN,PASSENGER,UNKNOWN/NA,W,STRAIGHT AHEAD,,,1,,,,,Y,Y,,,,,,,,,,,,FRONT,,,,,,,,,,,,,,,,,,,,,,,,,,,,,,,,,
779402,f33322cef913363bfa502e8d53ddb5b93ea7f76f1d4535b700f4524259672379833c4e3473e5494d706fa85a8c614165a2335a5f323e02a453f54703fe4cea03,11/10/2019 05:30:00 PM,2,PARKED,,740241,,CHEVROLET,Avalanche,IL,2002,NONE,PICKUP,PERSONAL,W,PARKED,,,0,,,,,,,,,,,Y,Y,Y,,,,,FRONT-LEFT,,,,,,,,,,,,,,,,,,,,,,,,,,,,,,,,,
776620,8dad9dda83548351c746c21ab1deb700ddecc1b6a6c7bccd737ab3145bdd134ca3e39c00a93c11f4b3702c61937fc753224b4e9f54d81c6774987db4d4de1d6d,11/07/2019 05:10:00 PM,1,DRIVER,1,737602,,NISSAN,ROGUE,IL,2015,NONE,SPORT UTILITY VEHICLE (SUV),PERSONAL,S,STRAIGHT AHEAD,,,2,,,,,,,,,,,,,,,,Y,,OTHER,,,,,,,,,,,,,,,,,,,,,,,,,,,,,,,,,
776621,8dad9dda83548351c746c21ab1deb700ddecc1b6a6c7bccd737ab3145bdd134ca3e39c00a93c11f4b3702c61937fc753224b4e9f54d81c6774987db4d4de1d6d,11/07/2019 05:10:00 PM,2,DRIVER,,737617,,"TOYOTA MOTOR COMPANY, LTD.",CAMRY,IL,2000,NONE,PASSENGER,PERSONAL,S,SLOW/STOP IN TRAFFIC,,,1,,,,,,,,,,Y,,,,,,,,REAR-LEFT,,,,,,,,,,,,,,,,,,,,,,,,,,,,,,,,,
774930,bf71c4953ba9f894ed7c8e03a59c40c4a49135e4bf132fd4dc838bd96e20c0eb700c319a16458dde346e21ff6576d3eeb4bcc5107878a2d5fdfae149fb6df4c8,11/05/2019 08:15:00 AM,1,DRIVER,,736027,Y,BLUEBIRD INTERNATIONAL,BLUEBIRD INTERNATIONAL,WI,2007,NONE,TRACTOR W/ SEMI-TRAILER,OTHER,E,STRAIGHT AHEAD,,,1,,,,Y,,,,,,,,,,,,,,,,,,,,,,,,,,,,,,,,,,,,,,,,,,,,,,,
774931,bf71c4953ba9f894ed7c8e03a59c40c4a49135e4bf132fd4dc838bd96e20c0eb700c319a16458dde346e21ff6576d3eeb4bcc5107878a2d5fdfae149fb6df4c8,11/05/2019 08:15:00 AM,2,PARKED,,736031,,SUBARU,UNKNOWN,IL,2016,NONE,PASSENGER,NOT IN USE,E,PARKED,,,0,,,,,Y,,,,,,,,,,Y,Y,,TOTAL (ALL AREAS),,,,,,,,,,,,,,,,,,,,,,,,,,,,,,,,,
772905,d981d8bc1d5e6c1923e6be3b7fbd1f01ae65069421ab3fcf446f5fff8b70009ee0f781ee3c864fff4bdd87ba37a4b03caca7ea93275963422df1f048fbef665c,11/02/2019 04:30:00 AM,1,DRIVER,,734122,,INFINITI,M37,IL,,NONE,PASSENGER,PERSONAL,S,STRAIGHT AHEAD,Y,,1,,SELF,HOME,,N,,,,,,,,,,Y,Y,,TOTAL (ALL AREAS),,,,,,,,,,,,,,,,,,,,,,,,,,,,,,,,,
772906,d981d8bc1d5e6c1923e6be3b7fbd1f01ae65069421ab3fcf446f5fff8b70009ee0f781ee3c864fff4bdd87ba37a4b03caca7ea93275963422df1f048fbef665c,11/02/2019 04:30:00 AM,2,DRIVER,,734125,,FORD,UNKNOWN,IL,2010,NONE,VAN/MINI-VAN,PERSONAL,S,TURNING LEFT,Y,,1,,SELF,HOME,,,,,,,Y,,,,,,,,REAR-LEFT,,,,,,,,,,,,,,,,,,,,,,,,,,,,,,,,,
772097,4c8292ea88faf142f83cc69ddc368f629121fe4abd8ac567bbd01404ae0fcb6cbf93e68fe9f9c933adf009061b7006cb5a8477554cd47633b91b28da8629fa5d,11/01/2019 08:25:00 AM,1,DRIVER,,733358,,HONDA,ACCORD,IL,1999,UNKNOWN,PASSENGER,PERSONAL,NW,STRAIGHT AHEAD,Y,,1,,SELF,,,,,,,Y,Y,Y,Y,Y,,,,,SIDE-LEFT,,,,,,,,,,,,,,,,,,,,,,,,,,,,,,,,,
772098,4c8292ea88faf142f83cc69ddc368f629121fe4abd8ac567bbd01404ae0fcb6cbf93e68fe9f9c933adf009061b7006cb5a8477554cd47633b91b28da8629fa5d,11/01/2019 08:25:00 AM,2,DRIVER,,733366,,FREIGHTLINER CORP.,FREIGHTLINER CORP.,IN,2010,UNKNOWN,TRACTOR W/ SEMI-TRAILER,COMMERCIAL - MULTI-UNIT,S,STRAIGHT AHEAD,,,1,,,,,,,,,,,,Y,,,,,,SIDE-LEFT,,,,,,,,,,,,,,,,,,,,,,,,,,,,,,,,,
771514,12b32c461cfed6d19532ac2b7002b5356cf6c5bef3e1c79dda25da9d2dd014984f2ce6498f25817ed821c129ece3c41cfa267c7ed63b4bf23657e2e3fbbaf021,10/31/2019 02:30:00 PM,1,DRIVER,,732812,,CHEVROLET,SILVERADO,IL,2013,NONE,PICKUP,PERSONAL,S,TURNING RIGHT,,,1,,,,,,,,,,,,,,,,,,,,,,,,,,,,,,,,,,,,,,,,,,,,,,,,,,,
771515,12b32c461cfed6d19532ac2b7002b5356cf6c5bef3e1c79dda25da9d2dd014984f2ce6498f25817ed821c129ece3c41cfa267c7ed63b4bf23657e2e3fbbaf021,10/31/2019 02:30:00 PM,2,DRIVER,,732819,,"TOYOTA MOTOR COMPANY, LTD.",Highlander(beginning vehicle year 2001),IL,2015,NONE,SPORT UTILITY VEHICLE (SUV),PERSONAL,SW,STRAIGHT AHEAD,,,1,,,,,Y,,,,,,,,,,,,,FRONT,,,,,,,,,,,,,,,,,,,,,,,,,,,,,,,,,
794460,4145adb64dd08c6d1c5213a8bfb2382d852968c1b700907a87a9d26fc4fe5649b4bfe4ea537a5fce107406ca6acb34a1fb49756022cc63062956358d7f99bbc3,10/31/2019 09:00:00 AM,1,DRIVER,,754431,,"TOYOTA MOTOR COMPANY, LTD.",YARIS,IL,2007,UNKNOWN,PASSENGER,PERSONAL,UNKNOWN,STRAIGHT AHEAD,,,1,,,,,Y,,,,,,,,,,Y,Y,,OTHER,,,,,,,,,,,,,,,,,,,,,,,,,,,,,,,,,
794461,4145adb64dd08c6d1c5213a8bfb2382d852968c1b700907a87a9d26fc4fe5649b4bfe4ea537a5fce107406ca6acb34a1fb49756022cc63062956358d7f99bbc3,10/31/2019 09:00:00 AM,2,DRIVER,,754434,,UNKNOWN,UNKNOWN,,,UNKNOWN,UNKNOWN/NA,UNKNOWN/NA,UNKNOWN,UNKNOWN/NA,,,1,,,,,,,,,Y,Y,Y,,,,,,,REAR-LEFT,,,,,,,,,,,,,,,,,,,,,,,,,,,,,,,,,
770032,f1a01646115cc93b0d4b01b70077433abadb9b7dbfe2668e5e832f0e8a46c26eff5a07ac495b0ba92b94f6091b7d3310729ddf4fa9b556661f4973a347c0d610,10/29/2019 05:20:00 PM,1,DRIVER,,731403,,FREIGHTLINER CORP.,FREIGHTLINER CORP.,IL,2016,NONE,TRACTOR W/O SEMI-TRAILER,UNKNOWN/NA,S,LEAVING TRAFFIC LANE TO PARK,,,1,,,,Y,,,,,,,,,,,,,,ROOF,,,,,,,,,,,,,,,,,,,,,,,,,,,,,,,,,
770033,f1a01646115cc93b0d4b01b70077433abadb9b7dbfe2668e5e832f0e8a46c26eff5a07ac495b0ba92b94f6091b7d3310729ddf4fa9b556661f4973a347c0d610,10/29/2019 05:20:00 PM,2,BICYCLE,,,,,,,,,,,,,,,,,,,,,,,,,,,,,,,,,,,,,,,,,,,,,,,,,,,,,,,,,,,,,,,,,,
770034,f1a01646115cc93b0d4b01b70077433abadb9b7dbfe2668e5e832f0e8a46c26eff5a07ac495b0ba92b94f6091b7d3310729ddf4fa9b556661f4973a347c0d610,10/29/2019 05:20:00 PM,3,DRIVER,,731426,,LINCOLN-CONTINENTAL,MKZ,IL,2016,NONE,PASSENGER,PERSONAL,S,STRAIGHT AHEAD,,,1,,,,Y,,,,,,,,,,,,,,,,,,,,,,,,,,,,,,,,,,,,,,,,,,,,,,,
769148,310494709ec45ff4a8b700e49c56367305960b98e2a127340cebd387c66165cec037b94d2dc3727bb01df778ea173c74d7ac738ab0a09a60bf6b30f447f19669,10/28/2019 11:45:00 AM,1,DRIVER,,730565,Y,DODGE,RAM 1500 VAN,,2016,NONE,VAN/MINI-VAN,UNKNOWN/NA,UNKNOWN,BACKING,,,1,,,,,,,,,Y,Y,Y,,,,,,,REAR-LEFT,8553,,,,,,EQUIPMENT INTERNATIONAL LTD,IL,MORTON GROVE,,,,,,,,,,,,,,,,,,,,,,,,
769149,310494709ec45ff4a8b700e49c56367305960b98e2a127340cebd387c66165cec037b94d2dc3727bb01df778ea173c74d7ac738ab0a09a60bf6b30f447f19669,10/28/2019 11:45:00 AM,2,PARKED,,730559,Y,UNKNOWN,UNKNOWN,IL,2008,NONE,TRUCK - SINGLE UNIT,COMMERCIAL - SINGLE UNIT,W,PARKED,,,0,,,,,,,,,,,,,,Y,Y,Y,,UNDER CARRIAGE,8554,,,,,,ANGELINA TRUCKING,IL,CHICAGO,,,,,,,,,,,,,,,,,,,,,,,,
771451,e5eab8741aa4f05ec567366e2859ff56244420e883b27488bf8a243c1af049d6b5d0ad8d3c5462a38f8f703ebdae4deb9379428a3b7009beaf42fef91b115453,10/25/2019 04:00:00 PM,1,DRIVER,,732759,,UNKNOWN,UNKNOWN,XX,,UNKNOWN,UNKNOWN/NA,UNKNOWN/NA,UNKNOWN,UNKNOWN/NA,,,1,,,,,,,,,,,,,,,,,,UNKNOWN,,,,,,,,,,,,,,,,,,,,,,,,,,,,,,,,,
771452,e5eab8741aa4f05ec567366e2859ff56244420e883b27488bf8a243c1af049d6b5d0ad8d3c5462a38f8f703ebdae4deb9379428a3b7009beaf42fef91b115453,10/25/2019 04:00:00 PM,2,PARKED,,732738,,NISSAN,SENTRA (DATSUN AND NISSAN HAVE MERGED),IL,2010,UNKNOWN,PASSENGER,DRIVER EDUCATION,S,PARKED,,,0,,,,,,,,,,,,Y,Y,Y,Y,,,ROOF,,,,,,,,,,,,,,,,,,,,,,,,,,,,,,,,,
766869,64de937a13b8cee335d96885cfa348110fc6e33b2e77ac9297c89dee67f458bb700ded1e83b60f28a95249a07823d0759ad6583e51b959f7da34d20129a6e1ae,10/25/2019 10:45:00 AM,1,DRIVER,,728407,,"TOYOTA MOTOR COMPANY, LTD.",RAV4 (sport utility),IL,2006,UNKNOWN,PASSENGER,UNKNOWN/NA,N,STRAIGHT AHEAD,,,1,,,,,,,,,N,N,N,,,,,,Y,OTHER,,,,,,,,,,,,,,,,,,,,,,,,,,,,,,,,,
766870,64de937a13b8cee335d96885cfa348110fc6e33b2e77ac9297c89dee67f458bb700ded1e83b60f28a95249a07823d0759ad6583e51b959f7da34d20129a6e1ae,10/25/2019 10:45:00 AM,2,DRIVER,1,728418,,HYUNDAI,SONATA,IL,2018,UNKNOWN,UNKNOWN/NA,UNKNOWN/NA,N,STRAIGHT AHEAD,,,2,,,,,,,,,Y,Y,Y,,,,,,,REAR-LEFT,,,,,,,,,,,,,,,,,,,,,,,,,,,,,,,,,
767324,c30ed5deb2c0c0e886b35b9a77cb7b700297a7aaa061be444d99469e9de6f88d76dc0a7c283d1d856e448cf057c178c3d47212112de23eb447e7372ff0a94c75,10/25/2019 08:30:00 AM,1,DRIVER,,728829,,DODGE,UNKNOWN,IL,,UNKNOWN,UNKNOWN/NA,UNKNOWN/NA,S,UNKNOWN/NA,,,1,,,,,,,,,,,,,,,,,,UNKNOWN,,,,,,,,,,,,,,,,,,,,,,,,,,,,,,,,,
767325,c30ed5deb2c0c0e886b35b9a77cb7b700297a7aaa061be444d99469e9de6f88d76dc0a7c283d1d856e448cf057c178c3d47212112de23eb447e7372ff0a94c75,10/25/2019 08:30:00 AM,2,DRIVER,1,728835,,"TOYOTA MOTOR COMPANY, LTD.",RAV4 (sport utility),IL,2006,UNKNOWN,PASSENGER,PERSONAL,S,STRAIGHT AHEAD,,,2,,,,,N,N,,,,,,Y,Y,Y,,,,ROOF,,,,,,,,,,,,,,,,,,,,,,,,,,,,,,,,,
766726,c32ad1b86c9a1161dfe4261fa320ce7c512d43eb70038b79a49a503a8c9c9ffde90ff8a05384c017e7f53e710e22275bf7c27f23b57af061102f14784e8ecb30,10/25/2019 03:30:00 AM,1,DRIVER,,728271,,DODGE,UNKNOWN,IL,2008,NONE,PASSENGER,PERSONAL,SE,TURNING LEFT,,,1,,,,,Y,,,,,,,,,,,,,FRONT,,,,,,,,,,,,,,,,,,,,,,,,,,,,,,,,,
766727,c32ad1b86c9a1161dfe4261fa320ce7c512d43eb70038b79a49a503a8c9c9ffde90ff8a05384c017e7f53e710e22275bf7c27f23b57af061102f14784e8ecb30,10/25/2019 03:30:00 AM,2,DRIVER,1,728267,,UNKNOWN,UNKNOWN,IL,,UNKNOWN,PASSENGER,TAXI/FOR HIRE,N,STRAIGHT AHEAD,,,2,,,,,,,,,,,,Y,,,,,,FRONT-LEFT,,,,,,,,,,,,,,,,,,,,,,,,,,,,,,,,,
766579,031e23d12275e164f05ecc625a6f70257bd41a11dce78d97fdc2644375158e75836d75f740a00ca46a4fa5b8c017d15c77397cd16b5be9660ca7532e7754b700,10/24/2019 05:47:00 PM,1,DRIVER,1,728131,,"TOYOTA MOTOR COMPANY, LTD.",Highlander(beginning vehicle year 2001),IN,2018,NONE,PASSENGER,PERSONAL,S,STRAIGHT AHEAD,,,2,,,,,Y,,,,,,,,,,Y,Y,,OTHER,,,,,,,,,,,,,,,,,,,,,,,,,,,,,,,,,
766580,031e23d12275e164f05ecc625a6f70257bd41a11dce78d97fdc2644375158e75836d75f740a00ca46a4fa5b8c017d15c77397cd16b5be9660ca7532e7754b700,10/24/2019 05:47:00 PM,2,DRIVER,1,728140,,HONDA,CRV,IL,2013,NONE,PASSENGER,PERSONAL,W,TURNING LEFT,Y,,2,,PRIVATE TOW,,,Y,Y,Y,Y,,,,,,,,,,SIDE-RIGHT,,,,,,,,,,,,,,,,,,,,,,,,,,,,,,,,,
764038,f07fc7b5e8827d07cdf2d6b74fe2698c3a8966978b3e5b6ad1b1df5ec5c5e826911eee0b74de34624eb04a81a593b8a36d1a7207149bd0cf92b7009f80cd128f,10/20/2019 11:10:00 PM,1,DRIVER,,725701,,INFINITI,G35,IL,2003,UNKNOWN,PASSENGER,UNKNOWN/NA,W,UNKNOWN/NA,Y,,1,,CITY POUND SS#069339,,,Y,,,,,,,,,,Y,Y,,OTHER,,,,,,,,,,,,,,,,,,,,,,,,,,,,,,,,,