CRASH_UNIT_ID,CRASH_RECORD_ID,CRASH_DATE,UNIT_NO,UNIT_TYPE,NUM_PASSENGERS,VEHICLE_ID,CMRC_VEH_I,MAKE,MODEL,LIC_PLATE_STATE,VEHICLE_YEAR,VEHICLE_DEFECT,VEHICLE_TYPE,VEHICLE_USE,TRAVEL_DIRECTION,MANEUVER,TOWED_I,FIRE_I,OCCUPANT_CNT,EXCEED_SPEED_LIMIT_I,TOWED_BY,TOWED_TO,AREA_00_I,AREA_01_I,AREA_02_I,AREA_03_I,AREA_04_I,AREA_05_I,AREA_06_I,AREA_07_I,AREA_08_I,AREA_09_I,AREA_10_I,AREA_11_I,AREA_12_I,AREA_99_I,FIRST_CONTACT_POINT,CMV_ID,USDOT_NO,CCMC_NO,ILCC_NO,COMMERCIAL_SRC,GVWR,CARRIER_NAME,CARRIER_STATE,CARRIER_CITY,HAZMAT_PLACARDS_I,HAZMAT_NAME,UN_NO,HAZMAT_PRESENT_I,HAZMAT_REPORT_I,HAZMAT_REPORT_NO,MCS_REPORT_I,MCS_REPORT_NO,HAZMAT_VIO_CAUSE_CRASH_I,MCS_VIO_CAUSE_CRASH_I,IDOT_PERMIT_NO,WIDE_LOAD_I,TRAILER1_WIDTH,TRAILER2_WIDTH,TRAILER1_LENGTH,TRAILER2_LENGTH,TOTAL_VEHICLE_LENGTH,AXLE_CNT,VEHICLE_CONFIG,CARGO_BODY_TYPE,LOAD_TYPE,HAZMAT_OUT_OF_SERVICE_I,MCS_OUT_OF_SERVICE_I,HAZMAT_CLASS
764039,f07fc7b5e8827d07cdf2d6b74fe2698c3a8966978b3e5b6ad1b1df5ec5c5e826911eee0b74de34624eb04a81a593b8a36d1a7207149bd0cf92b7009f80cd128f,10/20/2019 11:10:00 PM,2,DRIVER,,725703,,CHEVROLET,IMPALA,WI,2006,UNKNOWN,PASSENGER,UNKNOWN/NA,W,UNKNOWN/NA,,,1,,,,,Y,,,,Y,Y,Y,,,,N,Y,,REAR-LEFT,,,,,,,,,,,,,,,,,,,,,,,,,,,,,,,,,
764040,f07fc7b5e8827d07cdf2d6b74fe2698c3a8966978b3e5b6ad1b1df5ec5c5e826911eee0b74de34624eb04a81a593b8a36d1a7207149bd0cf92b7009f80cd128f,10/20/2019 11:10:00 PM,3,PARKED,,725708,,CHRYSLER,200,IL,2014,NONE,PASSENGER,PERSONAL,W,PARKED,Y,,0,,PRIVATE,,,,,,,,,,Y,Y,Y,,,,ROOF,,,,,,,,,,,,,,,,,,,,,,,,,,,,,,,,,
763964,eb98d4537655703c8e47ecf589583bc5ea53cb1a0742479a13974edb3016a14b3a81352c3276224cb9d33ba0d8a5ba811a0caa5c488e1b269058fa32b70031a4,10/20/2019 06:06:00 PM,1,DRIVER,,725634,,UNKNOWN,UNKNOWN,IL,,UNKNOWN,VAN/MINI-VAN,UNKNOWN/NA,S,STRAIGHT AHEAD,,,1,,,,Y,,,,,,,,,,,,,N,NONE,,,,,,,,,,,,,,,,,,,,,,,,,,,,,,,,,
763965,eb98d4537655703c8e47ecf589583bc5ea53cb1a0742479a13974edb3016a14b3a81352c3276224cb9d33ba0d8a5ba811a0caa5c488e1b269058fa32b70031a4,10/20/2019 06:06:00 PM,2,DRIVER,2,725641,Y,NEW FLYER,NEW FLYER,IL,,UNKNOWN,BUS OVER 15 PASS.,OTHER,S,STRAIGHT AHEAD,,,3,,,,Y,,,,,,,,,,,,,,NONE,8476,,,,DRIVER,3,PACE,IL,ARLINGTON HEIGHTS,,,,N,N,,N,,N,N,,,,,,,,,BUS,BUS,OTHER,N,N,
762987,476be7e012b1a1cb61c1bf8ae27db09dd05d005c8178072585eb385a6914b700be1227bbc7ba745f0c714849048d4f178395eaca80d6a7c0309a0b38e34be42c,10/19/2019 10:30:00 AM,1,DRIVER,,724748,,UNKNOWN,UNKNOWN,,,UNKNOWN,UNKNOWN/NA,UNKNOWN/NA,W,STRAIGHT AHEAD,,,1,,,,,,,,,,,,,,,,,,OTHER,,,,,,,,,,,,,,,,,,,,,,,,,,,,,,,,,
762988,476be7e012b1a1cb61c1bf8ae27db09dd05d005c8178072585eb385a6914b700be1227bbc7ba745f0c714849048d4f178395eaca80d6a7c0309a0b38e34be42c,10/19/2019 10:30:00 AM,2,DRIVER,1,724752,,NISSAN,NISSAN ALTIMA,IL,2017,NONE,PASSENGER,PERSONAL,W,STRAIGHT AHEAD,,,2,,,,,,,,,Y,Y,,,,,,,,REAR,,,,,,,,,,,,,,,,,,,,,,,,,,,,,,,,,
762170,502325f992ae1ab5dc3a7bf67f585a3198d386b5cefb43043219e4a144e1fcf4e0fa560b92505c94a2ec9c4f6dd2856213a3fa08a0b700cb271ab970081591ca,10/17/2019 09:03:00 PM,1,DRIVER,,723990,,SATURN,SATURN,IL,1999,UNKNOWN,PASSENGER,PERSONAL,UNKNOWN,UNKNOWN/NA,Y,,1,,,103 doty,,Y,Y,Y,,,,,,,Y,Y,Y,,TOTAL (ALL AREAS),,,,,,,,,,,,,,,,,,,,,,,,,,,,,,,,,
762171,502325f992ae1ab5dc3a7bf67f585a3198d386b5cefb43043219e4a144e1fcf4e0fa560b92505c94a2ec9c4f6dd2856213a3fa08a0b700cb271ab970081591ca,10/17/2019 09:03:00 PM,2,PARKED,,723991,,GENERAL MOTORS CORP.,GENERAL MOTORS CORP.,IL,1999,UNKNOWN,VAN/MINI-VAN,UNKNOWN/NA,UNKNOWN,PARKED,,,0,,,,,,,,,Y,Y,Y,,,,,,,FRONT-LEFT,,,,,,,,,,,,,,,,,,,,,,,,,,,,,,,,,
760692,d2b700cc98864c43dd7baa4be3f0183cfd2a9adc5e3a23747d91797a4fdbd706b6c541fcb39e7964f5f7cc5c883ff40417b483a04c438d4845b9d5db003dbea6,10/15/2019 04:45:00 PM,1,DRIVER,,722563,,FORD,UNKNOWN,IL,2017,NONE,TRUCK - SINGLE UNIT,COMMERCIAL - MULTI-UNIT,SE,TURNING LEFT,,,1,,,,,Y,,,,,,,,,,,,,FRONT,,,,,,,,,,,,,,,,,,,,,,,,,,,,,,,,,
760693,d2b700cc98864c43dd7baa4be3f0183cfd2a9adc5e3a23747d91797a4fdbd706b6c541fcb39e7964f5f7cc5c883ff40417b483a04c438d4845b9d5db003dbea6,10/15/2019 04:45:00 PM,2,DRIVER,,722567,,"TOYOTA MOTOR COMPANY, LTD.",Sienna (van),IL,2007,NONE,PASSENGER,PERSONAL,N,STRAIGHT AHEAD,,,1,,,,,,,,,,,,,,,Y,,,TOTAL (ALL AREAS),,,,,,,,,,,,,,,,,,,,,,,,,,,,,,,,,
760677,9f9c2150308a3bd2d4d8dae7dc23c1bffb700184b5db4139ea7d5341ab76d2401fe0a64c8e67adf535feb6efb738d68c5e1114197ba426282e1f9744b7901116,10/15/2019 03:42:00 PM,1,DRIVER,,722538,,JEEP,UNKNOWN,IL,1999,UNKNOWN,SPORT UTILITY VEHICLE (SUV),UNKNOWN/NA,SW,U-TURN,,,1,,,,,Y,Y,Y,,,,,,,,,,,UNKNOWN,,,,,,,,,,,,,,,,,,,,,,,,,,,,,,,,,
760678,9f9c2150308a3bd2d4d8dae7dc23c1bffb700184b5db4139ea7d5341ab76d2401fe0a64c8e67adf535feb6efb738d68c5e1114197ba426282e1f9744b7901116,10/15/2019 03:42:00 PM,2,DRIVER,,722553,,FREIGHTLINER CORP.,UNKNOWN,IL,2007,UNKNOWN,BUS OVER 15 PASS.,UNKNOWN/NA,S,STRAIGHT AHEAD,,,1,,,,,Y,,,,,,,,,,,,,FRONT,,,,,,,,,,,,,,,,,,,,,,,,,,,,,,,,,
762172,1dcf8f3b40adc3ce52bdaf57f609fbe3a93810e646670191c12b0f42dfbb89d5d82da743d778ff7eac495f4cbb9578f3cd3237f6642b3b1c95fb41edb700077f,10/12/2019 10:00:00 PM,1,DRIVER,,723992,,"TOYOTA MOTOR COMPANY, LTD.",CAMRY,IL,2011,NONE,PASSENGER,TAXI/FOR HIRE,S,SLOW/STOP IN TRAFFIC,,,1,,,,,,,,,,,,,,,,Y,,OTHER,,,,,,,,,,,,,,,,,,,,,,,,,,,,,,,,,
762173,1dcf8f3b40adc3ce52bdaf57f609fbe3a93810e646670191c12b0f42dfbb89d5d82da743d778ff7eac495f4cbb9578f3cd3237f6642b3b1c95fb41edb700077f,10/12/2019 10:00:00 PM,2,DRIVER,,723998,,"TOYOTA MOTOR COMPANY, LTD.",CAMRY,IL,2014,NONE,PASSENGER,TAXI/FOR HIRE,S,SLOW/STOP IN TRAFFIC,,,1,,,,,,,,,,Y,,,,,,,,REAR-LEFT,,,,,,,,,,,,,,,,,,,,,,,,,,,,,,,,,
757607,fffb85093f7ef92eb0f11c960e57ccf5ca7c7ba3ac3354a753466e049033f34463e589a39c0c179d813624547ff402fce3b25fec468ab2ab8522520b6b700f1f,10/11/2019 08:15:00 AM,1,DRIVER,,719643,,FORD,FIESTA,IL,2012,NONE,PASSENGER,PERSONAL,N,PASSING/OVERTAKING,,,1,,,,,,,,,,,Y,Y,Y,Y,Y,,,ROOF,,,,,,,,,,,,,,,,,,,,,,,,,,,,,,,,,
757608,fffb85093f7ef92eb0f11c960e57ccf5ca7c7ba3ac3354a753466e049033f34463e589a39c0c179d813624547ff402fce3b25fec468ab2ab8522520b6b700f1f,10/11/2019 08:15:00 AM,2,DRIVER,,719658,,"MACK TRUCKS, INC.","MACK TRUCKS, INC.",IL,2016,NONE,TRACTOR W/ SEMI-TRAILER,COMMERCIAL - MULTI-UNIT,N,STRAIGHT AHEAD,,,1,,,,,,,,,,,,,,,,Y,,OTHER,,,,,,,,,,,,,,,,,,,,,,,,,,,,,,,,,
757365,8dbe4a39ce593578558cf93de0c83c7f4723987c47ca18a3df30f1c79097043faf590b0c61ff0454011a9ab700f57c9087e28029e601d4679eb278e29e65163a,10/10/2019 06:20:00 PM,1,DRIVER,,719407,,NISSAN,UNKNOWN,IL,2018,NONE,PASSENGER,PERSONAL,W,CHANGING LANES,Y,,1,,PRIVATE TOW,UNKNOWN,,,,,,,,,,,Y,Y,Y,,TOTAL (ALL AREAS),,,,,,,,,,,,,,,,,,,,,,,,,,,,,,,,,
757366,8dbe4a39ce593578558cf93de0c83c7f4723987c47ca18a3df30f1c79097043faf590b0c61ff0454011a9ab700f57c9087e28029e601d4679eb278e29e65163a,10/10/2019 06:20:00 PM,2,DRIVER,,719413,,HONDA,ACCORD,IL,2006,NONE,PASSENGER,PERSONAL,E,TURNING LEFT,Y,,1,,PRIVATE TOW,UNKNOWN,,Y,,,,,,,,,,,Y,,OTHER,,,,,,,,,,,,,,,,,,,,,,,,,,,,,,,,,
757091,a825fb4c4d47a4382031b01bd2736ab553a5c89e40a7483a6057df8b09e2c3f0f38fd726c21586e7f907bb0395bcca02a3e880cdd254f4cc6dd9d96230d1b700,10/10/2019 02:19:00 PM,1,DRIVER,,719150,,CHEVROLET,SUBURBAN,IL,2007,UNKNOWN,SPORT UTILITY VEHICLE (SUV),PERSONAL,NE,BACKING,,,1,,,,,,,,,,Y,Y,,,,,,,REAR-LEFT,,,,,,,,,,,,,,,,,,,,,,,,,,,,,,,,,
757092,a825fb4c4d47a4382031b01bd2736ab553a5c89e40a7483a6057df8b09e2c3f0f38fd726c21586e7f907bb0395bcca02a3e880cdd254f4cc6dd9d96230d1b700,10/10/2019 02:19:00 PM,2,DRIVER,,719165,,FORD,UNKNOWN,IL,2015,NONE,VAN/MINI-VAN,COMMERCIAL - MULTI-UNIT,SW,OTHER,,,1,,,,,,,,Y,Y,Y,,,,,,,,REAR-RIGHT,,,,,,,,,,,,,,,,,,,,,,,,,,,,,,,,,
753273,6315489a5cad5268536781fba54c822c9b750e287f428519ac0f167ecd267c2277cbd6b691b25a6b3db019e8a17d939c78e172938714db777b1bd142c7fb700d,10/04/2019 07:12:00 PM,1,PEDESTRIAN,,,,,,,,,,,,,,,,,,,,,,,,,,,,,,,,,,,,,,,,,,,,,,,,,,,,,,,,,,,,,,,,,,
753274,6315489a5cad5268536781fba54c822c9b750e287f428519ac0f167ecd267c2277cbd6b691b25a6b3db019e8a17d939c78e172938714db777b1bd142c7fb700d,10/04/2019 07:12:00 PM,2,DRIVER,1,715575,,HONDA,Odyssey (minivan),IL,2001,UNKNOWN,VAN/MINI-VAN,PERSONAL,N,STRAIGHT AHEAD,,,2,,,,Y,,,,,,,,,,,,,,OTHER,,,,,,,,,,,,,,,,,,,,,,,,,,,,,,,,,
753448,ca7908fe3a6b6347f0f55ec37fdc17707fc86a3862c06ed501823e35e4b65744df79a9581face48aac06a1dad46f3811dda282b8417cb57db700ebc74ffc2f87,10/04/2019 12:35:00 PM,1,DRIVER,,715838,,DODGE,CALIBER,IL,2011,UNKNOWN,UNKNOWN/NA,UNKNOWN/NA,W,CHANGING LANES,,,1,,,,,Y,,,,,,,,,,,,,FRONT,,,,,,,,,,,,,,,,,,,,,,,,,,,,,,,,,
753449,ca7908fe3a6b6347f0f55ec37fdc17707fc86a3862c06ed501823e35e4b65744df79a9581face48aac06a1dad46f3811dda282b8417cb57db700ebc74ffc2f87,10/04/2019 12:35:00 PM,2,DRIVER,,715739,,JEEP,UNKNOWN,IL,2014,NONE,SPORT UTILITY VEHICLE (SUV),PERSONAL,W,STRAIGHT AHEAD,,,1,,,,,,,,,,,,Y,Y,Y,,,,ROOF,,,,,,,,,,,,,,,,,,,,,,,,,,,,,,,,,
749023,29b070f9a0cfd8f76b9c2d520df88c94568f3abb0f4a69015bfa10dc7c112cf7b992415e7e5db700a77dbaae16b8f1e2234da6bb06617a8b848644be277bf8b6,09/28/2019 11:43:00 AM,1,DRIVER,1,711610,,CHEVROLET,IMPALA,IN,2008,NONE,PASSENGER,PERSONAL,W,STRAIGHT AHEAD,,,2,,,,,Y,Y,Y,Y,,,,,,,,,,SIDE-RIGHT,,,,,,,,,,,,,,,,,,,,,,,,,,,,,,,,,
749024,29b070f9a0cfd8f76b9c2d520df88c94568f3abb0f4a69015bfa10dc7c112cf7b992415e7e5db700a77dbaae16b8f1e2234da6bb06617a8b848644be277bf8b6,09/28/2019 11:43:00 AM,2,DRIVER,,711617,,NISSAN,SENTRA (DATSUN AND NISSAN HAVE MERGED),IL,2015,NONE,PASSENGER,PERSONAL,S,STRAIGHT AHEAD,Y,,1,,T&C,Pound 2,,Y,Y,,,,,,,,Y,Y,Y,,OTHER,,,,,,,,,,,,,,,,,,,,,,,,,,,,,,,,,
749025,29b070f9a0cfd8f76b9c2d520df88c94568f3abb0f4a69015bfa10dc7c112cf7b992415e7e5db700a77dbaae16b8f1e2234da6bb06617a8b848644be277bf8b6,09/28/2019 11:43:00 AM,3,DRIVERLESS,,711619,,VOLVO,UNKNOWN,IL,2001,NONE,TRACTOR W/ SEMI-TRAILER,NOT IN USE,N,PARKED,,,0,,,,,,,Y,Y,,,,,,,,,,SIDE-RIGHT,,,,,,,,,,,,,,,,,,,,,,,,,,,,,,,,,
746888,9463f8599b76881bf2047eba80298a761417c7331b700337d19e1472adea0da199fef28e2a77bee98e593e3dbe062f5413003a6405ed8012e2c020a00d1213a3,09/26/2019 11:53:00 AM,1,DRIVER,,709612,,VOLKSWAGEN,UNKNOWN,IL,,NONE,PASSENGER,PERSONAL,N,OTHER,,,1,,,,,Y,,,,,,,,,,,,,FRONT,,,,,,,,,,,,,,,,,,,,,,,,,,,,,,,,,
746889,9463f8599b76881bf2047eba80298a761417c7331b700337d19e1472adea0da199fef28e2a77bee98e593e3dbe062f5413003a6405ed8012e2c020a00d1213a3,09/26/2019 11:53:00 AM,2,DRIVER,,709615,,NISSAN,VERSA,IL,2017,NONE,PASSENGER,PERSONAL,N,OTHER,,,1,,,,,,,,,Y,,,,,,,,,REAR-RIGHT,,,,,,,,,,,,,,,,,,,,,,,,,,,,,,,,,
746811,d9e65d7d3d3cc39336322b70055a21ce8aec724412ab358d83a43d4f81b17c6c26d33c24313980561bd5ac4c6928ab3616ddf60a17b366b81ed161e260b72b47,09/26/2019 08:45:00 AM,1,BICYCLE,,,,,,,,,,,,,,,,,,,,,,,,,,,,,,,,,,,,,,,,,,,,,,,,,,,,,,,,,,,,,,,,,,
746812,d9e65d7d3d3cc39336322b70055a21ce8aec724412ab358d83a43d4f81b17c6c26d33c24313980561bd5ac4c6928ab3616ddf60a17b366b81ed161e260b72b47,09/26/2019 08:45:00 AM,2,DRIVER,,709558,,"TOYOTA MOTOR COMPANY, LTD.",CAMRY,IL,2008,NONE,PASSENGER,PERSONAL,N,STRAIGHT AHEAD,,,1,,,,,Y,,,,,,,,,,,,,FRONT,,,,,,,,,,,,,,,,,,,,,,,,,,,,,,,,,
746301,82c82c3f15777d5b4fc8dc7225347f4ee2cc261e375fac236c8835c221e062e0b91b9065a732a2414b310df0a79b700804deec993dfcc417324f8d4f8275545f,09/25/2019 01:48:00 PM,1,DRIVER,,709102,,"TOYOTA MOTOR COMPANY, LTD.",Prius,,2011,UNKNOWN,PASSENGER,PERSONAL,UNKNOWN,BACKING,,,1,,,,,,,,,,,,,,,,,Y,UNKNOWN,,,,,,,,,,,,,,,,,,,,,,,,,,,,,,,,,
746302,82c82c3f15777d5b4fc8dc7225347f4ee2cc261e375fac236c8835c221e062e0b91b9065a732a2414b310df0a79b700804deec993dfcc417324f8d4f8275545f,09/25/2019 01:48:00 PM,2,DRIVER,1,709097,,HYUNDAI,VERACRUZ,IL,2007,NONE,PASSENGER,PERSONAL,UNKNOWN,STRAIGHT AHEAD,,,2,,,,,N,N,N,,,,Y,Y,Y,,,,,,,,,,,,,,,,,,,,,,,,,,,,,,,,,,,,,,
745776,e626a2e72b700533be43e5a908f669017c776f92d3cb1bfce39c0ff0e2d2ee3469aad0fd26b2af2ee64f327a3ef5c48f51dc0118f8591db16653ac7f28f58850,09/24/2019 02:45:00 PM,1,DRIVER,,708616,,LEXUS,UNKNOWN,IL,2006,NONE,PASSENGER,PERSONAL,E,STRAIGHT AHEAD,,,1,,,,,,,,,,,,,,,,Y,,OTHER,,,,,,,,,,,,,,,,,,,,,,,,,,,,,,,,,
745777,e626a2e72b700533be43e5a908f669017c776f92d3cb1bfce39c0ff0e2d2ee3469aad0fd26b2af2ee64f327a3ef5c48f51dc0118f8591db16653ac7f28f58850,09/24/2019 02:45:00 PM,2,DRIVER,,708625,,"TOYOTA MOTOR COMPANY, LTD.",CAMRY,IL,2014,NONE,PASSENGER,PERSONAL,E,SLOW/STOP IN TRAFFIC,,,1,,,,,,,,,,Y,,,,,,,,REAR-LEFT,,,,,,,,,,,,,,,,,,,,,,,,,,,,,,,,,
744803,52f1a8eeacd53d2f1558595cbed6d5de1d8392e4bab9ef086087e96d67800633b3b700b56c82d396f2e9d019ff677a39898ec5456c8a7f0fce23aa42e8aeec4b,09/23/2019 01:48:00 PM,1,DRIVER,,707709,,FORD,FORD,IL,2001,UNKNOWN,VAN/MINI-VAN,UNKNOWN/NA,W,STRAIGHT AHEAD,,,1,,,,,Y,,,,,,,,,,,,,FRONT,,,,,,,,,,,,,,,,,,,,,,,,,,,,,,,,,
744804,52f1a8eeacd53d2f1558595cbed6d5de1d8392e4bab9ef086087e96d67800633b3b700b56c82d396f2e9d019ff677a39898ec5456c8a7f0fce23aa42e8aeec4b,09/23/2019 01:48:00 PM,2,DRIVER,,707714,,JEEP,PATRIOT,IL,2014,NONE,SPORT UTILITY VEHICLE (SUV),PERSONAL,W,STRAIGHT AHEAD,,,1,,,,,,,,,,,,Y,Y,,,,,FRONT-LEFT,,,,,,,,,,,,,,,,,,,,,,,,,,,,,,,,,
742799,91d03006e0970758d42f8de3d10047ec052e38476de31b6ec14c97d09c8759df3071946ba28c190342899fc79355ef7f9cdb7007efe7ee94e250da4a60e57dac,09/20/2019 09:00:00 PM,1,DRIVER,,705904,,JEEP,CHEROKEE,,,UNKNOWN,SPORT UTILITY VEHICLE (SUV),UNKNOWN/NA,E,OTHER,,,1,,,,,,,,,,,,,,,,,Y,UNKNOWN,,,,,,,,,,,,,,,,,,,,,,,,,,,,,,,,,
742800,91d03006e0970758d42f8de3d10047ec052e38476de31b6ec14c97d09c8759df3071946ba28c190342899fc79355ef7f9cdb7007efe7ee94e250da4a60e57dac,09/20/2019 09:00:00 PM,2,DRIVER,,705911,,ACURA,ACURA,IL,2019,NONE,UNKNOWN/NA,UNKNOWN/NA,E,STRAIGHT AHEAD,,,1,,,,,,,,,,,,,,Y,Y,,,TOTAL (ALL AREAS),,,,,,,,,,,,,,,,,,,,,,,,,,,,,,,,,
741111,5d5d980791a9e6fb700b85089e7867e8294beeb12cf3125de7498349245dee2a03f8b14e4b2c1da6937abe4c0a4360bf59556900582c7c635fa351f8ad18fe48,09/18/2019 04:20:00 PM,1,DRIVER,2,704329,,HYUNDAI,ELANTRA,IL,2017,NONE,PASSENGER,PERSONAL,S,PASSING/OVERTAKING,Y,,3,,unknown,,,Y,,,,,,,,,,Y,Y,,TOTAL (ALL AREAS),,,,,,,,,,,,,,,,,,,,,,,,,,,,,,,,,
741112,5d5d980791a9e6fb700b85089e7867e8294beeb12cf3125de7498349245dee2a03f8b14e4b2c1da6937abe4c0a4360bf59556900582c7c635fa351f8ad18fe48,09/18/2019 04:20:00 PM,2,DRIVER,1,704340,,"TOYOTA MOTOR COMPANY, LTD.",Highlander(beginning vehicle year 2001),IL,2014,NONE,SPORT UTILITY VEHICLE (SUV),PERSONAL,S,STRAIGHT AHEAD,,,2,,,,,,,Y,Y,,,,,,,,,,SIDE-RIGHT,,,,,,,,,,,,,,,,,,,,,,,,,,,,,,,,,
737047,300120dc3501f6fe67e622c08fbd3c76fe4aea531ad1c09185d8ecbf2606afe4253822c2b70066463aafe0f45caa61bc02eddbf36530c64d31aa25a63decc7a8,09/12/2019 06:09:00 PM,1,DRIVER,,700447,,"TOYOTA MOTOR COMPANY, LTD.",Prius,IL,2017,NONE,PASSENGER,PERSONAL,W,STRAIGHT AHEAD,,,1,,,,,,,,,,,,,Y,Y,Y,,,ROOF,,,,,,,,,,,,,,,,,,,,,,,,,,,,,,,,,
737048,300120dc3501f6fe67e622c08fbd3c76fe4aea531ad1c09185d8ecbf2606afe4253822c2b70066463aafe0f45caa61bc02eddbf36530c64d31aa25a63decc7a8,09/12/2019 06:09:00 PM,2,DRIVER,,700454,,FORD,UNKNOWN,IL,2010,NONE,PASSENGER,PERSONAL,W,STRAIGHT AHEAD,Y,,1,,D&G Towing,,,Y,Y,Y,,,,,,,,,,,FRONT,,,,,,,,,,,,,,,,,,,,,,,,,,,,,,,,,
736551,405fccde48b1ebfd01f3b31be2719b564ffc0734dbfe68c2263a1ca9dbe9ad9c14280bfa97c3ad6ed8ea8eb700cb824888b6db94e4db6f178d43c1aa7ac9a625,09/12/2019 08:10:00 AM,1,DRIVER,,699998,,"TOYOTA MOTOR COMPANY, LTD.",Highlander(beginning vehicle year 2001),IL,2013,NONE,PASSENGER,PERSONAL,N,STRAIGHT AHEAD,,,1,,,,,Y,,,,,,,,,,,,,FRONT,,,,,,,,,,,,,,,,,,,,,,,,,,,,,,,,,
736552,405fccde48b1ebfd01f3b31be2719b564ffc0734dbfe68c2263a1ca9dbe9ad9c14280bfa97c3ad6ed8ea8eb700cb824888b6db94e4db6f178d43c1aa7ac9a625,09/12/2019 08:10:00 AM,2,DRIVER,1,700008,,HYUNDAI,TUCSON,IL,2018,NONE,PASSENGER,RIDESHARE SERVICE,W,STRAIGHT AHEAD,,,2,,,,,,,,,,,,,,,Y,,,TOTAL (ALL AREAS),,,,,,,,,,,,,,,,,,,,,,,,,,,,,,,,,
736010,4ade43ad49fd69450adab700602807ea4180f09449f3c9b734ea840247a2eb97e1b74b0312dee85f608a6317b4404ed21e72ce1c3562b948bd4c0881660d44ea,09/11/2019 02:45:00 PM,1,DRIVER,,699561,,CHEVROLET,EQUINOX,,2014,NONE,PASSENGER,TAXI/FOR HIRE,S,PASSING/OVERTAKING,,,1,,,,,Y,,,,,,,,,,,,,FRONT,,,,,,,,,,,,,,,,,,,,,,,,,,,,,,,,,
736011,4ade43ad49fd69450adab700602807ea4180f09449f3c9b734ea840247a2eb97e1b74b0312dee85f608a6317b4404ed21e72ce1c3562b948bd4c0881660d44ea,09/11/2019 02:45:00 PM,2,DRIVER,,699569,,HYUNDAI,SONATA,IL,2015,NONE,PASSENGER,TAXI/FOR HIRE,S,TURNING RIGHT,,,1,,,,,,,,,,,Y,,,,,,,SIDE-LEFT,,,,,,,,,,,,,,,,,,,,,,,,,,,,,,,,,
733085,da600651bd8edfbe6b21ae3b7487cff27852fc9ebf236d72ad7d5f6f86b0262b3cc45cdedb476962d2dffb7d2cb70086ab1869d7b74c83a29df2a3bfb7220230,09/07/2019 07:50:00 AM,1,DRIVER,,696817,,CHEVROLET,MALIBU (CHEVELLE),IL,2015,UNKNOWN,PASSENGER,PERSONAL,S,UNKNOWN/NA,,,1,,,,,,,,,,,,,,,Y,,,TOTAL (ALL AREAS),,,,,,,,,,,,,,,,,,,,,,,,,,,,,,,,,
733086,da600651bd8edfbe6b21ae3b7487cff27852fc9ebf236d72ad7d5f6f86b0262b3cc45cdedb476962d2dffb7d2cb70086ab1869d7b74c83a29df2a3bfb7220230,09/07/2019 07:50:00 AM,2,PARKED,,696819,,HYUNDAI,SONATA,IL,2012,NONE,PASSENGER,PERSONAL,UNKNOWN,PARKED,,,0,,,,,Y,Y,Y,,,,,,,,,,,SIDE-RIGHT,,,,,,,,,,,,,,,,,,,,,,,,,,,,,,,,,
730898,c259cfdfbb8a5716b8d02261dfed0140c1701567cde1eaa0789159592503fdb7004714cec39af7979a09ff7195e243b0b565c3ddc1e1985d584c3254226c8d31,09/04/2019 08:50:00 AM,1,DRIVER,1,694758,,"TOYOTA MOTOR COMPANY, LTD.",RAV4 (sport utility),IL,2018,NONE,SPORT UTILITY VEHICLE (SUV),TAXI/FOR HIRE,E,SLOW/STOP IN TRAFFIC,,,2,,,,Y,,,,,,,,,,,,,,SIDE-RIGHT,,,,,,,,,,,,,,,,,,,,,,,,,,,,,,,,,
730940,c259cfdfbb8a5716b8d02261dfed0140c1701567cde1eaa0789159592503fdb7004714cec39af7979a09ff7195e243b0b565c3ddc1e1985d584c3254226c8d31,09/04/2019 08:50:00 AM,2,BICYCLE,,,,,,,,,,,,,,,,,,,,,,,,,,,,,,,,,,,,,,,,,,,,,,,,,,,,,,,,,,,,,,,,,,
729933,149413215d121d6e9db9b700da2f006f037601615912c466ba33984588e1f9b19302884479e063bd0956651b9a9e7002a3ffd2bb4233a110ffdde4de454a4722,09/02/2019 10:15:00 PM,1,DRIVERLESS,,693850,,HONDA,CRV,IL,2015,UNKNOWN,PASSENGER,UNKNOWN/NA,UNKNOWN,UNKNOWN/NA,Y,,0,,city of chicago,103 s doty,,Y,,,,,,,,,,Y,Y,,OTHER,,,,,,,,,,,,,,,,,,,,,,,,,,,,,,,,,
729550,e8cc5bba3305dff5c1fce9c5a44f265ddfaf8110a25a07f93d83f2b523d4e69bc0b700d08e136f81ec5db046e7b2c251b7313064118be2d3e5c2eaff404fea90,09/02/2019 08:30:00 AM,1,DRIVER,,693486,,CHEVROLET,BLAZER,XX,,UNKNOWN,UNKNOWN/NA,UNKNOWN/NA,UNKNOWN,BACKING,,,1,,,,,,,,,,,,,,,,,Y,UNKNOWN,,,,,,,,,,,,,,,,,,,,,,,,,,,,,,,,,