CRASH_UNIT_ID,CRASH_RECORD_ID,CRASH_DATE,UNIT_NO,UNIT_TYPE,NUM_PASSENGERS,VEHICLE_ID,CMRC_VEH_I,MAKE,MODEL,LIC_PLATE_STATE,VEHICLE_YEAR,VEHICLE_DEFECT,VEHICLE_TYPE,VEHICLE_USE,TRAVEL_DIRECTION,MANEUVER,TOWED_I,FIRE_I,OCCUPANT_CNT,EXCEED_SPEED_LIMIT_I,TOWED_BY,TOWED_TO,AREA_00_I,AREA_01_I,AREA_02_I,AREA_03_I,AREA_04_I,AREA_05_I,AREA_06_I,AREA_07_I,AREA_08_I,AREA_09_I,AREA_10_I,AREA_11_I,AREA_12_I,AREA_99_I,FIRST_CONTACT_POINT,CMV_ID,USDOT_NO,CCMC_NO,ILCC_NO,COMMERCIAL_SRC,GVWR,CARRIER_NAME,CARRIER_STATE,CARRIER_CITY,HAZMAT_PLACARDS_I,HAZMAT_NAME,UN_NO,HAZMAT_PRESENT_I,HAZMAT_REPORT_I,HAZMAT_REPORT_NO,MCS_REPORT_I,MCS_REPORT_NO,HAZMAT_VIO_CAUSE_CRASH_I,MCS_VIO_CAUSE_CRASH_I,IDOT_PERMIT_NO,WIDE_LOAD_I,TRAILER1_WIDTH,TRAILER2_WIDTH,TRAILER1_LENGTH,TRAILER2_LENGTH,TOTAL_VEHICLE_LENGTH,AXLE_CNT,VEHICLE_CONFIG,CARGO_BODY_TYPE,LOAD_TYPE,HAZMAT_OUT_OF_SERVICE_I,MCS_OUT_OF_SERVICE_I,HAZMAT_CLASS
729551,e8cc5bba3305dff5c1fce9c5a44f265ddfaf8110a25a07f93d83f2b523d4e69bc0b700d08e136f81ec5db046e7b2c251b7313064118be2d3e5c2eaff404fea90,09/02/2019 08:30:00 AM,2,PARKED,,693491,,CHEVROLET,MALIBU (CHEVELLE),IL,2017,UNKNOWN,PASSENGER,PERSONAL,UNKNOWN,PARKED,,,0,,,,,,,,,,,Y,Y,Y,Y,Y,,,ROOF,,,,,,,,,,,,,,,,,,,,,,,,,,,,,,,,,
729556,aba5932ab4318f62230a73e13eb946c5026e023e9b70096ba0155f275901b3d5b68d8613acae10e87cac3b6758fe25d0a85a37ef52900253b55646466fdf3bdd,09/01/2019 03:00:00 PM,1,DRIVER,,693489,,DODGE,CHARGER,IL,2008,UNKNOWN,PASSENGER,UNKNOWN/NA,S,STRAIGHT AHEAD,,,1,,,,,,,,,,,,,,,,,Y,UNKNOWN,,,,,,,,,,,,,,,,,,,,,,,,,,,,,,,,,
729557,aba5932ab4318f62230a73e13eb946c5026e023e9b70096ba0155f275901b3d5b68d8613acae10e87cac3b6758fe25d0a85a37ef52900253b55646466fdf3bdd,09/01/2019 03:00:00 PM,2,PARKED,,693492,,HONDA,CIVIC,IL,2017,UNKNOWN,PASSENGER,PERSONAL,S,PARKED,N,,0,,,,,,,,,,N,Y,Y,Y,,,,,SIDE-LEFT,,,,,,,,,,,,,,,,,,,,,,,,,,,,,,,,,
726152,43033d83e1320fe04650f94e3dfcb44de98987842e2f322ca7ef220f9495080a9ba1bc0570026f810b78cd74d21a1a795534721351b7002440d11e80bef18a32,08/28/2019 10:00:00 AM,1,DRIVER,,690286,,INTERNATIONAL TRAILER CORP.,INTERNATIONAL TRAILER CORP.,IL,2011,NONE,TRACTOR W/ SEMI-TRAILER,OTHER,E,STRAIGHT AHEAD,,,1,,,,,,Y,,,,,,,,,,,,FRONT-RIGHT,,,,,,,,,,,,,,,,,,,,,,,,,,,,,,,,,
726153,43033d83e1320fe04650f94e3dfcb44de98987842e2f322ca7ef220f9495080a9ba1bc0570026f810b78cd74d21a1a795534721351b7002440d11e80bef18a32,08/28/2019 10:00:00 AM,2,DRIVER,,690297,,NISSAN,NISSAN ALTIMA,IL,2014,NONE,PASSENGER,PERSONAL,E,SLOW/STOP IN TRAFFIC,,,1,,,,,,,,,,,,Y,,,,,,FRONT-LEFT,,,,,,,,,,,,,,,,,,,,,,,,,,,,,,,,,
724643,0bb319db47ff31cef2f2ee2828b814b6f91d96f0df764852a27fae7f2dfba020f1816f4039b700ba6b2e95d49f2f91a79adbdcd23e569154a94172adf6c7c243,08/26/2019 08:00:00 AM,1,DRIVER,,688858,,UNKNOWN,UNKNOWN,XX,,UNKNOWN,UNKNOWN/NA,UNKNOWN/NA,N,STRAIGHT AHEAD,,,1,,,,,,,,,,,,,,,,,Y,UNKNOWN,,,,,,,,,,,,,,,,,,,,,,,,,,,,,,,,,
724644,0bb319db47ff31cef2f2ee2828b814b6f91d96f0df764852a27fae7f2dfba020f1816f4039b700ba6b2e95d49f2f91a79adbdcd23e569154a94172adf6c7c243,08/26/2019 08:00:00 AM,2,PARKED,,688864,,HYUNDAI,ELANTRA,LA,2018,NONE,PASSENGER,PERSONAL,N,PARKED,,,0,,,,,,,,,,Y,Y,,,,,,,FRONT-LEFT,,,,,,,,,,,,,,,,,,,,,,,,,,,,,,,,,
721005,3d718d6af6790fe59949de0644622b986da79514c8e233fd7e90e6eb6c0ae339e2b01cad2b67f7d46bef261bf3f062a4a00378d7799b0bbb06036499f81b7005,08/20/2019 03:00:00 PM,1,DRIVER,,685511,,HYUNDAI,ELANTRA,IL,2018,UNKNOWN,PASSENGER,PERSONAL,S,TURNING LEFT,N,,1,,,,,Y,,,,,,,,,,Y,Y,,FRONT,,,,,,,,,,,,,,,,,,,,,,,,,,,,,,,,,
721006,3d718d6af6790fe59949de0644622b986da79514c8e233fd7e90e6eb6c0ae339e2b01cad2b67f7d46bef261bf3f062a4a00378d7799b0bbb06036499f81b7005,08/20/2019 03:00:00 PM,2,DRIVER,3,685514,,KIA MOTORS CORP,Sportage (sport utility),IL,2013,UNKNOWN,PASSENGER,PERSONAL,N,STRAIGHT AHEAD,,,4,,,,,Y,,,,,,,,,,Y,Y,,OTHER,,,,,,,,,,,,,,,,,,,,,,,,,,,,,,,,,
720613,ea4a93af2c6509260573fecd018b20e20845d44e7b18c000c0fcb70ddce0958639c16fc802ba5c55f7bd9192e1a24336876fd4f59389b3e56691b700a476b29a,08/20/2019 09:38:00 AM,1,DRIVER,,685112,,UNKNOWN,UNKNOWN,IL,,UNKNOWN,UNKNOWN/NA,UNKNOWN/NA,UNKNOWN,UNKNOWN/NA,,,1,,,,,,,,,,,,,,,,,Y,UNKNOWN,,,,,,,,,,,,,,,,,,,,,,,,,,,,,,,,,
720614,ea4a93af2c6509260573fecd018b20e20845d44e7b18c000c0fcb70ddce0958639c16fc802ba5c55f7bd9192e1a24336876fd4f59389b3e56691b700a476b29a,08/20/2019 09:38:00 AM,2,PARKED,,685118,,NISSAN,NISSAN ALTIMA,,2010,NONE,PASSENGER,NOT IN USE,N,PARKED,,,0,,,,,,,,,,,Y,,,,,,,SIDE-LEFT,,,,,,,,,,,,,,,,,,,,,,,,,,,,,,,,,
719379,865cff8c053deae3467af99a06f83a693566a4a095b70069927a921fe0eebaabe195adcb44269644a8110b4231feb37a0c061ddeb601ac0d8f0d0223a12b0c6e,08/18/2019 12:01:00 AM,1,DRIVER,,683927,,UNKNOWN,UNKNOWN,,,UNKNOWN,UNKNOWN/NA,UNKNOWN/NA,N,UNKNOWN/NA,,,1,,,,,,,,,,,,,,,,,Y,UNKNOWN,,,,,,,,,,,,,,,,,,,,,,,,,,,,,,,,,
719380,865cff8c053deae3467af99a06f83a693566a4a095b70069927a921fe0eebaabe195adcb44269644a8110b4231feb37a0c061ddeb601ac0d8f0d0223a12b0c6e,08/18/2019 12:01:00 AM,2,PARKED,,683929,,GENERAL MOTORS CORP.,ACADIA,IL,2013,NONE,SPORT UTILITY VEHICLE (SUV),NOT IN USE,W,PARKED,,,0,,,,,,,,Y,,Y,Y,,,,,,,SIDE-LEFT,,,,,,,,,,,,,,,,,,,,,,,,,,,,,,,,,
718971,81f976e6c7a0e833392320f0ab7dce33942a4ce2a634979e9c33bf46dde738490bf10c95ba64b55121dd8e375ab71e17fc3b7477d53acc39116f1b050f17b700,08/17/2019 04:05:00 PM,1,DRIVER,,683541,,JEEP,CHEROKEE,IL,2018,NONE,SPORT UTILITY VEHICLE (SUV),PERSONAL,S,CHANGING LANES,,,1,,,,,Y,,,,,,,,,,,,,FRONT,,,,,,,,,,,,,,,,,,,,,,,,,,,,,,,,,
718972,81f976e6c7a0e833392320f0ab7dce33942a4ce2a634979e9c33bf46dde738490bf10c95ba64b55121dd8e375ab71e17fc3b7477d53acc39116f1b050f17b700,08/17/2019 04:05:00 PM,2,DRIVER,,683546,,DODGE,JOURNEY,IL,2016,NONE,PASSENGER,PERSONAL,S,STRAIGHT AHEAD,,,1,,,,,,,,,,,,Y,,,,,,ROOF,,,,,,,,,,,,,,,,,,,,,,,,,,,,,,,,,
718589,aa69373f4f0a53b535d886c06ba5c50396fdeb1bdcdff7c6826cd826b48d8183f3b25db58b700bb6433a9440ac64d290e2429adb4f8e63e52cafc24ba40ac5e8,08/17/2019 04:11:00 AM,1,DRIVER,,683205,,HONDA,UNKNOWN,IL,2010,UNKNOWN,PASSENGER,UNKNOWN/NA,UNKNOWN,UNKNOWN/NA,Y,,1,,northwest tow company,unknown,,Y,Y,Y,,,,,,,,,Y,Y,UNKNOWN,,,,,,,,,,,,,,,,,,,,,,,,,,,,,,,,,
718590,aa69373f4f0a53b535d886c06ba5c50396fdeb1bdcdff7c6826cd826b48d8183f3b25db58b700bb6433a9440ac64d290e2429adb4f8e63e52cafc24ba40ac5e8,08/17/2019 04:11:00 AM,2,PARKED,,683207,,NISSAN,UNKNOWN,IL,2005,UNKNOWN,UNKNOWN/NA,NOT IN USE,UNKNOWN,PARKED,,,0,,,,,,,,,,,,Y,Y,,,,Y,UNKNOWN,,,,,,,,,,,,,,,,,,,,,,,,,,,,,,,,,
718443,d98b7768b9ebbe0f0c949c104ad9b4db700b20badcc09bc0796a7ec5866812be8eae0c6be36a2527e7c922f90b9fbe246b7fa4d9d1997dda81fa2ee2c56725ca,08/16/2019 09:20:00 PM,2,DRIVER,1,683076,,HONDA,ACCORD,IL,,UNKNOWN,PASSENGER,PERSONAL,S,STRAIGHT AHEAD,,,2,,,,,,,,,,Y,,,,,,,,REAR-LEFT,,,,,,,,,,,,,,,,,,,,,,,,,,,,,,,,,
718444,d98b7768b9ebbe0f0c949c104ad9b4db700b20badcc09bc0796a7ec5866812be8eae0c6be36a2527e7c922f90b9fbe246b7fa4d9d1997dda81fa2ee2c56725ca,08/16/2019 09:20:00 PM,1,DRIVER,,683070,,"TOYOTA MOTOR COMPANY, LTD.",COROLLA,IL,2001,UNKNOWN,PASSENGER,UNKNOWN/NA,S,STRAIGHT AHEAD,,,1,,,,,,,,,,,,,,,,Y,,OTHER,,,,,,,,,,,,,,,,,,,,,,,,,,,,,,,,,
716402,3fb0fb700b09a6c97b6ad253e106395dad2b86ae3faec7a74583abb6439c7951a04c06c1a6600e3ef98bce4d64259e3739219f3c5ed0c660960e6a5c4305258d,08/13/2019 08:00:00 PM,1,DRIVER,,681171,,UNKNOWN,UNKNOWN,XX,,UNKNOWN,UNKNOWN/NA,UNKNOWN/NA,UNKNOWN,UNKNOWN/NA,,,1,,,,,,,,,,,,,,,,,,UNKNOWN,,,,,,,,,,,,,,,,,,,,,,,,,,,,,,,,,
716403,3fb0fb700b09a6c97b6ad253e106395dad2b86ae3faec7a74583abb6439c7951a04c06c1a6600e3ef98bce4d64259e3739219f3c5ed0c660960e6a5c4305258d,08/13/2019 08:00:00 PM,2,PARKED,,681193,,NISSAN,VERSA,IL,2009,NONE,PASSENGER,NOT IN USE,N,PARKED,,,0,,,,,,,,,,,,,,,,Y,,OTHER,,,,,,,,,,,,,,,,,,,,,,,,,,,,,,,,,
715304,892341bbb1a436ca01270b909a19eb4bb8532de510a0701996f947155b4d97031cb7001bc4a01f56c832db283ed46072a3c56373f6e4f0d6c90ee28ccfaeca3a,08/12/2019 02:00:00 PM,1,DRIVER,,680147,,UNKNOWN,UNKNOWN,,,UNKNOWN,UNKNOWN/NA,UNKNOWN/NA,UNKNOWN,UNKNOWN/NA,,,1,,,,,,,,,,,,,,,,,Y,OTHER,,,,,,,,,,,,,,,,,,,,,,,,,,,,,,,,,
715305,892341bbb1a436ca01270b909a19eb4bb8532de510a0701996f947155b4d97031cb7001bc4a01f56c832db283ed46072a3c56373f6e4f0d6c90ee28ccfaeca3a,08/12/2019 02:00:00 PM,2,PARKED,,680144,,NISSAN,NISSAN ALTIMA,IL,2017,NONE,PASSENGER,PERSONAL,W,PARKED,,,0,,,,,,,,,,Y,,,,,,,,REAR-LEFT,,,,,,,,,,,,,,,,,,,,,,,,,,,,,,,,,
714362,d7698d1ef2a9c25ff956f393dfa478de492e6d651cbb700d660b674314ddb661990bc2ba54d7018aecff29806c16b30d0897575ef740361b273565d4cdce5e0e,08/11/2019 03:35:00 AM,1,DRIVER,,679264,,PONTIAC,UNKNOWN,IL,2005,UNKNOWN,PASSENGER,PERSONAL,W,STRAIGHT AHEAD,,,1,,,,,,,,,,,,,,,,Y,,OTHER,,,,,,,,,,,,,,,,,,,,,,,,,,,,,,,,,
714363,d7698d1ef2a9c25ff956f393dfa478de492e6d651cbb700d660b674314ddb661990bc2ba54d7018aecff29806c16b30d0897575ef740361b273565d4cdce5e0e,08/11/2019 03:35:00 AM,2,DRIVER,,679268,,PONTIAC,UNKNOWN,IL,2002,NONE,PASSENGER,PERSONAL,S,TURNING LEFT,,,1,,,,,,,,,,,,Y,Y,Y,,,,ROOF,,,,,,,,,,,,,,,,,,,,,,,,,,,,,,,,,
713464,85b7006b55728ad1cab7b0631caff5ac2f6bacd2d0312cb95001133b75961de123488ac75a4aa6d26a91d5f24603fdbc97204369e729f9aa0c0a76f3fa196a77,08/09/2019 05:40:00 PM,1,DRIVER,,678446,,SUBARU,OUTBACK,IL,2013,UNKNOWN,PASSENGER,PERSONAL,W,STRAIGHT AHEAD,,,1,,,,,,,,,,,,,,,,Y,,OTHER,,,,,,,,,,,,,,,,,,,,,,,,,,,,,,,,,
713465,85b7006b55728ad1cab7b0631caff5ac2f6bacd2d0312cb95001133b75961de123488ac75a4aa6d26a91d5f24603fdbc97204369e729f9aa0c0a76f3fa196a77,08/09/2019 05:40:00 PM,2,DRIVER,,678449,,"TOYOTA MOTOR COMPANY, LTD.",CAMRY,IL,2016,UNKNOWN,PASSENGER,TAXI/FOR HIRE,W,SLOW/STOP IN TRAFFIC,,,1,,,,,,,,,,Y,,,,,,,,REAR-LEFT,,,,,,,,,,,,,,,,,,,,,,,,,,,,,,,,,
710946,d901083cd787eb84d57b37d2890271a7ca7a535715760c192cacad6d05a87e6e9a5fd0bfc042484aacd667236609b20ba670b9280fa16c6c5331ddb61b700a75,08/06/2019 02:35:00 PM,1,DRIVER,,676104,,VOLKSWAGEN,EOS,IL,2009,NONE,PASSENGER,PERSONAL,W,TURNING RIGHT,,,1,,,,,Y,,,,,,,,,,,,,FRONT,,,,,,,,,,,,,,,,,,,,,,,,,,,,,,,,,
710947,d901083cd787eb84d57b37d2890271a7ca7a535715760c192cacad6d05a87e6e9a5fd0bfc042484aacd667236609b20ba670b9280fa16c6c5331ddb61b700a75,08/06/2019 02:35:00 PM,2,DRIVER,,676123,,FORD,EXPLORER,IL,2017,NONE,SPORT UTILITY VEHICLE (SUV),POLICE,E,SLOW/STOP IN TRAFFIC,,,1,,,,,,,,,,Y,,,,,,,,REAR-LEFT,,,,,,,,,,,,,,,,,,,,,,,,,,,,,,,,,
710597,98cf070f15a67aed1950b2c6ad9f0f08540ffa784b6591a1f0a93ff7c7aa0ebea2586eb700a4eeeddc7d5c3146a46eba819e29faa17cc7dbdd4eddf46d4b4ab8,08/06/2019 01:00:00 AM,1,DRIVER,1,675771,,FORD,EXPLORER,IL,2018,NONE,PASSENGER,POLICE,S,BACKING,,,2,,,,,,,,,,,Y,,,,,,,SIDE-LEFT,,,,,,,,,,,,,,,,,,,,,,,,,,,,,,,,,
708414,0b52ee9c1ef6d2463c195ea0624ca3fd7bf2af2ac5f9e913ee20cbbe9575d6db9d65c20237668dfaef815217fe721288b70030a9afc1bf99747901a78d29a376,08/03/2019 12:05:00 AM,1,DRIVER,4,673711,,CHEVROLET,UNKNOWN,IL,2012,UNKNOWN,PASSENGER,UNKNOWN/NA,E,STRAIGHT AHEAD,,,5,,,,,,,,,,,,,,,,,Y,UNKNOWN,,,,,,,,,,,,,,,,,,,,,,,,,,,,,,,,,
708415,0b52ee9c1ef6d2463c195ea0624ca3fd7bf2af2ac5f9e913ee20cbbe9575d6db9d65c20237668dfaef815217fe721288b70030a9afc1bf99747901a78d29a376,08/03/2019 12:05:00 AM,2,PARKED,,673713,,"TOYOTA MOTOR COMPANY, LTD.",COROLLA,IL,2015,UNKNOWN,PASSENGER,UNKNOWN/NA,E,PARKED,,,0,,,,,,,,,,Y,,,,,,,,REAR-LEFT,,,,,,,,,,,,,,,,,,,,,,,,,,,,,,,,,
713734,c7f67a209e614229370a0a0e25738fe106e8b1393b6ce13e1abc217b7004aff58301695a08fe229dfa24e3f35294dd4b0409c906784c3272e7156b363836869a,08/01/2019 05:30:00 PM,1,DRIVER,,678715,,UNKNOWN,UNKNOWN,IL,,UNKNOWN,PASSENGER,UNKNOWN/NA,N,UNKNOWN/NA,,,1,,,,,,,,,,,,,,,,,Y,UNKNOWN,,,,,,,,,,,,,,,,,,,,,,,,,,,,,,,,,
713735,c7f67a209e614229370a0a0e25738fe106e8b1393b6ce13e1abc217b7004aff58301695a08fe229dfa24e3f35294dd4b0409c906784c3272e7156b363836869a,08/01/2019 05:30:00 PM,2,DRIVER,1,678711,,KIA MOTORS CORP,Rio,IL,2019,NONE,PASSENGER,UNKNOWN/NA,N,UNKNOWN/NA,,,2,,,,,,,,,,N,,,,,,,,REAR-LEFT,,,,,,,,,,,,,,,,,,,,,,,,,,,,,,,,,
713736,c7f67a209e614229370a0a0e25738fe106e8b1393b6ce13e1abc217b7004aff58301695a08fe229dfa24e3f35294dd4b0409c906784c3272e7156b363836869a,08/01/2019 05:30:00 PM,3,DRIVER,,678717,,UNKNOWN,UNKNOWN,,,UNKNOWN,UNKNOWN/NA,UNKNOWN/NA,N,UNKNOWN/NA,,,1,,,,,,,,,,,,,,,,,,UNKNOWN,,,,,,,,,,,,,,,,,,,,,,,,,,,,,,,,,
706675,34a77d8a0a06f8cd09beeb16f09e79f2641384e5c83b57963b53aacbc57b70003e4705fe0dfc19c1a094b759b172190b54fe7370ab7e0f3bb18523da3a86e05c,07/31/2019 05:51:00 PM,1,DRIVER,,672078,,MITSUBISHI,Outlander,IL,2014,NONE,PASSENGER,PERSONAL,S,TURNING LEFT,,,1,,,,,Y,Y,,,,,,,,,,,,FRONT,,,,,,,,,,,,,,,,,,,,,,,,,,,,,,,,,
706676,34a77d8a0a06f8cd09beeb16f09e79f2641384e5c83b57963b53aacbc57b70003e4705fe0dfc19c1a094b759b172190b54fe7370ab7e0f3bb18523da3a86e05c,07/31/2019 05:51:00 PM,2,BICYCLE,,,,,,,,,,,,,,,,,,,,,,,,,,,,,,,,,,,,,,,,,,,,,,,,,,,,,,,,,,,,,,,,,,
706673,b5b7005c7045db26f0b43f51f125a435778a9f612645d65b22c73be30da3e2816a3b3cf642146d56445598acca4de46cebe06ce2da7b561246b83936e7dfdd27,07/30/2019 03:00:00 PM,1,DRIVER,,672073,,MERCEDES-BENZ,E320,IL,2014,NONE,PASSENGER,PERSONAL,E,PASSING/OVERTAKING,,,1,,,,,Y,,,,,,,,,,,,,FRONT,,,,,,,,,,,,,,,,,,,,,,,,,,,,,,,,,
706674,b5b7005c7045db26f0b43f51f125a435778a9f612645d65b22c73be30da3e2816a3b3cf642146d56445598acca4de46cebe06ce2da7b561246b83936e7dfdd27,07/30/2019 03:00:00 PM,2,PARKED,,672127,,KIA MOTORS CORP,KIA MOTORS CORP,IL,2008,NONE,PASSENGER,PERSONAL,E,PARKED,,,0,,,,,,,,,,,,,,Y,Y,,,ROOF,,,,,,,,,,,,,,,,,,,,,,,,,,,,,,,,,
705323,ce7740d7821843819b7003c8f479f751c6b8d5e45f8ad8ca1df0a3637317197d22c93ac76cb899e745fe0ae3ca2baa03b95a35cffb2b55a68f9837e302c70458,07/29/2019 07:45:00 PM,1,DRIVER,1,670817,,CHEVROLET,CRUZE,IL,2013,UNKNOWN,PASSENGER,PERSONAL,S,MERGING,,,2,,,,,,,,,,,,,,,Y,,,TOTAL (ALL AREAS),,,,,,,,,,,,,,,,,,,,,,,,,,,,,,,,,
705324,ce7740d7821843819b7003c8f479f751c6b8d5e45f8ad8ca1df0a3637317197d22c93ac76cb899e745fe0ae3ca2baa03b95a35cffb2b55a68f9837e302c70458,07/29/2019 07:45:00 PM,2,DRIVER,,670821,,JEEP,UNKNOWN,IL,2014,UNKNOWN,PASSENGER,PERSONAL,S,STRAIGHT AHEAD,,,1,,,,,,,,,Y,,,,,,,,,REAR-RIGHT,,,,,,,,,,,,,,,,,,,,,,,,,,,,,,,,,
704999,fb222c56a57d212d5eb6c21a0d969f58bfe1326ab7006a5f6ffbe15dba67f5fb7f8151c66942d95c68d1b1b2dbd81c752f1406d9a3e920b63f00265cc043fc32,07/29/2019 07:45:00 AM,1,DRIVER,,670506,,UNKNOWN,UNKNOWN,IL,,UNKNOWN,SPORT UTILITY VEHICLE (SUV),UNKNOWN/NA,W,PASSING/OVERTAKING,,,1,,,,,,,,,,,,,,,,,Y,UNKNOWN,,,,,,,,,,,,,,,,,,,,,,,,,,,,,,,,,
705000,fb222c56a57d212d5eb6c21a0d969f58bfe1326ab7006a5f6ffbe15dba67f5fb7f8151c66942d95c68d1b1b2dbd81c752f1406d9a3e920b63f00265cc043fc32,07/29/2019 07:45:00 AM,2,DRIVER,,670514,,CHEVROLET,HHR,IN,2006,UNKNOWN,PASSENGER,PERSONAL,W,STRAIGHT AHEAD,,,1,,,,,,,,,Y,,,,,,,,,REAR-RIGHT,,,,,,,,,,,,,,,,,,,,,,,,,,,,,,,,,
700512,b700af9ee0803632daba385d602001d0b796820cda83df3962ce3570770938742481e13695a27900b583a975325f1e1359c131999c8114cb942bc592ea1dd09b,07/23/2019 02:10:00 PM,1,DRIVER,1,666284,,FORD,ESCAPE (SUV),IL,2014,UNKNOWN,PASSENGER,PERSONAL,W,TURNING RIGHT,Y,,2,,E AND R TOWING,POUND 2,,Y,,,,,,,,,,Y,Y,,OTHER,,,,,,,,,,,,,,,,,,,,,,,,,,,,,,,,,
700513,b700af9ee0803632daba385d602001d0b796820cda83df3962ce3570770938742481e13695a27900b583a975325f1e1359c131999c8114cb942bc592ea1dd09b,07/23/2019 02:10:00 PM,2,DRIVER,,666276,,HONDA,ACCORD,IL,2002,NONE,PASSENGER,PERSONAL,N,TURNING LEFT,Y,,1,,owner,UNKNOWN,,,,,,,,,,,Y,Y,Y,,TOTAL (ALL AREAS),,,,,,,,,,,,,,,,,,,,,,,,,,,,,,,,,
698699,374495a34347d35e4e20d3e4742443bcc434a5eae3bb705f5328dbdf224abe1b70000e747c1f1853883a6f45261848af588cdc447b53775b383990989c0cea87,07/20/2019 10:30:00 PM,1,DRIVER,,664573,,NISSAN,NISSAN MAXIMA,IL,2010,UNKNOWN,PASSENGER,PERSONAL,N,STRAIGHT AHEAD,,,1,,,,,Y,,,,,,,,,,Y,Y,,OTHER,,,,,,,,,,,,,,,,,,,,,,,,,,,,,,,,,
698700,374495a34347d35e4e20d3e4742443bcc434a5eae3bb705f5328dbdf224abe1b70000e747c1f1853883a6f45261848af588cdc447b53775b383990989c0cea87,07/20/2019 10:30:00 PM,2,DRIVER,,664585,,MERCEDES-BENZ,450 SERIES,IL,2011,NONE,PASSENGER,PERSONAL,N,SLOW/STOP IN TRAFFIC,,,1,,,,,,,,,Y,Y,Y,,,,,,,REAR-LEFT,,,,,,,,,,,,,,,,,,,,,,,,,,,,,,,,,
698105,1435352b70048587345aa9ad6b058d18ea8b01bb25d8172cdca8d1a9556cc1a317386ddc5770686119a076ac200a86650def24bea237de110736f64bfd0be413,07/20/2019 07:00:00 AM,1,DRIVER,,664008,,UNKNOWN,UNKNOWN,IL,,UNKNOWN,PASSENGER,UNKNOWN/NA,W,STRAIGHT AHEAD,,,1,,,,,,,,,,,,,,,,,Y,OTHER,,,,,,,,,,,,,,,,,,,,,,,,,,,,,,,,,
698106,1435352b70048587345aa9ad6b058d18ea8b01bb25d8172cdca8d1a9556cc1a317386ddc5770686119a076ac200a86650def24bea237de110736f64bfd0be413,07/20/2019 07:00:00 AM,2,DRIVER,,664018,,HYUNDAI,ELANTRA,IL,2017,UNKNOWN,PASSENGER,PERSONAL,W,STRAIGHT AHEAD,,,1,,,,,,,,,Y,Y,Y,,,,,,,REAR-LEFT,,,,,,,,,,,,,,,,,,,,,,,,,,,,,,,,,
695652,63f01503f2a93b42296f1d4ab02ca72269006136630b57ef2bd7e00787dad3e01387b11081e5b1ac16da69a994bc6ca4120e865ae5b7003061503f0da9d502ee,07/17/2019 09:30:00 AM,1,DRIVER,,661699,,UNKNOWN,UNKNOWN,XX,,UNKNOWN,UNKNOWN/NA,UNKNOWN/NA,UNKNOWN,UNKNOWN/NA,,,1,,,,,,,,,,,,,,,,,Y,UNKNOWN,,,,,,,,,,,,,,,,,,,,,,,,,,,,,,,,,
695653,63f01503f2a93b42296f1d4ab02ca72269006136630b57ef2bd7e00787dad3e01387b11081e5b1ac16da69a994bc6ca4120e865ae5b7003061503f0da9d502ee,07/17/2019 09:30:00 AM,2,PARKED,,661704,,BUICK,BUICK,IL,2015,NONE,PASSENGER,PERSONAL,N,PARKED,,,0,,,,,Y,Y,Y,Y,,,,,,,,,,FRONT,,,,,,,,,,,,,,,,,,,,,,,,,,,,,,,,,
696172,cd73016eb7f2b893c01f3da25942e99c7d393b70022abb3b784f2ac8446b5f4ce69eb15903b94dd0bb439bd0034990c9e3ad761534f6f3293d7d2ce488f4c1b0,07/16/2019 06:43:00 PM,1,DRIVER,,662213,,DODGE,"DODGE-TRUCK,VAN,SUV ETC.",IL,2019,UNKNOWN,VAN/MINI-VAN,OTHER,N,SLOW/STOP IN TRAFFIC,,,1,,,,,,,,,,,,,,,,,Y,REAR-LEFT,,,,,,,,,,,,,,,,,,,,,,,,,,,,,,,,,
696173,cd73016eb7f2b893c01f3da25942e99c7d393b70022abb3b784f2ac8446b5f4ce69eb15903b94dd0bb439bd0034990c9e3ad761534f6f3293d7d2ce488f4c1b0,07/16/2019 06:43:00 PM,2,DRIVER,2,662218,,NISSAN,SENTRA (DATSUN AND NISSAN HAVE MERGED),IL,2017,NONE,PASSENGER,PERSONAL,N,SLOW/STOP IN TRAFFIC,,,3,,,,,,,,,,,,,,,,Y,,OTHER,,,,,,,,,,,,,,,,,,,,,,,,,,,,,,,,,
695089,02e01c5b8b0f29d03ae3c5dcd5a9908ab70071604aa9b95907b1f5ebcc72d07dbed259ddb0c02b99c98799093bf0089c040ddfe6c98c548881f5d7aa7b92d98d,07/16/2019 03:45:00 PM,1,DRIVER,,661195,,NISSAN,NISSAN ALTIMA,IL,,NONE,PASSENGER,PERSONAL,E,STRAIGHT AHEAD,,,1,,,,,Y,,,,,,,,,,Y,Y,,OTHER,,,,,,,,,,,,,,,,,,,,,,,,,,,,,,,,,
695090,02e01c5b8b0f29d03ae3c5dcd5a9908ab70071604aa9b95907b1f5ebcc72d07dbed259ddb0c02b99c98799093bf0089c040ddfe6c98c548881f5d7aa7b92d98d,07/16/2019 03:45:00 PM,2,DRIVER,,661209,,GENERAL MOTORS CORP.,ACADIA,IL,2017,NONE,PASSENGER,PERSONAL,E,STRAIGHT AHEAD,,,1,,,,,,,,,Y,Y,Y,,,,,,,REAR-LEFT,,,,,,,,,,,,,,,,,,,,,,,,,,,,,,,,,