CRASH_UNIT_ID,CRASH_RECORD_ID,CRASH_DATE,UNIT_NO,UNIT_TYPE,NUM_PASSENGERS,VEHICLE_ID,CMRC_VEH_I,MAKE,MODEL,LIC_PLATE_STATE,VEHICLE_YEAR,VEHICLE_DEFECT,VEHICLE_TYPE,VEHICLE_USE,TRAVEL_DIRECTION,MANEUVER,TOWED_I,FIRE_I,OCCUPANT_CNT,EXCEED_SPEED_LIMIT_I,TOWED_BY,TOWED_TO,AREA_00_I,AREA_01_I,AREA_02_I,AREA_03_I,AREA_04_I,AREA_05_I,AREA_06_I,AREA_07_I,AREA_08_I,AREA_09_I,AREA_10_I,AREA_11_I,AREA_12_I,AREA_99_I,FIRST_CONTACT_POINT,CMV_ID,USDOT_NO,CCMC_NO,ILCC_NO,COMMERCIAL_SRC,GVWR,CARRIER_NAME,CARRIER_STATE,CARRIER_CITY,HAZMAT_PLACARDS_I,HAZMAT_NAME,UN_NO,HAZMAT_PRESENT_I,HAZMAT_REPORT_I,HAZMAT_REPORT_NO,MCS_REPORT_I,MCS_REPORT_NO,HAZMAT_VIO_CAUSE_CRASH_I,MCS_VIO_CAUSE_CRASH_I,IDOT_PERMIT_NO,WIDE_LOAD_I,TRAILER1_WIDTH,TRAILER2_WIDTH,TRAILER1_LENGTH,TRAILER2_LENGTH,TOTAL_VEHICLE_LENGTH,AXLE_CNT,VEHICLE_CONFIG,CARGO_BODY_TYPE,LOAD_TYPE,HAZMAT_OUT_OF_SERVICE_I,MCS_OUT_OF_SERVICE_I,HAZMAT_CLASS
694154,a77121b607284534b8fba0c8b398177485a9fd24193be94f8cc8794d7c381c0831697e588d45f1aff45f49ecab700cb1d032ad1e20fed781ff486555a19369fa,07/15/2019 02:52:00 PM,1,DRIVER,3,660375,,HONDA,CRV,IL,2018,NONE,SPORT UTILITY VEHICLE (SUV),PERSONAL,S,STRAIGHT AHEAD,,,4,,,,,Y,,,,,,,,,,,,,FRONT,,,,,,,,,,,,,,,,,,,,,,,,,,,,,,,,,
694155,a77121b607284534b8fba0c8b398177485a9fd24193be94f8cc8794d7c381c0831697e588d45f1aff45f49ecab700cb1d032ad1e20fed781ff486555a19369fa,07/15/2019 02:52:00 PM,2,DRIVER,1,660367,,"TOYOTA MOTOR COMPANY, LTD.",Prius,IL,2012,NONE,PASSENGER,RIDESHARE SERVICE,S,STRAIGHT AHEAD,,,2,,,,,,,,,,,,,,,Y,,,TOTAL (ALL AREAS),,,,,,,,,,,,,,,,,,,,,,,,,,,,,,,,,
693245,3503e5e931a8e537828bc2e902a0c609425994471b7003c8077d081e8fcc98168006dfffa9e107a491c7b95cadc527ea137ae3a39c9c0f01ad1f0a4fdcb7abb4,07/13/2019 12:00:00 AM,1,DRIVER,,659539,,UNKNOWN,UNKNOWN,,,UNKNOWN,UNKNOWN/NA,UNKNOWN/NA,UNKNOWN,UNKNOWN/NA,,,1,,,,,,,,,,,,,,,,,,UNKNOWN,,,,,,,,,,,,,,,,,,,,,,,,,,,,,,,,,
693246,3503e5e931a8e537828bc2e902a0c609425994471b7003c8077d081e8fcc98168006dfffa9e107a491c7b95cadc527ea137ae3a39c9c0f01ad1f0a4fdcb7abb4,07/13/2019 12:00:00 AM,2,PARKED,,659541,,MERCEDES-BENZ,CL500,IL,2003,NONE,PASSENGER,PERSONAL,W,PARKED,,,0,,,,,,,,,,,Y,Y,Y,,,,,FRONT-LEFT,,,,,,,,,,,,,,,,,,,,,,,,,,,,,,,,,
690538,b700f79e3bab24f747d867b628df0ca2754359e1417207684276583ccfa3f7fdbcfb3d3882caf1d9b356a9270b92e2c2ab4c2e61e502f3778840825f40bb69d1,07/10/2019 07:30:00 PM,2,PEDESTRIAN,,,,,,,,,,,,,,,,,,,,,,,,,,,,,,,,,,,,,,,,,,,,,,,,,,,,,,,,,,,,,,,,,,
690541,b700f79e3bab24f747d867b628df0ca2754359e1417207684276583ccfa3f7fdbcfb3d3882caf1d9b356a9270b92e2c2ab4c2e61e502f3778840825f40bb69d1,07/10/2019 07:30:00 PM,1,DRIVER,,657047,,KIA MOTORS CORP,FORTE,IL,2017,UNKNOWN,PASSENGER,PERSONAL,W,STRAIGHT AHEAD,,,1,,,,Y,,,,,,,,,,,,,Y,OTHER,,,,,,,,,,,,,,,,,,,,,,,,,,,,,,,,,
690530,a543a028b6b12f812a17d61bdd6d73368b7000142c336c87222f7d04591a9dc19fa70c9dee412e884e16ea6d2a9643d6c5a452751a4248e3b7068a01135e8c86,07/10/2019 12:38:00 PM,1,DRIVER,,657036,,"TOYOTA MOTOR COMPANY, LTD.",CAMRY,IN,2016,UNKNOWN,PASSENGER,UNKNOWN/NA,N,TURNING LEFT,,,1,,,,,,,,,,,,,,,,Y,,OTHER,,,,,,,,,,,,,,,,,,,,,,,,,,,,,,,,,
690531,a543a028b6b12f812a17d61bdd6d73368b7000142c336c87222f7d04591a9dc19fa70c9dee412e884e16ea6d2a9643d6c5a452751a4248e3b7068a01135e8c86,07/10/2019 12:38:00 PM,2,DRIVER,,657042,,"TOYOTA MOTOR COMPANY, LTD.",TOYOTA,IL,2016,NONE,PASSENGER,PERSONAL,S,TURNING RIGHT,,,1,,,,,Y,,,,,,,,,,,Y,,FRONT,,,,,,,,,,,,,,,,,,,,,,,,,,,,,,,,,
689321,eebde16dcc55a8f77f47a7926f977670dd38ff14d74d6350185d45fdf3452e8447660966214d52cd7a33b9487974109cae1ed189536265f1eb700498c106d045,07/09/2019 11:05:00 AM,1,DRIVER,,655912,,FORD,F150,IL,2005,NONE,PASSENGER,PERSONAL,W,STRAIGHT AHEAD,,,1,,,,,Y,,,,,,,,,,,Y,,FRONT,,,,,,,,,,,,,,,,,,,,,,,,,,,,,,,,,
689322,eebde16dcc55a8f77f47a7926f977670dd38ff14d74d6350185d45fdf3452e8447660966214d52cd7a33b9487974109cae1ed189536265f1eb700498c106d045,07/09/2019 11:05:00 AM,2,DRIVER,,655923,,NISSAN,NISSAN ALTIMA,IL,2007,NONE,PASSENGER,PERSONAL,SE,STRAIGHT AHEAD,Y,,1,,private tow,,,Y,,,,,,,,,,Y,Y,,OTHER,,,,,,,,,,,,,,,,,,,,,,,,,,,,,,,,,
686777,335b61f264a5b97fee3adcec05b057de51218ab6b820c18417ba8324cfa62b8c1f592ea3880f75b90d2a388f953c7f811cf0b7001bce65815bf6ef0009b092f3,07/05/2019 01:00:00 PM,1,DRIVER,,653542,,HYUNDAI,ELANTRA,IL,2010,UNKNOWN,PASSENGER,PERSONAL,E,BACKING,,,1,,,,,,,,,,,,,,,,,Y,REAR-RIGHT,,,,,,,,,,,,,,,,,,,,,,,,,,,,,,,,,
686778,335b61f264a5b97fee3adcec05b057de51218ab6b820c18417ba8324cfa62b8c1f592ea3880f75b90d2a388f953c7f811cf0b7001bce65815bf6ef0009b092f3,07/05/2019 01:00:00 PM,2,DRIVER,,653548,,NISSAN,ROGUE,IL,2015,UNKNOWN,PASSENGER,PERSONAL,N,STRAIGHT AHEAD,,,1,,,,,,,,,Y,Y,Y,Y,,,,,,SIDE-LEFT,,,,,,,,,,,,,,,,,,,,,,,,,,,,,,,,,
686539,ecb9a13e55f53eb6e8ae89aa4daee8af5cc47891b773245185ffb7b5c3100d3715d0c618202991373f926bb700118e137d49aca60db440bb839fbb9fd085039e,07/04/2019 12:15:00 PM,1,DRIVER,,653318,,PONTIAC,GTO,IL,2004,UNKNOWN,PASSENGER,PERSONAL,SE,TURNING RIGHT,,,1,,,,,N,,Y,,,,,,,,,,,SIDE-RIGHT,,,,,,,,,,,,,,,,,,,,,,,,,,,,,,,,,
686540,ecb9a13e55f53eb6e8ae89aa4daee8af5cc47891b773245185ffb7b5c3100d3715d0c618202991373f926bb700118e137d49aca60db440bb839fbb9fd085039e,07/04/2019 12:15:00 PM,2,DRIVER,,653320,,GENERAL MOTORS CORP.,YUKON,IL,2007,NONE,PASSENGER,PERSONAL,SE,TURNING RIGHT,,,1,,,,,,,,,,,,,,,Y,,,TOTAL (ALL AREAS),,,,,,,,,,,,,,,,,,,,,,,,,,,,,,,,,
690019,e68c668f97f9eb96c1ecd5f2a3557c56d8b700d25433bdfc1b4841f0d7fa6507dbdd1caaff2577a293bcf60692f253bda037ae6e0ba4d9a654afcf04197755dc,07/03/2019 04:00:00 PM,1,DRIVER,,656576,,FORD,UNKNOWN,IL,2010,UNKNOWN,UNKNOWN/NA,UNKNOWN/NA,S,UNKNOWN/NA,,,1,,,,,,,,,,Y,,,,,,,Y,OTHER,,,,,,,,,,,,,,,,,,,,,,,,,,,,,,,,,
690020,e68c668f97f9eb96c1ecd5f2a3557c56d8b700d25433bdfc1b4841f0d7fa6507dbdd1caaff2577a293bcf60692f253bda037ae6e0ba4d9a654afcf04197755dc,07/03/2019 04:00:00 PM,2,PARKED,,656579,,NISSAN,SENTRA (DATSUN AND NISSAN HAVE MERGED),IN,2018,UNKNOWN,UNKNOWN/NA,PERSONAL,N,PARKED,,,0,,,,,,,,,,,,,,,,Y,,OTHER,,,,,,,,,,,,,,,,,,,,,,,,,,,,,,,,,
682804,dd74a985f4812ed71030a5c4c42cc721932aef0f1d8f323554823506eb8bd9cda0cd66e248baead33ca10cb7007a6cca6291af315f6e958b9a1556f3202bd0ef,06/30/2019 12:10:00 PM,1,DRIVER,,649842,,HYUNDAI,SONATA,IL,2013,UNKNOWN,PASSENGER,PERSONAL,UNKNOWN,UNKNOWN/NA,Y,,1,,E&R,400 E WACKER DR L,,Y,,,,,,,,,,,,,FRONT,,,,,,,,,,,,,,,,,,,,,,,,,,,,,,,,,
682119,c6905f129e2b538831b70603bca5b4dbc468d0cf4989e0dd925d1f7b3512e338f1fb69e09760ff05760b10db700c965a1f36b1a1f546e00d22af540d00fa3e1b,06/29/2019 02:20:00 PM,1,DRIVER,,649213,,NISSAN,SENTRA (DATSUN AND NISSAN HAVE MERGED),IL,2008,UNKNOWN,PASSENGER,PERSONAL,N,STRAIGHT AHEAD,Y,,1,,CITY OF CHICAGO,10300 S. DOTY RD,,Y,Y,N,N,N,N,N,N,N,N,N,N,,TOTAL (ALL AREAS),,,,,,,,,,,,,,,,,,,,,,,,,,,,,,,,,
682126,c6905f129e2b538831b70603bca5b4dbc468d0cf4989e0dd925d1f7b3512e338f1fb69e09760ff05760b10db700c965a1f36b1a1f546e00d22af540d00fa3e1b,06/29/2019 02:20:00 PM,2,PARKED,,649224,,SATURN,Vue,IL,2008,UNKNOWN,PASSENGER,PERSONAL,N,PARKED,Y,,0,,PRIVATE,UNKNOWN,,,,,,,,Y,Y,,,,,,FRONT-LEFT,,,,,,,,,,,,,,,,,,,,,,,,,,,,,,,,,
685371,c6905f129e2b538831b70603bca5b4dbc468d0cf4989e0dd925d1f7b3512e338f1fb69e09760ff05760b10db700c965a1f36b1a1f546e00d22af540d00fa3e1b,06/29/2019 02:20:00 PM,3,PEDESTRIAN,,,,,,,,,,,,,,,,,,,,,,,,,,,,,,,,,,,,,,,,,,,,,,,,,,,,,,,,,,,,,,,,,,
681194,e507e46c012a19b3c1e0f4e5c3a561652f03e2feb700fca669916c70d595d01378888a5013dfae0de152013123f62188a4e539788fefa69842b3efaf6e2ffd93,06/28/2019 10:30:00 AM,1,DRIVER,,648345,,GENERAL MOTORS CORP.,SAVANNAH,IL,,NONE,PASSENGER,UNKNOWN/NA,E,TURNING RIGHT,,,1,,,,,Y,,,,,,,,,,,,,REAR,,,,,,,,,,,,,,,,,,,,,,,,,,,,,,,,,
681195,e507e46c012a19b3c1e0f4e5c3a561652f03e2feb700fca669916c70d595d01378888a5013dfae0de152013123f62188a4e539788fefa69842b3efaf6e2ffd93,06/28/2019 10:30:00 AM,2,DRIVER,,648353,,"TOYOTA MOTOR COMPANY, LTD.",COROLLA,,,NONE,PASSENGER,PERSONAL,E,STRAIGHT AHEAD,,,1,,,,,,,,,,,,,,,Y,,,TOTAL (ALL AREAS),,,,,,,,,,,,,,,,,,,,,,,,,,,,,,,,,
678835,17bbb70065eed8588ba823dc879c465ee938f9f39bc8446e25d32883686ab737c8d290b22c7799fa5bf8505313f5e9db522d296eabb6736351d5a79f307e6a7b,06/25/2019 04:35:00 PM,1,DRIVER,,646106,,ACURA,ACURA,IL,2001,UNKNOWN,SPORT UTILITY VEHICLE (SUV),PERSONAL,N,STRAIGHT AHEAD,,,1,,,,,,,,,,,,,,,,Y,,OTHER,,,,,,,,,,,,,,,,,,,,,,,,,,,,,,,,,
678836,17bbb70065eed8588ba823dc879c465ee938f9f39bc8446e25d32883686ab737c8d290b22c7799fa5bf8505313f5e9db522d296eabb6736351d5a79f307e6a7b,06/25/2019 04:35:00 PM,2,DRIVER,,646099,,NISSAN,VERSA,IL,2015,NONE,PASSENGER,PERSONAL,N,SLOW/STOP IN TRAFFIC,,,1,,,,,,,,,,Y,,,,,,,,REAR-LEFT,,,,,,,,,,,,,,,,,,,,,,,,,,,,,,,,,
678525,7e46f81c524afe2690e743e3b946de5f28b1f1049afccc922b7008bcae26d3ad299f4181fd63489159f2f637302a7916b32274e9fa5651646aa115f67c03e0c3,06/25/2019 11:10:00 AM,1,DRIVER,,645798,,VOLVO,XC60,MI,2019,NONE,PASSENGER,PERSONAL,W,CHANGING LANES,,,1,,,,,,,,Y,,,,,,,,,,SIDE-RIGHT,,,,,,,,,,,,,,,,,,,,,,,,,,,,,,,,,
678526,7e46f81c524afe2690e743e3b946de5f28b1f1049afccc922b7008bcae26d3ad299f4181fd63489159f2f637302a7916b32274e9fa5651646aa115f67c03e0c3,06/25/2019 11:10:00 AM,2,DRIVER,,645804,,NISSAN,NISSAN ALTIMA,IL,2014,NONE,PASSENGER,PERSONAL,W,STRAIGHT AHEAD,,,1,,,,,,,,,,,,,,,Y,,,TOTAL (ALL AREAS),,,,,,,,,,,,,,,,,,,,,,,,,,,,,,,,,
678256,dec2c553d542da04d8881438b0b70c6bf7cae837e8e67d1e9676026b82e4eacfb2e465b700d79a2129163ea189dd450643544487806d086b7f451fc42b7e70c2,06/24/2019 09:00:00 PM,1,DRIVER,,645584,,CHEVROLET,Trail Blazer,IL,2002,NONE,SPORT UTILITY VEHICLE (SUV),PERSONAL,E,STRAIGHT AHEAD,,,1,,,,,,,,,,,,,,,,Y,,OTHER,,,,,,,,,,,,,,,,,,,,,,,,,,,,,,,,,
678257,dec2c553d542da04d8881438b0b70c6bf7cae837e8e67d1e9676026b82e4eacfb2e465b700d79a2129163ea189dd450643544487806d086b7f451fc42b7e70c2,06/24/2019 09:00:00 PM,2,DRIVER,,645588,,"TOYOTA MOTOR COMPANY, LTD.",COROLLA,IL,2010,NONE,PASSENGER,PERSONAL,E,STRAIGHT AHEAD,,,1,,,,,,,,,,Y,,,,,,,,REAR-LEFT,,,,,,,,,,,,,,,,,,,,,,,,,,,,,,,,,
676426,fc412539b1a2d1ba880dc617261ef23ae8cbe2b6bcf895dd81f16d5c55b5c1dfad5f97b2fc2c4759b70012e2b4f9ab9356a571db025208422b120705ba1b44b0,06/22/2019 04:00:00 PM,1,DRIVER,,643910,,YAMAHA,YAMAHA,WI,2014,UNKNOWN,MOTORCYCLE (OVER 150CC),PERSONAL,E,STRAIGHT AHEAD,Y,,1,,private,unknown,,,,,,,,,,,,Y,Y,,TOTAL (ALL AREAS),,,,,,,,,,,,,,,,,,,,,,,,,,,,,,,,,
676427,fc412539b1a2d1ba880dc617261ef23ae8cbe2b6bcf895dd81f16d5c55b5c1dfad5f97b2fc2c4759b70012e2b4f9ab9356a571db025208422b120705ba1b44b0,06/22/2019 04:00:00 PM,2,DRIVER,,643919,,HONDA,HONDA,IL,2018,UNKNOWN,PASSENGER,PERSONAL,E,STRAIGHT AHEAD,,,1,,,,,,,,,Y,Y,,,,,,,,REAR,,,,,,,,,,,,,,,,,,,,,,,,,,,,,,,,,
675774,38c432120a14317360fb245b728b700ef2a00f060875c3dfde696333c329893fd02ca097c0d60508251d791af87c887f41b8c7aa6108b7422c9dd86ffce1bfea,06/21/2019 03:10:00 PM,1,DRIVER,,643301,,VOLVO,UNKNOWN,XX,,NONE,PASSENGER,PERSONAL,N,PASSING/OVERTAKING,,,1,,,,,,,,,,,,,,,,,,OTHER,,,,,,,,,,,,,,,,,,,,,,,,,,,,,,,,,
675775,38c432120a14317360fb245b728b700ef2a00f060875c3dfde696333c329893fd02ca097c0d60508251d791af87c887f41b8c7aa6108b7422c9dd86ffce1bfea,06/21/2019 03:10:00 PM,2,DRIVER,,643310,,"TOYOTA MOTOR COMPANY, LTD.",COROLLA,IL,2016,NONE,PASSENGER,PERSONAL,N,TURNING RIGHT,,,1,,,,,Y,Y,,,,,,,,,,,,TOTAL (ALL AREAS),,,,,,,,,,,,,,,,,,,,,,,,,,,,,,,,,
675103,440d8da799d06ecb0ce96403316ec1d95ccdf238cc6e92ba60b700c2daef6c6d6169949847dda0c29c3720cab079a3481027591c5946a3e44649d5de87e87750,06/20/2019 07:00:00 PM,1,DRIVER,,642663,,UNKNOWN,UNKNOWN,,,UNKNOWN,SPORT UTILITY VEHICLE (SUV),UNKNOWN/NA,UNKNOWN,UNKNOWN/NA,,,1,,,,,,,,,,,,,,,,,Y,UNKNOWN,,,,,,,,,,,,,,,,,,,,,,,,,,,,,,,,,
675104,440d8da799d06ecb0ce96403316ec1d95ccdf238cc6e92ba60b700c2daef6c6d6169949847dda0c29c3720cab079a3481027591c5946a3e44649d5de87e87750,06/20/2019 07:00:00 PM,2,PARKED,,642666,,"TOYOTA MOTOR COMPANY, LTD.",Solara,IL,2006,NONE,PASSENGER,NOT IN USE,UNKNOWN,PARKED,,,0,,,,,,,,,,,,,,,Y,Y,,TOTAL (ALL AREAS),,,,,,,,,,,,,,,,,,,,,,,,,,,,,,,,,
674080,7991013fa183285ba3a7e0670efde8389d1dd25e4624f217c11b914ca888308227582c8f21f8ee81debf2dd3c09b7003cfa9de229cde70e8d213f0e44af867b6,06/19/2019 12:30:00 PM,1,DRIVER,,641686,,HONDA,CIVIC,IL,2011,NONE,PASSENGER,PERSONAL,N,STRAIGHT AHEAD,,,1,,,,,,,,,,,,,,,Y,N,,TOTAL (ALL AREAS),,,,,,,,,,,,,,,,,,,,,,,,,,,,,,,,,
674081,7991013fa183285ba3a7e0670efde8389d1dd25e4624f217c11b914ca888308227582c8f21f8ee81debf2dd3c09b7003cfa9de229cde70e8d213f0e44af867b6,06/19/2019 12:30:00 PM,2,DRIVER,,641695,,"TOYOTA MOTOR COMPANY, LTD.",Prius,TN,2006,NONE,PASSENGER,PERSONAL,N,STRAIGHT AHEAD,,,1,,,,,,,,,,Y,,,,,,,,REAR-LEFT,,,,,,,,,,,,,,,,,,,,,,,,,,,,,,,,,
673316,f63bf1aacaf40f538657d4927ed276fc9ab205768a1256250dcf03db6e2e3b700cba739fe68b5c178827b60203624ad0471da3f8acba098f09274c32a26cf65d,06/18/2019 03:20:00 PM,1,DRIVER,,640992,,HONDA,ACCORD,IL,2016,UNKNOWN,PASSENGER,PERSONAL,E,STRAIGHT AHEAD,,,1,,,,,,,,,,,,,,,,Y,,OTHER,,,,,,,,,,,,,,,,,,,,,,,,,,,,,,,,,
673317,f63bf1aacaf40f538657d4927ed276fc9ab205768a1256250dcf03db6e2e3b700cba739fe68b5c178827b60203624ad0471da3f8acba098f09274c32a26cf65d,06/18/2019 03:20:00 PM,2,DRIVER,,641001,,SUBARU,UNKNOWN,IL,2018,UNKNOWN,PASSENGER,PERSONAL,E,STRAIGHT AHEAD,,,1,,,,,,,,,,Y,Y,,,,,,,SIDE-LEFT,,,,,,,,,,,,,,,,,,,,,,,,,,,,,,,,,
673423,3fafe38740b353968fd5298699304c03a5270bb6c46e1a71d51c8c3fc2b05b83c6a247e5b74adc51d78ae9a4c9a4894d4d280e990a5090e2a997cb7009b01790,06/18/2019 03:15:00 PM,1,DRIVER,,641059,,BMW,325i,IL,2003,NONE,PASSENGER,PERSONAL,W,BACKING,,,1,,,,,,,,,,Y,,,,,,,,REAR-LEFT,,,,,,,,,,,,,,,,,,,,,,,,,,,,,,,,,
673424,3fafe38740b353968fd5298699304c03a5270bb6c46e1a71d51c8c3fc2b05b83c6a247e5b74adc51d78ae9a4c9a4894d4d280e990a5090e2a997cb7009b01790,06/18/2019 03:15:00 PM,2,DRIVER,1,641064,,DODGE,CHARGER,IL,2013,NONE,PASSENGER,PERSONAL,S,ENTER FROM DRIVE/ALLEY,,,2,,,,,,,,,,,,,,,Y,,,UNDER CARRIAGE,,,,,,,,,,,,,,,,,,,,,,,,,,,,,,,,,
680205,0f00afb7c74950dd7f641f143b0ccbd9bccfaf0038bc05fd3d2d4246b7006d061a9cf612398b1eb99da2cd18ed73458f90fe83b341e83a0b6fbd9965f9cc88d8,06/12/2019 09:20:00 AM,1,DRIVER,,647401,,NEW FLYER,NEW FLYER,IL,2006,NONE,BUS OVER 15 PASS.,CTA,W,STRAIGHT AHEAD,,,1,,,,Y,,,,,,,,,,,,,,,,,,,,,,,,,,,,,,,,,,,,,,,,,,,,,,,
680206,0f00afb7c74950dd7f641f143b0ccbd9bccfaf0038bc05fd3d2d4246b7006d061a9cf612398b1eb99da2cd18ed73458f90fe83b341e83a0b6fbd9965f9cc88d8,06/12/2019 09:20:00 AM,2,DRIVER,,647402,,CADILLAC,STS,IL,2016,NONE,PASSENGER,PERSONAL,SW,STRAIGHT AHEAD,,,1,,,,,,Y,Y,,,,,,,,,,,SIDE-RIGHT,,,,,,,,,,,,,,,,,,,,,,,,,,,,,,,,,
667508,c26ec8527e29e10f9b4df98c051e02c97c41e94d543c2aaab4fe3bc92de484b47b24a0fc7ec9a1eb73cb80e878a80acf06845e6d7b7004354ab3dbe55e992c91,06/11/2019 07:20:00 AM,1,DRIVER,,635463,,UNKNOWN,UNKNOWN,,,UNKNOWN,OTHER,LAWN CARE/LANDSCAPING,S,TURNING RIGHT,,,1,,,,,,,,,,,,,,,,,Y,UNKNOWN,,,,,,,,,,,,,,,,,,,,,,,,,,,,,,,,,
667509,c26ec8527e29e10f9b4df98c051e02c97c41e94d543c2aaab4fe3bc92de484b47b24a0fc7ec9a1eb73cb80e878a80acf06845e6d7b7004354ab3dbe55e992c91,06/11/2019 07:20:00 AM,2,DRIVER,1,635481,,"TOYOTA MOTOR COMPANY, LTD.",Avalon,IL,2018,NONE,PASSENGER,PERSONAL,S,STRAIGHT AHEAD,,,2,,,,,,Y,Y,Y,Y,,,,,,,,,REAR,,,,,,,,,,,,,,,,,,,,,,,,,,,,,,,,,
668804,d7d595bb5eb700b3f7314aa537d86c24a81d26fa26226c0ddbf1e6464f18332aa7e4adaa46a878111a275f06b011cea154767de28496d2a16b39016c1cf8eb72,06/10/2019 01:40:00 PM,1,DRIVER,,636657,,MERCEDES-BENZ,Sprinter,WI,2014,UNKNOWN,VAN/MINI-VAN,UNKNOWN/NA,N,STRAIGHT AHEAD,,,1,,,,,,,,,,,,,,,,Y,,OTHER,,,,,,,,,,,,,,,,,,,,,,,,,,,,,,,,,
668805,d7d595bb5eb700b3f7314aa537d86c24a81d26fa26226c0ddbf1e6464f18332aa7e4adaa46a878111a275f06b011cea154767de28496d2a16b39016c1cf8eb72,06/10/2019 01:40:00 PM,2,DRIVER,1,636658,,FORD,EXPLORER,IL,2017,UNKNOWN,PASSENGER,PERSONAL,N,STRAIGHT AHEAD,,,2,,,,,,,,,Y,Y,Y,,,,,,,REAR-LEFT,,,,,,,,,,,,,,,,,,,,,,,,,,,,,,,,,
668464,0ce525422d6fbb5ca729298e4b757b7e707cc7d6b6669a7d8b0f1efb9f8bb200ee5da96e80bbf3551beb243c006fbdadaa19299485f95b73b7002446ef6ad983,06/10/2019 09:25:00 AM,1,DRIVER,,636361,,"TOYOTA MOTOR COMPANY, LTD.",COROLLA,IL,2013,NONE,PASSENGER,TAXI/FOR HIRE,N,STRAIGHT AHEAD,,,1,,,,,,,,,,,,,,,,Y,,OTHER,,,,,,,,,,,,,,,,,,,,,,,,,,,,,,,,,
668465,0ce525422d6fbb5ca729298e4b757b7e707cc7d6b6669a7d8b0f1efb9f8bb200ee5da96e80bbf3551beb243c006fbdadaa19299485f95b73b7002446ef6ad983,06/10/2019 09:25:00 AM,2,DRIVER,,636363,,"TOYOTA MOTOR COMPANY, LTD.",Prius,IL,2014,NONE,PASSENGER,TAXI/FOR HIRE,N,STRAIGHT AHEAD,,,1,,,,,,,,,,Y,Y,,,,,,,FRONT-LEFT,,,,,,,,,,,,,,,,,,,,,,,,,,,,,,,,,
666937,0220107334d2f2e9ebe3ca3d5a7c7ca887d1a1e87fcf2dc96900141426715df9585bef904b6a6b70012081a2736d4f217fff154a4058470863f6654fb0ee44ee,06/10/2019 09:06:00 AM,1,PARKED,1,634929,,"TOYOTA MOTOR COMPANY, LTD.",YARIS,IL,,NONE,PASSENGER,PERSONAL,N,PARKED,Y,,1,,owner,,,,,,,,,,,Y,Y,,,,UNDER CARRIAGE,,,,,,,,,,,,,,,,,,,,,,,,,,,,,,,,,
666938,0220107334d2f2e9ebe3ca3d5a7c7ca887d1a1e87fcf2dc96900141426715df9585bef904b6a6b70012081a2736d4f217fff154a4058470863f6654fb0ee44ee,06/10/2019 09:06:00 AM,2,DRIVER,,634942,,CHRYSLER,TOWN & COUNTRY,,,NONE,VAN/MINI-VAN,PERSONAL,N,STRAIGHT AHEAD,,,1,,,,,Y,Y,,,,,,,,,N,,,FRONT,,,,,,,,,,,,,,,,,,,,,,,,,,,,,,,,,
666271,92a0dadd233d2d0c0efbc09a7b4263564a4cc078ae60c1b0a18b311692f8c86697644ef310684c8b5e75a5ac229eed1a27727b700425d85be1128229ac3c799d,06/09/2019 12:00:00 PM,2,DRIVER,,634308,,SUBARU,LEGACY,IL,2019,NONE,PASSENGER,PERSONAL,E,BACKING,,,1,,,,,,,,,,,Y,,,,,,,SIDE-LEFT,,,,,,,,,,,,,,,,,,,,,,,,,,,,,,,,,
666272,92a0dadd233d2d0c0efbc09a7b4263564a4cc078ae60c1b0a18b311692f8c86697644ef310684c8b5e75a5ac229eed1a27727b700425d85be1128229ac3c799d,06/09/2019 12:00:00 PM,1,DRIVER,,634311,,MITSUBISHI,Outlander,IL,2016,NONE,SPORT UTILITY VEHICLE (SUV),PERSONAL,W,BACKING,,,1,,,,,,,,,Y,,,,,,,,,REAR,,,,,,,,,,,,,,,,,,,,,,,,,,,,,,,,,
663989,2e4bdaa33861f36427d9b8305ccb7a07a8cbe7fd6a7326ce7b60e1442e3d250cb8a58264bcc9ab700194814d417b24bb5fd5f132cfbea2f7fe3553c969e84e26,06/06/2019 04:00:00 PM,1,DRIVER,,632169,,NISSAN,SENTRA (DATSUN AND NISSAN HAVE MERGED),IL,2013,NONE,PASSENGER,PERSONAL,W,SLOW/STOP IN TRAFFIC,,,1,,,,,Y,,,,,,,,,,Y,Y,,OTHER,,,,,,,,,,,,,,,,,,,,,,,,,,,,,,,,,
663990,2e4bdaa33861f36427d9b8305ccb7a07a8cbe7fd6a7326ce7b60e1442e3d250cb8a58264bcc9ab700194814d417b24bb5fd5f132cfbea2f7fe3553c969e84e26,06/06/2019 04:00:00 PM,2,DRIVER,,632176,,HONDA,CIVIC,IL,2018,NONE,PASSENGER,PERSONAL,W,SLOW/STOP IN TRAFFIC,,,1,,,,,,,,,Y,Y,Y,,,,,,,REAR-LEFT,,,,,,,,,,,,,,,,,,,,,,,,,,,,,,,,,