CRASH_UNIT_ID,CRASH_RECORD_ID,CRASH_DATE,UNIT_NO,UNIT_TYPE,NUM_PASSENGERS,VEHICLE_ID,CMRC_VEH_I,MAKE,MODEL,LIC_PLATE_STATE,VEHICLE_YEAR,VEHICLE_DEFECT,VEHICLE_TYPE,VEHICLE_USE,TRAVEL_DIRECTION,MANEUVER,TOWED_I,FIRE_I,OCCUPANT_CNT,EXCEED_SPEED_LIMIT_I,TOWED_BY,TOWED_TO,AREA_00_I,AREA_01_I,AREA_02_I,AREA_03_I,AREA_04_I,AREA_05_I,AREA_06_I,AREA_07_I,AREA_08_I,AREA_09_I,AREA_10_I,AREA_11_I,AREA_12_I,AREA_99_I,FIRST_CONTACT_POINT,CMV_ID,USDOT_NO,CCMC_NO,ILCC_NO,COMMERCIAL_SRC,GVWR,CARRIER_NAME,CARRIER_STATE,CARRIER_CITY,HAZMAT_PLACARDS_I,HAZMAT_NAME,UN_NO,HAZMAT_PRESENT_I,HAZMAT_REPORT_I,HAZMAT_REPORT_NO,MCS_REPORT_I,MCS_REPORT_NO,HAZMAT_VIO_CAUSE_CRASH_I,MCS_VIO_CAUSE_CRASH_I,IDOT_PERMIT_NO,WIDE_LOAD_I,TRAILER1_WIDTH,TRAILER2_WIDTH,TRAILER1_LENGTH,TRAILER2_LENGTH,TOTAL_VEHICLE_LENGTH,AXLE_CNT,VEHICLE_CONFIG,CARGO_BODY_TYPE,LOAD_TYPE,HAZMAT_OUT_OF_SERVICE_I,MCS_OUT_OF_SERVICE_I,HAZMAT_CLASS
661795,3e4e49baeb59de6a713eb70f5a48ea220e522f47c5519aae9cbd29954ffb97d2a97a002953948a11c482f175cf8a0c4aecb700a3d10a1d0f2276233bc2c6e0c6,06/03/2019 05:20:00 PM,1,DRIVER,1,630099,,FORD,F150,IL,2013,UNKNOWN,PICKUP,PERSONAL,W,STRAIGHT AHEAD,,,2,,,,,Y,,,,,,,,,,Y,Y,,OTHER,,,,,,,,,,,,,,,,,,,,,,,,,,,,,,,,,
661796,3e4e49baeb59de6a713eb70f5a48ea220e522f47c5519aae9cbd29954ffb97d2a97a002953948a11c482f175cf8a0c4aecb700a3d10a1d0f2276233bc2c6e0c6,06/03/2019 05:20:00 PM,2,DRIVER,,630107,,FORD,TAURUS,IL,2011,UNKNOWN,PASSENGER,PERSONAL,W,SLOW/STOP IN TRAFFIC,,,1,,,,,,,,,Y,Y,Y,,,,,,,REAR-LEFT,,,,,,,,,,,,,,,,,,,,,,,,,,,,,,,,,
657566,c4c16649972bba7b157854ee776050dd6a7565b1965620d65b2041862fdedb315622796acf31fbd41d0612d19ff79001e19da4ee6eb7005cdab4cfe0705776f1,05/29/2019 11:00:00 AM,1,DRIVER,1,626103,,FLEET CAP'N TRAILERS,FLEET CAP'N TRAILERS,IL,,UNKNOWN,OTHER VEHICLE WITH TRAILER,UNKNOWN/NA,W,UNKNOWN/NA,,,2,,,,Y,,,,,,,,,,,,,,SIDE-RIGHT,,,,,,,,,,,,,,,,,,,,,,,,,,,,,,,,,
657567,c4c16649972bba7b157854ee776050dd6a7565b1965620d65b2041862fdedb315622796acf31fbd41d0612d19ff79001e19da4ee6eb7005cdab4cfe0705776f1,05/29/2019 11:00:00 AM,2,PARKED,,626106,,CADILLAC,DEVILLE,IL,1999,NONE,PASSENGER,PERSONAL,W,PARKED,,,0,,,,,,,,,,,Y,Y,Y,Y,Y,,,ROOF,,,,,,,,,,,,,,,,,,,,,,,,,,,,,,,,,
655873,bdc55d35034b4ad759482f3471fcd2d66dfe91b70055889efe17575a0dea7157ee17ce6d65998f0fff06e43b91dee323155d8bb32c3d5e166b84ef84f739a915,05/26/2019 04:14:00 PM,1,DRIVER,,624483,,MAZDA,Mazda 3,IL,2013,UNKNOWN,PASSENGER,PERSONAL,E,STRAIGHT AHEAD,,,1,,,,,,,,,,,,,,,,Y,,OTHER,,,,,,,,,,,,,,,,,,,,,,,,,,,,,,,,,
655874,bdc55d35034b4ad759482f3471fcd2d66dfe91b70055889efe17575a0dea7157ee17ce6d65998f0fff06e43b91dee323155d8bb32c3d5e166b84ef84f739a915,05/26/2019 04:14:00 PM,2,DRIVER,,624492,,CHEVROLET,SILVERADO,IL,2014,UNKNOWN,PICKUP,PERSONAL,N,STRAIGHT AHEAD,,,1,,,,,,,,,,,Y,Y,,,,,,FRONT-LEFT,,,,,,,,,,,,,,,,,,,,,,,,,,,,,,,,,
656698,756cb295f8f2a2a6e7562c9f04089dbc24770028ff7ec956c94359221ac0bde4e364f2eff7e9785b3a518839ce6ca78910d2d2b775b70021b0f6903ce488b0ce,05/26/2019 01:15:00 PM,1,DRIVER,,625265,,UNKNOWN,UNKNOWN,,,UNKNOWN,UNKNOWN/NA,UNKNOWN/NA,N,PASSING/OVERTAKING,,,1,,,,,,,,,,,,,,,,,Y,UNKNOWN,,,,,,,,,,,,,,,,,,,,,,,,,,,,,,,,,
656699,756cb295f8f2a2a6e7562c9f04089dbc24770028ff7ec956c94359221ac0bde4e364f2eff7e9785b3a518839ce6ca78910d2d2b775b70021b0f6903ce488b0ce,05/26/2019 01:15:00 PM,2,DRIVER,,625269,,KIA MOTORS CORP,FORTE,IL,2016,UNKNOWN,PASSENGER,PERSONAL,N,STRAIGHT AHEAD,,,1,,,,,Y,Y,Y,,,,,,,,,,,SIDE-RIGHT,,,,,,,,,,,,,,,,,,,,,,,,,,,,,,,,,
653262,deeff00bc63e4b5ee64e1480a97438bda6a81661c98d04c323775e618df87d8f401be8cbbe5637cae5b8295f12a755ffdb35a8f2f1b866ccdb700889bf35a213,05/23/2019 08:25:00 AM,1,DRIVER,,622048,,UNKNOWN,UNKNOWN,,,UNKNOWN,PICKUP,UNKNOWN/NA,N,STRAIGHT AHEAD,,,1,,,,,Y,,,,,,,,,,Y,Y,,OTHER,,,,,,,,,,,,,,,,,,,,,,,,,,,,,,,,,
653263,deeff00bc63e4b5ee64e1480a97438bda6a81661c98d04c323775e618df87d8f401be8cbbe5637cae5b8295f12a755ffdb35a8f2f1b866ccdb700889bf35a213,05/23/2019 08:25:00 AM,2,DRIVER,,622050,,HONDA,CIVIC,IL,2015,NONE,PASSENGER,PERSONAL,N,SLOW/STOP IN TRAFFIC,,,1,,,,,,,,,Y,Y,Y,,,,,,,REAR-LEFT,,,,,,,,,,,,,,,,,,,,,,,,,,,,,,,,,
652534,3ce4cd09e26835fc5abbfe57636058fc0a56221a71381a1776221711ce83841be8bc90a3834faff44f1d941850d0a0f34095ac8c39827b700fad0bb350fe57cd,05/22/2019 08:28:00 AM,1,DRIVER,,621366,,CADILLAC,Escalade,IL,,UNKNOWN,UNKNOWN/NA,PERSONAL,UNKNOWN,UNKNOWN/NA,,,1,,,,,,,,,,,,,,,,,Y,UNKNOWN,,,,,,,,,,,,,,,,,,,,,,,,,,,,,,,,,
652535,3ce4cd09e26835fc5abbfe57636058fc0a56221a71381a1776221711ce83841be8bc90a3834faff44f1d941850d0a0f34095ac8c39827b700fad0bb350fe57cd,05/22/2019 08:28:00 AM,2,PARKED,,621373,,SUBARU,SUBARU,AL,2017,NONE,PASSENGER,PERSONAL,E,PARKED,,,0,,,,,,,,,,,,,Y,,,,,ROOF,,,,,,,,,,,,,,,,,,,,,,,,,,,,,,,,,
650512,6983afb7005810e6cab887cbd17c0b191e1ea7538671ce2aa4c0d23ad3c95945ccba2674fc7a8f1f0d10650b84f478b37fd2c8f79238033bcdc3d6193565f163,05/19/2019 03:00:00 PM,1,DRIVER,,619431,,UNKNOWN,UNKNOWN,,,UNKNOWN,PASSENGER,UNKNOWN/NA,N,BACKING,,,1,,,,,,,,,Y,Y,,,,,,,,REAR-LEFT,,,,,,,,,,,,,,,,,,,,,,,,,,,,,,,,,
650513,6983afb7005810e6cab887cbd17c0b191e1ea7538671ce2aa4c0d23ad3c95945ccba2674fc7a8f1f0d10650b84f478b37fd2c8f79238033bcdc3d6193565f163,05/19/2019 03:00:00 PM,2,DRIVER,3,619433,,FORD,EXPLORER,IL,2018,UNKNOWN,SPORT UTILITY VEHICLE (SUV),PERSONAL,E,STRAIGHT AHEAD,,,4,,,,,,,,Y,Y,,,,,,,,,REAR-RIGHT,,,,,,,,,,,,,,,,,,,,,,,,,,,,,,,,,
650952,2bdc257bf39891269d3d38003942596188ef52b7b2e1f313b7006d198bd8dd5d90eea20ac8449c7057160b0cd7a0f0b1df5c13cdabd285c46015287bf57b7fd7,05/19/2019 02:46:00 PM,1,DRIVER,,619856,,PONTIAC,UNKNOWN,IL,,UNKNOWN,PASSENGER,UNKNOWN/NA,E,STARTING IN TRAFFIC,,,1,,,,,Y,,,,,,,,,,,,,OTHER,,,,,,,,,,,,,,,,,,,,,,,,,,,,,,,,,
650953,2bdc257bf39891269d3d38003942596188ef52b7b2e1f313b7006d198bd8dd5d90eea20ac8449c7057160b0cd7a0f0b1df5c13cdabd285c46015287bf57b7fd7,05/19/2019 02:46:00 PM,2,DRIVER,,619864,,"TOYOTA MOTOR COMPANY, LTD.",Prius,IL,2017,NONE,PASSENGER,PERSONAL,E,SLOW/STOP IN TRAFFIC,,,1,,,,,,,,,,Y,,,,,,,,REAR-LEFT,,,,,,,,,,,,,,,,,,,,,,,,,,,,,,,,,
650092,f61c29ecb3ba4ba62d50ab20bd7903ac5c037790ffd6acd0d5409390ef84f5b70030e1b8e72d4095998c0a8d325f6f61e4ff4168c915fc79ec918481db49b476,05/19/2019 03:49:00 AM,2,DRIVER,,619031,,NISSAN,SENTRA (DATSUN AND NISSAN HAVE MERGED),IL,2017,NONE,PASSENGER,TAXI/FOR HIRE,E,STRAIGHT AHEAD,Y,,1,,personal,,,,Y,Y,,,,,Y,Y,,,,,FRONT-RIGHT,,,,,,,,,,,,,,,,,,,,,,,,,,,,,,,,,
650111,f61c29ecb3ba4ba62d50ab20bd7903ac5c037790ffd6acd0d5409390ef84f5b70030e1b8e72d4095998c0a8d325f6f61e4ff4168c915fc79ec918481db49b476,05/19/2019 03:49:00 AM,1,DRIVER,,619040,,UNKNOWN,UNKNOWN,IL,,UNKNOWN,PASSENGER,UNKNOWN/NA,N,STRAIGHT AHEAD,,,1,,,,,,,,,,,,,,,,Y,,OTHER,,,,,,,,,,,,,,,,,,,,,,,,,,,,,,,,,
654641,34a29029addd0d56302ab79d983d74b8c85b7007fce2b9cd9974f599a7f8afafa045711b193c0ec51df0a1e2da18d257213b1f8aeb4f1d4f52386718f351861e,05/17/2019 08:48:00 PM,1,DRIVER,1,623373,,AUDI,UNKNOWN,IL,2007,NONE,PASSENGER,PERSONAL,S,STRAIGHT AHEAD,,,2,,,,,,,,,,,,,,,,Y,,OTHER,,,,,,,,,,,,,,,,,,,,,,,,,,,,,,,,,
654642,34a29029addd0d56302ab79d983d74b8c85b7007fce2b9cd9974f599a7f8afafa045711b193c0ec51df0a1e2da18d257213b1f8aeb4f1d4f52386718f351861e,05/17/2019 08:48:00 PM,2,DRIVER,3,623377,,FORD,EXPLORER,IL,2004,NONE,SPORT UTILITY VEHICLE (SUV),PERSONAL,S,STRAIGHT AHEAD,,,4,,,,,,,,,Y,Y,,,,,,,,REAR-LEFT,,,,,,,,,,,,,,,,,,,,,,,,,,,,,,,,,
646921,13398c94380b7002df47ed75458faf05bac490797cc8857d4a024b86592854391cc15ed73a0b3c7647e6d9b797ff61c06fdef3b57d6de00c52b177b64845ce39,05/14/2019 07:19:00 PM,1,DRIVER,,616012,,JEEP,CHEROKEE,IL,2014,NONE,SPORT UTILITY VEHICLE (SUV),PERSONAL,E,STRAIGHT AHEAD,,,1,,,,,,,,,,,,,,,,,Y,OTHER,,,,,,,,,,,,,,,,,,,,,,,,,,,,,,,,,
646922,13398c94380b7002df47ed75458faf05bac490797cc8857d4a024b86592854391cc15ed73a0b3c7647e6d9b797ff61c06fdef3b57d6de00c52b177b64845ce39,05/14/2019 07:19:00 PM,2,DRIVER,,616016,,FORD,FUSION,IL,2014,NONE,PASSENGER,PERSONAL,E,SLOW/STOP IN TRAFFIC,,,1,,,,,,,,,,Y,,,,,,,,REAR-LEFT,,,,,,,,,,,,,,,,,,,,,,,,,,,,,,,,,
644992,85a8b7003b4dd2b3566f93542ce9a030a7ce1f25017bc9920a533d221085ad3320a0f64100f66a8e88f85d9b2fdd739d789cfd33723e6df06f80ec8f4c8a40b4,05/11/2019 07:00:00 PM,1,DRIVER,,614220,,UNKNOWN,UNKNOWN,,,UNKNOWN,UNKNOWN/NA,UNKNOWN/NA,UNKNOWN,UNKNOWN/NA,,,1,,,,,,,,,,,,,,,,,Y,UNKNOWN,,,,,,,,,,,,,,,,,,,,,,,,,,,,,,,,,
644993,85a8b7003b4dd2b3566f93542ce9a030a7ce1f25017bc9920a533d221085ad3320a0f64100f66a8e88f85d9b2fdd739d789cfd33723e6df06f80ec8f4c8a40b4,05/11/2019 07:00:00 PM,2,PARKED,,614224,,KIA MOTORS CORP,Optima,IL,2019,NONE,PASSENGER,NOT IN USE,UNKNOWN,PARKED,,,0,,,,,Y,,,,,,,,,,,,,FRONT-RIGHT,,,,,,,,,,,,,,,,,,,,,,,,,,,,,,,,,
669791,0620c8687fdeff263b0e1b700d493c6deffe50912664244eda07017d1bb8061cfedab98d91b89e70f352d8526916fbdaba17162a766cdcf00a5ddf38dfadaa95,05/10/2019 09:07:00 PM,1,DRIVER,,637620,,HONDA,CRV,IL,2010,NONE,PASSENGER,PERSONAL,S,STRAIGHT AHEAD,,,1,,,,,,,,,,,,,,,,Y,,OTHER,,,,,,,,,,,,,,,,,,,,,,,,,,,,,,,,,
669792,0620c8687fdeff263b0e1b700d493c6deffe50912664244eda07017d1bb8061cfedab98d91b89e70f352d8526916fbdaba17162a766cdcf00a5ddf38dfadaa95,05/10/2019 09:07:00 PM,2,DRIVER,,637623,,FORD,TAURUS,IL,2013,NONE,PASSENGER,PERSONAL,S,STRAIGHT AHEAD,,,1,,,,,,,,,,Y,,,,,,,,REAR-LEFT,,,,,,,,,,,,,,,,,,,,,,,,,,,,,,,,,
642555,2cbf26db70006b305cd4fbb6628fd361067a0497380f17b4a6ba396da262e3b3a892e964a28a239a532cf1899a0075cbac0e1ec9243606e8e1567c376609f736,05/09/2019 09:00:00 AM,1,DRIVER,,611995,,PONTIAC,GRAND PRIX,IL,2007,UNKNOWN,PASSENGER,PERSONAL,E,STRAIGHT AHEAD,,,1,,,,,Y,Y,Y,Y,Y,,,,,,,,,UNKNOWN,,,,,,,,,,,,,,,,,,,,,,,,,,,,,,,,,
642556,2cbf26db70006b305cd4fbb6628fd361067a0497380f17b4a6ba396da262e3b3a892e964a28a239a532cf1899a0075cbac0e1ec9243606e8e1567c376609f736,05/09/2019 09:00:00 AM,2,PARKED,,612002,,"TOYOTA MOTOR COMPANY, LTD.",Highlander(beginning vehicle year 2001),IL,2015,NONE,SPORT UTILITY VEHICLE (SUV),PERSONAL,E,PARKED,,,0,,,,,,,,,,Y,Y,Y,,,,,,SIDE-LEFT,,,,,,,,,,,,,,,,,,,,,,,,,,,,,,,,,
641659,fbfc1c92f1b049dd0ea9e42a782489ad403cf646a96d614478d24d27ce0f9cec3589c14e7d429b7005e7d575742c1f4982bf8be3d517977dcc3131a2c3b4c45e,05/07/2019 08:22:00 PM,1,BICYCLE,,,,,,,,,,,,,,,,,,,,,,,,,,,,,,,,,,,,,,,,,,,,,,,,,,,,,,,,,,,,,,,,,,
641660,fbfc1c92f1b049dd0ea9e42a782489ad403cf646a96d614478d24d27ce0f9cec3589c14e7d429b7005e7d575742c1f4982bf8be3d517977dcc3131a2c3b4c45e,05/07/2019 08:22:00 PM,2,DRIVER,,611133,,HYUNDAI,TUCSON,IL,2006,NONE,PASSENGER,PERSONAL,W,STRAIGHT AHEAD,,,1,,,,,,,,,,,,,,,,Y,,OTHER,,,,,,,,,,,,,,,,,,,,,,,,,,,,,,,,,
641138,73b818b700d40d2a784e40dd010440e52289c1ec5ff890bf643a1932e0ddfebed89df4520dd8ea5ea379de237dac1bfd13961fb92b04d7a518b6e134a9ebb919,05/06/2019 08:05:00 AM,1,DRIVER,,610630,,"TOYOTA MOTOR COMPANY, LTD.",COROLLA,IL,2016,NONE,PASSENGER,PERSONAL,N,STRAIGHT AHEAD,,,1,,,,,Y,,,,,,,,,,,,,FRONT,,,,,,,,,,,,,,,,,,,,,,,,,,,,,,,,,
640384,0f8a50c87a28a673e0b87ddbfa4fbf907b6d26beb502e196a86be506b70065884111a717fefdfc1ad5dd3f1d178c4dd02842ea05790994921e8d4a6e12cff36b,05/05/2019 09:50:00 PM,1,DRIVER,,609929,,HONDA,ACCORD,IL,2006,UNKNOWN,PASSENGER,UNKNOWN/NA,N,STRAIGHT AHEAD,,,1,,,,,,,,,,,,,,Y,Y,,,TOTAL (ALL AREAS),,,,,,,,,,,,,,,,,,,,,,,,,,,,,,,,,
640385,0f8a50c87a28a673e0b87ddbfa4fbf907b6d26beb502e196a86be506b70065884111a717fefdfc1ad5dd3f1d178c4dd02842ea05790994921e8d4a6e12cff36b,05/05/2019 09:50:00 PM,2,DRIVER,1,609941,,HYUNDAI,Santa Fe,IL,2004,NONE,SPORT UTILITY VEHICLE (SUV),PERSONAL,N,STRAIGHT AHEAD,,,2,,,,,Y,Y,Y,,,,,,,,,,,FRONT,,,,,,,,,,,,,,,,,,,,,,,,,,,,,,,,,
637858,c78668d4ee02442f53c25a0a32caa28abe3b1baadc82f7124b81899784296a4c62d011c1fd45f51fc4977ec667e9ae08a4b7007f42169f5d4a2dcb6cde74b9c5,05/02/2019 06:45:00 PM,2,DRIVER,,607520,,MAZDA,MAZDA2,IL,2017,NONE,PASSENGER,PERSONAL,E,STRAIGHT AHEAD,,,1,,,,,,,,,,,Y,Y,,,,,,SIDE-LEFT,,,,,,,,,,,,,,,,,,,,,,,,,,,,,,,,,
637859,c78668d4ee02442f53c25a0a32caa28abe3b1baadc82f7124b81899784296a4c62d011c1fd45f51fc4977ec667e9ae08a4b7007f42169f5d4a2dcb6cde74b9c5,05/02/2019 06:45:00 PM,1,DRIVER,,607532,,"PREVOST CAR, BUS, SAINTE CLAIRE, QUEBEC","PREVOST CAR, (""PREVOST BUS;"" SAINTE CLAIRE, QUEBEC",OH,2000,NONE,BUS OVER 15 PASS.,OTHER,E,STRAIGHT AHEAD,,,1,,,,Y,,,,,,,,,,,,,,NONE,,,,,,,,,,,,,,,,,,,,,,,,,,,,,,,,,
643900,d3c6967bc006ba5b003d0fa8828c42201b0d96b0c47faf8d3b928d8e27da605488110a4546639b7abe6dbd0306301b6bcb700c2dbc58a07d8c59f2152992e082,05/01/2019 06:30:00 AM,1,DRIVER,,613179,,HONDA,UNKNOWN,IL,2004,UNKNOWN,PASSENGER,UNKNOWN/NA,N,STRAIGHT AHEAD,,,1,,,,,,,,,,,,,,,,Y,,OTHER,,,,,,,,,,,,,,,,,,,,,,,,,,,,,,,,,
643901,d3c6967bc006ba5b003d0fa8828c42201b0d96b0c47faf8d3b928d8e27da605488110a4546639b7abe6dbd0306301b6bcb700c2dbc58a07d8c59f2152992e082,05/01/2019 06:30:00 AM,2,DRIVER,,613196,,FORD,Explorer,IL,2015,UNKNOWN,SPORT UTILITY VEHICLE (SUV),UNKNOWN/NA,N,STRAIGHT AHEAD,,,1,,,,,,,,,,Y,,,,,,,,REAR-LEFT,,,,,,,,,,,,,,,,,,,,,,,,,,,,,,,,,
636287,ad4ce1646da7317fa68086ed23bb246c11e4077c4115c669a08f95cae25b69ce0817b70078d26c7dfc9ff4cc1da3ae18be0aaf810d85d8c50ac9137cec527d29,04/30/2019 04:37:00 PM,1,DRIVER,,606046,,CHEVROLET,UPLANDER,IL,2007,NONE,VAN/MINI-VAN,OTHER,E,SLOW/STOP IN TRAFFIC,Y,,1,,unk,,,Y,,,,,,,,,,,Y,,FRONT,6609,,,,,,US POSTAL SERVICE,IL,CHICAGO,,,,N,N,,N,,N,N,,,,,,,,,,,,N,N,
636288,ad4ce1646da7317fa68086ed23bb246c11e4077c4115c669a08f95cae25b69ce0817b70078d26c7dfc9ff4cc1da3ae18be0aaf810d85d8c50ac9137cec527d29,04/30/2019 04:37:00 PM,2,DRIVER,,606084,,SUBARU,FORESTER,IL,2017,NONE,SPORT UTILITY VEHICLE (SUV),PERSONAL,E,SLOW/STOP IN TRAFFIC,,,1,,,,,,,,,Y,Y,Y,,,,,,,REAR-LEFT,,,,,,,,,,,,,,,,,,,,,,,,,,,,,,,,,
636103,2b7007fcb9115edcd34188e9e56260c3bde6c806c088a4c8c96c59de3c33607fae95ebfca29af37e763a12467e526c0b64c7eab83f329d9b69799b19ecebd7a5,04/29/2019 07:45:00 PM,1,DRIVER,,605870,,UNKNOWN,UNKNOWN,IL,2007,NONE,BUS OVER 15 PASS.,SCHOOL BUS,N,STRAIGHT AHEAD,,,1,,,,Y,,,,,,,,,,,,,,OTHER,,,,,,,,,,,,,,,,,,,,,,,,,,,,,,,,,
636104,2b7007fcb9115edcd34188e9e56260c3bde6c806c088a4c8c96c59de3c33607fae95ebfca29af37e763a12467e526c0b64c7eab83f329d9b69799b19ecebd7a5,04/29/2019 07:45:00 PM,2,DRIVER,1,605877,,BMW,535 SERIES,IL,2011,NONE,PASSENGER,RIDESHARE SERVICE,N,SLOW/STOP IN TRAFFIC,,,2,,,,,,,,,,Y,,,,,,,,REAR-LEFT,,,,,,,,,,,,,,,,,,,,,,,,,,,,,,,,,
634748,d13d529e87995d7dd6fb18ffa74dabb6b700173c5e1a68861be309523fb696a3f4ebe670d5540c0f688e71525a55c31df7d6e8542c490a58494d8bf55e163311,04/28/2019 02:50:00 PM,1,DRIVER,,604586,,BUICK,BUICK,IL,2007,UNKNOWN,PASSENGER,UNKNOWN/NA,N,STRAIGHT AHEAD,,,1,,,,,,,,,,,,,,,,Y,,OTHER,,,,,,,,,,,,,,,,,,,,,,,,,,,,,,,,,
634749,d13d529e87995d7dd6fb18ffa74dabb6b700173c5e1a68861be309523fb696a3f4ebe670d5540c0f688e71525a55c31df7d6e8542c490a58494d8bf55e163311,04/28/2019 02:50:00 PM,2,DRIVER,,604598,,VOLVO,S60,IL,2012,NONE,PASSENGER,UNKNOWN/NA,N,STRAIGHT AHEAD,,,1,,,,,,,,,,Y,,,,,,,,REAR-LEFT,,,,,,,,,,,,,,,,,,,,,,,,,,,,,,,,,
632920,d6648a3ac112e9aeb1d7062b43fb700c81bb9eaeddfd5da504049ff8882f634936adbfc13dbd5f73513c799a43d9200bbb7ebc3d35aeadb3ad877858a3913111,04/26/2019 07:55:00 AM,1,DRIVER,,602858,,BUICK,ENCLAVE,IL,2008,NONE,SPORT UTILITY VEHICLE (SUV),PERSONAL,NW,TURNING LEFT,,,1,,,,Y,,,,,,,,,,,,,,OTHER,,,,,,,,,,,,,,,,,,,,,,,,,,,,,,,,,
632932,d6648a3ac112e9aeb1d7062b43fb700c81bb9eaeddfd5da504049ff8882f634936adbfc13dbd5f73513c799a43d9200bbb7ebc3d35aeadb3ad877858a3913111,04/26/2019 07:55:00 AM,2,PEDESTRIAN,,,,,,,,,,,,,,,,,,,,,,,,,,,,,,,,,,,,,,,,,,,,,,,,,,,,,,,,,,,,,,,,,,
629672,26cee746b3849164c059c16c8e226713c67c5b12a896306c202749b2b580aae94d2e7807e19d9d19aec4b7007df841c2bacb142dca6fadf0dbf539fb1308a54d,04/21/2019 10:00:00 AM,1,DRIVER,,599784,,INFINITI,QX56,IL,2012,NONE,PASSENGER,PERSONAL,SW,TURNING RIGHT,,,1,,,,,,,,,,,,,,Y,Y,,,UNDER CARRIAGE,,,,,,,,,,,,,,,,,,,,,,,,,,,,,,,,,
629673,26cee746b3849164c059c16c8e226713c67c5b12a896306c202749b2b580aae94d2e7807e19d9d19aec4b7007df841c2bacb142dca6fadf0dbf539fb1308a54d,04/21/2019 10:00:00 AM,2,DRIVER,,599786,,"TOYOTA MOTOR COMPANY, LTD.",COROLLA,IL,2008,NONE,PASSENGER,PERSONAL,E,SLOW/STOP IN TRAFFIC,,,1,,,,,,,,,,,,,Y,Y,Y,,,UNDER CARRIAGE,,,,,,,,,,,,,,,,,,,,,,,,,,,,,,,,,
629579,d8064f98fba0c74526e20c5289b111f2a8ab3371996c4dfa08704433d9b0dae77fab9f4ccdb7009177a0f0ba437bc53a9a664aa235010981a9b8afb805a4a3be,04/21/2019 02:18:00 AM,1,DRIVER,3,599694,,HYUNDAI,GENESIS,IL,2011,UNKNOWN,PASSENGER,PERSONAL,S,LEAVING TRAFFIC LANE TO PARK,,,4,,,,,,,,,,,,Y,,,,,,FRONT-LEFT,,,,,,,,,,,,,,,,,,,,,,,,,,,,,,,,,
629580,d8064f98fba0c74526e20c5289b111f2a8ab3371996c4dfa08704433d9b0dae77fab9f4ccdb7009177a0f0ba437bc53a9a664aa235010981a9b8afb805a4a3be,04/21/2019 02:18:00 AM,2,DRIVER,,599705,,FORD,FUSION,IL,2016,UNKNOWN,PASSENGER,TAXI/FOR HIRE,S,STRAIGHT AHEAD,,,1,,,,,Y,,,,,,,,,,,,,FRONT,,,,,,,,,,,,,,,,,,,,,,,,,,,,,,,,,
629292,33515d25b41546346bcb60c65f5922eb31f035989cfcc2630c7f0b53eb2c294d9b7002277e5ecb66f08678b49bc784d28718db90b8492e3905368e66e9825d2b,04/20/2019 03:00:00 PM,1,DRIVER,,599418,,JEEP,Wrangler (for vehicle years 1989 to present),IL,2018,UNKNOWN,SPORT UTILITY VEHICLE (SUV),PERSONAL,E,STRAIGHT AHEAD,,,1,,,,,,,,,,,,,,,,Y,,OTHER,,,,,,,,,,,,,,,,,,,,,,,,,,,,,,,,,
629293,33515d25b41546346bcb60c65f5922eb31f035989cfcc2630c7f0b53eb2c294d9b7002277e5ecb66f08678b49bc784d28718db90b8492e3905368e66e9825d2b,04/20/2019 03:00:00 PM,2,DRIVER,,599427,,HONDA,CIVIC,IL,1999,NONE,PASSENGER,PERSONAL,W,BACKING,,,1,,,,Y,,,,,,Y,,,,,,,,REAR-LEFT,,,,,,,,,,,,,,,,,,,,,,,,,,,,,,,,,
631515,1c47d7c5cb70053f9d58acaaa1cd8d5f5b32bc931a5eeaa5f85bad4430765ff63fd5395a87111043ef8e7c2395d3e21e67efdc7f3025a81c88cbc8ef5f216580,04/19/2019 09:10:00 PM,1,DRIVER,,601535,,"TOYOTA MOTOR COMPANY, LTD.",CAMRY,IL,2002,UNKNOWN,PASSENGER,PERSONAL,UNKNOWN,BACKING,,,1,,,,,,,,,,Y,,,,,,,,REAR-LEFT,,,,,,,,,,,,,,,,,,,,,,,,,,,,,,,,,
631516,1c47d7c5cb70053f9d58acaaa1cd8d5f5b32bc931a5eeaa5f85bad4430765ff63fd5395a87111043ef8e7c2395d3e21e67efdc7f3025a81c88cbc8ef5f216580,04/19/2019 09:10:00 PM,2,PARKED,,601536,,FORD,EXPLORER,IL,2013,NONE,SPORT UTILITY VEHICLE (SUV),PERSONAL,UNKNOWN,PARKED,,,0,,,,,,,,,,Y,,,,,,,,REAR-LEFT,,,,,,,,,,,,,,,,,,,,,,,,,,,,,,,,,