CRASH_UNIT_ID,CRASH_RECORD_ID,CRASH_DATE,UNIT_NO,UNIT_TYPE,NUM_PASSENGERS,VEHICLE_ID,CMRC_VEH_I,MAKE,MODEL,LIC_PLATE_STATE,VEHICLE_YEAR,VEHICLE_DEFECT,VEHICLE_TYPE,VEHICLE_USE,TRAVEL_DIRECTION,MANEUVER,TOWED_I,FIRE_I,OCCUPANT_CNT,EXCEED_SPEED_LIMIT_I,TOWED_BY,TOWED_TO,AREA_00_I,AREA_01_I,AREA_02_I,AREA_03_I,AREA_04_I,AREA_05_I,AREA_06_I,AREA_07_I,AREA_08_I,AREA_09_I,AREA_10_I,AREA_11_I,AREA_12_I,AREA_99_I,FIRST_CONTACT_POINT,CMV_ID,USDOT_NO,CCMC_NO,ILCC_NO,COMMERCIAL_SRC,GVWR,CARRIER_NAME,CARRIER_STATE,CARRIER_CITY,HAZMAT_PLACARDS_I,HAZMAT_NAME,UN_NO,HAZMAT_PRESENT_I,HAZMAT_REPORT_I,HAZMAT_REPORT_NO,MCS_REPORT_I,MCS_REPORT_NO,HAZMAT_VIO_CAUSE_CRASH_I,MCS_VIO_CAUSE_CRASH_I,IDOT_PERMIT_NO,WIDE_LOAD_I,TRAILER1_WIDTH,TRAILER2_WIDTH,TRAILER1_LENGTH,TRAILER2_LENGTH,TOTAL_VEHICLE_LENGTH,AXLE_CNT,VEHICLE_CONFIG,CARGO_BODY_TYPE,LOAD_TYPE,HAZMAT_OUT_OF_SERVICE_I,MCS_OUT_OF_SERVICE_I,HAZMAT_CLASS
627857,ec7cb1bf51a97bc7ba04fd82c338cbf635d3d032c04472fad4ef44067c560719d763b453c407b7008b8ab88a826cd74b79e9a701ad361a50051d4ed4425dc885,04/18/2019 03:20:00 PM,1,DRIVER,,598080,,PONTIAC,UNKNOWN,IL,2003,NONE,PICKUP,PERSONAL,W,STRAIGHT AHEAD,,,1,,,,,,,,,,,,,,,,,,NONE,,,,,,,,,,,,,,,,,,,,,,,,,,,,,,,,,
627858,ec7cb1bf51a97bc7ba04fd82c338cbf635d3d032c04472fad4ef44067c560719d763b453c407b7008b8ab88a826cd74b79e9a701ad361a50051d4ed4425dc885,04/18/2019 03:20:00 PM,2,DRIVER,1,598078,,CHEVROLET,UNKNOWN,IL,2015,NONE,PASSENGER,PERSONAL,W,SLOW/STOP IN TRAFFIC,,,2,,,,,,,,,Y,Y,,,,,,,,REAR-LEFT,,,,,,,,,,,,,,,,,,,,,,,,,,,,,,,,,
627318,60a030045013761e19e54b077e57d537c6d8cc64bdb700f08f98cfe17f149a3b380d8e81bde9823a0e4bc4a3641a36dcf30bd454c29090d901a283a9a2612b8a,04/17/2019 05:00:00 PM,1,DRIVER,1,597550,,UNKNOWN,UNKNOWN,,,UNKNOWN,UNKNOWN/NA,UNKNOWN/NA,S,UNKNOWN/NA,,,2,,,,,,,,,,,,,,,,,Y,UNKNOWN,,,,,,,,,,,,,,,,,,,,,,,,,,,,,,,,,
627319,60a030045013761e19e54b077e57d537c6d8cc64bdb700f08f98cfe17f149a3b380d8e81bde9823a0e4bc4a3641a36dcf30bd454c29090d901a283a9a2612b8a,04/17/2019 05:00:00 PM,2,PARKED,,597560,,FORD,EXPLORER,IL,2017,UNKNOWN,PASSENGER,PERSONAL,S,PARKED,,,0,,,,,,,,,,Y,,,,Y,Y,Y,Y,TOTAL (ALL AREAS),,,,,,,,,,,,,,,,,,,,,,,,,,,,,,,,,
627320,60a030045013761e19e54b077e57d537c6d8cc64bdb700f08f98cfe17f149a3b380d8e81bde9823a0e4bc4a3641a36dcf30bd454c29090d901a283a9a2612b8a,04/17/2019 05:00:00 PM,3,PARKED,,597566,,LINCOLN-CONTINENTAL,TOWNCAR,IL,1988,NONE,PASSENGER,PERSONAL,S,PARKED,,,0,,,,,,,,,,,,,,,,Y,Y,OTHER,,,,,,,,,,,,,,,,,,,,,,,,,,,,,,,,,
626066,6c53a9d58f5e12fa8e3527e06c97ad7195294335b700a3772968518c4e7a381bc59e5d5d154f76cecc90e4080f1477e95fd3c0b78ae3938faa44733a96222e2e,04/15/2019 04:14:00 PM,1,DRIVER,1,596454,,HONDA,ACCORD,IL,2012,NONE,PASSENGER,PERSONAL,E,STRAIGHT AHEAD,,,2,,,,,Y,,,,,,,,,,,,,FRONT,,,,,,,,,,,,,,,,,,,,,,,,,,,,,,,,,
626067,6c53a9d58f5e12fa8e3527e06c97ad7195294335b700a3772968518c4e7a381bc59e5d5d154f76cecc90e4080f1477e95fd3c0b78ae3938faa44733a96222e2e,04/15/2019 04:14:00 PM,2,DRIVER,,596464,,CHRYSLER,300,IL,2013,NONE,PASSENGER,PERSONAL,E,STRAIGHT AHEAD,,,1,,,,,,,,,Y,,,,,,,,,REAR,,,,,,,,,,,,,,,,,,,,,,,,,,,,,,,,,
624838,b700efff5536c94ec70fd10790922668d6eb5b101852cdeefcc363b75f95d85d4d86f30bad30cae1c70d057752e4fdb39820e53568463e865929fe07c5f9fcd5,04/14/2019 03:41:00 AM,1,DRIVER,,595267,,UNKNOWN,UNKNOWN,IL,,UNKNOWN,UNKNOWN/NA,UNKNOWN/NA,E,UNKNOWN/NA,,,1,,,,,,,,Y,,,,,,,,,,REAR-RIGHT,,,,,,,,,,,,,,,,,,,,,,,,,,,,,,,,,
624839,b700efff5536c94ec70fd10790922668d6eb5b101852cdeefcc363b75f95d85d4d86f30bad30cae1c70d057752e4fdb39820e53568463e865929fe07c5f9fcd5,04/14/2019 03:41:00 AM,2,PARKED,,595263,,MAZDA,Mazda 3,IL,2016,NONE,PASSENGER,PERSONAL,E,PARKED,,,0,,,,,,,,,,,,Y,,,,,,FRONT-LEFT,,,,,,,,,,,,,,,,,,,,,,,,,,,,,,,,,
622423,99ff99a0bf1fa157ec29b7f99eccb7287ae3cd77e3dad1ad27265955576ad809259821c33bf7842d10b7005ff0bf90c2bbd57fb75018532d1a3c7c7beef7d279,04/10/2019 05:30:00 PM,1,DRIVER,,592961,,UNKNOWN,UNKNOWN,,,UNKNOWN,UNKNOWN/NA,UNKNOWN/NA,UNKNOWN,UNKNOWN/NA,,,1,,,,,,,,,,,,,,,,,Y,UNKNOWN,,,,,,,,,,,,,,,,,,,,,,,,,,,,,,,,,
622424,99ff99a0bf1fa157ec29b7f99eccb7287ae3cd77e3dad1ad27265955576ad809259821c33bf7842d10b7005ff0bf90c2bbd57fb75018532d1a3c7c7beef7d279,04/10/2019 05:30:00 PM,2,PARKED,,592964,,NISSAN,NISSAN ALTIMA,IL,2007,OTHER,PASSENGER,NOT IN USE,N,PARKED,,,0,,,,,,,,,,,,Y,,,,,,FRONT-LEFT,,,,,,,,,,,,,,,,,,,,,,,,,,,,,,,,,
621779,b6264fa717094ec42e58bbe8edc71b51968b186616a593f47104bd862cdf11492f00815d142f49be6b50f58c791b700786be6cc66effe224b1d54b368f9d1abf,04/09/2019 07:40:00 PM,1,DRIVER,,592387,,CHRYSLER,UNKNOWN,IL,2012,UNKNOWN,VAN/MINI-VAN,PERSONAL,W,STRAIGHT AHEAD,,,1,,,,,,,,,,,,,,,,,Y,UNKNOWN,,,,,,,,,,,,,,,,,,,,,,,,,,,,,,,,,
621780,b6264fa717094ec42e58bbe8edc71b51968b186616a593f47104bd862cdf11492f00815d142f49be6b50f58c791b700786be6cc66effe224b1d54b368f9d1abf,04/09/2019 07:40:00 PM,2,DRIVER,1,592395,,FORD,Focus,IL,2018,UNKNOWN,PASSENGER,PERSONAL,W,SLOW/STOP IN TRAFFIC,,,2,,,,,,,,,Y,,,,,,,,,REAR,,,,,,,,,,,,,,,,,,,,,,,,,,,,,,,,,
620907,d815e20ca15c926129c65b9f4147189c23c0d6d3c492b13d93717a5c11ec2fb70052384cc33511c83e11f134e0328e13c5d9bba280c6c2352908cf30881263f4,04/08/2019 05:35:00 PM,1,DRIVER,,591561,,NISSAN,VERSA,IL,2009,NONE,PASSENGER,PERSONAL,N,STRAIGHT AHEAD,,,1,,,,,Y,,,,,,,,,,,,,FRONT,,,,,,,,,,,,,,,,,,,,,,,,,,,,,,,,,
620908,d815e20ca15c926129c65b9f4147189c23c0d6d3c492b13d93717a5c11ec2fb70052384cc33511c83e11f134e0328e13c5d9bba280c6c2352908cf30881263f4,04/08/2019 05:35:00 PM,2,DRIVER,,591571,,HYUNDAI,GENESIS,IL,2015,NONE,PASSENGER,PERSONAL,E,STRAIGHT AHEAD,,,1,,,,,,,Y,,,,,,,,,,,SIDE-RIGHT,,,,,,,,,,,,,,,,,,,,,,,,,,,,,,,,,
620365,8c2ab700153151ee610bffa2fb40e704fe5bd6bb6d5373c8b9f8b32331544ea58ca1453956e79cfc9799fa38ef5d2b2e47585900147aefa04e69f9dee37db279,04/08/2019 07:00:00 AM,1,DRIVER,,591054,,FORD,F250,IL,2003,NONE,TRUCK - SINGLE UNIT,PERSONAL,E,STRAIGHT AHEAD,,,1,,,,,Y,,,,,,,,,,,,,FRONT,,,,,,,,,,,,,,,,,,,,,,,,,,,,,,,,,
620366,8c2ab700153151ee610bffa2fb40e704fe5bd6bb6d5373c8b9f8b32331544ea58ca1453956e79cfc9799fa38ef5d2b2e47585900147aefa04e69f9dee37db279,04/08/2019 07:00:00 AM,2,DRIVER,,591056,,FORD,FUSION,IL,2015,NONE,PASSENGER,PERSONAL,E,SLOW/STOP IN TRAFFIC,,,1,,,,,,,,,Y,,,,,,,,,REAR,,,,,,,,,,,,,,,,,,,,,,,,,,,,,,,,,
619778,5c84c3fe880e938c479fda524263e1b0cb1995f6515190ac6202798948fff1800c89f0a41af050eb700a5c7f94e8543e94d0d8f14ecdff0e310976db128afdfb,04/07/2019 02:04:00 AM,1,DRIVER,,590528,,TRIUMPH,TRIUMPH,CA,2014,NONE,MOTORCYCLE (OVER 150CC),PERSONAL,N,CHANGING LANES,,,1,,,,,Y,Y,,,,,Y,Y,,,,,,FRONT-LEFT,,,,,,,,,,,,,,,,,,,,,,,,,,,,,,,,,
619779,5c84c3fe880e938c479fda524263e1b0cb1995f6515190ac6202798948fff1800c89f0a41af050eb700a5c7f94e8543e94d0d8f14ecdff0e310976db128afdfb,04/07/2019 02:04:00 AM,2,DRIVER,,590529,,NISSAN,NISSAN ALTIMA,IL,2015,NONE,PASSENGER,PERSONAL,N,STRAIGHT AHEAD,,,1,,,,,,Y,Y,Y,,,,,,,,,,FRONT-RIGHT,,,,,,,,,,,,,,,,,,,,,,,,,,,,,,,,,
619864,91cb70001bc822921809dcd0ff22655183d062ef408f3d7562175afb493a3e340761da953aa873d787abb5099a42ebe6b797f1e71a380a55b077c117acc24688,04/07/2019 01:30:00 AM,1,DRIVER,1,590605,,MITSUBISHI,UNKNOWN,IL,2003,UNKNOWN,PASSENGER,UNKNOWN/NA,N,UNKNOWN/NA,Y,,2,,cpd,,,,,,,,,,Y,,,,,,FRONT-LEFT,,,,,,,,,,,,,,,,,,,,,,,,,,,,,,,,,
619865,91cb70001bc822921809dcd0ff22655183d062ef408f3d7562175afb493a3e340761da953aa873d787abb5099a42ebe6b797f1e71a380a55b077c117acc24688,04/07/2019 01:30:00 AM,2,PARKED,,590608,,NISSAN,UNKNOWN,IL,2008,NONE,PASSENGER,NOT IN USE,N,PARKED,,,0,,,,,,Y,,,,,,,,,,,,FRONT-RIGHT,,,,,,,,,,,,,,,,,,,,,,,,,,,,,,,,,
619026,48cdea0d19b425f3bb1704c5ea136065869762f1839ce6bc2f87e3a1a3e1b13c6d568f928c09ab5f34caae8d27d75b7003ac06160fd3e54de385c2ad51f4ded6,04/05/2019 11:24:00 PM,1,DRIVER,,589838,,UNKNOWN,UNKNOWN,XX,,UNKNOWN,PASSENGER,UNKNOWN/NA,S,TURNING LEFT,,,1,,,,,,,,,,,,Y,,,,,,FRONT-LEFT,,,,,,,,,,,,,,,,,,,,,,,,,,,,,,,,,
619027,48cdea0d19b425f3bb1704c5ea136065869762f1839ce6bc2f87e3a1a3e1b13c6d568f928c09ab5f34caae8d27d75b7003ac06160fd3e54de385c2ad51f4ded6,04/05/2019 11:24:00 PM,2,PEDESTRIAN,,,,,,,,,,,,,,,,,,,,,,,,,,,,,,,,,,,,,,,,,,,,,,,,,,,,,,,,,,,,,,,,,,
616939,fb344c3eb4edea9586d3a3c189fe5e1d3b19885bfa3dd5b8eca7b1cab11b70075fe7518d10e55d19f0265b50f690c7eed7eac0edff0cf1c227ab562201a2db06,04/02/2019 10:00:00 AM,1,DRIVER,,587861,,UNKNOWN,UNKNOWN,IL,,UNKNOWN,UNKNOWN/NA,UNKNOWN/NA,E,STRAIGHT AHEAD,,,1,,,,,,,,,,,,,,,,,Y,UNKNOWN,,,,,,,,,,,,,,,,,,,,,,,,,,,,,,,,,
616940,fb344c3eb4edea9586d3a3c189fe5e1d3b19885bfa3dd5b8eca7b1cab11b70075fe7518d10e55d19f0265b50f690c7eed7eac0edff0cf1c227ab562201a2db06,04/02/2019 10:00:00 AM,2,DRIVER,,587854,,HYUNDAI,SONATA,IL,2018,NONE,PASSENGER,PERSONAL,E,STRAIGHT AHEAD,,,1,,,,,,,,,Y,,,,,,,,,REAR,,,,,,,,,,,,,,,,,,,,,,,,,,,,,,,,,
613957,c7fdeb381424622047c7af8d4343186f3c8311f9afb70093197a404fa5b41388a9a3f26201ce0a62920384cc40e2f75f7747aecb489fd1466e2465ac6a5e0668,03/29/2019 03:40:00 PM,1,DRIVER,,585048,,GENERAL MOTORS CORP.,Envoy,IL,2005,UNKNOWN,PASSENGER,PERSONAL,N,STRAIGHT AHEAD,Y,,1,,,,,Y,Y,,,,,,Y,,,,,,FRONT,,,,,,,,,,,,,,,,,,,,,,,,,,,,,,,,,
613958,c7fdeb381424622047c7af8d4343186f3c8311f9afb70093197a404fa5b41388a9a3f26201ce0a62920384cc40e2f75f7747aecb489fd1466e2465ac6a5e0668,03/29/2019 03:40:00 PM,2,DRIVER,,585055,,NISSAN,Murano,IL,2008,UNKNOWN,PASSENGER,PERSONAL,N,STRAIGHT AHEAD,,,1,,,,,,,,Y,Y,Y,,,,,,,,REAR,,,,,,,,,,,,,,,,,,,,,,,,,,,,,,,,,
612093,5b47338e0ee3d79bcfb27dde903523502f99d203829c2cdcafdf8df319c414310dc7ec2bbf453f09ee6ed70841bb8baaca5dfe874df4916133f5cb9828b700b6,03/26/2019 07:10:00 PM,1,DRIVER,,583268,,INFINITI,QX56,IL,2017,NONE,PASSENGER,PERSONAL,E,STRAIGHT AHEAD,,,1,,,,Y,,,,,,,,,,,,,,NONE,,,,,,,,,,,,,,,,,,,,,,,,,,,,,,,,,
612094,5b47338e0ee3d79bcfb27dde903523502f99d203829c2cdcafdf8df319c414310dc7ec2bbf453f09ee6ed70841bb8baaca5dfe874df4916133f5cb9828b700b6,03/26/2019 07:10:00 PM,2,PEDESTRIAN,,,,,,,,,,,,,,,,,,,,,,,,,,,,,,,,,,,,,,,,,,,,,,,,,,,,,,,,,,,,,,,,,,
609607,45950c4d9d00291eff783fd081c6817cc68f1ad14158dd54c44cffc9970508189a47d3f7c62b272c6a9bd6d3f5b70083eefb3aafe9604268dd2d85b554edf20e,03/23/2019 11:00:00 AM,1,DRIVER,,580922,,UNKNOWN,UNKNOWN,IL,,UNKNOWN,UNKNOWN/NA,UNKNOWN/NA,UNKNOWN,UNKNOWN/NA,,,1,,,,,,,,,,,,,,,,,Y,UNKNOWN,,,,,,,,,,,,,,,,,,,,,,,,,,,,,,,,,
609608,45950c4d9d00291eff783fd081c6817cc68f1ad14158dd54c44cffc9970508189a47d3f7c62b272c6a9bd6d3f5b70083eefb3aafe9604268dd2d85b554edf20e,03/23/2019 11:00:00 AM,2,PARKED,,580926,,FORD,ESCORT,IL,2003,UNKNOWN,PASSENGER,UNKNOWN/NA,S,PARKED,,,0,,,,,,,,,,Y,,Y,,,,,,REAR-LEFT,,,,,,,,,,,,,,,,,,,,,,,,,,,,,,,,,
609609,45950c4d9d00291eff783fd081c6817cc68f1ad14158dd54c44cffc9970508189a47d3f7c62b272c6a9bd6d3f5b70083eefb3aafe9604268dd2d85b554edf20e,03/23/2019 11:00:00 AM,3,PARKED,,580931,,ACURA,ACURA,IL,2005,UNKNOWN,PASSENGER,UNKNOWN/NA,S,PARKED,,,0,,,,,,,,,,Y,Y,,,,,,,REAR-LEFT,,,,,,,,,,,,,,,,,,,,,,,,,,,,,,,,,
609519,474a2e476f15243c2be71b3dd3be1b7008cc4a8ccf66ba82ddea7f4181695badb44c67d4163e1294f1c35cc686e6856da01f623df7d34af93fd8b7365262d9a6,03/23/2019 04:34:00 AM,1,DRIVER,,580835,,KIA MOTORS CORP,Optima,FL,2018,NONE,PASSENGER,PERSONAL,E,DRIVING WRONG WAY,Y,,1,,CITY OF CHICAGO,400 E LOWER WACKER,,Y,,,,,,,Y,,,,,,FRONT-LEFT,,,,,,,,,,,,,,,,,,,,,,,,,,,,,,,,,
609520,474a2e476f15243c2be71b3dd3be1b7008cc4a8ccf66ba82ddea7f4181695badb44c67d4163e1294f1c35cc686e6856da01f623df7d34af93fd8b7365262d9a6,03/23/2019 04:34:00 AM,2,PEDESTRIAN,,,,,,,,,,,,,,,,,,,,,,,,,,,,,,,,,,,,,,,,,,,,,,,,,,,,,,,,,,,,,,,,,,
608998,fce184cfe3dec9aa8350416ca5015c542eddaccd3a2473ce984976e629a460b38ceb6ff7910d8fa3ec92b4d785a65ff7b202f6e37f325e0b7009323e2680c9f9,03/22/2019 02:30:00 PM,1,DRIVER,,580350,,BMW,UNKNOWN,IL,2014,NONE,PASSENGER,PERSONAL,W,OTHER,Y,,1,,OWNER,,,Y,Y,,,,,,,,,,,,FRONT-RIGHT,,,,,,,,,,,,,,,,,,,,,,,,,,,,,,,,,
608999,fce184cfe3dec9aa8350416ca5015c542eddaccd3a2473ce984976e629a460b38ceb6ff7910d8fa3ec92b4d785a65ff7b202f6e37f325e0b7009323e2680c9f9,03/22/2019 02:30:00 PM,2,PARKED,,580354,,CHEVROLET,UNKNOWN,IL,2018,NONE,PASSENGER,NOT IN USE,W,PARKED,Y,,0,,LESSEE,,,,,,,Y,Y,,,,,,,,REAR-LEFT,,,,,,,,,,,,,,,,,,,,,,,,,,,,,,,,,
608631,9a62888f21bb700cc55a07be6838a60ff379843db90d280ab0607ff617b6096a52067f506e9bf798787b66ecb66f5cf3b8f3974aa01925645bbf95a89cc8f06e,03/21/2019 07:45:00 AM,1,DRIVER,,580020,,JEEP,UNKNOWN,IL,2014,UNKNOWN,SPORT UTILITY VEHICLE (SUV),UNKNOWN/NA,SE,CHANGING LANES,,,1,,,,,,,,,,,,Y,,,,,,FRONT-LEFT,,,,,,,,,,,,,,,,,,,,,,,,,,,,,,,,,
608632,9a62888f21bb700cc55a07be6838a60ff379843db90d280ab0607ff617b6096a52067f506e9bf798787b66ecb66f5cf3b8f3974aa01925645bbf95a89cc8f06e,03/21/2019 07:45:00 AM,2,DRIVER,2,580030,,HONDA,CRV,IL,2014,NONE,SPORT UTILITY VEHICLE (SUV),PERSONAL,S,SLOW/STOP IN TRAFFIC,,,3,,,,,,Y,,,,,,,,,,,,FRONT-RIGHT,,,,,,,,,,,,,,,,,,,,,,,,,,,,,,,,,
605370,3e69a55907aeba0c706fcc89f4e10768f786e1244179073786a3d7c759c78b87b655b537caf3463e05696fc753ac767ee9fbb3b6e21251dfd015f2217cd8b700,03/17/2019 01:00:00 AM,1,DRIVER,,576911,,UNKNOWN,UNKNOWN,IL,,UNKNOWN,UNKNOWN/NA,UNKNOWN/NA,UNKNOWN,UNKNOWN/NA,,,1,,,,,,,,,,,,,,,,,,UNKNOWN,,,,,,,,,,,,,,,,,,,,,,,,,,,,,,,,,
605371,3e69a55907aeba0c706fcc89f4e10768f786e1244179073786a3d7c759c78b87b655b537caf3463e05696fc753ac767ee9fbb3b6e21251dfd015f2217cd8b700,03/17/2019 01:00:00 AM,2,PARKED,,576914,,CHRYSLER,200,IL,2017,UNKNOWN,PASSENGER,NOT IN USE,UNKNOWN,PARKED,,,0,,,,,,,,,,Y,Y,,,,,,,UNKNOWN,,,,,,,,,,,,,,,,,,,,,,,,,,,,,,,,,
604284,fc33d0518389958eb477eb592b5ea75225256f5ae8af0c8fa3321513d5d78a380bee2b039ae9b76e23633132caef4ea91bc017518e2c3bac0e6c65cb7004564f,03/16/2019 12:10:00 AM,1,DRIVER,2,575902,,BMW,323i,IL,1999,UNKNOWN,PASSENGER,PERSONAL,W,CHANGING LANES,Y,,3,,E.A.R. TOWING,10300 S. DOTY,,Y,Y,,,,,,Y,,,,,,FRONT-LEFT,,,,,,,,,,,,,,,,,,,,,,,,,,,,,,,,,
604285,fc33d0518389958eb477eb592b5ea75225256f5ae8af0c8fa3321513d5d78a380bee2b039ae9b76e23633132caef4ea91bc017518e2c3bac0e6c65cb7004564f,03/16/2019 12:10:00 AM,2,DRIVER,,575903,,HONDA,CRV,IL,2001,NONE,SPORT UTILITY VEHICLE (SUV),PERSONAL,E,STRAIGHT AHEAD,Y,,1,,PRIVATE,,,Y,,,,,,Y,Y,,,,,,FRONT-LEFT,,,,,,,,,,,,,,,,,,,,,,,,,,,,,,,,,
604023,56ec191a3cb9fa6805c7e36f6cddfd5759143a8f72ac607ba8db5872b2f9d314e1db5b681d92334b8346984fbfd83a38a2c8bfdd8ff5b700ffc6f44245a0ca81,03/15/2019 05:09:00 PM,1,DRIVER,,575658,,"TOYOTA MOTOR COMPANY, LTD.",UNKNOWN,IL,2012,UNKNOWN,PASSENGER,UNKNOWN/NA,E,UNKNOWN/NA,,,1,,,,,,,,,,,,,,,,,Y,UNKNOWN,,,,,,,,,,,,,,,,,,,,,,,,,,,,,,,,,
604024,56ec191a3cb9fa6805c7e36f6cddfd5759143a8f72ac607ba8db5872b2f9d314e1db5b681d92334b8346984fbfd83a38a2c8bfdd8ff5b700ffc6f44245a0ca81,03/15/2019 05:09:00 PM,2,DRIVER,,575666,,"TOYOTA MOTOR COMPANY, LTD.",CAMRY,IL,2011,UNKNOWN,PASSENGER,PERSONAL,E,STRAIGHT AHEAD,,,1,,,,,,,,Y,Y,Y,,,,,,,,REAR,,,,,,,,,,,,,,,,,,,,,,,,,,,,,,,,,
603718,a2d91901c1eac01c4c51caee752eb41c5cc7706adece95db85f6723821a1cc004358ff69eb07dfc362d35cf7d12df8b131cdf097b124d19b700638892eb3cb86,03/15/2019 12:00:00 PM,1,DRIVER,,575393,,SATURN,Vue,IL,2006,UNKNOWN,SPORT UTILITY VEHICLE (SUV),PERSONAL,S,UNKNOWN/NA,,,1,,,,,,,,,,,Y,,,,,,,SIDE-LEFT,,,,,,,,,,,,,,,,,,,,,,,,,,,,,,,,,
603719,a2d91901c1eac01c4c51caee752eb41c5cc7706adece95db85f6723821a1cc004358ff69eb07dfc362d35cf7d12df8b131cdf097b124d19b700638892eb3cb86,03/15/2019 12:00:00 PM,2,DRIVER,2,575387,,"TOYOTA MOTOR COMPANY, LTD.",COROLLA,IL,1998,NONE,PASSENGER,PERSONAL,W,STRAIGHT AHEAD,,,3,,,,,,,,,,,,Y,,,,,,FRONT-LEFT,,,,,,,,,,,,,,,,,,,,,,,,,,,,,,,,,
603615,c7b03ad0c111b47476e960d03ddd30cb49df1e2b7c63521d9a9a38ed05496940e26f78707a0cf07e1bbf4d4b7006c011949f9968076d78a1fad3d29c83387ed4,03/15/2019 09:00:00 AM,1,DRIVER,,575290,,UNKNOWN,UNKNOWN,,,UNKNOWN,UNKNOWN/NA,UNKNOWN/NA,E,STRAIGHT AHEAD,,,1,,,,,,,,,,,,,,,,,Y,UNKNOWN,,,,,,,,,,,,,,,,,,,,,,,,,,,,,,,,,
603616,c7b03ad0c111b47476e960d03ddd30cb49df1e2b7c63521d9a9a38ed05496940e26f78707a0cf07e1bbf4d4b7006c011949f9968076d78a1fad3d29c83387ed4,03/15/2019 09:00:00 AM,2,DRIVER,,575295,,CHEVROLET,UNKNOWN,IL,2018,NONE,PASSENGER,PERSONAL,E,STRAIGHT AHEAD,,,1,,,,,,,,,,,,Y,,,,,,FRONT-LEFT,,,,,,,,,,,,,,,,,,,,,,,,,,,,,,,,,
607495,bc4a29ba3468f4bbe51b8959e3d1db966de531e2ac8d57194f7891c1f32e45af8a7da73ff75476526b7002c66d8c272429ba86326e7b1de406cf413e08414c8a,03/15/2019 07:48:00 AM,1,DRIVER,,578935,,CHEVROLET,UNKNOWN,IL,2013,OTHER,SPORT UTILITY VEHICLE (SUV),UNKNOWN/NA,S,TURNING LEFT,Y,,1,,,,,Y,Y,Y,,,,,,,,,,,FRONT-RIGHT,,,,,,,,,,,,,,,,,,,,,,,,,,,,,,,,,
607496,bc4a29ba3468f4bbe51b8959e3d1db966de531e2ac8d57194f7891c1f32e45af8a7da73ff75476526b7002c66d8c272429ba86326e7b1de406cf413e08414c8a,03/15/2019 07:48:00 AM,2,DRIVER,,578936,,FORD,Explorer,IL,2017,UNKNOWN,SPORT UTILITY VEHICLE (SUV),UNKNOWN/NA,N,TURNING RIGHT,Y,,1,,,,,Y,Y,N,,,,N,Y,,,,,,FRONT,,,,,,,,,,,,,,,,,,,,,,,,,,,,,,,,,
603020,250c0a00312a0d4f0ff060e9a5a962550fd96dc03b700e474a277df7c4c2ae90eeba29660c406179b3578c6be17e547b7d223fbc977a26aef67f80f3e8f873f7,03/14/2019 11:00:00 AM,1,DRIVER,,574712,,UNKNOWN,UNKNOWN,XX,,UNKNOWN,UNKNOWN/NA,UNKNOWN/NA,E,STRAIGHT AHEAD,,,1,,,,,,,,,,,,,,,,,Y,UNKNOWN,,,,,,,,,,,,,,,,,,,,,,,,,,,,,,,,,
603021,250c0a00312a0d4f0ff060e9a5a962550fd96dc03b700e474a277df7c4c2ae90eeba29660c406179b3578c6be17e547b7d223fbc977a26aef67f80f3e8f873f7,03/14/2019 11:00:00 AM,2,PARKED,,574716,,FORD,Explorer,IL,2018,NONE,PASSENGER,NOT IN USE,E,PARKED,,,0,,,,,Y,Y,,,,,,Y,,,,,,FRONT-LEFT,,,,,,,,,,,,,,,,,,,,,,,,,,,,,,,,,
601259,a75e64fe0e15a47a45f16bf68670d67fb3b7000eec3c747f15563776e151015529d58232ca7a390d4499dbd844b4455e82fa56db98cf3b728de57b2907242e6c,03/11/2019 06:05:00 PM,1,DRIVER,,573085,,DODGE,DURANGO,IL,2007,UNKNOWN,PASSENGER,UNKNOWN/NA,E,STRAIGHT AHEAD,,,1,,,,,,,,Y,,,,,,,,,,REAR-RIGHT,,,,,,,,,,,,,,,,,,,,,,,,,,,,,,,,,
601260,a75e64fe0e15a47a45f16bf68670d67fb3b7000eec3c747f15563776e151015529d58232ca7a390d4499dbd844b4455e82fa56db98cf3b728de57b2907242e6c,03/11/2019 06:05:00 PM,2,DRIVER,,573101,,BUICK,LUCERNE,IL,2007,NONE,PASSENGER,PERSONAL,N,STRAIGHT AHEAD,,,1,,,,,Y,,,,,,,,,,,,,FRONT,,,,,,,,,,,,,,,,,,,,,,,,,,,,,,,,,
608123,0b9748945fda13ab7000e5dff9e4031cff750ea446fe5e8e0c00f9f0df4c600cc499a8853185aea28d9f4116aafebe5703930fd896f14c1740f546d19e5950ae,03/10/2019 04:30:00 PM,1,DRIVER,,579520,,LEXUS,GX470,NM,2006,NONE,SPORT UTILITY VEHICLE (SUV),PERSONAL,N,PASSING/OVERTAKING,,,1,,,,,,,,,,,Y,,,,,,,SIDE-LEFT,,,,,,,,,,,,,,,,,,,,,,,,,,,,,,,,,
608124,0b9748945fda13ab7000e5dff9e4031cff750ea446fe5e8e0c00f9f0df4c600cc499a8853185aea28d9f4116aafebe5703930fd896f14c1740f546d19e5950ae,03/10/2019 04:30:00 PM,2,DRIVER,,579521,,"TOYOTA MOTOR COMPANY, LTD.",CAMRY,IL,2012,NONE,PASSENGER,TAXI/FOR HIRE,N,STRAIGHT AHEAD,,,1,,,,,,Y,,,,,,,,,,,,FRONT-RIGHT,,,,,,,,,,,,,,,,,,,,,,,,,,,,,,,,,