CRASH_UNIT_ID,CRASH_RECORD_ID,CRASH_DATE,UNIT_NO,UNIT_TYPE,NUM_PASSENGERS,VEHICLE_ID,CMRC_VEH_I,MAKE,MODEL,LIC_PLATE_STATE,VEHICLE_YEAR,VEHICLE_DEFECT,VEHICLE_TYPE,VEHICLE_USE,TRAVEL_DIRECTION,MANEUVER,TOWED_I,FIRE_I,OCCUPANT_CNT,EXCEED_SPEED_LIMIT_I,TOWED_BY,TOWED_TO,AREA_00_I,AREA_01_I,AREA_02_I,AREA_03_I,AREA_04_I,AREA_05_I,AREA_06_I,AREA_07_I,AREA_08_I,AREA_09_I,AREA_10_I,AREA_11_I,AREA_12_I,AREA_99_I,FIRST_CONTACT_POINT,CMV_ID,USDOT_NO,CCMC_NO,ILCC_NO,COMMERCIAL_SRC,GVWR,CARRIER_NAME,CARRIER_STATE,CARRIER_CITY,HAZMAT_PLACARDS_I,HAZMAT_NAME,UN_NO,HAZMAT_PRESENT_I,HAZMAT_REPORT_I,HAZMAT_REPORT_NO,MCS_REPORT_I,MCS_REPORT_NO,HAZMAT_VIO_CAUSE_CRASH_I,MCS_VIO_CAUSE_CRASH_I,IDOT_PERMIT_NO,WIDE_LOAD_I,TRAILER1_WIDTH,TRAILER2_WIDTH,TRAILER1_LENGTH,TRAILER2_LENGTH,TOTAL_VEHICLE_LENGTH,AXLE_CNT,VEHICLE_CONFIG,CARGO_BODY_TYPE,LOAD_TYPE,HAZMAT_OUT_OF_SERVICE_I,MCS_OUT_OF_SERVICE_I,HAZMAT_CLASS
600827,340d5ec41187e30ae65d68119ef49c33b5a8d07c16a5f54566b5537a965208815b878713994c6351a3cfe67126670db7003df9e73880dd8b5b435cec36985246,03/10/2019 10:26:00 AM,1,DRIVER,,572683,,HYUNDAI,ELANTRA,IL,2013,UNKNOWN,PASSENGER,UNKNOWN/NA,S,AVOIDING VEHICLES/OBJECTS,,,1,,,,,,,Y,,,,,,,,,,,SIDE-RIGHT,,,,,,,,,,,,,,,,,,,,,,,,,,,,,,,,,
600828,340d5ec41187e30ae65d68119ef49c33b5a8d07c16a5f54566b5537a965208815b878713994c6351a3cfe67126670db7003df9e73880dd8b5b435cec36985246,03/10/2019 10:26:00 AM,2,PARKED,1,572690,,CHEVROLET,CRUZE,IL,2014,UNKNOWN,PASSENGER,PERSONAL,S,PARKED IN TRAFFIC LANE,,,1,,,,,,,,,,,Y,,,,,,,SIDE-LEFT,,,,,,,,,,,,,,,,,,,,,,,,,,,,,,,,,
599910,e293a2211e7021468b5926c1814268c01700dbc30a2e2323af3d32a9c253cbc78b17e8593c1ee157f19152a3e0f4354339cb0ddf2e0e9b7002ac11edced07167,03/09/2019 03:00:00 PM,1,DRIVER,,571826,,DODGE,UNKNOWN,IL,2018,NONE,OTHER,COMMERCIAL - SINGLE UNIT,W,ENTERING TRAFFIC LANE FROM PARKING,,,1,,,,,,,,Y,,,,,,,,,,REAR-RIGHT,,,,,,,,,,,,,,,,,,,,,,,,,,,,,,,,,
599911,e293a2211e7021468b5926c1814268c01700dbc30a2e2323af3d32a9c253cbc78b17e8593c1ee157f19152a3e0f4354339cb0ddf2e0e9b7002ac11edced07167,03/09/2019 03:00:00 PM,2,DRIVER,,571835,,NISSAN,UNKNOWN,IL,2017,UNKNOWN,SPORT UTILITY VEHICLE (SUV),PERSONAL,W,STRAIGHT AHEAD,,,1,,,,,,Y,,,,,,,,,,,,FRONT-RIGHT,,,,,,,,,,,,,,,,,,,,,,,,,,,,,,,,,
599912,e293a2211e7021468b5926c1814268c01700dbc30a2e2323af3d32a9c253cbc78b17e8593c1ee157f19152a3e0f4354339cb0ddf2e0e9b7002ac11edced07167,03/09/2019 03:00:00 PM,3,DRIVER,,571840,,"TOYOTA MOTOR COMPANY, LTD.",UNKNOWN,IL,2010,UNKNOWN,PASSENGER,PERSONAL,W,STRAIGHT AHEAD,,,1,,,,,,,,,,Y,,,,,,,,REAR-LEFT,,,,,,,,,,,,,,,,,,,,,,,,,,,,,,,,,
599656,5cb70007ca30e160811272e600413370b125940f1b92d9f83466d779dedc44b5c0534214e86dd7e172d4b64ecb98ab45a15cf13ce12deb8edd562524d6050231,03/09/2019 09:30:00 AM,1,DRIVER,,571587,,UNKNOWN,UNKNOWN,XX,,UNKNOWN,UNKNOWN/NA,UNKNOWN/NA,N,STRAIGHT AHEAD,,,1,,,,,,,,N,N,N,,Y,,,,,,FRONT-LEFT,,,,,,,,,,,,,,,,,,,,,,,,,,,,,,,,,
599657,5cb70007ca30e160811272e600413370b125940f1b92d9f83466d779dedc44b5c0534214e86dd7e172d4b64ecb98ab45a15cf13ce12deb8edd562524d6050231,03/09/2019 09:30:00 AM,2,DRIVER,,571597,,DODGE,CARAVAN,IL,2017,UNKNOWN,PASSENGER,OTHER TRANSIT,N,STRAIGHT AHEAD,,,1,,,,,Y,,,,,,,Y,,,,,,FRONT-LEFT,,,,,,,,,,,,,,,,,,,,,,,,,,,,,,,,,
606681,b63570b7e70e64f2fda51fe6e98bad86bb44dbd7118b700837d130cfe3ac77e354096e02b836b48c3fb20346f370da3c44a75cca0547346249233e638f8bbd26,03/08/2019 08:00:00 PM,1,DRIVER,,578158,,UNKNOWN,UNKNOWN,,,UNKNOWN,UNKNOWN/NA,UNKNOWN/NA,UNKNOWN,UNKNOWN/NA,,,1,,,,,,,,,,,,,,,,,Y,UNKNOWN,,,,,,,,,,,,,,,,,,,,,,,,,,,,,,,,,
606682,b63570b7e70e64f2fda51fe6e98bad86bb44dbd7118b700837d130cfe3ac77e354096e02b836b48c3fb20346f370da3c44a75cca0547346249233e638f8bbd26,03/08/2019 08:00:00 PM,2,PARKED,,578159,,"TOYOTA MOTOR COMPANY, LTD.",RAV4 (sport utility),IL,2010,NONE,PASSENGER,PERSONAL,W,PARKED,,,0,,,,,,,,Y,,,,,,,,,,REAR-RIGHT,,,,,,,,,,,,,,,,,,,,,,,,,,,,,,,,,
598370,70d5fcea19a152417e458442320012d8bb4f3835531b6efb700cbbdb9eae063a203e03ee4697aec37315bd66be6123302f54925f0750b1a0bca2a2d2d00ef2c4,03/07/2019 02:50:00 PM,1,DRIVER,,570376,,BUICK,LACROSSE,IL,2013,NONE,PASSENGER,PERSONAL,S,TURNING RIGHT,,,1,,,,,Y,,,,,,,,,,,,,FRONT-LEFT,,,,,,,,,,,,,,,,,,,,,,,,,,,,,,,,,
598371,70d5fcea19a152417e458442320012d8bb4f3835531b6efb700cbbdb9eae063a203e03ee4697aec37315bd66be6123302f54925f0750b1a0bca2a2d2d00ef2c4,03/07/2019 02:50:00 PM,2,DRIVER,,570383,,KIA MOTORS CORP,FORTE,IL,2012,NONE,PASSENGER,PERSONAL,S,STRAIGHT AHEAD,,,1,,,,,,,,,,,,Y,,,,,,FRONT-LEFT,,,,,,,,,,,,,,,,,,,,,,,,,,,,,,,,,
598119,37bd7e465416fc8bded2d7e089a003d1075c2f87b4781d41e7dc61663d9716b186911dfcc3cd8c1df41c015403540b700ec6d9d238646e6ce70b880cafbfff05,03/07/2019 07:15:00 AM,1,DRIVER,,570147,,CHEVROLET,TAHOE,IL,,NONE,PASSENGER,PERSONAL,E,STRAIGHT AHEAD,,,1,,,,,Y,,,,,,,,,,,,,FRONT,,,,,,,,,,,,,,,,,,,,,,,,,,,,,,,,,
598120,37bd7e465416fc8bded2d7e089a003d1075c2f87b4781d41e7dc61663d9716b186911dfcc3cd8c1df41c015403540b700ec6d9d238646e6ce70b880cafbfff05,03/07/2019 07:15:00 AM,2,DRIVER,,570164,,NISSAN,UNKNOWN,NC,2018,NONE,PASSENGER,PERSONAL,E,SLOW/STOP - LEFT TURN,,,1,,,,,,,,,Y,,,,,,,,,REAR,,,,,,,,,,,,,,,,,,,,,,,,,,,,,,,,,
597926,d1cb0b8e7dded0e153b6ed2320b708121b0dc96095eccbf9fd38d1c3858c3b47a95ecc9e213b2ece3242395b7e50753e4a369ed522b9b700895ba96a188928a7,03/06/2019 07:48:00 PM,1,DRIVER,,569958,,KIA MOTORS CORP,Optima,IL,2012,NONE,PASSENGER,PERSONAL,N,TURNING LEFT,Y,,1,,,,,Y,Y,,,,,,Y,,,,,,FRONT-LEFT,,,,,,,,,,,,,,,,,,,,,,,,,,,,,,,,,
597927,d1cb0b8e7dded0e153b6ed2320b708121b0dc96095eccbf9fd38d1c3858c3b47a95ecc9e213b2ece3242395b7e50753e4a369ed522b9b700895ba96a188928a7,03/06/2019 07:48:00 PM,2,DRIVER,,569963,,"TOYOTA MOTOR COMPANY, LTD.",Matrix (sport wagon),NH,,NONE,PASSENGER,PERSONAL,E,STRAIGHT AHEAD,Y,,1,,,,,Y,Y,,,,,,Y,,,,,,FRONT-LEFT,,,,,,,,,,,,,,,,,,,,,,,,,,,,,,,,,
597538,680db9961d3c9d3a7a2844e0b72967fffcff75ca127b700d22f9a448ab4624009e9a69994de93cee049a2209c7839b4cbc534431db6f0cb806bbcaccf0e09142,03/06/2019 10:34:00 AM,1,DRIVER,,569588,,UNKNOWN,UNKNOWN,,,UNKNOWN,PASSENGER,UNKNOWN/NA,N,STARTING IN TRAFFIC,,,1,,,,,,,,,,,,,,,,,Y,REAR-LEFT,,,,,,,,,,,,,,,,,,,,,,,,,,,,,,,,,
597539,680db9961d3c9d3a7a2844e0b72967fffcff75ca127b700d22f9a448ab4624009e9a69994de93cee049a2209c7839b4cbc534431db6f0cb806bbcaccf0e09142,03/06/2019 10:34:00 AM,2,DRIVER,,569591,,"TOYOTA MOTOR COMPANY, LTD.",Highlander(beginning vehicle year 2001),IL,,NONE,PASSENGER,PERSONAL,N,STRAIGHT AHEAD,,,1,,,,,,Y,,,,,,,,,,,,FRONT-RIGHT,,,,,,,,,,,,,,,,,,,,,,,,,,,,,,,,,
597021,b9df1b700c0749d9ccf40b24eaa14007cc17f53ddc2dec3619f1172329fde374a502841ed87b4ba17459dc4496aa2a5a9f13f6dfc0a221722e42e0648b9e19e5,03/05/2019 02:51:00 PM,1,DRIVER,,569277,,FORD,Focus,IL,2015,NONE,PASSENGER,PERSONAL,S,SLOW/STOP - LOAD/UNLOAD,Y,,1,,PRIVATE TOW,UNKNOWN,,,,,,,,Y,Y,,,,,,SIDE-LEFT,,,,,,,,,,,,,,,,,,,,,,,,,,,,,,,,,
597022,b9df1b700c0749d9ccf40b24eaa14007cc17f53ddc2dec3619f1172329fde374a502841ed87b4ba17459dc4496aa2a5a9f13f6dfc0a221722e42e0648b9e19e5,03/05/2019 02:51:00 PM,2,DRIVER,,569267,,FORD,EXPLORER,IL,2015,NONE,PASSENGER,PERSONAL,S,STRAIGHT AHEAD,,,1,,,,,,Y,,,,,,,,,,,,FRONT-RIGHT,,,,,,,,,,,,,,,,,,,,,,,,,,,,,,,,,
596966,100f027ec3724fa1a7932d9834dda6507bab7ca5e1ed4ac765c26f218d51a0e54eb964a21c750d371ab5bdd82562160b700bcbcc6d9b486c1d30bb9687f0f181,03/05/2019 02:30:00 PM,1,DRIVER,,569036,,FORD,Focus,IL,2015,UNKNOWN,PASSENGER,PERSONAL,W,PASSING/OVERTAKING,,,1,,,,,,Y,,,,,,,,,,,,FRONT-RIGHT,,,,,,,,,,,,,,,,,,,,,,,,,,,,,,,,,
596967,100f027ec3724fa1a7932d9834dda6507bab7ca5e1ed4ac765c26f218d51a0e54eb964a21c750d371ab5bdd82562160b700bcbcc6d9b486c1d30bb9687f0f181,03/05/2019 02:30:00 PM,2,DRIVER,,569053,,CHEVROLET,MALIBU (CHEVELLE),IL,2013,UNKNOWN,PASSENGER,PERSONAL,W,STRAIGHT AHEAD,,,1,,,,,,,,,,Y,,,,,,,,REAR-LEFT,,,,,,,,,,,,,,,,,,,,,,,,,,,,,,,,,
597411,dc214ed4dbbb91ac0e458aa72e7a14e8fc5a5bdff489bc62491f8df776f4474aff80e0d7a7b700dbf8337f061f5ad5851ca894cfbd3a166b6c24594d38ce0f1d,03/04/2019 06:00:00 PM,1,DRIVER,,569467,,KIA MOTORS CORP,Optima,IL,2015,UNKNOWN,PASSENGER,PERSONAL,S,SLOW/STOP IN TRAFFIC,,,1,,,,,Y,,,,,,,,,,,,,FRONT,,,,,,,,,,,,,,,,,,,,,,,,,,,,,,,,,
597412,dc214ed4dbbb91ac0e458aa72e7a14e8fc5a5bdff489bc62491f8df776f4474aff80e0d7a7b700dbf8337f061f5ad5851ca894cfbd3a166b6c24594d38ce0f1d,03/04/2019 06:00:00 PM,2,DRIVER,,569472,,KIA MOTORS CORP,Sportage (sport utility),IL,2016,NONE,SPORT UTILITY VEHICLE (SUV),PERSONAL,S,SLOW/STOP IN TRAFFIC,,,1,,,,,,,,,Y,,,,,,,,,REAR,,,,,,,,,,,,,,,,,,,,,,,,,,,,,,,,,
594517,2372c9fd1e03365a219cb2d1b79f84c13536a395725a017ad48fd76832ad6867f55793172087fb7014bce4b9b70047b9f7a86531858eb81c77327704b086975e,03/01/2019 06:00:00 PM,1,DRIVER,,566698,,SCION,TC,IL,2016,NONE,PASSENGER,PERSONAL,S,MERGING,,,1,,,,,,,,,,,Y,Y,,,,,,SIDE-LEFT,,,,,,,,,,,,,,,,,,,,,,,,,,,,,,,,,
594518,2372c9fd1e03365a219cb2d1b79f84c13536a395725a017ad48fd76832ad6867f55793172087fb7014bce4b9b70047b9f7a86531858eb81c77327704b086975e,03/01/2019 06:00:00 PM,2,DRIVER,,566702,,NISSAN,ROGUE,IL,2015,NONE,PASSENGER,PERSONAL,S,STRAIGHT AHEAD,,,1,,,,,,Y,Y,Y,,,,,,,,,,SIDE-RIGHT,,,,,,,,,,,,,,,,,,,,,,,,,,,,,,,,,
591718,9867164ae2aa4e1c040f67a4b29c067aae0dcdc86235fe9690eb700387d97a39c69dc89539c718f2e92f2455dade4f8dffd192002c083bfdb9f75705260e4ccb,02/25/2019 01:30:00 PM,1,DRIVER,1,564055,,HONDA,CIVIC,MI,2018,NONE,PASSENGER,PERSONAL,S,STRAIGHT AHEAD,Y,,2,,private,private lot,,,,,,,,Y,Y,,,,,,SIDE-LEFT,,,,,,,,,,,,,,,,,,,,,,,,,,,,,,,,,
591719,9867164ae2aa4e1c040f67a4b29c067aae0dcdc86235fe9690eb700387d97a39c69dc89539c718f2e92f2455dade4f8dffd192002c083bfdb9f75705260e4ccb,02/25/2019 01:30:00 PM,2,DRIVER,,564062,,GENERAL MOTORS CORP.,ACADIA,IL,2011,NONE,PASSENGER,PERSONAL,W,STRAIGHT AHEAD,Y,,1,,city of chicago,400 e lower wacker,,Y,Y,,,,,,Y,,,,,,FRONT,,,,,,,,,,,,,,,,,,,,,,,,,,,,,,,,,
616954,26ca797136636045904ff92dd83dfd27541c1ff85fd96a2380b08df62c23bf1f3afe9a8db8de196595ea3f723de3c3752b48fb7006b0f9e38eb9692c2ed31f8e,02/25/2019 07:50:00 AM,1,DRIVER,,587862,,VOLVO,UNKNOWN,IL,2018,UNKNOWN,PASSENGER,UNKNOWN/NA,N,PASSING/OVERTAKING,,,1,,,,,,Y,Y,,,,,,,,,,,FRONT-RIGHT,,,,,,,,,,,,,,,,,,,,,,,,,,,,,,,,,
616955,26ca797136636045904ff92dd83dfd27541c1ff85fd96a2380b08df62c23bf1f3afe9a8db8de196595ea3f723de3c3752b48fb7006b0f9e38eb9692c2ed31f8e,02/25/2019 07:50:00 AM,2,DRIVER,,587863,,FORD,F150,IL,2016,NONE,PICKUP,PERSONAL,N,SLOW/STOP IN TRAFFIC,,,1,,,,,,,,,,N,Y,Y,,,,,,SIDE-LEFT,,,,,,,,,,,,,,,,,,,,,,,,,,,,,,,,,
590898,15a377d52179a03f04c2dc16b67b7005b691f4ededcb21005ea6b2d0c08cdec471f6f6c2fd2e1911b2bba3fe364e2e18804d81c20a43185dd68756c49fb6164f,02/24/2019 12:15:00 PM,1,DRIVER,,563271,,HONDA,ACCORD,IL,2004,NONE,PASSENGER,PERSONAL,W,BACKING,,,1,,,,,,,,,,Y,,,,,,,,REAR-LEFT,,,,,,,,,,,,,,,,,,,,,,,,,,,,,,,,,
590899,15a377d52179a03f04c2dc16b67b7005b691f4ededcb21005ea6b2d0c08cdec471f6f6c2fd2e1911b2bba3fe364e2e18804d81c20a43185dd68756c49fb6164f,02/24/2019 12:15:00 PM,2,PARKED,,563274,,HYUNDAI,SONATA,IL,2014,NONE,PASSENGER,PERSONAL,N,PARKED,,,0,,,,,,,,,,,Y,Y,,,,,,SIDE-LEFT,,,,,,,,,,,,,,,,,,,,,,,,,,,,,,,,,
590524,294dd456ab3e664b70837528b49f52232fdac0864865574fb700fa9ff2a9572bb0a53078ef328511f7db3ffcd54da126019f9b93ee182a83dd88239bffe152e1,02/23/2019 06:03:00 PM,1,DRIVER,,562933,,UNKNOWN,UNKNOWN,IL,,UNKNOWN,UNKNOWN/NA,UNKNOWN/NA,S,UNKNOWN/NA,,,1,,,,,,Y,Y,Y,,,,,,,,,,REAR-RIGHT,,,,,,,,,,,,,,,,,,,,,,,,,,,,,,,,,
590525,294dd456ab3e664b70837528b49f52232fdac0864865574fb700fa9ff2a9572bb0a53078ef328511f7db3ffcd54da126019f9b93ee182a83dd88239bffe152e1,02/23/2019 06:03:00 PM,2,DRIVER,1,562937,,CHEVROLET,EQUINOX,IL,2007,NONE,PASSENGER,PERSONAL,E,STRAIGHT AHEAD,,,2,,,,,Y,Y,,,,,,Y,,,,,,FRONT,,,,,,,,,,,,,,,,,,,,,,,,,,,,,,,,,
590343,7721bb2cd5091dbdc4eeb700fb17eb282e57c37a5f0a47fee2c420485b8385b01bfc5d6312aaced71dee713c68ec358cbf6c7dae660b6166f3222d5740ddaa00,02/23/2019 02:40:00 PM,1,DRIVER,,562768,,CHEVROLET,UNKNOWN,IL,2016,NONE,PASSENGER,PERSONAL,N,TURNING LEFT,Y,,1,,private company,,,Y,Y,,,,,,,,,,,,FRONT-LEFT,,,,,,,,,,,,,,,,,,,,,,,,,,,,,,,,,
590344,7721bb2cd5091dbdc4eeb700fb17eb282e57c37a5f0a47fee2c420485b8385b01bfc5d6312aaced71dee713c68ec358cbf6c7dae660b6166f3222d5740ddaa00,02/23/2019 02:40:00 PM,2,DRIVER,1,562788,,CHEVROLET,UNKNOWN,IL,2004,NONE,PASSENGER,PERSONAL,W,STRAIGHT AHEAD,Y,,2,,,,,,,,,,Y,Y,,,,,,,SIDE-LEFT,,,,,,,,,,,,,,,,,,,,,,,,,,,,,,,,,
590175,7c665db09c7d4e33cc5240a68e70b0e96be32b260b6114fc2ec6e9045a7ab9a2d5d26cabf5109074c3b3c0b04ce90015cc67cb4eb700b864437fbb01068cd9b7,02/23/2019 11:05:00 AM,1,DRIVER,,562599,,JEEP,CHEROKEE,IL,2018,NONE,PASSENGER,PERSONAL,N,ENTER FROM DRIVE/ALLEY,,,1,,,,,Y,,,,,,,,,,,,,FRONT,,,,,,,,,,,,,,,,,,,,,,,,,,,,,,,,,
590176,7c665db09c7d4e33cc5240a68e70b0e96be32b260b6114fc2ec6e9045a7ab9a2d5d26cabf5109074c3b3c0b04ce90015cc67cb4eb700b864437fbb01068cd9b7,02/23/2019 11:05:00 AM,2,DRIVER,,562609,,CHEVROLET,EQUINOX,IL,2017,NONE,PASSENGER,PERSONAL,E,STRAIGHT AHEAD,Y,,1,,Drivers choice,,,,Y,,,,,,,,,,,,FRONT-RIGHT,,,,,,,,,,,,,,,,,,,,,,,,,,,,,,,,,
590294,872efef37cec80c1cbbe38a28625c2e11feff68c8a3036c91baf0d7953bd4fec99a159f705de3ad1e505f6e468630b62e82cb700d9d6f89fbb13742652d0bfa5,02/21/2019 11:30:00 AM,1,DRIVER,,562700,,UNKNOWN,UNKNOWN,,,UNKNOWN,UNKNOWN/NA,UNKNOWN/NA,UNKNOWN,UNKNOWN/NA,,,1,,,,,,,,,,,,,,,,,Y,UNKNOWN,,,,,,,,,,,,,,,,,,,,,,,,,,,,,,,,,
590295,872efef37cec80c1cbbe38a28625c2e11feff68c8a3036c91baf0d7953bd4fec99a159f705de3ad1e505f6e468630b62e82cb700d9d6f89fbb13742652d0bfa5,02/21/2019 11:30:00 AM,2,PARKED,,562702,,MAZDA,Mazda 3,IL,2016,UNKNOWN,PASSENGER,NOT IN USE,S,PARKED,,,0,,,,,,,,,,,Y,,,,,,,SIDE-LEFT,,,,,,,,,,,,,,,,,,,,,,,,,,,,,,,,,
589347,3e0b67494210882f603d8b70003150a613dcf8736d7e8a6c4975e8ec49078eb3c96f783567284ad46526b54e5362f1620e82f6195653fbc8903197a38ba2f616,02/20/2019 07:55:00 AM,1,DRIVER,,561815,,FORD,Focus,IL,2015,UNKNOWN,PASSENGER,PERSONAL,W,LEAVING TRAFFIC LANE TO PARK,,,1,,,,,,,Y,,,,,,,,,,,SIDE-RIGHT,,,,,,,,,,,,,,,,,,,,,,,,,,,,,,,,,
589348,3e0b67494210882f603d8b70003150a613dcf8736d7e8a6c4975e8ec49078eb3c96f783567284ad46526b54e5362f1620e82f6195653fbc8903197a38ba2f616,02/20/2019 07:55:00 AM,2,PARKED,,561822,,FORD,Focus,IL,2010,UNKNOWN,PASSENGER,PERSONAL,W,PARKED,,,0,,,,,,,,,,,Y,,,,,,,SIDE-LEFT,,,,,,,,,,,,,,,,,,,,,,,,,,,,,,,,,
588342,1497132d4fdfda0eda65898086531effa5fc02466339c0bede139d4e8df3cb99ed0176d8dee0e2bdc5679880eb149ed4b700c3c41ec474b79c1e6e8a76116d82,02/19/2019 05:30:00 AM,1,DRIVER,,560876,,CHEVROLET,TAHOE,IL,2007,NONE,PASSENGER,PERSONAL,N,STRAIGHT AHEAD,,,1,,,,,Y,,,,,,,,,,,,,FRONT,,,,,,,,,,,,,,,,,,,,,,,,,,,,,,,,,
588343,1497132d4fdfda0eda65898086531effa5fc02466339c0bede139d4e8df3cb99ed0176d8dee0e2bdc5679880eb149ed4b700c3c41ec474b79c1e6e8a76116d82,02/19/2019 05:30:00 AM,2,DRIVER,,560885,,CADILLAC,UNKNOWN,IL,2017,NONE,PASSENGER,NOT IN USE,N,TURNING RIGHT,,,1,,,,,,,,,Y,,,,,,,,,REAR,,,,,,,,,,,,,,,,,,,,,,,,,,,,,,,,,
587766,851fd12cf3507fb5ca09e32f095b87efb7f05a1eafacb2d97f703f034dfbb5c71b6a35560483521eefa4b70076d8f272b9820c0a586554f7cda4c3f6b862c28d,02/18/2019 06:30:00 PM,1,DRIVER,,560335,,UNKNOWN,UNKNOWN,,,UNKNOWN,UNKNOWN/NA,UNKNOWN/NA,UNKNOWN,UNKNOWN/NA,,,1,,,,,,,,,,,,,,,,,Y,UNKNOWN,,,,,,,,,,,,,,,,,,,,,,,,,,,,,,,,,
587767,851fd12cf3507fb5ca09e32f095b87efb7f05a1eafacb2d97f703f034dfbb5c71b6a35560483521eefa4b70076d8f272b9820c0a586554f7cda4c3f6b862c28d,02/18/2019 06:30:00 PM,2,PARKED,,560336,,GENERAL MOTORS CORP.,TERRAIN,WI,2014,UNKNOWN,PASSENGER,NOT IN USE,N,PARKED,,,0,,,,,,,,Y,Y,Y,Y,Y,,,,,,UNKNOWN,,,,,,,,,,,,,,,,,,,,,,,,,,,,,,,,,
585898,fe66dd0d25e55faf2ff55191406b67059a8d3dc88a719f58a80175afe3350c47b3e1f0e14f5eb189e73b71ecfcce2695607ecd88e274fd52f1b493ab5b93b700,02/16/2019 03:30:00 PM,1,DRIVER,1,558554,,CHEVROLET,UNKNOWN,IL,2013,UNKNOWN,PASSENGER,UNKNOWN/NA,S,ENTER FROM DRIVE/ALLEY,,,2,,,,,,,,,,,,Y,,,,,,FRONT-LEFT,,,,,,,,,,,,,,,,,,,,,,,,,,,,,,,,,
585899,fe66dd0d25e55faf2ff55191406b67059a8d3dc88a719f58a80175afe3350c47b3e1f0e14f5eb189e73b71ecfcce2695607ecd88e274fd52f1b493ab5b93b700,02/16/2019 03:30:00 PM,2,DRIVER,1,558563,,DODGE,CHARGER,IL,2007,NONE,PASSENGER,PERSONAL,W,STRAIGHT AHEAD,,,2,,,,,,Y,,,,,,,,,,,,FRONT-RIGHT,,,,,,,,,,,,,,,,,,,,,,,,,,,,,,,,,
584909,afa4af40083adec89c9a60441515716b68676041493493a9a45039d9a2b70032a5bbd3b2d7267870deb70abfc0b2970455788f7fcf1e4b87ce2d48b5d54b1480,02/15/2019 08:10:00 AM,1,DRIVER,,557619,,VOLKSWAGEN,JETTA,IL,2005,NONE,PASSENGER,PERSONAL,N,STARTING IN TRAFFIC,Y,,1,,,,,Y,,,,,,,,,,,,,FRONT,,,,,,,,,,,,,,,,,,,,,,,,,,,,,,,,,
584910,afa4af40083adec89c9a60441515716b68676041493493a9a45039d9a2b70032a5bbd3b2d7267870deb70abfc0b2970455788f7fcf1e4b87ce2d48b5d54b1480,02/15/2019 08:10:00 AM,2,DRIVER,1,557640,,CHEVROLET,UNKNOWN,IL,2019,NONE,SPORT UTILITY VEHICLE (SUV),PERSONAL,W,STRAIGHT AHEAD,Y,,2,,,,,,,,,,Y,Y,,,,,,,SIDE-LEFT,,,,,,,,,,,,,,,,,,,,,,,,,,,,,,,,,
584856,e8318be4fc607a8d30dbb3e67d6ab6692c8e82d7a082ca4c52fb4240e59b21c2319e957a6abce0c77abec7e3a6e96991b7004a7a8fd8fe16878b72bd3f82f6a7,02/15/2019 06:40:00 AM,1,DRIVER,,557576,,HYUNDAI,Santa Fe,IL,2017,NONE,SPORT UTILITY VEHICLE (SUV),PERSONAL,S,TURNING RIGHT,,,1,,,,,,,,,,,,Y,,,,,,FRONT-LEFT,,,,,,,,,,,,,,,,,,,,,,,,,,,,,,,,,
584857,e8318be4fc607a8d30dbb3e67d6ab6692c8e82d7a082ca4c52fb4240e59b21c2319e957a6abce0c77abec7e3a6e96991b7004a7a8fd8fe16878b72bd3f82f6a7,02/15/2019 06:40:00 AM,2,DRIVER,,557577,,HONDA,CIVIC,IL,2017,NONE,PASSENGER,PERSONAL,S,TURNING RIGHT,,,1,,,,,,,Y,Y,,,,,,,,,,REAR-RIGHT,,,,,,,,,,,,,,,,,,,,,,,,,,,,,,,,,
584294,9e6cb7a013d621b700d85b825183a781456085774c98dc6761b2e32924727cf6c8ef2ea11d7ae3abfd709f6d90b8995e82ac4ec1f74685fa7ebaec5eb7aef329,02/14/2019 10:20:00 AM,1,DRIVER,,557077,,CHEVROLET,MALIBU (CHEVELLE),IL,2010,NONE,PASSENGER,PERSONAL,SE,OTHER,,,1,,,,,,,,,,,,Y,,,,,,FRONT-LEFT,,,,,,,,,,,,,,,,,,,,,,,,,,,,,,,,,
584295,9e6cb7a013d621b700d85b825183a781456085774c98dc6761b2e32924727cf6c8ef2ea11d7ae3abfd709f6d90b8995e82ac4ec1f74685fa7ebaec5eb7aef329,02/14/2019 10:20:00 AM,2,PARKED,2,557084,,CHEVROLET,IMPALA,IL,2011,NONE,PASSENGER,PERSONAL,UNKNOWN,PARKED,,,2,,,,,,,,Y,,,,,,,,,,REAR-RIGHT,,,,,,,,,,,,,,,,,,,,,,,,,,,,,,,,,