CRASH_UNIT_ID,CRASH_RECORD_ID,CRASH_DATE,UNIT_NO,UNIT_TYPE,NUM_PASSENGERS,VEHICLE_ID,CMRC_VEH_I,MAKE,MODEL,LIC_PLATE_STATE,VEHICLE_YEAR,VEHICLE_DEFECT,VEHICLE_TYPE,VEHICLE_USE,TRAVEL_DIRECTION,MANEUVER,TOWED_I,FIRE_I,OCCUPANT_CNT,EXCEED_SPEED_LIMIT_I,TOWED_BY,TOWED_TO,AREA_00_I,AREA_01_I,AREA_02_I,AREA_03_I,AREA_04_I,AREA_05_I,AREA_06_I,AREA_07_I,AREA_08_I,AREA_09_I,AREA_10_I,AREA_11_I,AREA_12_I,AREA_99_I,FIRST_CONTACT_POINT,CMV_ID,USDOT_NO,CCMC_NO,ILCC_NO,COMMERCIAL_SRC,GVWR,CARRIER_NAME,CARRIER_STATE,CARRIER_CITY,HAZMAT_PLACARDS_I,HAZMAT_NAME,UN_NO,HAZMAT_PRESENT_I,HAZMAT_REPORT_I,HAZMAT_REPORT_NO,MCS_REPORT_I,MCS_REPORT_NO,HAZMAT_VIO_CAUSE_CRASH_I,MCS_VIO_CAUSE_CRASH_I,IDOT_PERMIT_NO,WIDE_LOAD_I,TRAILER1_WIDTH,TRAILER2_WIDTH,TRAILER1_LENGTH,TRAILER2_LENGTH,TOTAL_VEHICLE_LENGTH,AXLE_CNT,VEHICLE_CONFIG,CARGO_BODY_TYPE,LOAD_TYPE,HAZMAT_OUT_OF_SERVICE_I,MCS_OUT_OF_SERVICE_I,HAZMAT_CLASS
524042,745d9c265bfed137927fb5018cc72b9ef8bf2d7c1a0162082257ade028321f87f263c17979b7f71d169d4d4f7b67bf8d83878d9b70048fd7bff02a3fd88d5292,11/17/2018 02:20:00 PM,2,DRIVER,2,500529,,FORD,TAURUS,IL,2008,NONE,PASSENGER,PERSONAL,S,STRAIGHT AHEAD,,,3,,,,,,,,,,,,,,,,,,FRONT,,,,,,,,,,,,,,,,,,,,,,,,,,,,,,,,,
523271,bb10dd48e1b5fa5b7002fc622f74f1a10b55a52767e81cd9ba71a2934a3d042bc39fd7eb7783eab3cd91ee5e822cd974947390cc8398ab8b7e412d5d15248cf3,11/16/2018 12:05:00 PM,1,DRIVER,,499790,,CHEVROLET,MALIBU (CHEVELLE),IL,2012,NONE,PASSENGER,PERSONAL,N,STRAIGHT AHEAD,Y,,1,,PRIVATE,PRIVATE,,Y,,,,,,,Y,,,,,,FRONT,,,,,,,,,,,,,,,,,,,,,,,,,,,,,,,,,
523272,bb10dd48e1b5fa5b7002fc622f74f1a10b55a52767e81cd9ba71a2934a3d042bc39fd7eb7783eab3cd91ee5e822cd974947390cc8398ab8b7e412d5d15248cf3,11/16/2018 12:05:00 PM,2,DRIVER,,499800,,FORD,Explorer,IL,,NONE,PASSENGER,PERSONAL,N,STRAIGHT AHEAD,,,1,,,,,,,,,Y,,,,,,,,,REAR,,,,,,,,,,,,,,,,,,,,,,,,,,,,,,,,,
523227,3ea1425d2cf5fa69247fe29d91befe50c577a7597424468b70a4106512b3ec39eee6740e62bb1c9862dbf69532af13b4b700404c017ed90c08bc3e6f7fd92904,11/16/2018 11:54:00 AM,1,DRIVER,,499745,,FREIGHTLINER CORP.,FREIGHTLINER CORP.,IL,2002,UNKNOWN,TRACTOR W/ SEMI-TRAILER,OTHER,N,STRAIGHT AHEAD,,,1,,,,,Y,Y,,,,,,Y,,,,,,FRONT,,,,,,,,,,,,,,,,,,,,,,,,,,,,,,,,,
523228,3ea1425d2cf5fa69247fe29d91befe50c577a7597424468b70a4106512b3ec39eee6740e62bb1c9862dbf69532af13b4b700404c017ed90c08bc3e6f7fd92904,11/16/2018 11:54:00 AM,2,DRIVER,,499747,,BMW,UNKNOWN,IL,2008,UNKNOWN,PASSENGER,PERSONAL,E,STRAIGHT AHEAD,Y,,1,,UNKNOWN,UNKNOWN,,,Y,Y,Y,,,,,,Y,,Y,,SIDE-RIGHT,,,,,,,,,,,,,,,,,,,,,,,,,,,,,,,,,
522651,051d59e678e162f5162f0e5e0278cfb48bf957ccd0c1187f2a08b70026aef756a27b48b5688721a97d2e34498562c511ef998fdbcb0f2d596b599d393fb9d8fa,11/15/2018 02:45:00 PM,1,DRIVER,,499205,,NEW FLYER,NEW FLYER,IL,2008,NONE,BUS OVER 15 PASS.,CTA,N,STRAIGHT AHEAD,,,1,,,,Y,N,,,,,,,,,,,,,FRONT,,,,,,,,,,,,,,,,,,,,,,,,,,,,,,,,,
522652,051d59e678e162f5162f0e5e0278cfb48bf957ccd0c1187f2a08b70026aef756a27b48b5688721a97d2e34498562c511ef998fdbcb0f2d596b599d393fb9d8fa,11/15/2018 02:45:00 PM,2,DRIVER,,499214,,"TOYOTA MOTOR COMPANY, LTD.",Prius,IL,2013,NONE,PASSENGER,TAXI/FOR HIRE,N,SLOW/STOP IN TRAFFIC,,,1,,,,,,,,,Y,,,,,,,,,REAR,,,,,,,,,,,,,,,,,,,,,,,,,,,,,,,,,
521783,064a74713d4d0aa94d6d87155968ae4ecd9a5897d5bfa97b51c7f327d17bf456428fbf34d5a3418c9f89a4339b093803f28b700c00c934c57308c97874dff2a6,11/14/2018 12:10:00 PM,1,DRIVER,,498382,,UNKNOWN,UNKNOWN,XX,,UNKNOWN,UNKNOWN/NA,UNKNOWN/NA,UNKNOWN,UNKNOWN/NA,,,1,,,,,,,,,,,,,,,,,Y,UNKNOWN,,,,,,,,,,,,,,,,,,,,,,,,,,,,,,,,,
521784,064a74713d4d0aa94d6d87155968ae4ecd9a5897d5bfa97b51c7f327d17bf456428fbf34d5a3418c9f89a4339b093803f28b700c00c934c57308c97874dff2a6,11/14/2018 12:10:00 PM,2,PARKED,,498386,,CHEVROLET,EQUINOX,IL,2018,NONE,PASSENGER,PERSONAL,S,PARKED,,,0,,,,,,,,,,,,Y,,,,,,SIDE-LEFT,,,,,,,,,,,,,,,,,,,,,,,,,,,,,,,,,
521525,630f46b5a905d397c1ed374328595f7c18c0fa26347e31cb375f1fb801293ecc2f3de490970e4f18402cd1d8041a57c71a3a39047a6b7ef0983e950042b700b3,11/14/2018 07:00:00 AM,1,DRIVER,,498216,,LEXUS,UNKNOWN,IL,2005,NONE,PASSENGER,PERSONAL,W,STRAIGHT AHEAD,,,1,,,,,Y,Y,,,,,,Y,,,,,,FRONT,,,,,,,,,,,,,,,,,,,,,,,,,,,,,,,,,
521526,630f46b5a905d397c1ed374328595f7c18c0fa26347e31cb375f1fb801293ecc2f3de490970e4f18402cd1d8041a57c71a3a39047a6b7ef0983e950042b700b3,11/14/2018 07:00:00 AM,2,DRIVER,1,498227,,FORD,ESCAPE (SUV),IL,2009,UNKNOWN,PASSENGER,PERSONAL,W,STRAIGHT AHEAD,Y,,2,,PERSONAL TOW,,,,,,Y,Y,Y,,,,,,,,REAR,,,,,,,,,,,,,,,,,,,,,,,,,,,,,,,,,
521304,d1b14b0ec67f432f963e08109a39bc1deec6d774e13201b7007bbe39ccdfcd33094125b86af7f6df19081fee67b9e3fe8e5f099c50f2d4fbf12b1a5335899cc4,11/13/2018 06:06:00 PM,1,DRIVER,1,497931,,FORD,Explorer,IL,2017,NONE,PASSENGER,PERSONAL,N,STRAIGHT AHEAD,,,2,,,,,Y,Y,,,,,,Y,,,,,,FRONT,,,,,,,,,,,,,,,,,,,,,,,,,,,,,,,,,
521305,d1b14b0ec67f432f963e08109a39bc1deec6d774e13201b7007bbe39ccdfcd33094125b86af7f6df19081fee67b9e3fe8e5f099c50f2d4fbf12b1a5335899cc4,11/13/2018 06:06:00 PM,2,DRIVER,,497939,,HONDA,CRV,IL,2016,NONE,PASSENGER,PERSONAL,E,STRAIGHT AHEAD,Y,,1,,unknown,unknown,,Y,Y,,,,,,,,,,,,FRONT-RIGHT,,,,,,,,,,,,,,,,,,,,,,,,,,,,,,,,,
520866,d9dbc10a4d1c0df71e4a6506887129c7dce6f9fe7968ab700f5d977138f8091b546acec7fe851b32b4f3d554bec31b4ff5e42bf84f0efe6e4399593c7a7e7772,11/13/2018 09:00:00 AM,1,DRIVER,,497497,,UNKNOWN,UNKNOWN,,,UNKNOWN,UNKNOWN/NA,UNKNOWN/NA,N,PASSING/OVERTAKING,,,1,,,,,,,Y,,,,,,,,,,,SIDE-RIGHT,,,,,,,,,,,,,,,,,,,,,,,,,,,,,,,,,
520867,d9dbc10a4d1c0df71e4a6506887129c7dce6f9fe7968ab700f5d977138f8091b546acec7fe851b32b4f3d554bec31b4ff5e42bf84f0efe6e4399593c7a7e7772,11/13/2018 09:00:00 AM,2,DRIVER,19,497506,,"MOTOR COACH INDUSTRIES, INC.","MOTOR COACH INDUSTRIES, INC.",IL,2014,NONE,BUS OVER 15 PASS.,CTA,N,STRAIGHT AHEAD,,,20,,,,,,,,,,,,,,,,,,FRONT-LEFT,,,,,,,,,,,,,,,,,,,,,,,,,,,,,,,,,
520979,558de17a63d5210319c3b7009e7be98fb6396970aa95f46257a628e2a252984426880d77ec6b84db37ef9f40be2946c7a8996c07f1cfe01dc9c44bc6fb29910b,11/13/2018 07:15:00 AM,1,DRIVER,,497611,,UNKNOWN,UNKNOWN,,,UNKNOWN,UNKNOWN/NA,UNKNOWN/NA,UNKNOWN,UNKNOWN/NA,,,1,,,,,,,,,,,,,,,,,Y,UNKNOWN,,,,,,,,,,,,,,,,,,,,,,,,,,,,,,,,,
520980,558de17a63d5210319c3b7009e7be98fb6396970aa95f46257a628e2a252984426880d77ec6b84db37ef9f40be2946c7a8996c07f1cfe01dc9c44bc6fb29910b,11/13/2018 07:15:00 AM,2,PARKED,,497613,,CHRYSLER,300,IL,2010,NONE,PASSENGER,PERSONAL,S,PARKED,,,0,,,,,Y,,,,,,,Y,,,,,,FRONT-LEFT,,,,,,,,,,,,,,,,,,,,,,,,,,,,,,,,,
519842,bb25e33c332d71d2e3c32b419d51e38bd571ac63221132ca15cc54f84af9ece6c92a46cde626144426380a4fbac21bb7002ab009b3e8f5b378fcf80bb2892c1d,11/11/2018 01:00:00 PM,1,DRIVER,,496529,,CHEVROLET,UNKNOWN,IL,2018,NONE,UNKNOWN/NA,PERSONAL,S,SKIDDING/CONTROL LOSS,,,1,,,,,Y,Y,Y,,,,,Y,,,,,,UNKNOWN,,,,,,,,,,,,,,,,,,,,,,,,,,,,,,,,,
519272,64573fb703289755e27009f1b1bd109442efb35c38a36e74a49b3f4d0d293389c34c338d2afb700228e07a098d15a755ab87cc5946f3edfd063ac91a16a18762,11/10/2018 12:55:00 PM,1,DRIVER,,495987,,FORD,UNKNOWN,IL,2016,UNKNOWN,PASSENGER,PERSONAL,E,STRAIGHT AHEAD,,,1,,,,,,Y,Y,,,,,,,,,,,REAR-RIGHT,,,,,,,,,,,,,,,,,,,,,,,,,,,,,,,,,
519273,64573fb703289755e27009f1b1bd109442efb35c38a36e74a49b3f4d0d293389c34c338d2afb700228e07a098d15a755ab87cc5946f3edfd063ac91a16a18762,11/10/2018 12:55:00 PM,2,DRIVER,,495999,,"TOYOTA MOTOR COMPANY, LTD.",Prius,IL,,NONE,PASSENGER,OTHER,E,SLOW/STOP IN TRAFFIC,,,1,,,,,,N,N,,,,Y,Y,,,,,,FRONT-RIGHT,,,,,,,,,,,,,,,,,,,,,,,,,,,,,,,,,
518984,7fc90ba52f23821b86b7d03d9d7ff0ba5445683cfd5d49ea259bb70013cb92324ec2cf9920dfe869a5cf1d14da72e329ac7701e9ad4dee5e8eb208d5ab4e5f8a,11/10/2018 02:25:00 AM,1,DRIVER,3,495721,,INFINITI,G37,CA,2013,UNKNOWN,PASSENGER,PERSONAL,S,STRAIGHT AHEAD,Y,,4,,PRIVATE TOW,UNKNOWN,,Y,Y,,Y,,,,Y,,,,,,FRONT,,,,,,,,,,,,,,,,,,,,,,,,,,,,,,,,,
518354,7cd095d1c990d7c478ecd7acc479c065c6e45171c2d577a4f914093bb70034ad664f88a3fa11cb5a3ffe5fd7279f29b366ada255a3e80532855dae8c79e4f8c8,11/09/2018 09:30:00 AM,1,DRIVER,,495116,,NISSAN,SENTRA (DATSUN AND NISSAN HAVE MERGED),IL,2013,NONE,PASSENGER,PERSONAL,N,SLOW/STOP IN TRAFFIC,,,1,,,,Y,,,,,,,,,,,,,,FRONT,,,,,,,,,,,,,,,,,,,,,,,,,,,,,,,,,
518355,7cd095d1c990d7c478ecd7acc479c065c6e45171c2d577a4f914093bb70034ad664f88a3fa11cb5a3ffe5fd7279f29b366ada255a3e80532855dae8c79e4f8c8,11/09/2018 09:30:00 AM,2,DRIVER,,495125,,NISSAN,ROGUE,IL,2013,NONE,SPORT UTILITY VEHICLE (SUV),PERSONAL,N,SLOW/STOP IN TRAFFIC,,,1,,,,,,,,,Y,,,,,,,,,REAR,,,,,,,,,,,,,,,,,,,,,,,,,,,,,,,,,
517049,7be4779908b2283a50cc350ee4b700b6868947abb489b5f3a6749d9dbb0e259005bba03cdc3fc12e143e366dd16b6deb13a82a4ac7e478dcbc373262e4afb41f,11/07/2018 08:30:00 AM,1,DRIVER,,493880,,DODGE,STRATUS,IL,2012,UNKNOWN,UNKNOWN/NA,UNKNOWN/NA,E,STRAIGHT AHEAD,,,1,,,,,,Y,,,,,,,,,,,,FRONT-RIGHT,,,,,,,,,,,,,,,,,,,,,,,,,,,,,,,,,
517050,7be4779908b2283a50cc350ee4b700b6868947abb489b5f3a6749d9dbb0e259005bba03cdc3fc12e143e366dd16b6deb13a82a4ac7e478dcbc373262e4afb41f,11/07/2018 08:30:00 AM,2,PARKED,,493883,,LINCOLN-CONTINENTAL,NAVIGATOR,IL,2012,NONE,PASSENGER,NOT IN USE,E,PARKED,,,0,,,,,,,,,,,Y,,,,,,,REAR-LEFT,,,,,,,,,,,,,,,,,,,,,,,,,,,,,,,,,
514668,5387a7d7b3e203bef39e9b3e9ad4715a54acd30525f27b686dadcc4e6e6c4a4a95c62a9945cdfa218dbbfadaf412f87dc8ab709e90380ad870c99b70029b01a9,11/04/2018 10:00:00 AM,1,DRIVER,,491715,,"TOYOTA MOTOR COMPANY, LTD.",4RUNNER,IL,1997,NONE,PASSENGER,PERSONAL,E,STRAIGHT AHEAD,,,1,,,,,Y,,,,,,,,,,,,,FRONT,,,,,,,,,,,,,,,,,,,,,,,,,,,,,,,,,
514669,5387a7d7b3e203bef39e9b3e9ad4715a54acd30525f27b686dadcc4e6e6c4a4a95c62a9945cdfa218dbbfadaf412f87dc8ab709e90380ad870c99b70029b01a9,11/04/2018 10:00:00 AM,2,DRIVER,,491721,,"TOYOTA MOTOR COMPANY, LTD.",CAMRY,IL,2012,NONE,PASSENGER,PERSONAL,E,STRAIGHT AHEAD,,,1,,,,,,,,,Y,,,,,,,,,REAR,,,,,,,,,,,,,,,,,,,,,,,,,,,,,,,,,
514336,854577aef5efb2b0115956560e1fa0963e1936ecd88c36689d0c5e3efadd5af6ab8bd6ed0b42d5cc54b488269d3518a21aafd114d1a19b252335b70077b70361,11/03/2018 07:00:00 PM,1,DRIVER,,491410,,NISSAN,UNKNOWN,IL,2017,UNKNOWN,PASSENGER,PERSONAL,N,STRAIGHT AHEAD,,,1,,,,,,,Y,Y,,N,N,,,,,,,SIDE-RIGHT,,,,,,,,,,,,,,,,,,,,,,,,,,,,,,,,,
514337,854577aef5efb2b0115956560e1fa0963e1936ecd88c36689d0c5e3efadd5af6ab8bd6ed0b42d5cc54b488269d3518a21aafd114d1a19b252335b70077b70361,11/03/2018 07:00:00 PM,2,DRIVER,,491412,,FORD,ESCAPE (SUV),IL,2012,NONE,SPORT UTILITY VEHICLE (SUV),TAXI/FOR HIRE,N,MERGING,,,1,,,,,,,,,,,,Y,,,,,,FRONT-LEFT,,,,,,,,,,,,,,,,,,,,,,,,,,,,,,,,,
514386,d75ce4fc690385854e33216e6bdeb01a64f8ada36b1ab858e56be4f6c8eb57c9b700ddf90eca24840b0db09da5d971bc04e552250305a608fd71bca53b67bdb4,11/03/2018 07:00:00 PM,1,DRIVER,,491447,,UNKNOWN,UNKNOWN,,,UNKNOWN,UNKNOWN/NA,UNKNOWN/NA,UNKNOWN,UNKNOWN/NA,,,1,,,,,,,,,,,,,,,,,Y,UNKNOWN,,,,,,,,,,,,,,,,,,,,,,,,,,,,,,,,,
514387,d75ce4fc690385854e33216e6bdeb01a64f8ada36b1ab858e56be4f6c8eb57c9b700ddf90eca24840b0db09da5d971bc04e552250305a608fd71bca53b67bdb4,11/03/2018 07:00:00 PM,2,PARKED,,491450,,NISSAN,NISSAN MAXIMA,IL,2004,NONE,PASSENGER,PERSONAL,W,PARKED,,,0,,,,,Y,Y,,,,,,Y,,,,,,FRONT,,,,,,,,,,,,,,,,,,,,,,,,,,,,,,,,,
513555,06318be337afb023fc85bb2d2f054f6df50d15d1bbc7abcc7e9ed8788f01ecf206eb70001ed23b217f5fdaa4ae1366d9e50d5a6a4b27e736affb596e2893ddca,11/02/2018 03:58:00 PM,1,DRIVER,,490691,,INFINITI,UNKNOWN,IL,,NONE,PASSENGER,PERSONAL,W,STRAIGHT AHEAD,Y,,1,,,,,Y,Y,,,,,,Y,,N,,,,FRONT-RIGHT,,,,,,,,,,,,,,,,,,,,,,,,,,,,,,,,,
513556,06318be337afb023fc85bb2d2f054f6df50d15d1bbc7abcc7e9ed8788f01ecf206eb70001ed23b217f5fdaa4ae1366d9e50d5a6a4b27e736affb596e2893ddca,11/02/2018 03:58:00 PM,2,DRIVER,,490703,,CHEVROLET,SILVERADO,IL,2010,NONE,PICKUP,PERSONAL,N,STRAIGHT AHEAD,,,1,,,,,Y,Y,,Y,,,,Y,,,,,,REAR-RIGHT,,,,,,,,,,,,,,,,,,,,,,,,,,,,,,,,,
513557,06318be337afb023fc85bb2d2f054f6df50d15d1bbc7abcc7e9ed8788f01ecf206eb70001ed23b217f5fdaa4ae1366d9e50d5a6a4b27e736affb596e2893ddca,11/02/2018 03:58:00 PM,3,DRIVER,,490712,,NISSAN,UNKNOWN,IL,2015,NONE,PASSENGER,PERSONAL,N,STRAIGHT AHEAD,,,1,,,,,,,,Y,,,,,,,,,,REAR-RIGHT,,,,,,,,,,,,,,,,,,,,,,,,,,,,,,,,,
511877,43201e72738bb2f27d12e9105f4d549316734bd6f299e341939d78b6f38ab70001c24322070b40648fc67ca4084161817074f3ab83f097d8ae0ebbcc3051b5ae,10/31/2018 10:00:00 AM,1,DRIVER,,489098,,UNKNOWN,UNKNOWN,,,UNKNOWN,UNKNOWN/NA,UNKNOWN/NA,W,PASSING/OVERTAKING,,,1,,,,,,Y,,,,,,,,,,,,FRONT-RIGHT,,,,,,,,,,,,,,,,,,,,,,,,,,,,,,,,,
511878,43201e72738bb2f27d12e9105f4d549316734bd6f299e341939d78b6f38ab70001c24322070b40648fc67ca4084161817074f3ab83f097d8ae0ebbcc3051b5ae,10/31/2018 10:00:00 AM,2,DRIVER,1,489101,,NEW FLYER,NEW FLYER,IL,2008,NONE,BUS OVER 15 PASS.,CTA,W,SLOW/STOP IN TRAFFIC,,,2,,,,,,,,,,,Y,,,,,,,SIDE-LEFT,,,,,,,,,,,,,,,,,,,,,,,,,,,,,,,,,
556707,3062d5f79a9dadd8b07017cbb508080700e51d85419e24a4431dd42edebc536ae41d90a800e1af6e86d65b700f2b11d684fee364ade3be6697749508f4f4cd7e,10/30/2018 10:30:00 AM,1,DRIVER,,531194,,HYUNDAI,Santa Fe,IL,2011,NONE,PASSENGER,PERSONAL,NW,TURNING LEFT,,,1,,,,,,,,Y,,,,,,,,,,REAR-RIGHT,,,,,,,,,,,,,,,,,,,,,,,,,,,,,,,,,
510581,6b758aab7000584a959621c1034a1e0e982a55c222701004b951b1dfa003400b2fa59f81e95147ff8f63f9de0106bd328588a13f469e5460291dda976a9d4424,10/29/2018 01:15:00 PM,1,DRIVER,,487912,,UNKNOWN,MOTORIZED,IL,2014,NONE,PASSENGER,TAXI/FOR HIRE,N,ENTERING TRAFFIC LANE FROM PARKING,,,1,,,,,,,,Y,,,,,,,,,,REAR-RIGHT,,,,,,,,,,,,,,,,,,,,,,,,,,,,,,,,,
510582,6b758aab7000584a959621c1034a1e0e982a55c222701004b951b1dfa003400b2fa59f81e95147ff8f63f9de0106bd328588a13f469e5460291dda976a9d4424,10/29/2018 01:15:00 PM,2,PARKED,,487917,,"TOYOTA MOTOR COMPANY, LTD.",Prius,IL,2013,NONE,PASSENGER,TAXI/FOR HIRE,S,PARKED,,,0,,,,,,,,Y,,,,,,,,,,REAR-RIGHT,,,,,,,,,,,,,,,,,,,,,,,,,,,,,,,,,
510247,23c558e432d5dfefc5f7fa90417d6a8d9503044fd7daaf55615502d611b516d7d64f6b678bb6fc26511b798b57ddcbdeb05b00b700fa9f59cad04fd2a373a05e,10/28/2018 09:10:00 PM,1,DRIVER,,487600,,HONDA,CIVIC,IL,,UNKNOWN,PASSENGER,UNKNOWN/NA,E,STRAIGHT AHEAD,,,1,,,,,,Y,,,,,,,,,,,,SIDE-RIGHT,,,,,,,,,,,,,,,,,,,,,,,,,,,,,,,,,
510248,23c558e432d5dfefc5f7fa90417d6a8d9503044fd7daaf55615502d611b516d7d64f6b678bb6fc26511b798b57ddcbdeb05b00b700fa9f59cad04fd2a373a05e,10/28/2018 09:10:00 PM,2,PARKED,,487602,,SCION,XB,IL,2006,UNKNOWN,PASSENGER,PERSONAL,E,PARKED,,,0,,,,,,,,,,Y,Y,Y,,,,,,SIDE-LEFT,,,,,,,,,,,,,,,,,,,,,,,,,,,,,,,,,
509735,cd4ea224b73c98b2d82900606f2f41b94f24aca06850c85588081f2b888c9eeb532a818484c851f656af32bb8cf32e5708ea95d33fbb7003c9cf7bad4c92ea5c,10/28/2018 04:50:00 AM,1,DRIVER,,487123,,FORD,Explorer,IL,2003,UNKNOWN,SPORT UTILITY VEHICLE (SUV),PERSONAL,S,UNKNOWN/NA,Y,,1,,STREETS AND SANITATION,POUND,,Y,Y,Y,Y,,,,Y,,,,,,UNKNOWN,,,,,,,,,,,,,,,,,,,,,,,,,,,,,,,,,
508255,20b903b4b77c1e115a9b45e6b8c975a03fe11aab5ce8e3eb052fc1f8c820744dadc8aa348935cb253a4bb700839dc5974441e48c0c86cf981f4c2543de45fab4,10/26/2018 08:40:00 AM,1,DRIVER,,485812,,HYUNDAI,TUCSON,IL,2017,NONE,SPORT UTILITY VEHICLE (SUV),PERSONAL,W,CHANGING LANES,,,1,,,,,,Y,Y,,,,,,,,,,,FRONT-RIGHT,,,,,,,,,,,,,,,,,,,,,,,,,,,,,,,,,
508256,20b903b4b77c1e115a9b45e6b8c975a03fe11aab5ce8e3eb052fc1f8c820744dadc8aa348935cb253a4bb700839dc5974441e48c0c86cf981f4c2543de45fab4,10/26/2018 08:40:00 AM,2,DRIVER,,485817,,HONDA,UNKNOWN,IL,2016,NONE,SPORT UTILITY VEHICLE (SUV),PERSONAL,W,SLOW/STOP - RIGHT TURN,,,1,,,,,,,,,,Y,Y,,,,,,,REAR-LEFT,,,,,,,,,,,,,,,,,,,,,,,,,,,,,,,,,
507709,51f6cd9ee989fcaa1ff188f730dfdfadbfdb41b531382f329ff56d186fe583bd3e1376337cfba524db7001cae82b94ed3276d78df9ea4b27c8637ef42aa48a72,10/25/2018 01:00:00 PM,1,DRIVER,,485218,,"TOYOTA MOTOR COMPANY, LTD.",Prius,IL,2017,UNKNOWN,UNKNOWN/NA,UNKNOWN/NA,E,ENTERING TRAFFIC LANE FROM PARKING,,,1,,,,,Y,,,,,,,Y,,,,,,FRONT-LEFT,,,,,,,,,,,,,,,,,,,,,,,,,,,,,,,,,
507710,51f6cd9ee989fcaa1ff188f730dfdfadbfdb41b531382f329ff56d186fe583bd3e1376337cfba524db7001cae82b94ed3276d78df9ea4b27c8637ef42aa48a72,10/25/2018 01:00:00 PM,2,DRIVER,,485225,,"TOYOTA MOTOR COMPANY, LTD.",Highlander(beginning vehicle year 2001),IL,2013,NONE,PASSENGER,PERSONAL,E,STRAIGHT AHEAD,,,1,,,,,,Y,Y,Y,,,,,,,,,,SIDE-RIGHT,,,,,,,,,,,,,,,,,,,,,,,,,,,,,,,,,
505548,f5376a70d0b8f7124616f55081de1d0716c8b864e190eacc54c5854420b11463bf5b700c203ef8250c1065c2c780e15456e573879ea48b8b875948ff055c5083,10/22/2018 03:00:00 PM,1,DRIVER,,483247,,CHEVROLET,CRUZE,IL,2011,NONE,PASSENGER,PERSONAL,E,STRAIGHT AHEAD,,,1,,,,,Y,,,,,,,,,,,,,FRONT,,,,,,,,,,,,,,,,,,,,,,,,,,,,,,,,,
505549,f5376a70d0b8f7124616f55081de1d0716c8b864e190eacc54c5854420b11463bf5b700c203ef8250c1065c2c780e15456e573879ea48b8b875948ff055c5083,10/22/2018 03:00:00 PM,2,DRIVER,,483246,,CHEVROLET,UNKNOWN,IL,2016,NONE,SPORT UTILITY VEHICLE (SUV),CTA,E,SLOW/STOP IN TRAFFIC,,,1,,,,,,,,,Y,,,,,,,,,REAR,,,,,,,,,,,,,,,,,,,,,,,,,,,,,,,,,
501932,1e0565f57aa5e7e992fddef1023bff882c5fdbb79edcaeddf322f242a9080aef84396a74b02d5f8d1f5fc10972db70048b0bb747f8fa6d679f5b4a365ddca2ce,10/17/2018 04:30:00 PM,1,DRIVER,,479920,,FORD,ESCAPE (SUV),WI,2014,NONE,SPORT UTILITY VEHICLE (SUV),PERSONAL,W,CHANGING LANES,,,1,,,,,,,,Y,,,,,,,,,,REAR-RIGHT,,,,,,,,,,,,,,,,,,,,,,,,,,,,,,,,,
501933,1e0565f57aa5e7e992fddef1023bff882c5fdbb79edcaeddf322f242a9080aef84396a74b02d5f8d1f5fc10972db70048b0bb747f8fa6d679f5b4a365ddca2ce,10/17/2018 04:30:00 PM,2,DRIVER,1,479930,,INFINITI,FX35,IL,2005,NONE,SPORT UTILITY VEHICLE (SUV),PERSONAL,W,STRAIGHT AHEAD,,,2,,,,,Y,Y,,,,,Y,Y,,,,,,FRONT-LEFT,,,,,,,,,,,,,,,,,,,,,,,,,,,,,,,,,
501005,c89c5760201d006aa3507c8bafde045a3b700a0b556cb1691604989849a69f707a0849b27e74430224cc21a9e035b6ed7d6be8af132bdf02975e59981bfa53d3,10/16/2018 10:30:00 AM,1,DRIVER,,479041,,UNKNOWN,UNKNOWN,,,UNKNOWN,UNKNOWN/NA,UNKNOWN/NA,UNKNOWN,UNKNOWN/NA,,,1,,,,,,,,,,,,,,,,,Y,UNKNOWN,,,,,,,,,,,,,,,,,,,,,,,,,,,,,,,,,
501006,c89c5760201d006aa3507c8bafde045a3b700a0b556cb1691604989849a69f707a0849b27e74430224cc21a9e035b6ed7d6be8af132bdf02975e59981bfa53d3,10/16/2018 10:30:00 AM,2,PARKED,,479042,,AUDI,Q5,IL,2016,NONE,PASSENGER,PERSONAL,S,PARKED,,,0,,,,,,,,,,,,Y,,,,,,FRONT-LEFT,,,,,,,,,,,,,,,,,,,,,,,,,,,,,,,,,
500251,3b59de868e10ab4bca67a5561d808d8650a15916352886434113fb87e13e5b301065f2f93bdc2109b2738dfb70017e8463888170caa0e7c482f5ea2dfe68fa8e,10/15/2018 01:15:00 PM,1,DRIVER,,478321,,UNKNOWN,UNKNOWN,,,UNKNOWN,UNKNOWN/NA,UNKNOWN/NA,S,STRAIGHT AHEAD,,,1,,,,,,,,,,,,,,,,,Y,UNKNOWN,,,,,,,,,,,,,,,,,,,,,,,,,,,,,,,,,
500252,3b59de868e10ab4bca67a5561d808d8650a15916352886434113fb87e13e5b301065f2f93bdc2109b2738dfb70017e8463888170caa0e7c482f5ea2dfe68fa8e,10/15/2018 01:15:00 PM,2,PARKED,,478318,,DODGE,RAM 1500 PU,,2005,NONE,PASSENGER,PERSONAL,S,PARKED,,,0,,,,,,,,Y,,,,,,,,,,REAR-RIGHT,,,,,,,,,,,,,,,,,,,,,,,,,,,,,,,,,