CRASH_UNIT_ID,CRASH_RECORD_ID,CRASH_DATE,UNIT_NO,UNIT_TYPE,NUM_PASSENGERS,VEHICLE_ID,CMRC_VEH_I,MAKE,MODEL,LIC_PLATE_STATE,VEHICLE_YEAR,VEHICLE_DEFECT,VEHICLE_TYPE,VEHICLE_USE,TRAVEL_DIRECTION,MANEUVER,TOWED_I,FIRE_I,OCCUPANT_CNT,EXCEED_SPEED_LIMIT_I,TOWED_BY,TOWED_TO,AREA_00_I,AREA_01_I,AREA_02_I,AREA_03_I,AREA_04_I,AREA_05_I,AREA_06_I,AREA_07_I,AREA_08_I,AREA_09_I,AREA_10_I,AREA_11_I,AREA_12_I,AREA_99_I,FIRST_CONTACT_POINT,CMV_ID,USDOT_NO,CCMC_NO,ILCC_NO,COMMERCIAL_SRC,GVWR,CARRIER_NAME,CARRIER_STATE,CARRIER_CITY,HAZMAT_PLACARDS_I,HAZMAT_NAME,UN_NO,HAZMAT_PRESENT_I,HAZMAT_REPORT_I,HAZMAT_REPORT_NO,MCS_REPORT_I,MCS_REPORT_NO,HAZMAT_VIO_CAUSE_CRASH_I,MCS_VIO_CAUSE_CRASH_I,IDOT_PERMIT_NO,WIDE_LOAD_I,TRAILER1_WIDTH,TRAILER2_WIDTH,TRAILER1_LENGTH,TRAILER2_LENGTH,TOTAL_VEHICLE_LENGTH,AXLE_CNT,VEHICLE_CONFIG,CARGO_BODY_TYPE,LOAD_TYPE,HAZMAT_OUT_OF_SERVICE_I,MCS_OUT_OF_SERVICE_I,HAZMAT_CLASS
498596,7419f937c83793124b7000abbd9b79cdd0e3c72a3c0eaad64d6dc064c2e75fa91623f599282952f5d08747b444b2bb652e049f0780ac2843b4f0b7aa77384502,10/12/2018 10:54:00 PM,1,DRIVER,,476790,,HYUNDAI,UNKNOWN,IL,2014,UNKNOWN,PASSENGER,PERSONAL,E,STRAIGHT AHEAD,Y,,1,,CITY OF CHICAGO,,,Y,Y,Y,,,,,Y,,,,,,FRONT,,,,,,,,,,,,,,,,,,,,,,,,,,,,,,,,,
498597,7419f937c83793124b7000abbd9b79cdd0e3c72a3c0eaad64d6dc064c2e75fa91623f599282952f5d08747b444b2bb652e049f0780ac2843b4f0b7aa77384502,10/12/2018 10:54:00 PM,2,PEDESTRIAN,,,,,,,,,,,,,,,,,,,,,,,,,,,,,,,,,,,,,,,,,,,,,,,,,,,,,,,,,,,,,,,,,,
498308,082350d5c21d3a2618b50eaabaca742d3aed48408e695005ea2c80c212fd597094ca5dc08379afab615c58fb7006f6119f716ffc73d534f02b2caeda2cf316a7,10/12/2018 03:25:00 PM,1,DRIVER,,476631,,LAND ROVER,RANGE ROVER OF NORTH AMER,IL,2014,UNKNOWN,PASSENGER,UNKNOWN/NA,E,STRAIGHT AHEAD,Y,,1,,streets & san,10301 s doty rd,,,Y,Y,Y,,,,,,,,,,UNKNOWN,,,,,,,,,,,,,,,,,,,,,,,,,,,,,,,,,
498309,082350d5c21d3a2618b50eaabaca742d3aed48408e695005ea2c80c212fd597094ca5dc08379afab615c58fb7006f6119f716ffc73d534f02b2caeda2cf316a7,10/12/2018 03:25:00 PM,2,DRIVER,,476635,,CHEVROLET,CRUZE,IL,2013,NONE,PASSENGER,PERSONAL,E,STRAIGHT AHEAD,Y,,1,,private tow,,,Y,Y,,,,,,Y,,,,,,FRONT,,,,,,,,,,,,,,,,,,,,,,,,,,,,,,,,,
498099,154e5ce16f2ab36cb6dc9595135d18b09c4187d155a1741bfd60399373e05613a7395ac1a5b99328da0896b70048cbb8c62b3ec63bacf0d84eb1647f5678fce0,10/12/2018 12:30:00 PM,1,DRIVER,,476311,N,CCC (CRAIN CARRIER),CCC (CRAIN CARRIER),IL,,NONE,TRUCK - SINGLE UNIT,OTHER,N,STRAIGHT AHEAD,,,1,,,,,,,Y,,,,,,,,,,,FRONT-RIGHT,,,,,,,,,,,,,,,,,,,,,,,,,,,,,,,,,
496169,2b700aa987e129aa014c557ad0139d967fc01e47dd9e1701b8dcaa0d82d4c807aa1b5c86bf4a8609f4f326d14c638c95c6eb1069a40c8c8e6493915d40dcd635,10/10/2018 06:57:00 AM,1,DRIVER,,474480,,KIA MOTORS CORP,FORTE,IL,,UNKNOWN,PASSENGER,UNKNOWN/NA,W,UNKNOWN/NA,,,1,,,,,Y,,,,,,,,,,,,,FRONT,,,,,,,,,,,,,,,,,,,,,,,,,,,,,,,,,
496170,2b700aa987e129aa014c557ad0139d967fc01e47dd9e1701b8dcaa0d82d4c807aa1b5c86bf4a8609f4f326d14c638c95c6eb1069a40c8c8e6493915d40dcd635,10/10/2018 06:57:00 AM,2,DRIVER,,474486,,NISSAN,NISSAN ALTIMA,IL,2012,NONE,PASSENGER,PERSONAL,W,SLOW/STOP IN TRAFFIC,,,1,,,,,,,,Y,N,N,,,,,,,,REAR-RIGHT,,,,,,,,,,,,,,,,,,,,,,,,,,,,,,,,,
494401,61251b1c8131a8d070209c578a2490e1576c8eafe30dd55a37dfa834e0bcc078e316d79aab7001fa1b7526552718900c48247c8fafd34193afd0eb563ec0092e,10/07/2018 05:10:00 PM,1,DRIVER,,472855,,HONDA,ACCORD,IL,1999,NONE,PASSENGER,PERSONAL,N,STRAIGHT AHEAD,Y,,1,,OWNER,OWNERS CHOICE,,,,,,,,,,,,Y,,,FRONT,,,,,,,,,,,,,,,,,,,,,,,,,,,,,,,,,
500121,3c32fcc9045fa042c5239cc32dd79c37c042409a4b34db1e5d7ab1a0093e3b3c1b700178e11fae363fc9c5848ce4e36adb573adaaeda3b39b2d06eb64134e284,10/07/2018 03:44:00 AM,1,DRIVER,,478207,,CHRYSLER,Pacifica (Sport Wagon),IL,2008,NONE,PASSENGER,PERSONAL,S,STRAIGHT AHEAD,,,1,,,,,Y,,,,,,,Y,,,,,,FRONT,,,,,,,,,,,,,,,,,,,,,,,,,,,,,,,,,
500122,3c32fcc9045fa042c5239cc32dd79c37c042409a4b34db1e5d7ab1a0093e3b3c1b700178e11fae363fc9c5848ce4e36adb573adaaeda3b39b2d06eb64134e284,10/07/2018 03:44:00 AM,2,DRIVER,,478215,,VOLKSWAGEN,PASSAT,IL,2014,NONE,PASSENGER,PERSONAL,S,SLOW/STOP IN TRAFFIC,,,1,,,,,,,,Y,Y,,,,,,,,,REAR,,,,,,,,,,,,,,,,,,,,,,,,,,,,,,,,,
496803,ab700152f9ccbfe68ff2b0b1a34080c6abeb915e7e345188a7d247d4f0ea0cb52dcbf6370a3d4f4fa545a4bcb72ad16076d46d4053201fdc29bb4624109ee80c,10/06/2018 09:03:00 PM,1,DRIVER,,475076,,BUICK,ENCLAVE,IL,2017,UNKNOWN,PASSENGER,PERSONAL,E,SLOW/STOP - RIGHT TURN,,,1,,,,,,,Y,,,,,,,,,,,SIDE-RIGHT,,,,,,,,,,,,,,,,,,,,,,,,,,,,,,,,,
496804,ab700152f9ccbfe68ff2b0b1a34080c6abeb915e7e345188a7d247d4f0ea0cb52dcbf6370a3d4f4fa545a4bcb72ad16076d46d4053201fdc29bb4624109ee80c,10/06/2018 09:03:00 PM,2,DRIVER,,475082,,UNKNOWN,VIN PART VMO,IL,,UNKNOWN,PASSENGER,PERSONAL,E,STRAIGHT AHEAD,,,1,,,,,,,,,,,,Y,,,,,,FRONT-LEFT,,,,,,,,,,,,,,,,,,,,,,,,,,,,,,,,,
493569,de3f27348b9d85c3a87df171c6c35e0276a3a630b7c3926df6a432823bf74459239f9adeb700afe2c62036a1ba68f88f5e91e91ea2348cf40b0090f1a98d05df,10/06/2018 12:38:00 PM,1,DRIVER,1,472095,,FORD,F150,IL,2000,NONE,PICKUP,PERSONAL,E,ENTER FROM DRIVE/ALLEY,,,2,,,,Y,,,,,,,,,,,,,,FRONT,,,,,,,,,,,,,,,,,,,,,,,,,,,,,,,,,
493593,de3f27348b9d85c3a87df171c6c35e0276a3a630b7c3926df6a432823bf74459239f9adeb700afe2c62036a1ba68f88f5e91e91ea2348cf40b0090f1a98d05df,10/06/2018 12:38:00 PM,2,BICYCLE,,,,,,,,,,,,,,,,,,,,,,,,,,,,,,,,,,,,,,,,,,,,,,,,,,,,,,,,,,,,,,,,,,
490398,e9a82f997b9d0f5de32f64e4a0fa232ba06021cfd9e586e709c2f5e6bcf9ea451f99c2e7e371627b7006d5b496bb0f1265ff155cc95cd54c83c750b753615ff9,10/02/2018 11:00:00 AM,1,DRIVER,,469116,,FORD,"FORD-TRUCK,VAN,SUV, ETC",IL,2017,NONE,VAN/MINI-VAN,OTHER,N,STRAIGHT AHEAD,,,1,,,,,,Y,,,,,,,,,,,,FRONT-RIGHT,,,,,,,,,,,,,,,,,,,,,,,,,,,,,,,,,
490399,e9a82f997b9d0f5de32f64e4a0fa232ba06021cfd9e586e709c2f5e6bcf9ea451f99c2e7e371627b7006d5b496bb0f1265ff155cc95cd54c83c750b753615ff9,10/02/2018 11:00:00 AM,2,DRIVER,,469122,,DODGE,CARAVAN,,,NONE,OTHER,OTHER,N,STRAIGHT AHEAD,,,1,,,,,,,,,,,Y,,,,,,,SIDE-LEFT,,,,,,,,,,,,,,,,,,,,,,,,,,,,,,,,,
489873,ec44438db316634ab377f52c8997e3f93a5a526435f097ddd31f40907d882e379338e0ca3256ca00fbbf6b2fb499e5b7006aea09e564c915ddc7db3ab44c5747,10/01/2018 03:55:00 PM,1,DRIVER,,468627,,HYUNDAI,ELANTRA,IL,2016,NONE,PASSENGER,PERSONAL,S,STRAIGHT AHEAD,,,1,,,,Y,,,Y,,,,,,,,,,,SIDE-RIGHT,,,,,,,,,,,,,,,,,,,,,,,,,,,,,,,,,
489874,ec44438db316634ab377f52c8997e3f93a5a526435f097ddd31f40907d882e379338e0ca3256ca00fbbf6b2fb499e5b7006aea09e564c915ddc7db3ab44c5747,10/01/2018 03:55:00 PM,2,DRIVER,,468633,,SUBARU,FORESTER,IL,2015,NONE,SPORT UTILITY VEHICLE (SUV),PERSONAL,E,STRAIGHT AHEAD,,,1,,,,Y,Y,,,,,,,,,,,,,FRONT,,,,,,,,,,,,,,,,,,,,,,,,,,,,,,,,,
489046,c8cf0b2707bfe08d5f62cce17678ca307809ba02ed60b7009fa057087267fcede3c710ea3a188a1b4324ccd75c940c473bcbbf44db207143f786183e0179768f,09/29/2018 09:40:00 PM,1,DRIVER,,467829,,UNKNOWN,UNKNOWN,IL,,UNKNOWN,UNKNOWN/NA,UNKNOWN/NA,SE,STRAIGHT AHEAD,,,1,,,,,Y,,,,,,,,,,,,,FRONT,,,,,,,,,,,,,,,,,,,,,,,,,,,,,,,,,
489047,c8cf0b2707bfe08d5f62cce17678ca307809ba02ed60b7009fa057087267fcede3c710ea3a188a1b4324ccd75c940c473bcbbf44db207143f786183e0179768f,09/29/2018 09:40:00 PM,2,PARKED,,467831,,MAZDA,6 (Six),IL,2014,NONE,PASSENGER,NOT IN USE,SE,PARKED,,,0,,,,,N,,,,Y,,,,,,,,,REAR,,,,,,,,,,,,,,,,,,,,,,,,,,,,,,,,,
487257,01a6ecfddecc00d13605e2e122c1a4136e4dd25ad23f798104c6f87c172f09aa73c0a13fcf2f46bb7fcce598cdaa1e56f76b700226e3b9e1feb1197691f3f764,09/27/2018 07:30:00 AM,1,DRIVER,3,466140,,NISSAN,Quest,IL,2014,UNKNOWN,VAN/MINI-VAN,PERSONAL,N,STRAIGHT AHEAD,,,4,,,,,Y,Y,,,,,,Y,,,,,,FRONT-LEFT,,,,,,,,,,,,,,,,,,,,,,,,,,,,,,,,,
487258,01a6ecfddecc00d13605e2e122c1a4136e4dd25ad23f798104c6f87c172f09aa73c0a13fcf2f46bb7fcce598cdaa1e56f76b700226e3b9e1feb1197691f3f764,09/27/2018 07:30:00 AM,2,DRIVER,,466145,,HONDA,CRV,OH,2017,UNKNOWN,PASSENGER,PERSONAL,E,STRAIGHT AHEAD,,,1,,,,,,,,,,,,,,,,,,FRONT,,,,,,,,,,,,,,,,,,,,,,,,,,,,,,,,,
486416,c377b6d9f61dfb3c77cbaa2f663678512eb76e414d859d8b684ca765dc638be0592051de4233ab4e92813bf49d7923dab7000e0f57f34e782e9ead5858d8c4cc,09/26/2018 04:37:00 PM,1,DRIVER,,465348,,CHEVROLET,UNKNOWN,IL,2015,UNKNOWN,PASSENGER,UNKNOWN/NA,W,UNKNOWN/NA,,,1,,,,,,,,,,,,Y,,,,,,FRONT-LEFT,,,,,,,,,,,,,,,,,,,,,,,,,,,,,,,,,
486417,c377b6d9f61dfb3c77cbaa2f663678512eb76e414d859d8b684ca765dc638be0592051de4233ab4e92813bf49d7923dab7000e0f57f34e782e9ead5858d8c4cc,09/26/2018 04:37:00 PM,2,DRIVER,,465356,,JEEP,PATRIOT,IL,2014,NONE,SPORT UTILITY VEHICLE (SUV),PERSONAL,W,UNKNOWN/NA,,,1,,,,,,Y,,,,,,,,,,,,FRONT-RIGHT,,,,,,,,,,,,,,,,,,,,,,,,,,,,,,,,,
483563,1e6fd754f6b66f965c7b9699dc4100b7005de35d41fb60f0277a40f392f03f8d811e0682df061f47cf1a4f12d0cf775196a35177679eeaeb8a0ae946261159b8,09/22/2018 06:30:00 PM,1,BICYCLE,,,,,,,,,,,,,,,,,,,,,,,,,,,,,,,,,,,,,,,,,,,,,,,,,,,,,,,,,,,,,,,,,,
483564,1e6fd754f6b66f965c7b9699dc4100b7005de35d41fb60f0277a40f392f03f8d811e0682df061f47cf1a4f12d0cf775196a35177679eeaeb8a0ae946261159b8,09/22/2018 06:30:00 PM,2,DRIVER,,462729,,"TOYOTA MOTOR COMPANY, LTD.",Sienna (van),IL,2014,NONE,VAN/MINI-VAN,TAXI/FOR HIRE,S,SLOW/STOP IN TRAFFIC,,,1,,,,,,,,,Y,,,,,,,,,REAR,,,,,,,,,,,,,,,,,,,,,,,,,,,,,,,,,
503080,ef9d3c904e28800b19b70095848db81437ce37ba4172b938d4b1c32b31bb5f6ab9e8c8357a3b060abaf08b74072c9b087e1098ab15afcc48b17360532bc8443d,09/20/2018 04:10:00 PM,1,DRIVER,2,480873,,DODGE,JOURNEY,IL,2012,NONE,PASSENGER,PERSONAL,W,STRAIGHT AHEAD,,,3,,,,,,Y,,,,,,,,,,,,FRONT-RIGHT,,,,,,,,,,,,,,,,,,,,,,,,,,,,,,,,,
503081,ef9d3c904e28800b19b70095848db81437ce37ba4172b938d4b1c32b31bb5f6ab9e8c8357a3b060abaf08b74072c9b087e1098ab15afcc48b17360532bc8443d,09/20/2018 04:10:00 PM,2,DRIVER,2,480874,,BMW,UNKNOWN,IL,,NONE,PASSENGER,PERSONAL,W,SLOW/STOP IN TRAFFIC,,,3,,,,,,,,,Y,Y,,,,,,,,REAR-LEFT,,,,,,,,,,,,,,,,,,,,,,,,,,,,,,,,,
480018,fb4eb316da10e33447680ac499027b7000c2c108b21cea4055d7092c035bd9ef8f06389c220a87681a79c40ae6d96340e4f4bc52a646e31d158f75f9e1558520,09/18/2018 12:09:00 AM,1,DRIVER,1,459435,,CADILLAC,DTS,WI,2009,UNKNOWN,PASSENGER,PERSONAL,N,AVOIDING VEHICLES/OBJECTS,N,,2,,,,,Y,,,,,,,,,,,,,FRONT,,,,,,,,,,,,,,,,,,,,,,,,,,,,,,,,,
480019,fb4eb316da10e33447680ac499027b7000c2c108b21cea4055d7092c035bd9ef8f06389c220a87681a79c40ae6d96340e4f4bc52a646e31d158f75f9e1558520,09/18/2018 12:09:00 AM,2,PARKED,,459439,,LINCOLN-CONTINENTAL,UNKNOWN,IL,2008,UNKNOWN,SPORT UTILITY VEHICLE (SUV),PERSONAL,S,PARKED,,,0,,,,,Y,,,,Y,,,,,,,,,FRONT,,,,,,,,,,,,,,,,,,,,,,,,,,,,,,,,,
480020,fb4eb316da10e33447680ac499027b7000c2c108b21cea4055d7092c035bd9ef8f06389c220a87681a79c40ae6d96340e4f4bc52a646e31d158f75f9e1558520,09/18/2018 12:09:00 AM,3,PARKED,,459441,,CADILLAC,CTS,WI,2008,UNKNOWN,PASSENGER,PERSONAL,S,PARKED,,,0,,,,,Y,,,,,,,,,,,,,FRONT,,,,,,,,,,,,,,,,,,,,,,,,,,,,,,,,,
479551,1458745fd6f2ac53519c0c4b700240fb88eba8dacb9fb2629fa95a300c5f7ab38e7fec664c3b5bab8970fa2e0d77e1d0ab1c429684274c1789bd9df2316bad38,09/17/2018 12:25:00 PM,1,DRIVER,,458993,,HONDA,UNKNOWN,,,UNKNOWN,VAN/MINI-VAN,PERSONAL,S,STRAIGHT AHEAD,N,,1,,,,,,Y,,,,,,,,,,,,FRONT-RIGHT,,,,,,,,,,,,,,,,,,,,,,,,,,,,,,,,,
479552,1458745fd6f2ac53519c0c4b700240fb88eba8dacb9fb2629fa95a300c5f7ab38e7fec664c3b5bab8970fa2e0d77e1d0ab1c429684274c1789bd9df2316bad38,09/17/2018 12:25:00 PM,3,DRIVERLESS,,459005,,"TOYOTA MOTOR COMPANY, LTD.",UNKNOWN,,,UNKNOWN,PASSENGER,NOT IN USE,S,PARKED,,,0,,,,,,,,,,Y,,Y,,,,,,REAR-LEFT,,,,,,,,,,,,,,,,,,,,,,,,,,,,,,,,,
479553,1458745fd6f2ac53519c0c4b700240fb88eba8dacb9fb2629fa95a300c5f7ab38e7fec664c3b5bab8970fa2e0d77e1d0ab1c429684274c1789bd9df2316bad38,09/17/2018 12:25:00 PM,2,DRIVERLESS,,459011,,"TOYOTA MOTOR COMPANY, LTD.",CAMRY,,,NONE,PASSENGER,NOT IN USE,S,PARKED,,,0,,,,,,,,,,Y,,,,,,,,REAR-LEFT,,,,,,,,,,,,,,,,,,,,,,,,,,,,,,,,,
478140,2ac73611427ada83a6e612e7e5d35f1c87c575be904b098044c053d6a0a7f55b0fc8c09f741f0508c1d72514575c6fc0b0a37bce08998ec3da352fbb700eb433,09/15/2018 12:00:00 PM,1,DRIVER,,457667,,BMW,UNKNOWN,IL,2014,UNKNOWN,PASSENGER,PERSONAL,SE,ENTERING TRAFFIC LANE FROM PARKING,,,1,,,,,,,,,,,,Y,,,,,,FRONT-LEFT,,,,,,,,,,,,,,,,,,,,,,,,,,,,,,,,,
478141,2ac73611427ada83a6e612e7e5d35f1c87c575be904b098044c053d6a0a7f55b0fc8c09f741f0508c1d72514575c6fc0b0a37bce08998ec3da352fbb700eb433,09/15/2018 12:00:00 PM,2,DRIVER,,457669,,HYUNDAI,Santa Fe,IL,2007,NONE,PASSENGER,PERSONAL,SE,STRAIGHT AHEAD,,,1,,,,,,Y,,,,,,,,,,,,FRONT-RIGHT,,,,,,,,,,,,,,,,,,,,,,,,,,,,,,,,,
477858,a6a2a925d8cde80ba140526d7d0024a4a03ea88a27a364a029ffdd5394e7a5ca352fc747ead14650c891ab7819b4e68ce693557ab23eda66b700216ac2080271,09/14/2018 11:15:00 PM,1,DRIVER,,457393,,NISSAN,MAURANO,IL,2017,UNKNOWN,PASSENGER,UNKNOWN/NA,S,STRAIGHT AHEAD,,,1,,,,,,,,,,,,,,,,,Y,FRONT,,,,,,,,,,,,,,,,,,,,,,,,,,,,,,,,,
477859,a6a2a925d8cde80ba140526d7d0024a4a03ea88a27a364a029ffdd5394e7a5ca352fc747ead14650c891ab7819b4e68ce693557ab23eda66b700216ac2080271,09/14/2018 11:15:00 PM,2,DRIVER,,457389,,ACURA,ACURA,IL,,NONE,PASSENGER,PERSONAL,W,STRAIGHT AHEAD,,,1,,,,,,,,Y,Y,,,,,,,,,REAR-RIGHT,,,,,,,,,,,,,,,,,,,,,,,,,,,,,,,,,
477302,ae94a91f7bbf19b633e054542ec36e9c6f5c4eae7e358a58eeebbd6729ade41e171e47d112e9f186bb64360ebd8f1ab70086addd5fe06fca4e3d2bd862f330d0,09/14/2018 09:00:00 AM,1,DRIVER,,456868,,"TOYOTA MOTOR COMPANY, LTD.",COROLLA,IL,2008,NONE,PASSENGER,PERSONAL,E,CHANGING LANES,,,1,,,,,,Y,,,,,,,,,,,,FRONT-RIGHT,,,,,,,,,,,,,,,,,,,,,,,,,,,,,,,,,
477303,ae94a91f7bbf19b633e054542ec36e9c6f5c4eae7e358a58eeebbd6729ade41e171e47d112e9f186bb64360ebd8f1ab70086addd5fe06fca4e3d2bd862f330d0,09/14/2018 09:00:00 AM,2,DRIVER,,456873,,NISSAN,NISSAN,IL,2005,NONE,PASSENGER,PERSONAL,E,STRAIGHT AHEAD,,,1,,,,,,,,,,Y,Y,Y,,,,,,SIDE-LEFT,,,,,,,,,,,,,,,,,,,,,,,,,,,,,,,,,
475010,e7e38a0151325cd51b076e5260c23938f19272aa524c02149c04ecc653a50e279a827fdd0434170490771fdd3cb700db241db7ee3a0b28376881709b4687b23d,09/11/2018 11:01:00 AM,1,PEDESTRIAN,,,,,,,,,,,,,,,,,,,,,,,,,,,,,,,,,,,,,,,,,,,,,,,,,,,,,,,,,,,,,,,,,,
475011,e7e38a0151325cd51b076e5260c23938f19272aa524c02149c04ecc653a50e279a827fdd0434170490771fdd3cb700db241db7ee3a0b28376881709b4687b23d,09/11/2018 11:01:00 AM,2,DRIVER,,454732,,GENERAL MOTORS CORP.,TERRAIN,IL,2015,NONE,SPORT UTILITY VEHICLE (SUV),PERSONAL,S,STRAIGHT AHEAD,,,1,,,,Y,,,,,,,,,,,,,,OTHER,,,,,,,,,,,,,,,,,,,,,,,,,,,,,,,,,
474116,daed0326b2a8aa330e792c935d755cd51356805ef1f7271281e52d1a982009b808ea9730c5c115e563d0b84fd8e4f659480d62dfca3201fb6603d3419eb7004f,09/10/2018 07:50:00 AM,1,DRIVER,5,453896,,CHEVROLET,UNKNOWN,IL,2011,NONE,BUS UP TO 15 PASS.,SCHOOL BUS,E,TURNING RIGHT,,,6,,,,,,,Y,,,,,,,,,,,SIDE-RIGHT,,,,,,,,,,,,,,,,,,,,,,,,,,,,,,,,,
474117,daed0326b2a8aa330e792c935d755cd51356805ef1f7271281e52d1a982009b808ea9730c5c115e563d0b84fd8e4f659480d62dfca3201fb6603d3419eb7004f,09/10/2018 07:50:00 AM,2,PARKED,,453907,,HONDA,CIVIC,IL,2006,NONE,PASSENGER,NOT IN USE,S,PARKED,,,0,,,,,,,,,,Y,,,,,,,,REAR-LEFT,,,,,,,,,,,,,,,,,,,,,,,,,,,,,,,,,
472702,aef021b0045599728b76b0dd8ab51b88317c2edd5508a0e64d989146d094f1bac352f207a7b1e122c27dcd177eb69b10f75ffdc683761fbcf0679b700435d02c,09/07/2018 07:10:00 PM,1,DRIVER,,452572,,"TOYOTA MOTOR COMPANY, LTD.",CAMRY,IL,2014,NONE,PASSENGER,TAXI/FOR HIRE,N,CHANGING LANES,,,1,,,,,,,,Y,,,,,,,,,,REAR-RIGHT,,,,,,,,,,,,,,,,,,,,,,,,,,,,,,,,,
472703,aef021b0045599728b76b0dd8ab51b88317c2edd5508a0e64d989146d094f1bac352f207a7b1e122c27dcd177eb69b10f75ffdc683761fbcf0679b700435d02c,09/07/2018 07:10:00 PM,2,DRIVER,,452580,,MERCEDES-BENZ,C230,IL,2004,NONE,PASSENGER,PERSONAL,N,STRAIGHT AHEAD,,,1,,,,,,,,,,,,Y,,,,,,FRONT-LEFT,,,,,,,,,,,,,,,,,,,,,,,,,,,,,,,,,
471864,2e3b218c8b63b5ae45052e1036332dd10f383e911c667be1a8c2048180cb70062c40eae8f1278cdbf83d7d15e61fafacd5373bed945cb8fb463c17e48d1f6886,09/06/2018 03:17:00 PM,1,DRIVER,,451777,,UNKNOWN,UNKNOWN,,,UNKNOWN,UNKNOWN/NA,UNKNOWN/NA,E,STRAIGHT AHEAD,,,1,,,,,,,Y,,,,,,,,,,,SIDE-RIGHT,,,,,,,,,,,,,,,,,,,,,,,,,,,,,,,,,
471865,2e3b218c8b63b5ae45052e1036332dd10f383e911c667be1a8c2048180cb70062c40eae8f1278cdbf83d7d15e61fafacd5373bed945cb8fb463c17e48d1f6886,09/06/2018 03:17:00 PM,2,DRIVER,,451783,,DODGE,CARAVAN,IL,2018,NONE,VAN/MINI-VAN,OTHER TRANSIT,E,STRAIGHT AHEAD,,,1,,,,,,,,,,,,Y,,,,,,FRONT-LEFT,,,,,,,,,,,,,,,,,,,,,,,,,,,,,,,,,
471190,6df3014369668c8a98e9861f990da4928e10dd3eda94c3dadc6a3dbf3b34de53ac8b2f07ee8d02aebb28f898995ec81ad4c000f5ba428bcb70086ca830f47618,09/05/2018 05:49:00 PM,1,DRIVER,,451156,,HONDA,ACCORD,,2008,UNKNOWN,PASSENGER,UNKNOWN/NA,W,PASSING/OVERTAKING,,,1,,,,,,Y,,,,,,,,,,,,FRONT-RIGHT,,,,,,,,,,,,,,,,,,,,,,,,,,,,,,,,,
471191,6df3014369668c8a98e9861f990da4928e10dd3eda94c3dadc6a3dbf3b34de53ac8b2f07ee8d02aebb28f898995ec81ad4c000f5ba428bcb70086ca830f47618,09/05/2018 05:49:00 PM,2,DRIVER,,451158,,"TOYOTA MOTOR COMPANY, LTD.",Sienna (van),IL,2012,UNKNOWN,VAN/MINI-VAN,PERSONAL,W,STRAIGHT AHEAD,,,1,,,,,,,,,,Y,,,,,,,,REAR-LEFT,,,,,,,,,,,,,,,,,,,,,,,,,,,,,,,,,
470305,59089be15a8b819b7006b713b76a1b7b767de47249123c154f69eb56362a06ffb2a9a6e7cc950b215af9bcf023dac42ab4e6c0a3331c720f91f684e4434e0d32,09/04/2018 03:57:00 PM,1,DRIVER,1,450356,,UNKNOWN,UNKNOWN,IL,,UNKNOWN,PASSENGER,PERSONAL,E,BACKING,,,2,,,,N,,,,,Y,,,,,,,,,UNKNOWN,,,,,,,,,,,,,,,,,,,,,,,,,,,,,,,,,
470306,59089be15a8b819b7006b713b76a1b7b767de47249123c154f69eb56362a06ffb2a9a6e7cc950b215af9bcf023dac42ab4e6c0a3331c720f91f684e4434e0d32,09/04/2018 03:57:00 PM,2,PEDESTRIAN,,,,,,,,,,,,,,,,,,,,,,,,,,,,,,,,,,,,,,,,,,,,,,,,,,,,,,,,,,,,,,,,,,
469650,27694a6063ee3a0b0bba1d45bf13aa4e2c7a37894155983af6b9c578a5ceb700405fd6f67cf9e03a1fe529d19a7f928cb31718abd65fb12431e73b648f83ad6b,09/04/2018 09:05:00 AM,1,DRIVER,,449733,,UNKNOWN,UNKNOWN,,,UNKNOWN,UNKNOWN/NA,UNKNOWN/NA,UNKNOWN,UNKNOWN/NA,,,1,,,,,Y,,,,,,,,,,,,,FRONT,,,,,,,,,,,,,,,,,,,,,,,,,,,,,,,,,
469651,27694a6063ee3a0b0bba1d45bf13aa4e2c7a37894155983af6b9c578a5ceb700405fd6f67cf9e03a1fe529d19a7f928cb31718abd65fb12431e73b648f83ad6b,09/04/2018 09:05:00 AM,2,DRIVER,1,449735,,KIA MOTORS CORP,SORENTO,IL,2016,NONE,PASSENGER,PERSONAL,UNKNOWN,STRAIGHT AHEAD,,,2,,,,,,,,,Y,,,,,,,,,REAR,,,,,,,,,,,,,,,,,,,,,,,,,,,,,,,,,
466900,cd7646479f00ed668917dba7997a6171d190549bf3049614b9405aadb21a9bcd5d5b4d90cde34b96d9d643f2db2d129b70014a1ded06529acc8b94976e2fdc0e,08/30/2018 06:45:00 AM,2,DRIVER,,447161,,"TOYOTA MOTOR COMPANY, LTD.",RAV4 (sport utility),IL,2004,NONE,PASSENGER,PERSONAL,E,SLOW/STOP IN TRAFFIC,,,1,,,,,Y,,,,,,,,,,,,,FRONT,,,,,,,,,,,,,,,,,,,,,,,,,,,,,,,,,