CRASH_UNIT_ID,CRASH_RECORD_ID,CRASH_DATE,UNIT_NO,UNIT_TYPE,NUM_PASSENGERS,VEHICLE_ID,CMRC_VEH_I,MAKE,MODEL,LIC_PLATE_STATE,VEHICLE_YEAR,VEHICLE_DEFECT,VEHICLE_TYPE,VEHICLE_USE,TRAVEL_DIRECTION,MANEUVER,TOWED_I,FIRE_I,OCCUPANT_CNT,EXCEED_SPEED_LIMIT_I,TOWED_BY,TOWED_TO,AREA_00_I,AREA_01_I,AREA_02_I,AREA_03_I,AREA_04_I,AREA_05_I,AREA_06_I,AREA_07_I,AREA_08_I,AREA_09_I,AREA_10_I,AREA_11_I,AREA_12_I,AREA_99_I,FIRST_CONTACT_POINT,CMV_ID,USDOT_NO,CCMC_NO,ILCC_NO,COMMERCIAL_SRC,GVWR,CARRIER_NAME,CARRIER_STATE,CARRIER_CITY,HAZMAT_PLACARDS_I,HAZMAT_NAME,UN_NO,HAZMAT_PRESENT_I,HAZMAT_REPORT_I,HAZMAT_REPORT_NO,MCS_REPORT_I,MCS_REPORT_NO,HAZMAT_VIO_CAUSE_CRASH_I,MCS_VIO_CAUSE_CRASH_I,IDOT_PERMIT_NO,WIDE_LOAD_I,TRAILER1_WIDTH,TRAILER2_WIDTH,TRAILER1_LENGTH,TRAILER2_LENGTH,TOTAL_VEHICLE_LENGTH,AXLE_CNT,VEHICLE_CONFIG,CARGO_BODY_TYPE,LOAD_TYPE,HAZMAT_OUT_OF_SERVICE_I,MCS_OUT_OF_SERVICE_I,HAZMAT_CLASS
466901,cd7646479f00ed668917dba7997a6171d190549bf3049614b9405aadb21a9bcd5d5b4d90cde34b96d9d643f2db2d129b70014a1ded06529acc8b94976e2fdc0e,08/30/2018 06:45:00 AM,1,DRIVER,,447162,,BUICK,UNKNOWN,IL,,UNKNOWN,PASSENGER,UNKNOWN/NA,E,BACKING,,,1,,,,,,,,,,,,,,,,,Y,REAR,,,,,,,,,,,,,,,,,,,,,,,,,,,,,,,,,
464608,c61e6d2f3ab457a916d975d8ae0a291143349524ef6dab1639b77275c8ebcc0e96c6519eb87837f5d47d5a4eb3172b187574b7002c92b1ab6d1ea0050aa8ec15,08/27/2018 11:10:00 PM,1,DRIVER,,445033,,NISSAN,NISSAN ALTIMA,IL,2018,NONE,PASSENGER,PERSONAL,W,TURNING LEFT,,,1,,,,,,,,,,,,Y,,,,,,FRONT-LEFT,,,,,,,,,,,,,,,,,,,,,,,,,,,,,,,,,
464234,7ee98ab8f7a09b52506fab9fe3fd766fa9c8fae3140e807288030b6e9536096d9b1016c6ba942b6ddb6f35ac4643b6bf41edb02b6e4ba78d68ab70047329b784,08/27/2018 03:15:00 PM,1,DRIVER,,444713,,MERCURY,COUGAR,IL,2000,UNKNOWN,PASSENGER,UNKNOWN/NA,N,TURNING RIGHT,,,1,,,,,,Y,Y,,,,,,,,,,,FRONT-RIGHT,,,,,,,,,,,,,,,,,,,,,,,,,,,,,,,,,
464235,7ee98ab8f7a09b52506fab9fe3fd766fa9c8fae3140e807288030b6e9536096d9b1016c6ba942b6ddb6f35ac4643b6bf41edb02b6e4ba78d68ab70047329b784,08/27/2018 03:15:00 PM,2,PARKED,,444717,,NISSAN,UNKNOWN,IL,2008,NONE,PASSENGER,PERSONAL,N,PARKED,,,0,,,,,,,,,,Y,,,,,,,,REAR-LEFT,,,,,,,,,,,,,,,,,,,,,,,,,,,,,,,,,
462514,e8b0b069cf9ee2932f4be80652a24584bd37a6bd7310ffeb8dda37252db70034c4c15c8883ed40f81f7adb81e7be768eb243115819421f52f1d52cd0347c539f,08/25/2018 02:20:00 AM,1,DRIVER,,443092,,BMW,BMW,IL,2007,NONE,PASSENGER,PERSONAL,W,STRAIGHT AHEAD,Y,,1,,Cook County Tow,Home,,Y,Y,,,,,,Y,,,,,,FRONT,,,,,,,,,,,,,,,,,,,,,,,,,,,,,,,,,
462515,e8b0b069cf9ee2932f4be80652a24584bd37a6bd7310ffeb8dda37252db70034c4c15c8883ed40f81f7adb81e7be768eb243115819421f52f1d52cd0347c539f,08/25/2018 02:20:00 AM,2,DRIVER,,443096,,HONDA,FIT,IL,2007,NONE,PASSENGER,PERSONAL,W,SLOW/STOP IN TRAFFIC,Y,,1,,Cook County Tow,Home,,,,,Y,Y,Y,,,,,,,,REAR,,,,,,,,,,,,,,,,,,,,,,,,,,,,,,,,,
462516,e8b0b069cf9ee2932f4be80652a24584bd37a6bd7310ffeb8dda37252db70034c4c15c8883ed40f81f7adb81e7be768eb243115819421f52f1d52cd0347c539f,08/25/2018 02:20:00 AM,3,DRIVER,,443101,,NISSAN,ROGUE,IL,2017,NONE,SPORT UTILITY VEHICLE (SUV),PERSONAL,W,SLOW/STOP IN TRAFFIC,,,1,,,,,,,,,,,Y,Y,,,,,,FRONT-LEFT,,,,,,,,,,,,,,,,,,,,,,,,,,,,,,,,,
462404,89965c8a83b0c155ebd968bbf0caaf091de11a9f6f4f0eed3d18bab1b0c99fe97a3eeb91d57e432ab70062120f24bee1b1b2912d85df685c7e7cf1c9e17d581d,08/24/2018 08:30:00 PM,1,DRIVER,,442999,,UNKNOWN,UNKNOWN,,,UNKNOWN,UNKNOWN/NA,UNKNOWN/NA,NE,SLOW/STOP IN TRAFFIC,,,1,,,,,Y,,,,,,,,,,,,,FRONT,,,,,,,,,,,,,,,,,,,,,,,,,,,,,,,,,
462405,89965c8a83b0c155ebd968bbf0caaf091de11a9f6f4f0eed3d18bab1b0c99fe97a3eeb91d57e432ab70062120f24bee1b1b2912d85df685c7e7cf1c9e17d581d,08/24/2018 08:30:00 PM,2,DRIVER,,443002,,NISSAN,ROGUE,IL,2012,NONE,SPORT UTILITY VEHICLE (SUV),PERSONAL,NE,SLOW/STOP IN TRAFFIC,,,1,,,,,,,,,,Y,,,,,,,,REAR-RIGHT,,,,,,,,,,,,,,,,,,,,,,,,,,,,,,,,,
463554,7ccfcf6380215b96ff1835130bad13e69fb14c33b23d55a84fb7000867d76e5998de787d60c2741b8a5ca29654580e303497d39b616ea6484f56efab1b7aea27,08/24/2018 11:30:00 AM,1,DRIVER,,444064,,NISSAN,UNKNOWN,IL,2017,UNKNOWN,PASSENGER,UNKNOWN/NA,N,UNKNOWN/NA,,,1,,,,,,,,,,,,,,,,,Y,UNKNOWN,,,,,,,,,,,,,,,,,,,,,,,,,,,,,,,,,
463555,7ccfcf6380215b96ff1835130bad13e69fb14c33b23d55a84fb7000867d76e5998de787d60c2741b8a5ca29654580e303497d39b616ea6484f56efab1b7aea27,08/24/2018 11:30:00 AM,2,PEDESTRIAN,,,,,,,,,,,,,,,,,,,,,,,,,,,,,,,,,,,,,,,,,,,,,,,,,,,,,,,,,,,,,,,,,,
459896,58fd71b9da6eeebc8b7001a23c8fdd1e69d111f16697271c8ec9452aaac567b7328b3acf592007b9825d58edf6b9c9f1b10bad88416a54fae09dd96aebe61bfd,08/21/2018 09:00:00 AM,1,DRIVER,,440636,,VOLVO,S60,IL,2013,NONE,PASSENGER,PERSONAL,S,TURNING LEFT,Y,,1,,,,,Y,Y,,,,,,,,,,,,FRONT-RIGHT,,,,,,,,,,,,,,,,,,,,,,,,,,,,,,,,,
459897,58fd71b9da6eeebc8b7001a23c8fdd1e69d111f16697271c8ec9452aaac567b7328b3acf592007b9825d58edf6b9c9f1b10bad88416a54fae09dd96aebe61bfd,08/21/2018 09:00:00 AM,2,DRIVER,1,440646,,CHEVROLET,SPECTRUM (INCLUDES GEO SPECTRUM IN 1989),IL,2017,NONE,PASSENGER,PERSONAL,N,STRAIGHT AHEAD,Y,,2,,,,,Y,Y,,,,,,Y,,,,,,FRONT,,,,,,,,,,,,,,,,,,,,,,,,,,,,,,,,,
458112,42004d02085f79f9e9b700b66dc94f5a7e78d3c916b539b528275b7d6657f6224c30a9c63670817310900c7eb3503c381c7f166bfebda426108a02e23cc5dbf6,08/18/2018 03:00:00 PM,1,DRIVER,1,438979,,UNKNOWN,UNKNOWN,,,UNKNOWN,UNKNOWN/NA,UNKNOWN/NA,UNKNOWN,UNKNOWN/NA,,,2,,,,,Y,,,,,,,,,,,,N,FRONT,,,,,,,,,,,,,,,,,,,,,,,,,,,,,,,,,
458113,42004d02085f79f9e9b700b66dc94f5a7e78d3c916b539b528275b7d6657f6224c30a9c63670817310900c7eb3503c381c7f166bfebda426108a02e23cc5dbf6,08/18/2018 03:00:00 PM,2,DRIVER,,438960,,MERCEDES-BENZ,350 Series,,2013,UNKNOWN,PASSENGER,PERSONAL,E,STRAIGHT AHEAD,,,1,,,,,,,,,,,,Y,,,,,,FRONT-LEFT,,,,,,,,,,,,,,,,,,,,,,,,,,,,,,,,,
457939,f0b15ab700161bc6bcae55033899b001d2a12fc14cb8515df686fdd08a15a984093d1d7433cfb1b7f60c19d88815c16cc28ee3bf983b8672a4403f99a769fd9b,08/18/2018 11:30:00 AM,1,DRIVER,,438791,,KIA MOTORS CORP,Sportage (sport utility),IL,2016,NONE,SPORT UTILITY VEHICLE (SUV),PERSONAL,W,AVOIDING VEHICLES/OBJECTS,Y,,1,,,,,,Y,,,,,Y,,,,,,,FRONT-RIGHT,,,,,,,,,,,,,,,,,,,,,,,,,,,,,,,,,
457940,f0b15ab700161bc6bcae55033899b001d2a12fc14cb8515df686fdd08a15a984093d1d7433cfb1b7f60c19d88815c16cc28ee3bf983b8672a4403f99a769fd9b,08/18/2018 11:30:00 AM,2,PARKED,,438802,,LEXUS,ES300,MO,2000,UNKNOWN,PASSENGER,NOT IN USE,W,PARKED,Y,,0,,,,,,Y,,Y,,,Y,,,,,,,REAR-LEFT,,,,,,,,,,,,,,,,,,,,,,,,,,,,,,,,,
457941,f0b15ab700161bc6bcae55033899b001d2a12fc14cb8515df686fdd08a15a984093d1d7433cfb1b7f60c19d88815c16cc28ee3bf983b8672a4403f99a769fd9b,08/18/2018 11:30:00 AM,3,PARKED,,438810,,NISSAN,SENTRA (DATSUN AND NISSAN HAVE MERGED),IL,2019,UNKNOWN,PASSENGER,NOT IN USE,W,PARKED,,,0,,,,,,,,,,Y,Y,,,,,,,REAR-LEFT,,,,,,,,,,,,,,,,,,,,,,,,,,,,,,,,,
457699,5ecfaf5829f40a1c9e9b492cb6d726699b1281c6197d575ee70b8ef162375c44d0b1be3b700357b048b595c7da7395e0ac980cff1b09d913435754739bb19b09,08/17/2018 11:15:00 PM,1,DRIVER,,438586,,CADILLAC,Escalade,IL,2010,UNKNOWN,PASSENGER,PERSONAL,W,STRAIGHT AHEAD,,,1,,,,,Y,,,,,,,,,,,,,FRONT,,,,,,,,,,,,,,,,,,,,,,,,,,,,,,,,,
457700,5ecfaf5829f40a1c9e9b492cb6d726699b1281c6197d575ee70b8ef162375c44d0b1be3b700357b048b595c7da7395e0ac980cff1b09d913435754739bb19b09,08/17/2018 11:15:00 PM,2,DRIVER,,438590,,DODGE,CHARGER,IL,2010,UNKNOWN,PASSENGER,PERSONAL,W,STRAIGHT AHEAD,,,1,,,,,,,,,Y,,,,,,,,,REAR,,,,,,,,,,,,,,,,,,,,,,,,,,,,,,,,,
455826,e20fb70056613c797e7973a5ac00a61510b18cb90ed942d6051e355e5472f131821566214d8d1f7c9834c9a3b4883b0d6bc6d91394ebd8f3904cddc52cb65d49,08/15/2018 09:00:00 AM,1,DRIVER,,436835,,FORD,FUSION,IN,2013,NONE,PASSENGER,PERSONAL,S,TURNING RIGHT,,,1,,,,,,,Y,Y,,,,,,,,,,SIDE-RIGHT,,,,,,,,,,,,,,,,,,,,,,,,,,,,,,,,,
455827,e20fb70056613c797e7973a5ac00a61510b18cb90ed942d6051e355e5472f131821566214d8d1f7c9834c9a3b4883b0d6bc6d91394ebd8f3904cddc52cb65d49,08/15/2018 09:00:00 AM,2,DRIVER,,436848,,THOMAS BUILT BUS CO.,THOMAS BUILT BUS CO.,IL,2015,NONE,BUS UP TO 15 PASS.,OTHER,E,STRAIGHT AHEAD,,,1,,,,,,,,,,Y,,,,,,,,REAR-LEFT,,,,,,,,,,,,,,,,,,,,,,,,,,,,,,,,,
455151,6e54f9a6f0ee44523d0dadd0ee481678d324b94fc7bd2192fc9357dd0a82e0ffe40f8a5e65f2acf9086e887e55ceab700d60c5da383b4717bef5df74c62b79cd,08/14/2018 11:05:00 AM,1,DRIVER,,436188,,UNKNOWN,UNKNOWN,,,NONE,VAN/MINI-VAN,UNKNOWN/NA,SE,STRAIGHT AHEAD,,,1,,,,,Y,,,,,,,,,,,,,FRONT,,,,,,,,,,,,,,,,,,,,,,,,,,,,,,,,,
455152,6e54f9a6f0ee44523d0dadd0ee481678d324b94fc7bd2192fc9357dd0a82e0ffe40f8a5e65f2acf9086e887e55ceab700d60c5da383b4717bef5df74c62b79cd,08/14/2018 11:05:00 AM,2,DRIVER,1,436186,,HONDA,CRV,IL,2008,NONE,SPORT UTILITY VEHICLE (SUV),PERSONAL,W,STRAIGHT AHEAD,,,2,,,,,,Y,,,,,,,,,,,,FRONT-RIGHT,,,,,,,,,,,,,,,,,,,,,,,,,,,,,,,,,
455046,5cf096f0839601360ccf635626bfede8f73b700b320e6ca06ac4c8c675a31a01679f9a1d31f75ed8dfd2fc3c57aff7b049a369f31cdd61003062b57d6ac90814,08/14/2018 08:15:00 AM,2,DRIVER,,436094,,HONDA,CIVIC,IL,2007,UNKNOWN,PASSENGER,PERSONAL,N,TURNING LEFT,,,1,,,,,Y,N,,,,,,Y,,,,,,FRONT-LEFT,,,,,,,,,,,,,,,,,,,,,,,,,,,,,,,,,
455049,5cf096f0839601360ccf635626bfede8f73b700b320e6ca06ac4c8c675a31a01679f9a1d31f75ed8dfd2fc3c57aff7b049a369f31cdd61003062b57d6ac90814,08/14/2018 08:15:00 AM,1,DRIVER,,436090,,FORD,EXPEDITION,IL,2004,UNKNOWN,SPORT UTILITY VEHICLE (SUV),PERSONAL,E,BACKING,,,1,,,,,,,,,,Y,,,,,,,,REAR-LEFT,,,,,,,,,,,,,,,,,,,,,,,,,,,,,,,,,
454867,ed5cb72266b7dcd7c6fd66a3ddccb70010c3e4eef15d1b88180e3109998b7e8b887c79983fefc80cea2ef57c23626bdbb37f739c790110909b818e0cd79c1fa3,08/13/2018 04:30:00 PM,1,DRIVER,1,435923,,FORD,FUSION,IL,2015,UNKNOWN,PASSENGER,PERSONAL,E,TURNING LEFT,,,2,,,,,,Y,,,,,,,,,,,,FRONT-RIGHT,,,,,,,,,,,,,,,,,,,,,,,,,,,,,,,,,
454868,ed5cb72266b7dcd7c6fd66a3ddccb70010c3e4eef15d1b88180e3109998b7e8b887c79983fefc80cea2ef57c23626bdbb37f739c790110909b818e0cd79c1fa3,08/13/2018 04:30:00 PM,2,DRIVER,,435928,,JEEP,CHEROKEE,IL,2014,UNKNOWN,PASSENGER,PERSONAL,W,STRAIGHT AHEAD,Y,,1,,PERSONAL,,,,,,,,,,Y,,,,,,FRONT-LEFT,,,,,,,,,,,,,,,,,,,,,,,,,,,,,,,,,
454503,234d3b7000b0537ca008ffe89af93969ff66ec7561f2f678f621173d6b15a2c1a18aaa9f0f11f5d7d46ab050a1b3994cb375362881636a49fc3eb3f1642588b9,08/13/2018 01:20:00 PM,1,DRIVER,,435639,,FORD,EDGE,IL,2017,NONE,PASSENGER,PERSONAL,W,STRAIGHT AHEAD,,,1,,,,,Y,,,,,,,,,,,,,FRONT,,,,,,,,,,,,,,,,,,,,,,,,,,,,,,,,,
454504,234d3b7000b0537ca008ffe89af93969ff66ec7561f2f678f621173d6b15a2c1a18aaa9f0f11f5d7d46ab050a1b3994cb375362881636a49fc3eb3f1642588b9,08/13/2018 01:20:00 PM,2,DRIVER,3,435643,,"TOYOTA MOTOR COMPANY, LTD.",TACOMA,IL,2016,NONE,PICKUP,PERSONAL,W,SLOW/STOP IN TRAFFIC,,,4,,,,,Y,,,,Y,,,,,,,,,REAR,,,,,,,,,,,,,,,,,,,,,,,,,,,,,,,,,
454505,234d3b7000b0537ca008ffe89af93969ff66ec7561f2f678f621173d6b15a2c1a18aaa9f0f11f5d7d46ab050a1b3994cb375362881636a49fc3eb3f1642588b9,08/13/2018 01:20:00 PM,3,DRIVER,,435655,,KIA MOTORS CORP,Optima,IL,,NONE,PASSENGER,PERSONAL,W,SLOW/STOP IN TRAFFIC,,,1,,,,,,,,,Y,,,,,,,,,REAR,,,,,,,,,,,,,,,,,,,,,,,,,,,,,,,,,
452347,6022d2986780c08ce7e1ca6461aeee2f333a37c43ca5bd05940404a8318817121da9949140b28d116b34e66824ebe659eee0e0bbca19b3089a543b700a7002e8,08/10/2018 01:39:00 PM,1,DRIVER,,433626,,BUICK,"Electra (Park Avenue), Park Avenue (Electra)",IL,2004,UNKNOWN,PASSENGER,PERSONAL,N,TURNING LEFT,,,1,,,,,,,Y,,,,,,,,,,,SIDE-RIGHT,,,,,,,,,,,,,,,,,,,,,,,,,,,,,,,,,
452348,6022d2986780c08ce7e1ca6461aeee2f333a37c43ca5bd05940404a8318817121da9949140b28d116b34e66824ebe659eee0e0bbca19b3089a543b700a7002e8,08/10/2018 01:39:00 PM,2,DRIVER,,433633,,ACURA,ACURA,IL,2016,NONE,PASSENGER,PERSONAL,W,STRAIGHT AHEAD,Y,,1,,,,,Y,Y,,,,,,Y,,,,,,FRONT,,,,,,,,,,,,,,,,,,,,,,,,,,,,,,,,,
451968,d03f3445339e23826f31dde2377421acf2700e5ee024078ecb68e686aac56b381c08a051ac2932435a8723fb3b32eecec37f6ce97c6fdb7640b700457ca52021,08/09/2018 04:30:00 PM,1,DRIVER,,433264,,FORD,Explorer,,,UNKNOWN,PASSENGER,PERSONAL,N,BACKING,,,1,,,,,N,,,,Y,,,,,,,,,REAR,,,,,,,,,,,,,,,,,,,,,,,,,,,,,,,,,
451969,d03f3445339e23826f31dde2377421acf2700e5ee024078ecb68e686aac56b381c08a051ac2932435a8723fb3b32eecec37f6ce97c6fdb7640b700457ca52021,08/09/2018 04:30:00 PM,2,PARKED,2,433269,,CHRYSLER,TOWN & COUNTRY,IL,,NONE,PASSENGER,PERSONAL,N,PARKED,,,2,,,,,Y,,,,,,,,,,,,,FRONT,,,,,,,,,,,,,,,,,,,,,,,,,,,,,,,,,
451273,352953563a69eaf149feb5952999fc175ad8b633b2db0f25c1ad88abb0a3c115909b18c615d3dcfa9014c712e935fdc383b70006aee7463296570ece8eae9cbd,08/08/2018 11:47:00 PM,1,DRIVER,,432613,,HONDA,ACCORD,IL,1992,UNKNOWN,PASSENGER,PERSONAL,N,UNKNOWN/NA,Y,,1,,,,,,,,,,,,Y,,,,,,FRONT-LEFT,,,,,,,,,,,,,,,,,,,,,,,,,,,,,,,,,
451274,352953563a69eaf149feb5952999fc175ad8b633b2db0f25c1ad88abb0a3c115909b18c615d3dcfa9014c712e935fdc383b70006aee7463296570ece8eae9cbd,08/08/2018 11:47:00 PM,2,DRIVER,,432616,,CHEVROLET,EQUINOX,IL,2018,NONE,PASSENGER,PERSONAL,N,STRAIGHT AHEAD,,,1,,,,,,Y,,,,,,,,,,,,FRONT-RIGHT,,,,,,,,,,,,,,,,,,,,,,,,,,,,,,,,,
450767,e9ada091947ac27ace794503d21698b2dced32edabd5f70d7fd78128885f3b7003fca97736dccebddd388a4a4908ec15ac9510986bc8682aa5995e977a2d0012,08/08/2018 11:30:00 AM,1,DRIVER,,432121,,"TOYOTA MOTOR COMPANY, LTD.",Prius,IL,2014,UNKNOWN,PASSENGER,PERSONAL,N,STRAIGHT AHEAD,Y,,1,,SSN 059412,lower wacker,,,Y,,,,,,,,,,,,FRONT-RIGHT,,,,,,,,,,,,,,,,,,,,,,,,,,,,,,,,,
450768,e9ada091947ac27ace794503d21698b2dced32edabd5f70d7fd78128885f3b7003fca97736dccebddd388a4a4908ec15ac9510986bc8682aa5995e977a2d0012,08/08/2018 11:30:00 AM,2,DRIVER,,432140,,KIA MOTORS CORP,Optima,IL,2018,NONE,PASSENGER,PERSONAL,N,STRAIGHT AHEAD,,,1,,,,,,,,,,Y,Y,,,,,,,SIDE-LEFT,,,,,,,,,,,,,,,,,,,,,,,,,,,,,,,,,
451419,a36a28732291d0e24df915db86bfc355a9d816a487905a3ee9bb77e4bf0dc06c9f9dcf985accb17055b5c3c73a55bb3d11b14f42a2094b70049874f89cb6deb6,08/07/2018 07:30:00 PM,1,DRIVER,,432751,,NISSAN,UNKNOWN,IL,,UNKNOWN,SPORT UTILITY VEHICLE (SUV),UNKNOWN/NA,E,BACKING,,,1,,,,,,,,Y,Y,Y,,,,,,,,REAR,,,,,,,,,,,,,,,,,,,,,,,,,,,,,,,,,
451420,a36a28732291d0e24df915db86bfc355a9d816a487905a3ee9bb77e4bf0dc06c9f9dcf985accb17055b5c3c73a55bb3d11b14f42a2094b70049874f89cb6deb6,08/07/2018 07:30:00 PM,2,DRIVER,,432755,,HONDA,CIVIC,IL,2006,NONE,PASSENGER,NOT IN USE,W,STRAIGHT AHEAD,,,1,,,,,Y,,,,,,,Y,,,,,,FRONT-LEFT,,,,,,,,,,,,,,,,,,,,,,,,,,,,,,,,,
450065,f76fe0e44595f5a696d79cc4842db2d78f0b0077e380f1099df76f3a24735f9bf29bf745e672b98fd2cb5cf20429d8cbf5ad2f7807bf88aeb70044b22c7cac50,08/07/2018 11:45:00 AM,1,DRIVER,,431464,,CHEVROLET,TAHOE,IL,2010,NONE,PASSENGER,PERSONAL,S,BACKING,,,1,,,,,,,,Y,,,,,,,,,,REAR-RIGHT,,,,,,,,,,,,,,,,,,,,,,,,,,,,,,,,,
450066,f76fe0e44595f5a696d79cc4842db2d78f0b0077e380f1099df76f3a24735f9bf29bf745e672b98fd2cb5cf20429d8cbf5ad2f7807bf88aeb70044b22c7cac50,08/07/2018 11:45:00 AM,2,DRIVER,,431469,,CHEVROLET,CRUZE,IL,2012,NONE,PASSENGER,OTHER,N,STARTING IN TRAFFIC,,,1,,,,,,,,,,,Y,,,,,,,SIDE-LEFT,,,,,,,,,,,,,,,,,,,,,,,,,,,,,,,,,
450301,6b5f3ea14ab7fe0b23cc21cd18436c4f85d392a1872bcdcaa945142b03c81aa52544418ab700cb05a0f31cd01e859c47ee5f4aa70765eb1ceda793cb757b87a0,08/06/2018 07:18:00 AM,1,DRIVER,,431677,,NISSAN,NISSAN ALTIMA,,2013,UNKNOWN,PASSENGER,PERSONAL,N,STRAIGHT AHEAD,,,1,,,,,,Y,,,,,,,,,,,,FRONT-RIGHT,,,,,,,,,,,,,,,,,,,,,,,,,,,,,,,,,
450302,6b5f3ea14ab7fe0b23cc21cd18436c4f85d392a1872bcdcaa945142b03c81aa52544418ab700cb05a0f31cd01e859c47ee5f4aa70765eb1ceda793cb757b87a0,08/06/2018 07:18:00 AM,2,DRIVER,,431690,,BUICK,LESABRE,,,UNKNOWN,UNKNOWN/NA,UNKNOWN/NA,N,ENTERING TRAFFIC LANE FROM PARKING,,,1,,,,,,,,,,,,,,,,,,FRONT-LEFT,,,,,,,,,,,,,,,,,,,,,,,,,,,,,,,,,
449329,d1f73ca3ed40ebc586eff21b9b5138346c39e6e97425cb700c9c621e2a141899c8b00255b36b090ef7ecf06f9ec764091906be883957d429635b37d7c61d3d86,08/05/2018 01:00:00 AM,1,DRIVER,,430752,,UNKNOWN,UNKNOWN,IL,,UNKNOWN,UNKNOWN/NA,UNKNOWN/NA,UNKNOWN,UNKNOWN/NA,,,1,,,,,,,,,,,,,,,,,,UNKNOWN,,,,,,,,,,,,,,,,,,,,,,,,,,,,,,,,,
449330,d1f73ca3ed40ebc586eff21b9b5138346c39e6e97425cb700c9c621e2a141899c8b00255b36b090ef7ecf06f9ec764091906be883957d429635b37d7c61d3d86,08/05/2018 01:00:00 AM,2,PARKED,,430753,,BMW,635,IL,2005,NONE,PASSENGER,PERSONAL,E,PARKED,,,0,,,,,,,,,,Y,Y,,,,,,,FRONT-LEFT,,,,,,,,,,,,,,,,,,,,,,,,,,,,,,,,,
448434,8e5b43a3a7800ecf9516f9603662cf5783b5cc4e1e42a28bb42b700fc20d7c881cf043578abfa5895da6db81008b0f3b1a403305740abca1145a7a9b5375bbf0,08/04/2018 10:19:00 PM,1,DRIVER,4,429929,,CHEVROLET,CAVALIER,IL,2005,NONE,PASSENGER,PERSONAL,W,TURNING LEFT,Y,,5,,PRIVATE TOW,,,,Y,Y,Y,,,,,,,,,,SIDE-RIGHT,,,,,,,,,,,,,,,,,,,,,,,,,,,,,,,,,
448435,8e5b43a3a7800ecf9516f9603662cf5783b5cc4e1e42a28bb42b700fc20d7c881cf043578abfa5895da6db81008b0f3b1a403305740abca1145a7a9b5375bbf0,08/04/2018 10:19:00 PM,2,DRIVER,,429934,,DODGE,CHARGER,IL,2017,NONE,PASSENGER,PERSONAL,E,STRAIGHT AHEAD,Y,,1,,PRIVATE TOW,,,Y,,,,,,,Y,,,,,,FRONT-LEFT,,,,,,,,,,,,,,,,,,,,,,,,,,,,,,,,,
447193,d60e71c09b700a9e21c532784c89980d7376788c5155b35466f39b71f38e874edf43135ac0b5b788da51e48d3073659786632bbd52935e2120e3afbbd6bdb53d,08/03/2018 09:00:00 AM,1,DRIVER,,428753,,FORD,Focus,IL,2016,NONE,PASSENGER,PERSONAL,E,STRAIGHT AHEAD,,,1,,,,,,,,,,,,Y,,,,Y,,TOTAL (ALL AREAS),,,,,,,,,,,,,,,,,,,,,,,,,,,,,,,,,
447194,d60e71c09b700a9e21c532784c89980d7376788c5155b35466f39b71f38e874edf43135ac0b5b788da51e48d3073659786632bbd52935e2120e3afbbd6bdb53d,08/03/2018 09:00:00 AM,2,DRIVER,,428752,,FORD,EXPLORER,IL,2014,UNKNOWN,SPORT UTILITY VEHICLE (SUV),PERSONAL,E,STRAIGHT AHEAD,,,1,,,,,,,,,,Y,,,,,,,,REAR-LEFT,,,,,,,,,,,,,,,,,,,,,,,,,,,,,,,,,
446554,0ee3ac8d0c09aa3973955db02046e3d81ab77dd69a7de7c776b8f07040a29fbcd55034376373f7c127053145ade541654fb7007a0617b81fcfe5cfd0bba9304d,08/02/2018 03:55:00 PM,1,DRIVER,,428114,,"TOYOTA MOTOR COMPANY, LTD.",UNKNOWN,,,UNKNOWN,PASSENGER,PERSONAL,N,STRAIGHT AHEAD,,,1,,,,,Y,,,,,,,,,,,,,FRONT,,,,,,,,,,,,,,,,,,,,,,,,,,,,,,,,,
446555,0ee3ac8d0c09aa3973955db02046e3d81ab77dd69a7de7c776b8f07040a29fbcd55034376373f7c127053145ade541654fb7007a0617b81fcfe5cfd0bba9304d,08/02/2018 03:55:00 PM,2,DRIVER,,428118,,"TOYOTA MOTOR COMPANY, LTD.",RAV4 (sport utility),NY,2010,BRAKES,SPORT UTILITY VEHICLE (SUV),PERSONAL,N,SLOW/STOP IN TRAFFIC,,,1,,,,,,,,,Y,,,,,,,,,REAR,,,,,,,,,,,,,,,,,,,,,,,,,,,,,,,,,
446182,6d4ba5d66c04271f49326b354017c6d0c78f7b7009b8c6bd66e3ea7a9c0efb9cad7c9bf1e394e6bd0d5d0bdb85f8d8a2246617386416e159b810d77567e73531,08/02/2018 08:50:00 AM,1,DRIVER,,427718,,NISSAN,UNKNOWN,IL,2015,UNKNOWN,PASSENGER,PERSONAL,S,STRAIGHT AHEAD,,,1,,,,,,,,,,,,,,,,,Y,UNKNOWN,,,,,,,,,,,,,,,,,,,,,,,,,,,,,,,,,