CRASH_UNIT_ID,CRASH_RECORD_ID,CRASH_DATE,UNIT_NO,UNIT_TYPE,NUM_PASSENGERS,VEHICLE_ID,CMRC_VEH_I,MAKE,MODEL,LIC_PLATE_STATE,VEHICLE_YEAR,VEHICLE_DEFECT,VEHICLE_TYPE,VEHICLE_USE,TRAVEL_DIRECTION,MANEUVER,TOWED_I,FIRE_I,OCCUPANT_CNT,EXCEED_SPEED_LIMIT_I,TOWED_BY,TOWED_TO,AREA_00_I,AREA_01_I,AREA_02_I,AREA_03_I,AREA_04_I,AREA_05_I,AREA_06_I,AREA_07_I,AREA_08_I,AREA_09_I,AREA_10_I,AREA_11_I,AREA_12_I,AREA_99_I,FIRST_CONTACT_POINT,CMV_ID,USDOT_NO,CCMC_NO,ILCC_NO,COMMERCIAL_SRC,GVWR,CARRIER_NAME,CARRIER_STATE,CARRIER_CITY,HAZMAT_PLACARDS_I,HAZMAT_NAME,UN_NO,HAZMAT_PRESENT_I,HAZMAT_REPORT_I,HAZMAT_REPORT_NO,MCS_REPORT_I,MCS_REPORT_NO,HAZMAT_VIO_CAUSE_CRASH_I,MCS_VIO_CAUSE_CRASH_I,IDOT_PERMIT_NO,WIDE_LOAD_I,TRAILER1_WIDTH,TRAILER2_WIDTH,TRAILER1_LENGTH,TRAILER2_LENGTH,TOTAL_VEHICLE_LENGTH,AXLE_CNT,VEHICLE_CONFIG,CARGO_BODY_TYPE,LOAD_TYPE,HAZMAT_OUT_OF_SERVICE_I,MCS_OUT_OF_SERVICE_I,HAZMAT_CLASS
446183,6d4ba5d66c04271f49326b354017c6d0c78f7b7009b8c6bd66e3ea7a9c0efb9cad7c9bf1e394e6bd0d5d0bdb85f8d8a2246617386416e159b810d77567e73531,08/02/2018 08:50:00 AM,2,DRIVER,,427723,,LEXUS,RX350,IL,2011,NONE,PASSENGER,PERSONAL,S,SLOW/STOP - RIGHT TURN,,,1,,,,,,,,Y,Y,Y,,,,,,,,REAR,,,,,,,,,,,,,,,,,,,,,,,,,,,,,,,,,
446771,0a39a616fbd8edfe126fd3ecee1a922148cbaf2ee6b25a141557f645c137bf694a989080eb700dc29464c03e1231efb20c42f4c1b305aa34c706dc4b2639eb18,08/02/2018 12:00:00 AM,1,DRIVER,,428331,,UNKNOWN,UNKNOWN,,,UNKNOWN,UNKNOWN/NA,UNKNOWN/NA,UNKNOWN,UNKNOWN/NA,,,1,,,,,,,,,,,,,,,,,Y,UNKNOWN,,,,,,,,,,,,,,,,,,,,,,,,,,,,,,,,,
446772,0a39a616fbd8edfe126fd3ecee1a922148cbaf2ee6b25a141557f645c137bf694a989080eb700dc29464c03e1231efb20c42f4c1b305aa34c706dc4b2639eb18,08/02/2018 12:00:00 AM,2,PARKED,,428335,,HYUNDAI,TUCSON,FL,2011,NONE,SPORT UTILITY VEHICLE (SUV),PERSONAL,N,PARKED,,,0,,,,,,Y,Y,,,,,,,,,,,SIDE-RIGHT,,,,,,,,,,,,,,,,,,,,,,,,,,,,,,,,,
446548,72bf8a4a2b3a4d91c691cce018fc69462e305c2a28d10d65e2224bc9f10c268952d5b700b4aadc5e4ebdde6eab9b79f053356424548c1cad793014a3259fb0de,08/01/2018 06:25:00 PM,1,DRIVER,,428109,,NISSAN,VERSA,IL,2016,UNKNOWN,PASSENGER,PERSONAL,N,CHANGING LANES,,,1,,,,,,,,,,,Y,,,,,,,SIDE-LEFT,,,,,,,,,,,,,,,,,,,,,,,,,,,,,,,,,
446549,72bf8a4a2b3a4d91c691cce018fc69462e305c2a28d10d65e2224bc9f10c268952d5b700b4aadc5e4ebdde6eab9b79f053356424548c1cad793014a3259fb0de,08/01/2018 06:25:00 PM,2,DRIVER,,428112,,CHEVROLET,IMPALA,IL,2018,UNKNOWN,PASSENGER,PERSONAL,S,STRAIGHT AHEAD,,,1,,,,,,,,,,,Y,,,,,,,SIDE-LEFT,,,,,,,,,,,,,,,,,,,,,,,,,,,,,,,,,
454518,ab416be267d669b547a1659f42e3753323b70085d700756cc056050ebcb2074e75b4644d6be6c85f29083a531e9de8970a7e0fe977262df587f8721b9cfe6a91,08/01/2018 11:30:00 AM,2,DRIVER,,435646,,"TOYOTA MOTOR COMPANY, LTD.",Highlander(beginning vehicle year 2001),IL,2016,NONE,SPORT UTILITY VEHICLE (SUV),PERSONAL,W,SLOW/STOP IN TRAFFIC,,,1,,,,,N,,,,Y,,,,,,,,,REAR,,,,,,,,,,,,,,,,,,,,,,,,,,,,,,,,,
454519,ab416be267d669b547a1659f42e3753323b70085d700756cc056050ebcb2074e75b4644d6be6c85f29083a531e9de8970a7e0fe977262df587f8721b9cfe6a91,08/01/2018 11:30:00 AM,1,DRIVER,,435647,,UNKNOWN,UNKNOWN,XX,,UNKNOWN,SPORT UTILITY VEHICLE (SUV),UNKNOWN/NA,W,STRAIGHT AHEAD,,,1,,,,,Y,,,,,,,,,,,,,FRONT,,,,,,,,,,,,,,,,,,,,,,,,,,,,,,,,,
445219,483eb7008f9ec151bbed39f00eb6d2a6dfd1e668eea983a8fae99d0d23af96c63a8fb16411fa38c202a9f96898b170b0a726200fe46cb5c7f9c41c7edb850ca7,08/01/2018 05:30:00 AM,1,DRIVER,,427012,,DODGE,DURANGO,IL,2014,NONE,SPORT UTILITY VEHICLE (SUV),PERSONAL,N,STRAIGHT AHEAD,,,1,,,,,,,,,,,Y,Y,,,,,,FRONT-LEFT,,,,,,,,,,,,,,,,,,,,,,,,,,,,,,,,,
445220,483eb7008f9ec151bbed39f00eb6d2a6dfd1e668eea983a8fae99d0d23af96c63a8fb16411fa38c202a9f96898b170b0a726200fe46cb5c7f9c41c7edb850ca7,08/01/2018 05:30:00 AM,2,DRIVER,,427014,,CHEVROLET,TRAVERSE,IL,2014,NONE,SPORT UTILITY VEHICLE (SUV),PERSONAL,N,STRAIGHT AHEAD,,,1,,,,,,,Y,,,,,,,,,,,SIDE-RIGHT,,,,,,,,,,,,,,,,,,,,,,,,,,,,,,,,,
444562,490864738fb0f22bdec469cca6bea3b700909d552a0c3ad41fdc69a2b92f855de60afe40997406b78054d6bfb0f2201b4689631743f9f74ade42e26a0e1e62f8,07/31/2018 08:54:00 AM,1,DRIVER,,426403,,AUDI,UNKNOWN,IL,2015,UNKNOWN,PASSENGER,PERSONAL,N,STRAIGHT AHEAD,,,1,,,,,,,,,,,,Y,,,,,,FRONT-LEFT,,,,,,,,,,,,,,,,,,,,,,,,,,,,,,,,,
444563,490864738fb0f22bdec469cca6bea3b700909d552a0c3ad41fdc69a2b92f855de60afe40997406b78054d6bfb0f2201b4689631743f9f74ade42e26a0e1e62f8,07/31/2018 08:54:00 AM,2,DRIVER,,426399,,KIA MOTORS CORP,SORENTO,IL,2017,UNKNOWN,PASSENGER,TAXI/FOR HIRE,N,CHANGING LANES,,,1,,,,,,,Y,,,,,,,,,,,SIDE-RIGHT,,,,,,,,,,,,,,,,,,,,,,,,,,,,,,,,,
444157,9b3e3f690a746e333ce91785a5ec15e88330077c8ebd791d857a73731483b05f2d9e38276616c07f6b7008802e1f4a74a12256a4577c8da33302363778e13407,07/30/2018 03:00:00 PM,1,DRIVER,1,426011,,FORD,ESCAPE (SUV),,,UNKNOWN,SPORT UTILITY VEHICLE (SUV),TAXI/FOR HIRE,W,SLOW/STOP - LOAD/UNLOAD,,,2,,,,,,,Y,,,,,,,,,,,SIDE-RIGHT,,,,,,,,,,,,,,,,,,,,,,,,,,,,,,,,,
444158,9b3e3f690a746e333ce91785a5ec15e88330077c8ebd791d857a73731483b05f2d9e38276616c07f6b7008802e1f4a74a12256a4577c8da33302363778e13407,07/30/2018 03:00:00 PM,2,DRIVER,,426014,,CHEVROLET,CRUZE,,,UNKNOWN,PASSENGER,PERSONAL,W,STRAIGHT AHEAD,,,1,,,,,,,,,,,Y,,,,,,,SIDE-LEFT,,,,,,,,,,,,,,,,,,,,,,,,,,,,,,,,,
444538,3dd3aba13b700a01431474077bc20bbf0a3cfa701af26f97cead623597187b819c4d05d692414b942adcae14bfc4855ae131d42eb6e609baf8fb14f4f87b26e2,07/29/2018 09:00:00 AM,1,DRIVER,,426375,,UNKNOWN,UNKNOWN,,,UNKNOWN,UNKNOWN/NA,UNKNOWN/NA,UNKNOWN,UNKNOWN/NA,,,1,,,,,,,,,,,,,,,,,Y,UNKNOWN,,,,,,,,,,,,,,,,,,,,,,,,,,,,,,,,,
444539,3dd3aba13b700a01431474077bc20bbf0a3cfa701af26f97cead623597187b819c4d05d692414b942adcae14bfc4855ae131d42eb6e609baf8fb14f4f87b26e2,07/29/2018 09:00:00 AM,2,PARKED,,426377,,HYUNDAI,ELANTRA,IL,2013,NONE,PASSENGER,PERSONAL,N,PARKED,,,0,,,,,,Y,Y,,,,,,,,,,,SIDE-RIGHT,,,,,,,,,,,,,,,,,,,,,,,,,,,,,,,,,
441984,6ca996c8ed25c051660d6c6a963419d9da505b70033caf295ff2f1c05ece9ff607450a9e1102411543b034288b4fc7fb17ff5c1f42fe214225cd7c90688629f0,07/27/2018 10:52:00 AM,1,DRIVER,,423981,N,NEW FLYER,NEW FLYER,IL,2008,NONE,BUS OVER 15 PASS.,CTA,E,TURNING RIGHT,,,1,,,,,,,Y,Y,,,,,,,,,,SIDE-RIGHT,,,,,,,,,,,,,,,,,,,,,,,,,,,,,,,,,
441985,6ca996c8ed25c051660d6c6a963419d9da505b70033caf295ff2f1c05ece9ff607450a9e1102411543b034288b4fc7fb17ff5c1f42fe214225cd7c90688629f0,07/27/2018 10:52:00 AM,2,DRIVERLESS,,423988,,MAZDA,6 (Six),IL,2018,NONE,PASSENGER,OTHER,E,PARKED,Y,,0,,ENTERPRISE,,,,,,,Y,Y,Y,,,,,,,REAR-LEFT,,,,,,,,,,,,,,,,,,,,,,,,,,,,,,,,,
441884,4a86f68370d83c0ae737482d69d6dea91b1ee9fd3ff8a071e22282635daa631e4a5bbbfc445e84c3a73d05654f88cbffd6b7001ab34106f5096d4328f90893e3,07/27/2018 09:35:00 AM,1,DRIVER,,423889,,"TOYOTA MOTOR COMPANY, LTD.",RAV4 (sport utility),IL,2015,NONE,SPORT UTILITY VEHICLE (SUV),PERSONAL,N,STRAIGHT AHEAD,,,1,,,,,,,,,,,,,,,,,,NONE,,,,,,,,,,,,,,,,,,,,,,,,,,,,,,,,,
441885,4a86f68370d83c0ae737482d69d6dea91b1ee9fd3ff8a071e22282635daa631e4a5bbbfc445e84c3a73d05654f88cbffd6b7001ab34106f5096d4328f90893e3,07/27/2018 09:35:00 AM,2,DRIVER,,423896,,"TOYOTA MOTOR COMPANY, LTD.",Prius,IL,2017,NONE,PASSENGER,RIDESHARE SERVICE,N,STRAIGHT AHEAD,,,1,,,,,,,,,Y,Y,,N,,,,,,REAR-LEFT,,,,,,,,,,,,,,,,,,,,,,,,,,,,,,,,,
439710,ff2af9566606a1f125ada3472cc971182429633c91123ae7a3bbb3b700d71641bb0166cba0f370c0571eb165677560922e2275fc2cab8b8e7fd028922dd68bd5,07/24/2018 06:30:00 AM,2,DRIVER,,421877,,CHEVROLET,UNKNOWN,IL,2016,NONE,PASSENGER,PERSONAL,N,SLOW/STOP IN TRAFFIC,,,1,,,,,,Y,Y,,,,,,,,,,,SIDE-RIGHT,,,,,,,,,,,,,,,,,,,,,,,,,,,,,,,,,
439712,ff2af9566606a1f125ada3472cc971182429633c91123ae7a3bbb3b700d71641bb0166cba0f370c0571eb165677560922e2275fc2cab8b8e7fd028922dd68bd5,07/24/2018 06:30:00 AM,1,DRIVER,,421874,,NISSAN,NISSAN ALTIMA,IL,2008,UNKNOWN,PASSENGER,UNKNOWN/NA,N,STRAIGHT AHEAD,,,1,,,,,,,,,,,Y,N,,,,,,FRONT-LEFT,,,,,,,,,,,,,,,,,,,,,,,,,,,,,,,,,
439548,2d8edcc5066efeba59057706dd61aa0c08dffd89908da5fb75d55f2159a7082cee4a70e60f0b70028dfca937de089da51c188a3bbb14c0187c273d1e28f24006,07/23/2018 05:51:00 PM,1,DRIVER,,421722,,KIA MOTORS CORP,FORTE,IL,,NONE,PASSENGER,PERSONAL,UNKNOWN,BACKING,,,1,,,,,Y,,,,Y,Y,Y,Y,,,,,,FRONT,,,,,,,,,,,,,,,,,,,,,,,,,,,,,,,,,
439549,2d8edcc5066efeba59057706dd61aa0c08dffd89908da5fb75d55f2159a7082cee4a70e60f0b70028dfca937de089da51c188a3bbb14c0187c273d1e28f24006,07/23/2018 05:51:00 PM,2,DRIVERLESS,,421725,,JEEP,UNKNOWN,IL,2008,NONE,PASSENGER,PERSONAL,UNKNOWN,PARKED,,,0,,,,,Y,Y,,,,,,Y,,,,,,FRONT,,,,,,,,,,,,,,,,,,,,,,,,,,,,,,,,,
439550,2d8edcc5066efeba59057706dd61aa0c08dffd89908da5fb75d55f2159a7082cee4a70e60f0b70028dfca937de089da51c188a3bbb14c0187c273d1e28f24006,07/23/2018 05:51:00 PM,3,NON-MOTOR VEHICLE,,,,,,,,,,,,,,,,,,,,,,,,,,,,,,,,,,,,,,,,,,,,,,,,,,,,,,,,,,,,,,,,,,
438712,3822c12270c5a377a965988940a97b5c468ae56bf9b700d7c22290e8c92ededd19571963097347b3ad70fd306da4fd5109fd6191b72670383a763a5078690fc6,07/22/2018 08:30:00 AM,1,DRIVER,,420968,,SUBARU,UNKNOWN,IL,2016,UNKNOWN,PASSENGER,PERSONAL,W,STRAIGHT AHEAD,,,1,,,,,Y,,,,,,,,,,,,,FRONT,,,,,,,,,,,,,,,,,,,,,,,,,,,,,,,,,
438713,3822c12270c5a377a965988940a97b5c468ae56bf9b700d7c22290e8c92ededd19571963097347b3ad70fd306da4fd5109fd6191b72670383a763a5078690fc6,07/22/2018 08:30:00 AM,2,DRIVER,,421044,,NISSAN,Pathfinder,IL,2002,NONE,PASSENGER,PERSONAL,W,STRAIGHT AHEAD,,,1,,,,,,,,,Y,,,,,,,,,REAR,,,,,,,,,,,,,,,,,,,,,,,,,,,,,,,,,
438164,034157e6d8f553f7af622708babd20713a339646d4f7b48b2b18ca14aaa17a4586549944d5b69c574fd62fdfab70086174299e8acf92ff59b792af0258a4042b,07/21/2018 04:40:00 PM,1,DRIVER,,420441,,CHEVROLET,UNKNOWN,,,UNKNOWN,SPORT UTILITY VEHICLE (SUV),UNKNOWN/NA,S,STRAIGHT AHEAD,,,1,,,,,,,,,,,,,,,,,Y,SIDE-RIGHT,,,,,,,,,,,,,,,,,,,,,,,,,,,,,,,,,
438165,034157e6d8f553f7af622708babd20713a339646d4f7b48b2b18ca14aaa17a4586549944d5b69c574fd62fdfab70086174299e8acf92ff59b792af0258a4042b,07/21/2018 04:40:00 PM,2,PARKED,4,420444,,HYUNDAI,SONATA,IL,2018,NONE,PASSENGER,PERSONAL,S,PARKED,,,4,,,,,,,,,,,,Y,,,,,,SIDE-LEFT,,,,,,,,,,,,,,,,,,,,,,,,,,,,,,,,,
437746,9d0bca72e8b76c1a3bb1a2b195f3dfbb7002008d0d07d7c7113b001fc8fe3e97e2957b391ba69aaf0d4ad6f40d87fb307fb9cc0a1aea41c98bb2ec5f32f113de,07/21/2018 09:40:00 AM,1,DRIVER,1,420052,,HONDA,UNKNOWN,IL,1998,UNKNOWN,PASSENGER,PERSONAL,E,BACKING,,,2,,,,N,,,,,N,,,,,,,,Y,REAR,,,,,,,,,,,,,,,,,,,,,,,,,,,,,,,,,
466206,9bb6d4ac625acddbb0928ae8ea7db434658b7cd95bc8279e59d504af47b21446f5b741a0e58c31e791e0d2cc1b700ad692f739c2278a35a35085a4a1278b2dbf,07/21/2018 04:00:00 AM,1,DRIVER,,446521,,UNKNOWN,UNKNOWN,IL,,UNKNOWN,UNKNOWN/NA,UNKNOWN/NA,UNKNOWN,UNKNOWN/NA,,,1,,,,,,,,,,,,,,,,,Y,UNKNOWN,,,,,,,,,,,,,,,,,,,,,,,,,,,,,,,,,
466207,9bb6d4ac625acddbb0928ae8ea7db434658b7cd95bc8279e59d504af47b21446f5b741a0e58c31e791e0d2cc1b700ad692f739c2278a35a35085a4a1278b2dbf,07/21/2018 04:00:00 AM,2,PARKED,,446522,,DODGE,JOURNEY,IL,2018,NONE,VAN/MINI-VAN,PERSONAL,E,PARKED,Y,,0,,PRIVATE,,,Y,,,,,,,Y,,,,,,FRONT-LEFT,,,,,,,,,,,,,,,,,,,,,,,,,,,,,,,,,
466208,9bb6d4ac625acddbb0928ae8ea7db434658b7cd95bc8279e59d504af47b21446f5b741a0e58c31e791e0d2cc1b700ad692f739c2278a35a35085a4a1278b2dbf,07/21/2018 04:00:00 AM,3,PARKED,,446524,,CHEVROLET,Trail Blazer,IL,2007,NONE,SPORT UTILITY VEHICLE (SUV),NOT IN USE,E,PARKED,,,0,,,,,Y,,,,,,,,,,,,,FRONT,,,,,,,,,,,,,,,,,,,,,,,,,,,,,,,,,
437364,d8bf0b235b03dded4d231d28b907e5376879fc74cc0e3987a338be9c14fda586da451eb15e25fb2469a1cc90344e670bfa5606eceac69e05d833b70096c0e61e,07/20/2018 06:00:00 PM,1,DRIVER,1,419676,,HONDA,CRV,IL,2003,NONE,SPORT UTILITY VEHICLE (SUV),PERSONAL,E,STRAIGHT AHEAD,,,2,,,,,Y,,,,,,,,,,,,,FRONT,,,,,,,,,,,,,,,,,,,,,,,,,,,,,,,,,
437365,d8bf0b235b03dded4d231d28b907e5376879fc74cc0e3987a338be9c14fda586da451eb15e25fb2469a1cc90344e670bfa5606eceac69e05d833b70096c0e61e,07/20/2018 06:00:00 PM,2,DRIVER,,419689,,MERCEDES-BENZ,Smart City Vehicle,IL,,NONE,PASSENGER,PERSONAL,E,SLOW/STOP IN TRAFFIC,,,1,,,,,,,,,Y,,,,,,,,,REAR,,,,,,,,,,,,,,,,,,,,,,,,,,,,,,,,,
435934,5783aa230afef2633a1230740f0c79324dff0e8a7d58e27c4fbdbd557076957f76eb700838bb6792a7e9f49284882415cd6cd55e22569b9824708b1b3a0c4dc5,07/18/2018 05:15:00 PM,1,DRIVER,,418390,,UNKNOWN,UNKNOWN,,,UNKNOWN,BUS OVER 15 PASS.,CTA,S,STRAIGHT AHEAD,,,1,,,,,,,,,,,,,,,,,,UNKNOWN,,,,,,,,,,,,,,,,,,,,,,,,,,,,,,,,,
435941,5783aa230afef2633a1230740f0c79324dff0e8a7d58e27c4fbdbd557076957f76eb700838bb6792a7e9f49284882415cd6cd55e22569b9824708b1b3a0c4dc5,07/18/2018 05:15:00 PM,2,PEDESTRIAN,,,,,,,,,,,,,,,,,,,,,,,,,,,,,,,,,,,,,,,,,,,,,,,,,,,,,,,,,,,,,,,,,,
435707,e70188090ab0322c574282f0058d77736bc4fca5b964b7b7d6572294dd609b25eae218b848687abce485c8fa985da42194b86d0796d2123fe0d02f092b700d7c,07/18/2018 03:25:00 PM,1,DRIVER,,418171,,UNKNOWN,UNKNOWN,IL,2006,UNKNOWN,TRUCK - SINGLE UNIT,COMMERCIAL - SINGLE UNIT,N,LEAVING TRAFFIC LANE TO PARK,,,1,,,,,,,Y,,,,,,,,,Y,Y,FRONT-RIGHT,,,,,,,,,,,,,,,,,,,,,,,,,,,,,,,,,
434904,c1ffdf4f27ff0c311e8bcb66999e9463673eb3ee207353c5301af703531b70035a8937a5365ba6e225afde54ef7a9248bb10051b71067a8b8b0f671eac31a0bf,07/17/2018 05:15:00 PM,1,DRIVER,,417429,,AUDI,QUATRRO,IL,2013,UNKNOWN,PASSENGER,PERSONAL,W,STRAIGHT AHEAD,,,1,,,,,Y,,,,,,,,,,,,,FRONT,,,,,,,,,,,,,,,,,,,,,,,,,,,,,,,,,
434905,c1ffdf4f27ff0c311e8bcb66999e9463673eb3ee207353c5301af703531b70035a8937a5365ba6e225afde54ef7a9248bb10051b71067a8b8b0f671eac31a0bf,07/17/2018 05:15:00 PM,2,DRIVER,,417439,,MAZDA,323,TX,2011,UNKNOWN,PASSENGER,PERSONAL,W,STRAIGHT AHEAD,,,1,,,,,,,,,Y,,,,,,,,,REAR,,,,,,,,,,,,,,,,,,,,,,,,,,,,,,,,,
433410,a86730082080de4378ea766c0b6088f2f00e8c787adf720a79b700f695b3ed5af48398d10214f5a79c5b57db32a68a97e1c53b6279c48cf8d1dae5d84d4e0a1f,07/15/2018 03:45:00 PM,1,DRIVER,,416021,,DODGE,CARAVAN,IL,2005,UNKNOWN,PASSENGER,PERSONAL,S,STRAIGHT AHEAD,,,1,,,,,,Y,Y,,,,,,,,,,,FRONT,,,,,,,,,,,,,,,,,,,,,,,,,,,,,,,,,
433411,a86730082080de4378ea766c0b6088f2f00e8c787adf720a79b700f695b3ed5af48398d10214f5a79c5b57db32a68a97e1c53b6279c48cf8d1dae5d84d4e0a1f,07/15/2018 03:45:00 PM,2,DRIVER,,416025,,"TOYOTA MOTOR COMPANY, LTD.",CAMRY,IL,2018,UNKNOWN,PASSENGER,PERSONAL,S,STRAIGHT AHEAD,,,1,,,,,,,,,,,,Y,,,,,,FRONT-LEFT,,,,,,,,,,,,,,,,,,,,,,,,,,,,,,,,,
433326,4ad593791c371d293f86dc3997b2b8f8e83fff17265ba8d790507e1a8775d0c0e013f0a6543a3ad79d4e69b8124f57097db700863377deaec94089678177c25f,07/14/2018 02:20:00 PM,1,DRIVER,,415944,,UNKNOWN,UNKNOWN,,,UNKNOWN,VAN/MINI-VAN,OTHER,UNKNOWN,BACKING,,,1,,,,,,,,,,Y,,,,,,,,REAR,,,,,,,,,,,,,,,,,,,,,,,,,,,,,,,,,
433327,4ad593791c371d293f86dc3997b2b8f8e83fff17265ba8d790507e1a8775d0c0e013f0a6543a3ad79d4e69b8124f57097db700863377deaec94089678177c25f,07/14/2018 02:20:00 PM,2,DRIVER,,415940,,CHEVROLET,COBALT,IL,2008,UNKNOWN,PASSENGER,PERSONAL,UNKNOWN,SLOW/STOP IN TRAFFIC,,,1,,,,,Y,Y,,,,,,,,,,,,FRONT,,,,,,,,,,,,,,,,,,,,,,,,,,,,,,,,,
431943,41b4617d4bcc82ea29e0161ffee968d044910eb3ad01f6a0303807a6afab4105af1437ddc0e70feb7a75254e84167cf2d3d47670ec7036fdf7cdbf04b700e38c,07/13/2018 02:20:00 PM,1,DRIVER,,414611,,CHEVROLET,MONTE CARLO,,2002,NONE,PASSENGER,PERSONAL,S,STRAIGHT AHEAD,,,1,,,,,,,,,,,,,,,,,Y,FRONT,,,,,,,,,,,,,,,,,,,,,,,,,,,,,,,,,
431944,41b4617d4bcc82ea29e0161ffee968d044910eb3ad01f6a0303807a6afab4105af1437ddc0e70feb7a75254e84167cf2d3d47670ec7036fdf7cdbf04b700e38c,07/13/2018 02:20:00 PM,2,DRIVER,,414619,,NISSAN,SENTRA (DATSUN AND NISSAN HAVE MERGED),,2008,NONE,PASSENGER,PERSONAL,S,SLOW/STOP - LEFT TURN,,,1,,,,,,,,Y,Y,Y,,,,,,,,REAR,,,,,,,,,,,,,,,,,,,,,,,,,,,,,,,,,
431070,27e70f3e97ffbea1ad0a76379d6fec5a8676f5d0b700631b3e4ec9d192adf1b0c1e8bad7eed7fee83cdfd9f53ea9faed8d728cf96aa9a1d6483661af5017e21b,07/12/2018 12:00:00 PM,1,DRIVER,,413805,,"TOYOTA MOTOR COMPANY, LTD.",COROLLA,IL,2010,UNKNOWN,PASSENGER,UNKNOWN/NA,E,STRAIGHT AHEAD,,,1,,,,,,,,,,,,,,,,,Y,FRONT-LEFT,,,,,,,,,,,,,,,,,,,,,,,,,,,,,,,,,
431071,27e70f3e97ffbea1ad0a76379d6fec5a8676f5d0b700631b3e4ec9d192adf1b0c1e8bad7eed7fee83cdfd9f53ea9faed8d728cf96aa9a1d6483661af5017e21b,07/12/2018 12:00:00 PM,2,BICYCLE,,,,,,,,,,,,,,,,,,,,,,,,,,,,,,,,,,,,,,,,,,,,,,,,,,,,,,,,,,,,,,,,,,
431501,a399efeff10f2d07f68568982645639d4d0ae182001dd2a9a6bb700f7c4c3af969b350fcac814364d942f85696a941e9a22092f91bf6e3cdfe4b9ee609396237,07/10/2018 10:00:00 PM,1,BICYCLE,,,,,,,,,,,,,,,,,,,,,,,,,,,,,,,,,,,,,,,,,,,,,,,,,,,,,,,,,,,,,,,,,,
431502,a399efeff10f2d07f68568982645639d4d0ae182001dd2a9a6bb700f7c4c3af969b350fcac814364d942f85696a941e9a22092f91bf6e3cdfe4b9ee609396237,07/10/2018 10:00:00 PM,2,DRIVERLESS,,414215,,"TOYOTA MOTOR COMPANY, LTD.",CAMRY,MI,2012,UNKNOWN,PASSENGER,UNKNOWN/NA,S,PARKED,,,0,,,,,Y,,,,,,Y,Y,,,,,,SIDE-LEFT,,,,,,,,,,,,,,,,,,,,,,,,,,,,,,,,,
429529,7ec22838353d9f3daa9b8531eadc5646b700fd13c07b352519f5b9647a62fe935ca497095b759c39ecf31db4453ab33510c41c812e4cfdb3c110c781322423f6,07/10/2018 11:30:00 AM,1,DRIVER,,412370,,CHEVROLET,MALIBU (CHEVELLE),IL,2006,NONE,PASSENGER,PERSONAL,S,STRAIGHT AHEAD,Y,,1,,PRIVATE,,,Y,Y,,,,,,Y,,,,,,FRONT,,,,,,,,,,,,,,,,,,,,,,,,,,,,,,,,,
429530,7ec22838353d9f3daa9b8531eadc5646b700fd13c07b352519f5b9647a62fe935ca497095b759c39ecf31db4453ab33510c41c812e4cfdb3c110c781322423f6,07/10/2018 11:30:00 AM,2,DRIVER,,412376,,NEW FLYER,NEW FLYER,IL,2006,NONE,BUS OVER 15 PASS.,CTA,S,SLOW/STOP IN TRAFFIC,,,1,,,,,,,,Y,,,,,,,,,,REAR-RIGHT,,,,,,,,,,,,,,,,,,,,,,,,,,,,,,,,,
428292,01fb34c32f2351b122148e339893f4b8aa636f37415f1394824f2e876e8df0399bf411b80df7dc4e703020592c2486d7f7aa7f473231d215cb700eb0965a62cf,07/08/2018 05:25:00 PM,1,DRIVER,,411180,,CHEVROLET,Trail Blazer,IL,2005,UNKNOWN,PASSENGER,UNKNOWN/NA,N,STRAIGHT AHEAD,,,1,,,,,Y,,,,,,,,,,,,,FRONT,,,,,,,,,,,,,,,,,,,,,,,,,,,,,,,,,
428293,01fb34c32f2351b122148e339893f4b8aa636f37415f1394824f2e876e8df0399bf411b80df7dc4e703020592c2486d7f7aa7f473231d215cb700eb0965a62cf,07/08/2018 05:25:00 PM,2,DRIVER,,411187,,"TOYOTA MOTOR COMPANY, LTD.",COROLLA,IL,2010,UNKNOWN,PASSENGER,PERSONAL,E,STRAIGHT AHEAD,Y,,1,,owner,owner specified location,,Y,Y,Y,Y,,,,,,,,,,SIDE-RIGHT,,,,,,,,,,,,,,,,,,,,,,,,,,,,,,,,,
427048,634da4b700214ff1f4a93560892e37abce4acd298b487a75d2b4e883a6aa213306f96f5f740a83289ecc701a685237f52f4b26c111a192e308ff8c1c8b12c162,07/06/2018 05:55:00 PM,1,DRIVER,,410062,,KIA MOTORS CORP,UNKNOWN,IL,2013,NONE,PASSENGER,PERSONAL,N,BACKING,,,1,,,,,,,,,,Y,,,,,,,,REAR-RIGHT,,,,,,,,,,,,,,,,,,,,,,,,,,,,,,,,,