CRASH_UNIT_ID,CRASH_RECORD_ID,CRASH_DATE,UNIT_NO,UNIT_TYPE,NUM_PASSENGERS,VEHICLE_ID,CMRC_VEH_I,MAKE,MODEL,LIC_PLATE_STATE,VEHICLE_YEAR,VEHICLE_DEFECT,VEHICLE_TYPE,VEHICLE_USE,TRAVEL_DIRECTION,MANEUVER,TOWED_I,FIRE_I,OCCUPANT_CNT,EXCEED_SPEED_LIMIT_I,TOWED_BY,TOWED_TO,AREA_00_I,AREA_01_I,AREA_02_I,AREA_03_I,AREA_04_I,AREA_05_I,AREA_06_I,AREA_07_I,AREA_08_I,AREA_09_I,AREA_10_I,AREA_11_I,AREA_12_I,AREA_99_I,FIRST_CONTACT_POINT,CMV_ID,USDOT_NO,CCMC_NO,ILCC_NO,COMMERCIAL_SRC,GVWR,CARRIER_NAME,CARRIER_STATE,CARRIER_CITY,HAZMAT_PLACARDS_I,HAZMAT_NAME,UN_NO,HAZMAT_PRESENT_I,HAZMAT_REPORT_I,HAZMAT_REPORT_NO,MCS_REPORT_I,MCS_REPORT_NO,HAZMAT_VIO_CAUSE_CRASH_I,MCS_VIO_CAUSE_CRASH_I,IDOT_PERMIT_NO,WIDE_LOAD_I,TRAILER1_WIDTH,TRAILER2_WIDTH,TRAILER1_LENGTH,TRAILER2_LENGTH,TOTAL_VEHICLE_LENGTH,AXLE_CNT,VEHICLE_CONFIG,CARGO_BODY_TYPE,LOAD_TYPE,HAZMAT_OUT_OF_SERVICE_I,MCS_OUT_OF_SERVICE_I,HAZMAT_CLASS
427049,634da4b700214ff1f4a93560892e37abce4acd298b487a75d2b4e883a6aa213306f96f5f740a83289ecc701a685237f52f4b26c111a192e308ff8c1c8b12c162,07/06/2018 05:55:00 PM,2,DRIVER,,410039,,LEXUS,ES350,IL,2010,NONE,PASSENGER,PERSONAL,N,BACKING,,,1,,,,,,,,Y,,,,,,,,,,REAR-RIGHT,,,,,,,,,,,,,,,,,,,,,,,,,,,,,,,,,
425355,678bc65f01be8ee47e8b700da4787d7fe01bf866bee2c80b66f675c10f73432f6718849e088880245918c3f430e0a259d945b755667799d8237cfe3bb410a362,07/05/2018 12:40:00 AM,1,DRIVER,1,408445,Y,"MACK TRUCKS, INC.","MACK TRUCKS, INC.",IA,2016,NONE,TRUCK - SINGLE UNIT,COMMERCIAL - SINGLE UNIT,N,DRIVING WRONG WAY,,,2,,,,,Y,Y,,,,,,,,,,,,FRONT-RIGHT,3931,,,,DRIVER,,DARLING INGREDIENTS INC,IA,DES MOINES,,,,N,N,,N,,N,N,,,,,,,,,,GARBAGE/REFUSE,OTHER,N,N,
425356,678bc65f01be8ee47e8b700da4787d7fe01bf866bee2c80b66f675c10f73432f6718849e088880245918c3f430e0a259d945b755667799d8237cfe3bb410a362,07/05/2018 12:40:00 AM,2,DRIVER,,408450,,CHEVROLET,EQUINOX,TX,2009,NONE,PASSENGER,PERSONAL,N,STRAIGHT AHEAD,Y,,1,,Chicago Traffic Control,8600 S Vincennes,,Y,,,,,,,Y,,,,,,FRONT-LEFT,,,,,,,,,,,,,,,,,,,,,,,,,,,,,,,,,
424216,745c64b9228ff59051c98792631e46b7000f3e4dec31da3a5eac5ef837b7761c8805c821943ca58044242cd4ef24b7913addd620f799ca6679beacf94e75e2a0,07/03/2018 03:00:00 PM,1,DRIVER,,407402,,FORD,ECONOLINE E150,IL,,UNKNOWN,VAN/MINI-VAN,UNKNOWN/NA,W,STRAIGHT AHEAD,,,1,,,,,,,,,,,,,,,,,Y,FRONT-RIGHT,,,,,,,,,,,,,,,,,,,,,,,,,,,,,,,,,
424217,745c64b9228ff59051c98792631e46b7000f3e4dec31da3a5eac5ef837b7761c8805c821943ca58044242cd4ef24b7913addd620f799ca6679beacf94e75e2a0,07/03/2018 03:00:00 PM,2,PARKED,,407382,,FORD,ECONOLINE E350,IL,,NONE,OTHER,AMBULANCE,W,PARKED,,,0,,,,,,,,,,,,Y,,,,,,FRONT-LEFT,,,,,,,,,,,,,,,,,,,,,,,,,,,,,,,,,
424169,9c217974ca21f6c50e9d79894ec80d79efafee205320d1528130203cdbaa6ac6b7004282617e55ba86ef10e8948209cc6e359867227614b701ec05b515f29ba2,07/03/2018 02:00:00 PM,1,DRIVER,,407328,,HONDA,CIVIC,IL,2001,NONE,PASSENGER,PERSONAL,W,ENTERING TRAFFIC LANE FROM PARKING,,,1,,,,,,,,,,,Y,Y,,,,,,SIDE-LEFT,,,,,,,,,,,,,,,,,,,,,,,,,,,,,,,,,
424170,9c217974ca21f6c50e9d79894ec80d79efafee205320d1528130203cdbaa6ac6b7004282617e55ba86ef10e8948209cc6e359867227614b701ec05b515f29ba2,07/03/2018 02:00:00 PM,2,DRIVER,,407337,,NISSAN,MAURANO,IL,2005,NONE,SPORT UTILITY VEHICLE (SUV),PERSONAL,W,STRAIGHT AHEAD,,,1,,,,,,Y,Y,Y,,,,,,,,,,SIDE-RIGHT,,,,,,,,,,,,,,,,,,,,,,,,,,,,,,,,,
423909,228f0cf0abf07323392c5b07a8b7003427b4561985467496513c269d8a84c7bbe235586a41beac763d007166c5a540cb129638784d7c59961d5c1a9b973e7b70,07/03/2018 09:15:00 AM,1,DRIVER,,407082,,UNKNOWN,UNKNOWN,IL,,UNKNOWN,UNKNOWN/NA,UNKNOWN/NA,UNKNOWN,UNKNOWN/NA,,,1,,,,,,,,,,,,,,,,,,UNKNOWN,,,,,,,,,,,,,,,,,,,,,,,,,,,,,,,,,
423910,228f0cf0abf07323392c5b07a8b7003427b4561985467496513c269d8a84c7bbe235586a41beac763d007166c5a540cb129638784d7c59961d5c1a9b973e7b70,07/03/2018 09:15:00 AM,2,PARKED,,407086,,CHEVROLET,"CHEVROLET-TRUCK,VAN,SUV,ETC",IL,,NONE,TRUCK - SINGLE UNIT,UNKNOWN/NA,N,PARKED,,,0,,,,,,,,,,Y,,,,,,,,REAR-LEFT,,,,,,,,,,,,,,,,,,,,,,,,,,,,,,,,,
423484,329bc91202ec1ab4095471e066c3c56dba629fb667170f9b4f634ec2eef323a53065aeadad8db7fd188e358e11b70071731662fa69fb5db86e5c751807f6ff72,07/02/2018 04:15:00 PM,1,DRIVER,,406721,,HONDA,ACCORD,IL,2003,NONE,PASSENGER,PERSONAL,E,STRAIGHT AHEAD,,,1,,,,,Y,,,,,,,,,,,,,FRONT,,,,,,,,,,,,,,,,,,,,,,,,,,,,,,,,,
423485,329bc91202ec1ab4095471e066c3c56dba629fb667170f9b4f634ec2eef323a53065aeadad8db7fd188e358e11b70071731662fa69fb5db86e5c751807f6ff72,07/02/2018 04:15:00 PM,2,DRIVER,,406736,,BUICK,REGAL,IL,2012,NONE,PASSENGER,PERSONAL,E,STRAIGHT AHEAD,,,1,,,,,,,,,Y,,,,,,,,,REAR,,,,,,,,,,,,,,,,,,,,,,,,,,,,,,,,,
423400,ebb02eedc5e8d499a2a41a4234f44415e478b54f994f6b10552c4708590d81b60b70038055efcad8bbdc6cdd34f175ff409171aef46bdddefd940729d471166f,07/02/2018 02:30:00 PM,1,DRIVER,,406637,,CHEVROLET,Trail Blazer,IL,2004,NONE,SPORT UTILITY VEHICLE (SUV),PERSONAL,N,STRAIGHT AHEAD,,,1,,,,,,,Y,,,,,,,,,,,SIDE-RIGHT,,,,,,,,,,,,,,,,,,,,,,,,,,,,,,,,,
423401,ebb02eedc5e8d499a2a41a4234f44415e478b54f994f6b10552c4708590d81b60b70038055efcad8bbdc6cdd34f175ff409171aef46bdddefd940729d471166f,07/02/2018 02:30:00 PM,2,PARKED,1,406641,,GENERAL MOTORS CORP.,ACADIA,IL,2010,NONE,SPORT UTILITY VEHICLE (SUV),OTHER,N,PARKED,,,1,,,,,,,,,,,Y,,,,,,,SIDE-LEFT,,,,,,,,,,,,,,,,,,,,,,,,,,,,,,,,,
422904,b8b831f759824a76aae8263c1cf7d26deef9d71f5e393752061a8621404f7b4b0140f5827e97383e58e5f676c284dae66a7e27a966f396b700eb2397dc3e81cf,07/01/2018 08:25:00 PM,1,DRIVER,,406191,,UNKNOWN,UNKNOWN,ME,,BRAKES,TRACTOR W/ SEMI-TRAILER,OTHER,W,STRAIGHT AHEAD,,,1,,,,Y,,,,,,,,,,,,,,REAR-LEFT,,,,,,,,,,,,,,,,,,,,,,,,,,,,,,,,,
422921,b8b831f759824a76aae8263c1cf7d26deef9d71f5e393752061a8621404f7b4b0140f5827e97383e58e5f676c284dae66a7e27a966f396b700eb2397dc3e81cf,07/01/2018 08:25:00 PM,2,PEDESTRIAN,,,,,,,,,,,,,,,,,,,,,,,,,,,,,,,,,,,,,,,,,,,,,,,,,,,,,,,,,,,,,,,,,,
422241,3aa50d704abd8fe4a28f3d1f07026a3014d8616c95baea4b76c4bda4887736725c0b928ba19af0c7faa4bdaac6b700dfed44be1e11f1bd03ba9c9b02033ef547,06/30/2018 10:27:00 PM,1,DRIVER,,405553,,MERCURY,VILLAGER,IL,,NONE,PASSENGER,PERSONAL,S,STRAIGHT AHEAD,Y,,1,,PRIVATE COMPANY,PRIVATE LOT,,,,,,,Y,Y,Y,,,,,,SIDE-LEFT,,,,,,,,,,,,,,,,,,,,,,,,,,,,,,,,,
422242,3aa50d704abd8fe4a28f3d1f07026a3014d8616c95baea4b76c4bda4887736725c0b928ba19af0c7faa4bdaac6b700dfed44be1e11f1bd03ba9c9b02033ef547,06/30/2018 10:27:00 PM,2,DRIVER,,405549,,DODGE,JOURNEY,IL,2012,NONE,PASSENGER,PERSONAL,W,STRAIGHT AHEAD,Y,,1,,PRIVATE PROPERTY,PRIVATE PROPERTY,,Y,Y,,,,,,Y,,,,,,FRONT,,,,,,,,,,,,,,,,,,,,,,,,,,,,,,,,,
420936,bb70087aaef3275f98c85ce5d1d309730b2b4965f5d6e3d1c303740bcaf859888234c879c565c1ac72f005a10b596e7044b26409764cbf410e34b74ba28b31c8,06/29/2018 11:20:00 AM,1,DRIVER,,404319,,CHEVROLET,C-1500,IL,1999,NONE,VAN/MINI-VAN,PERSONAL,W,BACKING,,,1,,,,,,,,,,,,,,,,,Y,REAR-RIGHT,,,,,,,,,,,,,,,,,,,,,,,,,,,,,,,,,
420937,bb70087aaef3275f98c85ce5d1d309730b2b4965f5d6e3d1c303740bcaf859888234c879c565c1ac72f005a10b596e7044b26409764cbf410e34b74ba28b31c8,06/29/2018 11:20:00 AM,2,PARKED,,404329,,CHEVROLET,IMPALA,IL,2018,NONE,PASSENGER,PERSONAL,E,PARKED,,,0,,,,,,,,,Y,,,,,,,,,REAR-RIGHT,,,,,,,,,,,,,,,,,,,,,,,,,,,,,,,,,
419676,031b700e7f114901e75646db8a26dc98ff558721f9a2081de9c8e45b262484d79e3a9c805e5169c4a208ca0541122e2bd3db100fd047a41c684a6ba4169d54a2,06/27/2018 10:15:00 AM,1,DRIVER,,403152,,UNKNOWN,UNKNOWN,,,UNKNOWN,UNKNOWN/NA,UNKNOWN/NA,UNKNOWN,UNKNOWN/NA,,,1,,,,,,,,,,,,,,,,,Y,UNKNOWN,,,,,,,,,,,,,,,,,,,,,,,,,,,,,,,,,
419677,031b700e7f114901e75646db8a26dc98ff558721f9a2081de9c8e45b262484d79e3a9c805e5169c4a208ca0541122e2bd3db100fd047a41c684a6ba4169d54a2,06/27/2018 10:15:00 AM,2,PARKED,,403153,,NISSAN,NISSAN MAXIMA,IL,2008,NONE,PASSENGER,PERSONAL,N,PARKED,,,0,,,,,,,,,,Y,Y,,,,,,,REAR-LEFT,,,,,,,,,,,,,,,,,,,,,,,,,,,,,,,,,
416799,6ff1d88fd01ded147fff98b6f4b266a0a7fc59da26cae3a60f71a70205da4dcc34b25470df96baddf44fc4cfb700aa0d7bdfdd83144e95940880ebcf91b7de3c,06/23/2018 02:00:00 PM,1,DRIVER,,400449,,JEEP,Grand Cherokee (for vehicle years 1989 to present),IL,2009,NONE,SPORT UTILITY VEHICLE (SUV),PERSONAL,S,AVOIDING VEHICLES/OBJECTS,,,1,,,,,Y,Y,,,,,,,,,,,,FRONT,,,,,,,,,,,,,,,,,,,,,,,,,,,,,,,,,
414563,dd10cd6bb7006d1d49ecfcf1e96cd5fa11d663219a70b9912bb509ca981d7d42dc3f64f7ad12bc733d59550bbd12118144d3911ba512877a8deefe9f2791fefe,06/20/2018 03:28:00 PM,1,DRIVER,,398407,,"TOYOTA MOTOR COMPANY, LTD.",COROLLA,IL,,UNKNOWN,PASSENGER,UNKNOWN/NA,S,STRAIGHT AHEAD,,,1,,,,,,,,,,,,,,,,,Y,FRONT,,,,,,,,,,,,,,,,,,,,,,,,,,,,,,,,,
414564,dd10cd6bb7006d1d49ecfcf1e96cd5fa11d663219a70b9912bb509ca981d7d42dc3f64f7ad12bc733d59550bbd12118144d3911ba512877a8deefe9f2791fefe,06/20/2018 03:28:00 PM,2,DRIVER,2,398418,,"TOYOTA MOTOR COMPANY, LTD.",COROLLA,IL,,UNKNOWN,PASSENGER,OTHER,S,STRAIGHT AHEAD,,,3,,,,,,,,,Y,,,,,,,,,REAR,,,,,,,,,,,,,,,,,,,,,,,,,,,,,,,,,
410621,d772f05646204723ca7d7230bba4275bdf9c3a9480a796b75fdfb92068df41d7d8b700f5ad6d40802add5633e56c3465457c062fb5904e0093cbf4184ed2a5fd,06/15/2018 03:50:00 PM,1,DRIVER,,394647,,INFINITI,M37,IL,2013,NONE,PASSENGER,PERSONAL,SE,TURNING RIGHT,,,1,,,,,,,Y,,,,,,,,,,,SIDE-RIGHT,,,,,,,,,,,,,,,,,,,,,,,,,,,,,,,,,
410622,d772f05646204723ca7d7230bba4275bdf9c3a9480a796b75fdfb92068df41d7d8b700f5ad6d40802add5633e56c3465457c062fb5904e0093cbf4184ed2a5fd,06/15/2018 03:50:00 PM,2,DRIVER,,394656,,CHEVROLET,Trail Blazer,IL,1998,NONE,SPORT UTILITY VEHICLE (SUV),PERSONAL,SE,TURNING RIGHT,,,1,,,,,,,,,,,,Y,,,,,,FRONT-LEFT,,,,,,,,,,,,,,,,,,,,,,,,,,,,,,,,,
409963,e9a2b9dfc59c9015bd23b86fd520b6ac3548c1c0ae9abb154fd63d32537aa65cedd90cf13b7000338eea874f098b72c48628a742b2670b765e71b06982089737,06/14/2018 03:57:00 PM,1,DRIVER,,394018,,CHRYSLER,TOWN & COUNTRY,,2001,UNKNOWN,VAN/MINI-VAN,PERSONAL,E,TURNING LEFT,,,1,,,,,,,,,,,,Y,,,,,,FRONT-LEFT,,,,,,,,,,,,,,,,,,,,,,,,,,,,,,,,,
409964,e9a2b9dfc59c9015bd23b86fd520b6ac3548c1c0ae9abb154fd63d32537aa65cedd90cf13b7000338eea874f098b72c48628a742b2670b765e71b06982089737,06/14/2018 03:57:00 PM,2,DRIVER,,394023,,UNKNOWN,UNKNOWN,IL,,UNKNOWN,PASSENGER,UNKNOWN/NA,W,STRAIGHT AHEAD,,,1,,,,,,,,,,Y,,,,,,,,REAR-LEFT,,,,,,,,,,,,,,,,,,,,,,,,,,,,,,,,,
409370,cb63b9288e1f99aca209b3cec340ae5d6fe2059a9bda2b7008fb9933887c03a13984237af508df276db9280bb5eb0f32a36b0e2fda38f950c39383056ef12f15,06/14/2018 05:00:00 AM,1,DRIVER,,393517,,FORD,ESCAPE (SUV),IL,2012,NONE,SPORT UTILITY VEHICLE (SUV),TAXI/FOR HIRE,N,STRAIGHT AHEAD,,,1,,,,,,Y,,,,,,,,,,,,FRONT-LEFT,,,,,,,,,,,,,,,,,,,,,,,,,,,,,,,,,
409371,cb63b9288e1f99aca209b3cec340ae5d6fe2059a9bda2b7008fb9933887c03a13984237af508df276db9280bb5eb0f32a36b0e2fda38f950c39383056ef12f15,06/14/2018 05:00:00 AM,2,DRIVER,,393520,,HYUNDAI,Santa Fe,IL,2002,NONE,SPORT UTILITY VEHICLE (SUV),PERSONAL,N,STRAIGHT AHEAD,,,1,,,,,,,,,,,,Y,,,,,,FRONT-LEFT,,,,,,,,,,,,,,,,,,,,,,,,,,,,,,,,,
409290,f5db700cfb28a4d20557127b2b843ed371f4946149aa072c6bb9880010bf1cdb0b193edc20f3312ae83a4f8b052790ff433851eac4920e388aa53c33c1d0f96e,06/13/2018 08:40:00 PM,1,DRIVER,,393440,,FORD,FUSION,IL,2014,NONE,PASSENGER,PERSONAL,E,STRAIGHT AHEAD,,,1,,,,,,,,,,,,Y,,,,,,FRONT-LEFT,,,,,,,,,,,,,,,,,,,,,,,,,,,,,,,,,
409291,f5db700cfb28a4d20557127b2b843ed371f4946149aa072c6bb9880010bf1cdb0b193edc20f3312ae83a4f8b052790ff433851eac4920e388aa53c33c1d0f96e,06/13/2018 08:40:00 PM,2,DRIVER,,393460,,HYUNDAI,ELANTRA,IL,2006,NONE,PASSENGER,PERSONAL,W,TURNING LEFT,,,1,,,,,,Y,,,,,,,,,,,,FRONT-RIGHT,,,,,,,,,,,,,,,,,,,,,,,,,,,,,,,,,
408652,1566f6bcb3e9cbfc32c9c6a23b7001f11dd8c3d2ee171d80fdccc86240f5a5a12f84fbfc44cf60bd8efdc13d8699560bc3d1d2ba2eb6ebcd291d3d9b7cbe7b29,06/13/2018 08:30:00 AM,1,DRIVER,,392830,,CUB CADET (MFD. BY INTERNATIONAL HARVESTER CO.),CUB CADET (MFD. BY INTERNATIONAL HARVESTER CO.),WA,2015,NONE,TRACTOR W/ SEMI-TRAILER,OTHER,W,STRAIGHT AHEAD,,,1,,,,,,,,,,,,,,,,,,ROOF,,,,,,,,,,,,,,,,,,,,,,,,,,,,,,,,,
408529,aa7a808bfdb74939e165707f8f8e6c3ce6f744407b913b390b72de96f3e0526474bb7329b70062be57d2ecb66522d1172456bda8086ae7e09394dd54eeaf190c,06/12/2018 09:30:00 PM,1,DRIVER,,392704,,HONDA,CIVIC,IL,2012,UNKNOWN,PASSENGER,PERSONAL,E,STRAIGHT AHEAD,,,1,,,,,Y,,,,,,,Y,,,,,,FRONT-LEFT,,,,,,,,,,,,,,,,,,,,,,,,,,,,,,,,,
408530,aa7a808bfdb74939e165707f8f8e6c3ce6f744407b913b390b72de96f3e0526474bb7329b70062be57d2ecb66522d1172456bda8086ae7e09394dd54eeaf190c,06/12/2018 09:30:00 PM,2,DRIVER,,392717,,SUBARU,LEGACY,IL,2004,UNKNOWN,PASSENGER,PERSONAL,W,TURNING LEFT,,,1,,,,,Y,Y,,,,,,Y,,,,,,FRONT-RIGHT,,,,,,,,,,,,,,,,,,,,,,,,,,,,,,,,,
406388,0c2b1aa5ca32bee6daffb6e8166bd1b98f741bb908bfc410d99320da5bb8c366f83cccbd93297d8dc7988c7c6b1a9bad7ecab700a13a56f5cc7191d0302a1202,06/10/2018 09:40:00 AM,1,DRIVER,,390714,,"TOYOTA MOTOR COMPANY, LTD.",Matrix (sport wagon),IL,,NONE,PASSENGER,PERSONAL,NW,ENTERING TRAFFIC LANE FROM PARKING,Y,,1,,,,,,N,,,,,,Y,,,,,,FRONT,,,,,,,,,,,,,,,,,,,,,,,,,,,,,,,,,
406389,0c2b1aa5ca32bee6daffb6e8166bd1b98f741bb908bfc410d99320da5bb8c366f83cccbd93297d8dc7988c7c6b1a9bad7ecab700a13a56f5cc7191d0302a1202,06/10/2018 09:40:00 AM,2,DRIVER,,390721,,CHEVROLET,SUBURBAN,IL,,NONE,PASSENGER,PERSONAL,NW,STRAIGHT AHEAD,,,1,,,,,,Y,,,,,,,,,,,,FRONT-RIGHT,,,,,,,,,,,,,,,,,,,,,,,,,,,,,,,,,
406132,671a4582896f2a025c56306b13e1ff12f9fca95be56ac604355c74ed7825279b700d823c97f12cd9926341cd3dd8b6a44f4d907297cc6174a2b7a97e719ed2ff,06/09/2018 09:05:00 PM,1,DRIVER,1,390466,,DODGE,RAM 1500 PU,AZ,2016,UNKNOWN,PICKUP,UNKNOWN/NA,W,DRIVING WRONG WAY,Y,,2,,CITY TOW,701 N SACRAMENTO,,Y,,,,,,,,,,,,,FRONT,,,,,,,,,,,,,,,,,,,,,,,,,,,,,,,,,
406133,671a4582896f2a025c56306b13e1ff12f9fca95be56ac604355c74ed7825279b700d823c97f12cd9926341cd3dd8b6a44f4d907297cc6174a2b7a97e719ed2ff,06/09/2018 09:05:00 PM,2,DRIVER,2,390468,,HYUNDAI,ELANTRA,IL,2016,UNKNOWN,PASSENGER,PERSONAL,E,STRAIGHT AHEAD,Y,,3,,CITY TOW,701 N SACRAMENTO,,Y,,,,,,,,,,,,,FRONT,,,,,,,,,,,,,,,,,,,,,,,,,,,,,,,,,
406005,d7162f4ab27a6091fd27fabb70022a77b2c22c4399b2e3a6e1391668c3732593a0bb1c0f1211e277a05af2bc4d056c5c0d9268f5f0aa21973f03fe254abe8a78,06/09/2018 05:53:00 PM,1,BICYCLE,,,,,,,,,,,,,,,,,,,,,,,,,,,,,,,,,,,,,,,,,,,,,,,,,,,,,,,,,,,,,,,,,,
406006,d7162f4ab27a6091fd27fabb70022a77b2c22c4399b2e3a6e1391668c3732593a0bb1c0f1211e277a05af2bc4d056c5c0d9268f5f0aa21973f03fe254abe8a78,06/09/2018 05:53:00 PM,2,DRIVER,,390377,,LEXUS,UNKNOWN,,,UNKNOWN,PASSENGER,UNKNOWN/NA,UNKNOWN,UNKNOWN/NA,,,1,,,,,,,,,,,,,,,,,Y,UNKNOWN,,,,,,,,,,,,,,,,,,,,,,,,,,,,,,,,,
405637,c87d28e101873f014080f1fe5e5a4d49cb7005dd3b2aca434c7429c8efab53c3999d5ee8bd4f8be6d4b6491804d495dbb7f9aa3714eef8a1ba89b1659c1616d9,06/08/2018 05:20:00 PM,1,DRIVER,,390007,,KIA MOTORS CORP,Sedona,IL,2008,UNKNOWN,SPORT UTILITY VEHICLE (SUV),UNKNOWN/NA,NW,TURNING LEFT,,,1,,,,Y,,,,,,,,,,,,,,NONE,,,,,,,,,,,,,,,,,,,,,,,,,,,,,,,,,
405638,c87d28e101873f014080f1fe5e5a4d49cb7005dd3b2aca434c7429c8efab53c3999d5ee8bd4f8be6d4b6491804d495dbb7f9aa3714eef8a1ba89b1659c1616d9,06/08/2018 05:20:00 PM,2,DRIVER,,390018,,NISSAN,NISSAN MAXIMA,IL,2016,NONE,PASSENGER,PERSONAL,S,SLOW/STOP IN TRAFFIC,,,1,,,,,,,,,,Y,,,,,,,,SIDE-LEFT,,,,,,,,,,,,,,,,,,,,,,,,,,,,,,,,,
405119,a3c621394386d34f4f699397025d2333fb7e513fede2b96794dc49dd047f299314a6517ef01dc2376cb70049929c66ef60b9b00c7dc21127a4fe614095eba706,06/08/2018 04:15:00 PM,1,DRIVER,,389507,,CHEVROLET,UNKNOWN,IL,2015,UNKNOWN,SPORT UTILITY VEHICLE (SUV),PERSONAL,S,CHANGING LANES,,,1,,,,,,Y,,,,,,,,,,,,FRONT-RIGHT,,,,,,,,,,,,,,,,,,,,,,,,,,,,,,,,,
405120,a3c621394386d34f4f699397025d2333fb7e513fede2b96794dc49dd047f299314a6517ef01dc2376cb70049929c66ef60b9b00c7dc21127a4fe614095eba706,06/08/2018 04:15:00 PM,2,DRIVER,,389510,,CHEVROLET,C K 1500,IL,2012,UNKNOWN,PICKUP,PERSONAL,S,CHANGING LANES,,,1,,,,,,,,,,Y,,,,,,,,REAR-LEFT,,,,,,,,,,,,,,,,,,,,,,,,,,,,,,,,,
404926,af960e2dfe023f639b4a4e34e57e7c4b4b6c0cb70015082dbebdb37c1cc0ba1de484046da1116e1b312f160ecf5f788fb5b62a069c87c7e6ca699dca725147e6,06/08/2018 09:50:00 AM,1,DRIVER,,389335,,FORD,Focus,IL,2001,UNKNOWN,PASSENGER,PERSONAL,S,STRAIGHT AHEAD,,,1,,,,,Y,,,,,,,,,,,,,FRONT,,,,,,,,,,,,,,,,,,,,,,,,,,,,,,,,,
404927,af960e2dfe023f639b4a4e34e57e7c4b4b6c0cb70015082dbebdb37c1cc0ba1de484046da1116e1b312f160ecf5f788fb5b62a069c87c7e6ca699dca725147e6,06/08/2018 09:50:00 AM,2,DRIVER,,389341,,CHEVROLET,CRUZE,IL,2012,UNKNOWN,PASSENGER,PERSONAL,S,SLOW/STOP IN TRAFFIC,Y,,1,,Private by cook county tow,private lot,,Y,,,,Y,,,,,,,,,REAR,,,,,,,,,,,,,,,,,,,,,,,,,,,,,,,,,
404928,af960e2dfe023f639b4a4e34e57e7c4b4b6c0cb70015082dbebdb37c1cc0ba1de484046da1116e1b312f160ecf5f788fb5b62a069c87c7e6ca699dca725147e6,06/08/2018 09:50:00 AM,3,DRIVER,,389346,,DODGE,JOURNEY,IL,2014,UNKNOWN,PASSENGER,PERSONAL,S,SLOW/STOP IN TRAFFIC,,,1,,,,,Y,,,,Y,,,,,,,,,REAR,,,,,,,,,,,,,,,,,,,,,,,,,,,,,,,,,
404929,af960e2dfe023f639b4a4e34e57e7c4b4b6c0cb70015082dbebdb37c1cc0ba1de484046da1116e1b312f160ecf5f788fb5b62a069c87c7e6ca699dca725147e6,06/08/2018 09:50:00 AM,4,DRIVER,,389352,,NISSAN,SENTRA (DATSUN AND NISSAN HAVE MERGED),IL,2002,NONE,PASSENGER,PERSONAL,S,SLOW/STOP IN TRAFFIC,,,1,,,,,,,,,Y,,,,,,,,,REAR,,,,,,,,,,,,,,,,,,,,,,,,,,,,,,,,,
403617,602ff8e8fdc7d3cf9ab700710a940238347472b1d9edb13f01f07165324aaefd2742c9565881b3aeff0a8f79725dab18f89b1495a7c61db24ddb34068e33caa6,06/06/2018 04:30:00 PM,1,DRIVER,,388108,,FORD,ESCAPE (SUV),TX,,NONE,SPORT UTILITY VEHICLE (SUV),PERSONAL,UNKNOWN,BACKING,,,1,,,,,,,,Y,Y,Y,,,,,,,,REAR,,,,,,,,,,,,,,,,,,,,,,,,,,,,,,,,,
403618,602ff8e8fdc7d3cf9ab700710a940238347472b1d9edb13f01f07165324aaefd2742c9565881b3aeff0a8f79725dab18f89b1495a7c61db24ddb34068e33caa6,06/06/2018 04:30:00 PM,2,DRIVER,,388106,,PONTIAC,G6,,2008,NONE,PASSENGER,PERSONAL,UNKNOWN,SLOW/STOP IN TRAFFIC,,,1,,,,,,,,,,N,Y,Y,,,,,,SIDE-LEFT,,,,,,,,,,,,,,,,,,,,,,,,,,,,,,,,,
404983,ee4754cff4d3025b3404b0e748b627928a5d4fb6dfb3e9b664e5017d088942ab14f9aa0d6de78d8b0a4527b700c6417c2932f3bc387fa30f20a5386566fdde99,06/05/2018 02:55:00 PM,1,DRIVER,,389374,,HONDA,UNKNOWN,IL,1998,UNKNOWN,PASSENGER,PERSONAL,E,STRAIGHT AHEAD,,,1,,,,,Y,,,,,,,,,,,,,FRONT,,,,,,,,,,,,,,,,,,,,,,,,,,,,,,,,,
404984,ee4754cff4d3025b3404b0e748b627928a5d4fb6dfb3e9b664e5017d088942ab14f9aa0d6de78d8b0a4527b700c6417c2932f3bc387fa30f20a5386566fdde99,06/05/2018 02:55:00 PM,2,DRIVER,,389369,,MERCEDES-BENZ,UNKNOWN,IL,2013,NONE,PASSENGER,PERSONAL,E,STRAIGHT AHEAD,,,1,,,,,,,,,Y,,,,,,,,,REAR,,,,,,,,,,,,,,,,,,,,,,,,,,,,,,,,,