CRASH_UNIT_ID,CRASH_RECORD_ID,CRASH_DATE,UNIT_NO,UNIT_TYPE,NUM_PASSENGERS,VEHICLE_ID,CMRC_VEH_I,MAKE,MODEL,LIC_PLATE_STATE,VEHICLE_YEAR,VEHICLE_DEFECT,VEHICLE_TYPE,VEHICLE_USE,TRAVEL_DIRECTION,MANEUVER,TOWED_I,FIRE_I,OCCUPANT_CNT,EXCEED_SPEED_LIMIT_I,TOWED_BY,TOWED_TO,AREA_00_I,AREA_01_I,AREA_02_I,AREA_03_I,AREA_04_I,AREA_05_I,AREA_06_I,AREA_07_I,AREA_08_I,AREA_09_I,AREA_10_I,AREA_11_I,AREA_12_I,AREA_99_I,FIRST_CONTACT_POINT,CMV_ID,USDOT_NO,CCMC_NO,ILCC_NO,COMMERCIAL_SRC,GVWR,CARRIER_NAME,CARRIER_STATE,CARRIER_CITY,HAZMAT_PLACARDS_I,HAZMAT_NAME,UN_NO,HAZMAT_PRESENT_I,HAZMAT_REPORT_I,HAZMAT_REPORT_NO,MCS_REPORT_I,MCS_REPORT_NO,HAZMAT_VIO_CAUSE_CRASH_I,MCS_VIO_CAUSE_CRASH_I,IDOT_PERMIT_NO,WIDE_LOAD_I,TRAILER1_WIDTH,TRAILER2_WIDTH,TRAILER1_LENGTH,TRAILER2_LENGTH,TOTAL_VEHICLE_LENGTH,AXLE_CNT,VEHICLE_CONFIG,CARGO_BODY_TYPE,LOAD_TYPE,HAZMAT_OUT_OF_SERVICE_I,MCS_OUT_OF_SERVICE_I,HAZMAT_CLASS
402208,5b700c6e02206593c45db57a755c2584f1252e5d8f44ae70889b8f7b8fe59ab8ee49a734e18473c6a361bc045cf00e4dda8f540c8aa61290cef45f2618285ad3,06/04/2018 05:00:00 PM,1,DRIVER,2,386759,,CHEVROLET,TRAVERSE,IL,2018,NONE,SPORT UTILITY VEHICLE (SUV),PERSONAL,N,TURNING RIGHT,,,3,,,,,Y,Y,,,,,,Y,,,,,,FRONT,,,,,,,,,,,,,,,,,,,,,,,,,,,,,,,,,
402209,5b700c6e02206593c45db57a755c2584f1252e5d8f44ae70889b8f7b8fe59ab8ee49a734e18473c6a361bc045cf00e4dda8f540c8aa61290cef45f2618285ad3,06/04/2018 05:00:00 PM,2,DRIVER,,386771,Y,INTERNATIONAL TRAILER CORP.,INTERNATIONAL TRAILER CORP.,IL,2007,NONE,TRUCK - SINGLE UNIT,COMMERCIAL - SINGLE UNIT,N,TURNING RIGHT,,,1,,,,,,,,,Y,,,,,,,,,REAR,,,,,,,,,,,,,,,,,,,,,,,,,,,,,,,,,
399999,c666c0fe6cb2589211f4693fcf02bba3225979454eafc8d0354ddd55b891b700fa5fa8960c570b7dea3644f161cbe145d8067157bbf4dd8da1a4d86173f85750,06/01/2018 08:45:00 PM,1,DRIVER,,384674,,UNKNOWN,UNKNOWN,XX,,UNKNOWN,UNKNOWN/NA,UNKNOWN/NA,N,UNKNOWN/NA,,,1,,,,,Y,,,,,,Y,Y,,,,,,FRONT-LEFT,,,,,,,,,,,,,,,,,,,,,,,,,,,,,,,,,
400000,c666c0fe6cb2589211f4693fcf02bba3225979454eafc8d0354ddd55b891b700fa5fa8960c570b7dea3644f161cbe145d8067157bbf4dd8da1a4d86173f85750,06/01/2018 08:45:00 PM,2,PARKED,,384656,,CADILLAC,SRX,IN,2007,UNKNOWN,PASSENGER,PERSONAL,N,PARKED,,,0,,,,,,Y,,,,,,,,,,,,FRONT-RIGHT,,,,,,,,,,,,,,,,,,,,,,,,,,,,,,,,,
400001,c666c0fe6cb2589211f4693fcf02bba3225979454eafc8d0354ddd55b891b700fa5fa8960c570b7dea3644f161cbe145d8067157bbf4dd8da1a4d86173f85750,06/01/2018 08:45:00 PM,3,PARKED,,384659,,BUICK,CENTURY,IL,1993,UNKNOWN,PASSENGER,PERSONAL,N,PARKED,,,0,,,,,,,Y,Y,,,,,,,,,,REAR-RIGHT,,,,,,,,,,,,,,,,,,,,,,,,,,,,,,,,,
395891,6f3cced3d8d7c0eb700aad2a6eb01d6ac25e854f6a11997d335fb1aaf3051e06f1b5232a5bcbd3db7ebef342b97c955227c90cfa2077945d925afe392faa4abc,05/27/2018 05:45:00 PM,1,DRIVER,,380786,,DODGE,CARAVAN,IL,2006,NONE,VAN/MINI-VAN,PERSONAL,SE,TURNING LEFT,Y,,1,,PRIVATE,,,Y,,,,,,,Y,,,,,,FRONT-LEFT,,,,,,,,,,,,,,,,,,,,,,,,,,,,,,,,,
395892,6f3cced3d8d7c0eb700aad2a6eb01d6ac25e854f6a11997d335fb1aaf3051e06f1b5232a5bcbd3db7ebef342b97c955227c90cfa2077945d925afe392faa4abc,05/27/2018 05:45:00 PM,2,DRIVER,,380794,,HYUNDAI,Accent,IL,2017,NONE,PASSENGER,PERSONAL,W,STRAIGHT AHEAD,,,1,,,,,Y,Y,,,,,,Y,,,,,,FRONT,,,,,,,,,,,,,,,,,,,,,,,,,,,,,,,,,
395157,d43dbd7d2f5038ef8a0dfbdc15b46da2829c8549ce4adad324c3c190b7003574bf6ab7eddb157a719c990d7cbf13b8e737589239363ec9dff99ffba72ea06eef,05/26/2018 06:30:00 PM,2,PARKED,,380091,,MUSTANG,MUSTANG,IL,2007,NONE,PASSENGER,NOT IN USE,E,PARKED,,,0,,,,,Y,,,,,,,,,,,,,FRONT,,,,,,,,,,,,,,,,,,,,,,,,,,,,,,,,,
395158,d43dbd7d2f5038ef8a0dfbdc15b46da2829c8549ce4adad324c3c190b7003574bf6ab7eddb157a719c990d7cbf13b8e737589239363ec9dff99ffba72ea06eef,05/26/2018 06:30:00 PM,1,DRIVER,,380099,,UNKNOWN,UNKNOWN,XX,,UNKNOWN,UNKNOWN/NA,UNKNOWN/NA,UNKNOWN,UNKNOWN/NA,,,1,,,,,,,,,Y,,,,,,,,,REAR,,,,,,,,,,,,,,,,,,,,,,,,,,,,,,,,,
394914,114290fca8d88cfd49c7b7e6e6f983bdbbc07db018d7ccc1b700b1eee61458b1211eed09f764b7d12dd699f6c9a20473124d11055b042c3f04c9f77918821370,05/25/2018 06:00:00 PM,1,DRIVER,,379878,,UNKNOWN,UNKNOWN,IL,,NONE,PASSENGER,PERSONAL,S,OTHER,,,1,,,,,,Y,Y,,,,,,,,,,,SIDE-RIGHT,,,,,,,,,,,,,,,,,,,,,,,,,,,,,,,,,
394915,114290fca8d88cfd49c7b7e6e6f983bdbbc07db018d7ccc1b700b1eee61458b1211eed09f764b7d12dd699f6c9a20473124d11055b042c3f04c9f77918821370,05/25/2018 06:00:00 PM,2,PARKED,,379875,,LINCOLN-CONTINENTAL,Mark VIII,IL,1998,NONE,PASSENGER,PERSONAL,S,PARKED,,,0,,,,,,,,,,,,Y,,,,,,FRONT-LEFT,,,,,,,,,,,,,,,,,,,,,,,,,,,,,,,,,
392513,f7ed98f5c5ff423fa3303b35cfa1f45fcbe623301cfe4b0ddef79eb3ad25b8354f425726c3f97a00db264e6ffd86c325665c3b7008033bd4463795e04182ca5d,05/23/2018 05:30:00 PM,1,DRIVER,,377719,,CHEVROLET,CHEVROLET,IL,2001,UNKNOWN,PICKUP,UNKNOWN/NA,W,STRAIGHT AHEAD,,,1,,,,,,,,,,,,,,,,,Y,FRONT-RIGHT,,,,,,,,,,,,,,,,,,,,,,,,,,,,,,,,,
392514,f7ed98f5c5ff423fa3303b35cfa1f45fcbe623301cfe4b0ddef79eb3ad25b8354f425726c3f97a00db264e6ffd86c325665c3b7008033bd4463795e04182ca5d,05/23/2018 05:30:00 PM,2,DRIVER,,377727,,CHEVROLET,MALIBU (CHEVELLE),IL,2016,NONE,PASSENGER,PERSONAL,W,STRAIGHT AHEAD,,,1,,,,,,,,,,Y,,,,,,,,REAR-LEFT,,,,,,,,,,,,,,,,,,,,,,,,,,,,,,,,,
388781,52cdd9d286d70d83bcd61369118dd68d325b2daa19e71add5a0c286a5117f9c92478c5b91b85a696ec8c55bda17370e95b1a691fa84a4f196ae5164b700e78ef,05/18/2018 03:30:00 PM,1,DRIVER,2,374188,,CHEVROLET,EQUINOX,IL,2015,TIRES,PASSENGER,PERSONAL,E,SKIDDING/CONTROL LOSS,Y,,3,Y,City of Chicago,#6,,,,N,,,,,Y,,N,N,,,FRONT-LEFT,,,,,,,,,,,,,,,,,,,,,,,,,,,,,,,,,
388782,52cdd9d286d70d83bcd61369118dd68d325b2daa19e71add5a0c286a5117f9c92478c5b91b85a696ec8c55bda17370e95b1a691fa84a4f196ae5164b700e78ef,05/18/2018 03:30:00 PM,2,DRIVER,,374209,,NISSAN,SENTRA (DATSUN AND NISSAN HAVE MERGED),IL,1999,NONE,PASSENGER,PERSONAL,W,STARTING IN TRAFFIC,Y,,1,,Private Tow,Home,,,,,,,,,Y,,Y,,,,FRONT-LEFT,,,,,,,,,,,,,,,,,,,,,,,,,,,,,,,,,
388304,23fcdaadea6a3c532aa85b4764786d7996b3b0fab88b6323f69fb12e4aca3fa2cf642d81b70022a6d36d0c34672b73ac5bb7bd554126a54e96424128b094d1a6,05/17/2018 10:25:00 PM,1,DRIVER,,373744,,BUICK,ENCLAVE,IL,2014,UNKNOWN,SPORT UTILITY VEHICLE (SUV),PERSONAL,E,STRAIGHT AHEAD,,,1,,,,,Y,,,,,,,Y,,,,,,FRONT-LEFT,,,,,,,,,,,,,,,,,,,,,,,,,,,,,,,,,
388305,23fcdaadea6a3c532aa85b4764786d7996b3b0fab88b6323f69fb12e4aca3fa2cf642d81b70022a6d36d0c34672b73ac5bb7bd554126a54e96424128b094d1a6,05/17/2018 10:25:00 PM,2,DRIVER,,373746,,HONDA,ACCORD,IL,1999,NONE,PASSENGER,PERSONAL,S,STRAIGHT AHEAD,Y,,1,,private tow,unknown,,Y,Y,,,,,,,,,,,,FRONT-RIGHT,,,,,,,,,,,,,,,,,,,,,,,,,,,,,,,,,
386956,1267ccb7005b259a004e0d43628e28b2b52ccc776f3a7f0c959edb31fdee7a9b17a2978e889a41ab9e077cff9898e02ac6aafeeffbf0e85e0426fc19e35e3fc9,05/16/2018 08:10:00 AM,1,DRIVER,,372478,,NISSAN,UNKNOWN,IL,,UNKNOWN,PASSENGER,UNKNOWN/NA,N,STRAIGHT AHEAD,,,1,,,,,Y,,,,,,,,,,,,,FRONT,,,,,,,,,,,,,,,,,,,,,,,,,,,,,,,,,
386957,1267ccb7005b259a004e0d43628e28b2b52ccc776f3a7f0c959edb31fdee7a9b17a2978e889a41ab9e077cff9898e02ac6aafeeffbf0e85e0426fc19e35e3fc9,05/16/2018 08:10:00 AM,2,DRIVER,,372484,,"TOYOTA MOTOR COMPANY, LTD.",CAMRY,IL,,NONE,PASSENGER,PERSONAL,W,STRAIGHT AHEAD,,,1,,,,,,,,,,,Y,,,,,,,SIDE-LEFT,,,,,,,,,,,,,,,,,,,,,,,,,,,,,,,,,
385937,dde0b14e5ae1e4eb20ec84eb6e38fcb48ed7fc028c2db70073dd1a2ce6a5e157f4ad1b466931e30029543a5b69d4bb0e9d93c126dc76b28a5849b778324ecb44,05/14/2018 04:35:00 PM,1,DRIVER,,371528,,"TOYOTA MOTOR COMPANY, LTD.",COROLLA,FL,2000,UNKNOWN,PASSENGER,PERSONAL,W,ENTER FROM DRIVE/ALLEY,Y,,1,,PRIVATE TOW,UNKNOWN,,Y,,,,,,Y,Y,,,,,,FRONT-LEFT,,,,,,,,,,,,,,,,,,,,,,,,,,,,,,,,,
385938,dde0b14e5ae1e4eb20ec84eb6e38fcb48ed7fc028c2db70073dd1a2ce6a5e157f4ad1b466931e30029543a5b69d4bb0e9d93c126dc76b28a5849b778324ecb44,05/14/2018 04:35:00 PM,2,DRIVER,,371534,,DODGE,NEON,IL,2001,UNKNOWN,PASSENGER,PERSONAL,S,STRAIGHT AHEAD,Y,,1,,PRIVATE TOW,UNKNOWN,,Y,,,,,,Y,Y,,,,,,FRONT-LEFT,,,,,,,,,,,,,,,,,,,,,,,,,,,,,,,,,
383626,928259a6d61b962ff27da8042c159d145095bd132ee644c5f040d6f8b2bcf73014b70093c5e4ebb2159cd9c55743e91072f366d8487d52e2af54fbb439c7c7d2,05/11/2018 02:00:00 PM,1,DRIVER,,369413,,"TOYOTA MOTOR COMPANY, LTD.",CAMRY,IL,2013,NONE,PASSENGER,PERSONAL,E,CHANGING LANES,Y,,1,,PRIVATE,,,,,,,,,,Y,,,,,,FRONT-LEFT,,,,,,,,,,,,,,,,,,,,,,,,,,,,,,,,,
383627,928259a6d61b962ff27da8042c159d145095bd132ee644c5f040d6f8b2bcf73014b70093c5e4ebb2159cd9c55743e91072f366d8487d52e2af54fbb439c7c7d2,05/11/2018 02:00:00 PM,2,DRIVER,1,369416,,NISSAN,NISSAN ALTIMA,IL,2009,NONE,PASSENGER,TAXI/FOR HIRE,E,STRAIGHT AHEAD,Y,,2,,PRIVATE,,,,Y,,,,,,,,,,,,FRONT-RIGHT,,,,,,,,,,,,,,,,,,,,,,,,,,,,,,,,,
383118,b86b47fd6d5b50e88439f71649b711fced7db46aead64b018df4af34f6cc4c4731ea10483637f21898f242eb2a2623ab7fe9518bf4b027ca2b5bc38c77b7004f,05/10/2018 07:15:00 PM,1,DRIVER,,368932,N,CHEVROLET,EQUINOX,IL,2017,NONE,SPORT UTILITY VEHICLE (SUV),COMMERCIAL - SINGLE UNIT,N,PASSING/OVERTAKING,Y,,1,,private,unknown,,,Y,,,,,,N,,,,,,FRONT-RIGHT,,,,,,,,,,,,,,,,,,,,,,,,,,,,,,,,,
383119,b86b47fd6d5b50e88439f71649b711fced7db46aead64b018df4af34f6cc4c4731ea10483637f21898f242eb2a2623ab7fe9518bf4b027ca2b5bc38c77b7004f,05/10/2018 07:15:00 PM,2,DRIVER,,368939,,HYUNDAI,ELANTRA,IN,2017,NONE,PASSENGER,RIDESHARE SERVICE,N,TURNING LEFT,,,1,,,,,,,,,,,Y,Y,,,,,,FRONT-LEFT,,,,,,,,,,,,,,,,,,,,,,,,,,,,,,,,,
383035,446de3e3a71fd617aaa3382564e37311c531dbd76077cfcf71905dad7090bca977ba11874bb139d813bdd84531b70078609c03c70753735a9e5605eae0da92d1,05/10/2018 05:45:00 PM,1,DRIVER,2,368849,,"TOYOTA MOTOR COMPANY, LTD.",RAV4 (sport utility),IL,,UNKNOWN,UNKNOWN/NA,UNKNOWN/NA,E,STRAIGHT AHEAD,,,3,,,,,Y,Y,,,,,,Y,,,,,,UNKNOWN,,,,,,,,,,,,,,,,,,,,,,,,,,,,,,,,,
383036,446de3e3a71fd617aaa3382564e37311c531dbd76077cfcf71905dad7090bca977ba11874bb139d813bdd84531b70078609c03c70753735a9e5605eae0da92d1,05/10/2018 05:45:00 PM,2,DRIVER,,368859,,FORD,F250,IL,2016,NONE,TRUCK - SINGLE UNIT,COMMERCIAL - SINGLE UNIT,E,SLOW/STOP IN TRAFFIC,,,1,,,,,,,,,Y,,,,,,,,,REAR,,,,,,,,,,,,,,,,,,,,,,,,,,,,,,,,,
381808,2383cff871d22ebb0b53d29ba7c4aea66dd6b53ea8663d1c1d6b700811b41d0331bc0c4b66403026e8329b8dfb5cdd28499f1952c811f99cf6a9c2ab9d7fd7b7,05/08/2018 10:00:00 PM,1,DRIVER,,367790,,CHEVROLET,UNKNOWN,IL,2015,UNKNOWN,PASSENGER,PERSONAL,W,STRAIGHT AHEAD,,,1,,,,,,,,,,,,,,,,,Y,UNKNOWN,,,,,,,,,,,,,,,,,,,,,,,,,,,,,,,,,
381809,2383cff871d22ebb0b53d29ba7c4aea66dd6b53ea8663d1c1d6b700811b41d0331bc0c4b66403026e8329b8dfb5cdd28499f1952c811f99cf6a9c2ab9d7fd7b7,05/08/2018 10:00:00 PM,2,DRIVER,,367778,,VOLKSWAGEN,UNKNOWN,IL,2019,NONE,PASSENGER,PERSONAL,W,SLOW/STOP IN TRAFFIC,,,1,,,,,,,,,Y,,,,,,,,,REAR,,,,,,,,,,,,,,,,,,,,,,,,,,,,,,,,,
381105,69566f0301e4e277dbb551983c51828caab80cb7f4ff82c1f35022b9b214fbc04820ef187f834d8ae1d625d21d8e15502b7007cdeb3721fe8432f75aaff88880,05/08/2018 12:15:00 PM,1,DRIVER,,367099,,NISSAN,NISSAN MAXIMA,IL,2003,NONE,PASSENGER,PERSONAL,S,OTHER,,,1,,,,,,,,,,,Y,,,,,,,SIDE-LEFT,,,,,,,,,,,,,,,,,,,,,,,,,,,,,,,,,
381106,69566f0301e4e277dbb551983c51828caab80cb7f4ff82c1f35022b9b214fbc04820ef187f834d8ae1d625d21d8e15502b7007cdeb3721fe8432f75aaff88880,05/08/2018 12:15:00 PM,2,PARKED,,367101,,AUDI,Q5,IL,2016,NONE,SPORT UTILITY VEHICLE (SUV),NOT IN USE,S,PARKED,,,0,,,,,,,,Y,,,,,,,,,,REAR-RIGHT,,,,,,,,,,,,,,,,,,,,,,,,,,,,,,,,,
380916,3a33f556a11563c667384dd765fc9298a7e8d9d547a2842b1c1318210a0b70095de22219fe7dec52e8f8cdd5f8941dbe6fa5cd002f7d412c174ad96e748ef54e,05/08/2018 07:30:00 AM,1,DRIVER,2,366928,,NISSAN,NISSAN ALTIMA,IL,2011,UNKNOWN,PASSENGER,PERSONAL,W,PASSING/OVERTAKING,,,3,,,,,,Y,,,,,,,,,,,,FRONT-RIGHT,,,,,,,,,,,,,,,,,,,,,,,,,,,,,,,,,
380917,3a33f556a11563c667384dd765fc9298a7e8d9d547a2842b1c1318210a0b70095de22219fe7dec52e8f8cdd5f8941dbe6fa5cd002f7d412c174ad96e748ef54e,05/08/2018 07:30:00 AM,2,DRIVER,,366942,,ACURA (DIV. OF AMERICAN HONDA MOTOR CO.),TL,IL,2003,NONE,PASSENGER,PERSONAL,W,SLOW/STOP IN TRAFFIC,,,1,,,,,,,,,,,Y,,,,,,,SIDE-LEFT,,,,,,,,,,,,,,,,,,,,,,,,,,,,,,,,,
380502,6ca93fa2fad565983a5aa45cd8ae31f4eed0a93c5c1dd14f02807b700d59f976957b1a8e1a2d560591f8ce21d19771ff7ddd0af0b46eb4c2a82f6bd764e74a2d,05/07/2018 02:20:00 PM,1,DRIVER,,366522,,"MCBURNIE COACH CRAFT, INC., SANTEE,CA","MCBURNIE COACH CRAFT, INC., SANTEE,CA",IL,2017,NONE,BUS OVER 15 PASS.,OTHER TRANSIT,E,BACKING,,,1,,,,,,,,,Y,,,,,,,,,REAR,,,,,,,,,,,,,,,,,,,,,,,,,,,,,,,,,
380503,6ca93fa2fad565983a5aa45cd8ae31f4eed0a93c5c1dd14f02807b700d59f976957b1a8e1a2d560591f8ce21d19771ff7ddd0af0b46eb4c2a82f6bd764e74a2d,05/07/2018 02:20:00 PM,2,DRIVER,1,366528,,HONDA,ACCORD,IL,2016,NONE,PASSENGER,PERSONAL,E,STRAIGHT AHEAD,,,2,,,,,Y,,,,,,,,,,,,,FRONT,,,,,,,,,,,,,,,,,,,,,,,,,,,,,,,,,
380444,fe34281f90cbb978b189e13a8fe82df0563750996f8ea8cd480c29f3d5659b700d21292d7f38a55f7cc026bfe2e26b558e75fff9f632d3743bbaf68ae3e1bba3,05/07/2018 12:08:00 PM,1,DRIVER,,366459,,CHRYSLER,PT Cruiser,,,UNKNOWN,UNKNOWN/NA,UNKNOWN/NA,UNKNOWN,UNKNOWN/NA,,,1,,,,,,,,,,,,,,,,,Y,FRONT-RIGHT,,,,,,,,,,,,,,,,,,,,,,,,,,,,,,,,,
380445,fe34281f90cbb978b189e13a8fe82df0563750996f8ea8cd480c29f3d5659b700d21292d7f38a55f7cc026bfe2e26b558e75fff9f632d3743bbaf68ae3e1bba3,05/07/2018 12:08:00 PM,2,PARKED,,366481,,FORD,ESCAPE (SUV),,2008,NONE,SPORT UTILITY VEHICLE (SUV),NOT IN USE,UNKNOWN,PARKED,,,0,,,,,Y,Y,,,,,,,,,,,,FRONT-RIGHT,,,,,,,,,,,,,,,,,,,,,,,,,,,,,,,,,
380446,fe34281f90cbb978b189e13a8fe82df0563750996f8ea8cd480c29f3d5659b700d21292d7f38a55f7cc026bfe2e26b558e75fff9f632d3743bbaf68ae3e1bba3,05/07/2018 12:08:00 PM,3,PARKED,,366500,N,NISSAN,SENTRA (DATSUN AND NISSAN HAVE MERGED),IL,2015,NONE,PASSENGER,PERSONAL,UNKNOWN,PARKED,,,0,,,,,,,,,,Y,,,,,,,,REAR-LEFT,,,,,,,,,,,,,,,,,,,,,,,,,,,,,,,,,
375491,84e20011088c1b36e76eae49f43d8c92608cb7ffb638a781138710918a81a607d9503c94e9965f6edf5d3c4e1c0de9ad495a1e3ed8f10b0acfe80131e8b7004e,04/30/2018 06:50:00 AM,1,DRIVER,,361785,,UNKNOWN,UNKNOWN,IL,9999,UNKNOWN,PASSENGER,UNKNOWN/NA,N,ENTERING TRAFFIC LANE FROM PARKING,,,1,,,,,,,,,,,,Y,,,,,,FRONT-LEFT,,,,,,,,,,,,,,,,,,,,,,,,,,,,,,,,,
375492,84e20011088c1b36e76eae49f43d8c92608cb7ffb638a781138710918a81a607d9503c94e9965f6edf5d3c4e1c0de9ad495a1e3ed8f10b0acfe80131e8b7004e,04/30/2018 06:50:00 AM,2,DRIVER,,361790,,NISSAN,NISSAN ALTIMA,IL,2013,NONE,PASSENGER,PERSONAL,N,STRAIGHT AHEAD,,,1,,,,,,Y,,,,,,,,,,,,FRONT-RIGHT,,,,,,,,,,,,,,,,,,,,,,,,,,,,,,,,,
374014,0ab60f6b905195e2b7005b54968998a60de2ca6553434d049762ecf30cf6ee6c0a0b64463c8ae7a642fa2279ec1fc49cd4d4ed3d9f3943ac9d4bb83134f07b14,04/28/2018 07:50:00 PM,1,DRIVER,,360405,,NISSAN,UNKNOWN,IL,,UNKNOWN,PASSENGER,PERSONAL,S,STRAIGHT AHEAD,,,1,,,,,Y,,,,,,,,,,,,,FRONT,,,,,,,,,,,,,,,,,,,,,,,,,,,,,,,,,
374015,0ab60f6b905195e2b7005b54968998a60de2ca6553434d049762ecf30cf6ee6c0a0b64463c8ae7a642fa2279ec1fc49cd4d4ed3d9f3943ac9d4bb83134f07b14,04/28/2018 07:50:00 PM,2,DRIVER,1,360408,,CHEVROLET,TRAVERSE,MN,2000,NONE,SPORT UTILITY VEHICLE (SUV),PERSONAL,S,TURNING RIGHT,,,2,,,,,,Y,,,,,,,,,,,,FRONT-RIGHT,,,,,,,,,,,,,,,,,,,,,,,,,,,,,,,,,
372580,9d6ca54dd47c9451b15b1a6acc69b7000772ca76540ba72bb6c7bd26befaaebb94ce9f0a529144cc4095b3c57acc2d42dadc256a812fb51fa056a2674ab098c8,04/26/2018 10:10:00 PM,1,DRIVER,,359070,,BMW,X5,IL,2016,NONE,SPORT UTILITY VEHICLE (SUV),PERSONAL,W,TURNING LEFT,,,1,,,,,Y,,,,,,,Y,,,,,,FRONT-LEFT,,,,,,,,,,,,,,,,,,,,,,,,,,,,,,,,,
372588,9d6ca54dd47c9451b15b1a6acc69b7000772ca76540ba72bb6c7bd26befaaebb94ce9f0a529144cc4095b3c57acc2d42dadc256a812fb51fa056a2674ab098c8,04/26/2018 10:10:00 PM,2,PEDESTRIAN,,,,,,,,,,,,,,,,,,,,,,,,,,,,,,,,,,,,,,,,,,,,,,,,,,,,,,,,,,,,,,,,,,
373591,6f78f1a7c8d7dbb049ab603153825b700008fd3e11265d68f8bdc016ccd85d61a963d1d1449f66b50a963d628b4e11eac5dc0768cd9659e321bc59bb8173e356,04/26/2018 01:00:00 PM,1,DRIVER,,359998,,"TOYOTA MOTOR COMPANY, LTD.",RAV4 (sport utility),IL,2017,NONE,PASSENGER,PERSONAL,E,STRAIGHT AHEAD,,,1,,,,,,,,,,,,,,,,,Y,FRONT,,,,,,,,,,,,,,,,,,,,,,,,,,,,,,,,,
373592,6f78f1a7c8d7dbb049ab603153825b700008fd3e11265d68f8bdc016ccd85d61a963d1d1449f66b50a963d628b4e11eac5dc0768cd9659e321bc59bb8173e356,04/26/2018 01:00:00 PM,2,DRIVER,1,359999,,CADILLAC,CTS,IL,2009,NONE,PASSENGER,PERSONAL,S,STRAIGHT AHEAD,,,2,,,,,,,,Y,,,,,,,,,,REAR-RIGHT,,,,,,,,,,,,,,,,,,,,,,,,,,,,,,,,,
368997,dc54482dad2ddc74f94dd0ef1a18cde8e1eef93bd97e0129b75db7000c426847b510d04e982a1f7d54ed7ba2e5fe6fc7df36f973873c3806406873aab0c714fd,04/21/2018 12:30:00 PM,1,DRIVER,,355718,,FORD,FUSION,,,UNKNOWN,UNKNOWN/NA,UNKNOWN/NA,N,UNKNOWN/NA,,,1,,,,,,,,,,,,,,,,,,UNKNOWN,,,,,,,,,,,,,,,,,,,,,,,,,,,,,,,,,
368998,dc54482dad2ddc74f94dd0ef1a18cde8e1eef93bd97e0129b75db7000c426847b510d04e982a1f7d54ed7ba2e5fe6fc7df36f973873c3806406873aab0c714fd,04/21/2018 12:30:00 PM,2,DRIVER,,355721,,NISSAN,NISSAN MAXIMA,IL,2015,UNKNOWN,PASSENGER,PERSONAL,N,UNKNOWN/NA,Y,,1,,,,,,,,,,,Y,Y,,,,,,FRONT-LEFT,,,,,,,,,,,,,,,,,,,,,,,,,,,,,,,,,
368544,25093f7afe60c62c87359b209bd3b700b38dc965574c4990273ede1924d5890bb0296951881513a49b67bedb5dc36ddb42b3b64cf7e6cadc68005ef3511194c3,04/20/2018 10:37:00 PM,1,DRIVER,,355286,,CHRYSLER,200,IL,2016,UNKNOWN,PASSENGER,PERSONAL,S,STRAIGHT AHEAD,Y,,1,Y,city of chicago,701 n sacramento,,Y,,,Y,Y,,Y,,,,,,,REAR-LEFT,,,,,,,,,,,,,,,,,,,,,,,,,,,,,,,,,
368545,25093f7afe60c62c87359b209bd3b700b38dc965574c4990273ede1924d5890bb0296951881513a49b67bedb5dc36ddb42b3b64cf7e6cadc68005ef3511194c3,04/20/2018 10:37:00 PM,2,DRIVER,1,355302,,CHEVROLET,MALIBU (CHEVELLE),IL,2005,UNKNOWN,PASSENGER,PERSONAL,W,STRAIGHT AHEAD,Y,,2,,private,unknown,,Y,Y,,,,,,Y,,,,,,FRONT,,,,,,,,,,,,,,,,,,,,,,,,,,,,,,,,,
368546,25093f7afe60c62c87359b209bd3b700b38dc965574c4990273ede1924d5890bb0296951881513a49b67bedb5dc36ddb42b3b64cf7e6cadc68005ef3511194c3,04/20/2018 10:37:00 PM,3,DRIVER,,355290,,SCION,XB,IL,2011,UNKNOWN,PASSENGER,PERSONAL,E,STRAIGHT AHEAD,,,1,,,,,Y,Y,,,,,,Y,,,,,,FRONT-LEFT,,,,,,,,,,,,,,,,,,,,,,,,,,,,,,,,,
368547,25093f7afe60c62c87359b209bd3b700b38dc965574c4990273ede1924d5890bb0296951881513a49b67bedb5dc36ddb42b3b64cf7e6cadc68005ef3511194c3,04/20/2018 10:37:00 PM,4,DRIVER,1,355298,,HONDA,ACCORD,IL,2014,UNKNOWN,PASSENGER,PERSONAL,E,STRAIGHT AHEAD,,,2,,,,N,,,,,,Y,Y,,,,,,,SIDE-LEFT,,,,,,,,,,,,,,,,,,,,,,,,,,,,,,,,,
368170,937575e3b7009efb817025684f38fa345a09eed41d666b1c446ab913b1337cb885965a9274e3404d7870593d0b8c34b444da4934658e4d0f54c4836867e5c279,04/20/2018 01:30:00 PM,1,DRIVER,,354917,,UNKNOWN,UNKNOWN,IL,,UNKNOWN,UNKNOWN/NA,UNKNOWN/NA,UNKNOWN,UNKNOWN/NA,,,1,,,,,,,,,,,,,,,,,Y,UNKNOWN,,,,,,,,,,,,,,,,,,,,,,,,,,,,,,,,,