CRASH_UNIT_ID,CRASH_RECORD_ID,CRASH_DATE,UNIT_NO,UNIT_TYPE,NUM_PASSENGERS,VEHICLE_ID,CMRC_VEH_I,MAKE,MODEL,LIC_PLATE_STATE,VEHICLE_YEAR,VEHICLE_DEFECT,VEHICLE_TYPE,VEHICLE_USE,TRAVEL_DIRECTION,MANEUVER,TOWED_I,FIRE_I,OCCUPANT_CNT,EXCEED_SPEED_LIMIT_I,TOWED_BY,TOWED_TO,AREA_00_I,AREA_01_I,AREA_02_I,AREA_03_I,AREA_04_I,AREA_05_I,AREA_06_I,AREA_07_I,AREA_08_I,AREA_09_I,AREA_10_I,AREA_11_I,AREA_12_I,AREA_99_I,FIRST_CONTACT_POINT,CMV_ID,USDOT_NO,CCMC_NO,ILCC_NO,COMMERCIAL_SRC,GVWR,CARRIER_NAME,CARRIER_STATE,CARRIER_CITY,HAZMAT_PLACARDS_I,HAZMAT_NAME,UN_NO,HAZMAT_PRESENT_I,HAZMAT_REPORT_I,HAZMAT_REPORT_NO,MCS_REPORT_I,MCS_REPORT_NO,HAZMAT_VIO_CAUSE_CRASH_I,MCS_VIO_CAUSE_CRASH_I,IDOT_PERMIT_NO,WIDE_LOAD_I,TRAILER1_WIDTH,TRAILER2_WIDTH,TRAILER1_LENGTH,TRAILER2_LENGTH,TOTAL_VEHICLE_LENGTH,AXLE_CNT,VEHICLE_CONFIG,CARGO_BODY_TYPE,LOAD_TYPE,HAZMAT_OUT_OF_SERVICE_I,MCS_OUT_OF_SERVICE_I,HAZMAT_CLASS
368171,937575e3b7009efb817025684f38fa345a09eed41d666b1c446ab913b1337cb885965a9274e3404d7870593d0b8c34b444da4934658e4d0f54c4836867e5c279,04/20/2018 01:30:00 PM,2,PARKED,,354924,,KIA MOTORS CORP,Sportage (sport utility),IL,2014,UNKNOWN,SPORT UTILITY VEHICLE (SUV),PERSONAL,E,PARKED,,,0,,,,,,,,,,,,Y,,,,,,FRONT-LEFT,,,,,,,,,,,,,,,,,,,,,,,,,,,,,,,,,
365996,86a75f660b1266e5816b700fcbb251b82fcd344f8528f02a2f26f409e8d2c4a3f03ecae56d3bf01948d45d60e147746eba63b3d81384afe93f11ab6409a87618,04/17/2018 01:38:00 PM,1,DRIVER,,352861,,KIA MOTORS CORP,SORENTO,IL,2014,UNKNOWN,UNKNOWN/NA,UNKNOWN/NA,W,ENTER FROM DRIVE/ALLEY,,,1,,,,,Y,,,,,,,,,,,,Y,FRONT,,,,,,,,,,,,,,,,,,,,,,,,,,,,,,,,,
365997,86a75f660b1266e5816b700fcbb251b82fcd344f8528f02a2f26f409e8d2c4a3f03ecae56d3bf01948d45d60e147746eba63b3d81384afe93f11ab6409a87618,04/17/2018 01:38:00 PM,2,DRIVER,,352869,,VOLKSWAGEN,PASSAT,IL,2002,NONE,PASSENGER,PERSONAL,N,STRAIGHT AHEAD,Y,,1,,ON TIME TOWS INC.,8460 S 77TH AVE BRIDGEVIEW,,,Y,Y,,,,,,,,,,,FRONT-RIGHT,,,,,,,,,,,,,,,,,,,,,,,,,,,,,,,,,
366367,a5ed50ca95638387813f37d413b700c0cb81ed7bac5a29cf21db655da7e99eb0920019a15e77ad32f5649cda1cc0566a0679565458ab2a49694de5a1381e9ad9,04/17/2018 08:23:00 AM,1,DRIVER,,353213,,JEEP,LAREDO,IL,2005,UNKNOWN,SPORT UTILITY VEHICLE (SUV),UNKNOWN/NA,W,TURNING RIGHT,,,1,,,,,,,,,,,,,,,,,Y,UNKNOWN,,,,,,,,,,,,,,,,,,,,,,,,,,,,,,,,,
366368,a5ed50ca95638387813f37d413b700c0cb81ed7bac5a29cf21db655da7e99eb0920019a15e77ad32f5649cda1cc0566a0679565458ab2a49694de5a1381e9ad9,04/17/2018 08:23:00 AM,2,DRIVER,,353227,,SMART,FORTWO,IL,2009,NONE,PASSENGER,NOT IN USE,W,TURNING RIGHT,,,1,,,,,,,,,,,,,,,,,,SIDE-RIGHT,,,,,,,,,,,,,,,,,,,,,,,,,,,,,,,,,
364146,bb71232cb7d58d8387da6da0bf8f9444218b72f5c22220b368ff4f996ab9fde75d08f44df23f8d6c5ed22d19596465d05b30701fb70041cc02c10c3d9a1d036b,04/14/2018 11:00:00 PM,1,DRIVER,,351090,,HYUNDAI,UNKNOWN,XX,,UNKNOWN,PASSENGER,UNKNOWN/NA,S,MERGING,,,1,,,,Y,,,,,,Y,,,,,,,,REAR-LEFT,,,,,,,,,,,,,,,,,,,,,,,,,,,,,,,,,
364147,bb71232cb7d58d8387da6da0bf8f9444218b72f5c22220b368ff4f996ab9fde75d08f44df23f8d6c5ed22d19596465d05b30701fb70041cc02c10c3d9a1d036b,04/14/2018 11:00:00 PM,2,DRIVER,,351099,,FORD,FUSION,IL,2014,NONE,PASSENGER,TAXI/FOR HIRE,S,MERGING,Y,,1,,PRIVATE TOW,UNK,Y,Y,,,,,,,,,,,,,FRONT,,,,,,,,,,,,,,,,,,,,,,,,,,,,,,,,,
364044,41b11e75b18965c639f0f35bcd70196be77b0de9a06db70032f133bb1db855d628e5b6cdf16cc84a58355ae788619dbe50e46b988241606c04fe777b8daeb4a2,04/14/2018 06:20:00 PM,1,DRIVER,,351003,,"TOYOTA MOTOR COMPANY, LTD.",Avalon,IL,2018,NONE,PASSENGER,PERSONAL,S,STRAIGHT AHEAD,,,1,,,,,,,,,,,,Y,,,,,,FRONT-LEFT,,,,,,,,,,,,,,,,,,,,,,,,,,,,,,,,,
364045,41b11e75b18965c639f0f35bcd70196be77b0de9a06db70032f133bb1db855d628e5b6cdf16cc84a58355ae788619dbe50e46b988241606c04fe777b8daeb4a2,04/14/2018 06:20:00 PM,2,DRIVER,,351005,,MAZDA,Mazda 3,IL,2016,NONE,PASSENGER,PERSONAL,S,STRAIGHT AHEAD,,,1,,,,,,Y,,,,,,,,,,,,FRONT-RIGHT,,,,,,,,,,,,,,,,,,,,,,,,,,,,,,,,,
366571,6629dd81ed5881e393b855b6cef9ddb7007db9eb79e2176ef2716cc33b1419c1cea5e1752de70066b0c304ec4bcaf519f87a7bfdb3315600938df7ea35fe1168,04/12/2018 01:45:00 PM,1,DRIVER,,353407,,CHRYSLER,200,IL,2015,NONE,PASSENGER,PERSONAL,E,PASSING/OVERTAKING,,,1,,,,,Y,,,,,,,,,,,,,FRONT,,,,,,,,,,,,,,,,,,,,,,,,,,,,,,,,,
366572,6629dd81ed5881e393b855b6cef9ddb7007db9eb79e2176ef2716cc33b1419c1cea5e1752de70066b0c304ec4bcaf519f87a7bfdb3315600938df7ea35fe1168,04/12/2018 01:45:00 PM,2,DRIVER,1,353408,,VOLVO,S40,IL,2002,NONE,PASSENGER,PERSONAL,W,SLOW/STOP - LEFT TURN,,,2,,,,,Y,,,,,,,,,,,,,FRONT,,,,,,,,,,,,,,,,,,,,,,,,,,,,,,,,,
361678,2b2b58ead3f5c18488f13fa2bf6f64b70057d61e07e4a21102aa5c383d758f92a5e334326c9aa769f9a9c9351cf6b180596a5fa1c060ae091c7ae54b57f68814,04/11/2018 05:15:00 PM,1,DRIVER,,348771,,DODGE,RAM 1500 VAN,IL,2018,NONE,VAN/MINI-VAN,OTHER,W,PASSING/OVERTAKING,N,,1,,,,,,Y,Y,,,,,,,,,,,FRONT-RIGHT,,,,,,,,,,,,,,,,,,,,,,,,,,,,,,,,,
361679,2b2b58ead3f5c18488f13fa2bf6f64b70057d61e07e4a21102aa5c383d758f92a5e334326c9aa769f9a9c9351cf6b180596a5fa1c060ae091c7ae54b57f68814,04/11/2018 05:15:00 PM,2,DRIVER,1,348790,,LAND ROVER,RANGE ROVER OF NORTH AMER,IL,2014,NONE,SPORT UTILITY VEHICLE (SUV),PERSONAL,W,BACKING,Y,,2,,PRIVATE TOW,,,,,,,,,,Y,,,,,,FRONT-LEFT,,,,,,,,,,,,,,,,,,,,,,,,,,,,,,,,,
361130,b96f27afe78ec8126133c5df0c34f78e03a5c776bb6f8cb533b76af87e2bf8c469b700151b0e0709ab8f69d7137e9bd8fbf636432ad723e2b8ee935c0097aae4,04/10/2018 08:45:00 PM,1,DRIVER,,348252,,BMW,5 SERIES,IL,2015,UNKNOWN,PASSENGER,UNKNOWN/NA,S,STRAIGHT AHEAD,,,1,,,,,,Y,Y,,,,,,,,,,,FRONT-RIGHT,,,,,,,,,,,,,,,,,,,,,,,,,,,,,,,,,
361131,b96f27afe78ec8126133c5df0c34f78e03a5c776bb6f8cb533b76af87e2bf8c469b700151b0e0709ab8f69d7137e9bd8fbf636432ad723e2b8ee935c0097aae4,04/10/2018 08:45:00 PM,2,DRIVER,,348258,,ACURA (DIV. OF AMERICAN HONDA MOTOR CO.),MDX,IL,2003,NONE,SPORT UTILITY VEHICLE (SUV),PERSONAL,S,LEAVING TRAFFIC LANE TO PARK,N,,1,,,,,,,,,,Y,Y,Y,,,,,,REAR-LEFT,,,,,,,,,,,,,,,,,,,,,,,,,,,,,,,,,
361123,7b42ce31067adf5d311bec01d330e9db700c751bfb4e478c015453b49112502b1b62842c6025f01fff140365fc216746ce9d56ff9adfeb57cced99e15cb1c99f,04/10/2018 05:00:00 PM,1,DRIVER,,348251,,CHEVROLET,UNKNOWN,IL,2007,NONE,PASSENGER,PERSONAL,S,STRAIGHT AHEAD,Y,,1,,city of chicago,,,Y,,,,,,,Y,,,,,,FRONT,,,,,,,,,,,,,,,,,,,,,,,,,,,,,,,,,
361124,7b42ce31067adf5d311bec01d330e9db700c751bfb4e478c015453b49112502b1b62842c6025f01fff140365fc216746ce9d56ff9adfeb57cced99e15cb1c99f,04/10/2018 05:00:00 PM,2,DRIVER,,348254,,HONDA,UNKNOWN,IL,2001,NONE,PASSENGER,PERSONAL,S,STRAIGHT AHEAD,Y,,1,,chicago streets and Sanitation,,,Y,Y,,Y,Y,Y,,Y,,Y,,,,REAR,,,,,,,,,,,,,,,,,,,,,,,,,,,,,,,,,
361144,7b42ce31067adf5d311bec01d330e9db700c751bfb4e478c015453b49112502b1b62842c6025f01fff140365fc216746ce9d56ff9adfeb57cced99e15cb1c99f,04/10/2018 05:00:00 PM,3,DRIVER,,348263,N,UNKNOWN,UNKNOWN,IL,,NONE,BUS OVER 15 PASS.,CTA,S,STRAIGHT AHEAD,Y,,1,,CTA,,,,,,,Y,,,,,,,,,REAR,,,,,,,,,,,,,,,,,,,,,,,,,,,,,,,,,
360580,3dfb12f23b8fe6ec119b7001a93f810037649a0eff7f8be0b236f2d6448949724a0ab9fbbe06f2969160e47b75d230b14a667818d4000239c4ed430b3716f602,04/10/2018 08:32:00 AM,1,DRIVER,,347733,,UNKNOWN,UNKNOWN,,,UNKNOWN,UNKNOWN/NA,UNKNOWN/NA,UNKNOWN,UNKNOWN/NA,,,1,,,,,,,,,,,,,,,,,Y,UNKNOWN,,,,,,,,,,,,,,,,,,,,,,,,,,,,,,,,,
360581,3dfb12f23b8fe6ec119b7001a93f810037649a0eff7f8be0b236f2d6448949724a0ab9fbbe06f2969160e47b75d230b14a667818d4000239c4ed430b3716f602,04/10/2018 08:32:00 AM,2,PARKED,,347729,,"TOYOTA MOTOR COMPANY, LTD.",4RUNNER,IL,2008,NONE,SPORT UTILITY VEHICLE (SUV),UNKNOWN/NA,N,PARKED,,,0,,,,,,Y,Y,Y,,Y,,,,,,,,SIDE-RIGHT,,,,,,,,,,,,,,,,,,,,,,,,,,,,,,,,,
360523,9da8e32a0a7cff3fc0b6d802f2a8d47a0bb9b700ccdbc8cbd67716972b54ae89cdade51d3f32cedcb01d517e9a89d588e4ae5551de5e3affaa7a8e168bc9f38e,04/10/2018 07:00:00 AM,1,DRIVER,,347788,,CHEVROLET,MALIBU (CHEVELLE),MN,2009,NONE,PASSENGER,PERSONAL,NW,SLOW/STOP IN TRAFFIC,,,1,,,,,Y,,,,,,,Y,,,,,,FRONT-LEFT,,,,,,,,,,,,,,,,,,,,,,,,,,,,,,,,,
360524,9da8e32a0a7cff3fc0b6d802f2a8d47a0bb9b700ccdbc8cbd67716972b54ae89cdade51d3f32cedcb01d517e9a89d588e4ae5551de5e3affaa7a8e168bc9f38e,04/10/2018 07:00:00 AM,2,DRIVER,,347795,,HONDA,CRV,IL,2011,NONE,SPORT UTILITY VEHICLE (SUV),PERSONAL,SE,TURNING LEFT,,,1,,,,,Y,,,,,,,,,,,,,FRONT,,,,,,,,,,,,,,,,,,,,,,,,,,,,,,,,,
359282,f8dfbcd48feeba928d61eb8ed6ae7ce8bbd804139df3579f2e43482dbea55c868df2f5cd87612c1e6e835ad2c85189708bcf26f1b4bc3041b7000ca2672d5eb6,04/08/2018 03:34:00 AM,1,DRIVER,,346507,,MAZDA,Mazda 3,IL,2007,UNKNOWN,PASSENGER,PERSONAL,S,STRAIGHT AHEAD,Y,,1,,CITY OF CHICAGO,DOTY ROAD,,Y,Y,,,,,,Y,,,,,,FRONT-RIGHT,,,,,,,,,,,,,,,,,,,,,,,,,,,,,,,,,
359283,f8dfbcd48feeba928d61eb8ed6ae7ce8bbd804139df3579f2e43482dbea55c868df2f5cd87612c1e6e835ad2c85189708bcf26f1b4bc3041b7000ca2672d5eb6,04/08/2018 03:34:00 AM,2,PARKED,,346509,,MERCURY,Mountaineer (sport utility),IL,2002,UNKNOWN,PASSENGER,PERSONAL,S,PARKED,,,0,,,,,,,,,Y,Y,,,,,,,,REAR-LEFT,,,,,,,,,,,,,,,,,,,,,,,,,,,,,,,,,
366569,990a56d764b4b634f131008425b38b700d4939d3cef8da0826f1ee6885ee732ac0a59acdbade33011bc704d4b98d2b78179bb039f9126ec970cf16c7fd050f0f,04/07/2018 05:42:00 PM,1,DRIVER,,353405,,INFINITI,G35,IL,2004,UNKNOWN,UNKNOWN/NA,UNKNOWN/NA,W,STRAIGHT AHEAD,Y,,1,Y,,,,Y,Y,,,,,,Y,,,,,,FRONT-RIGHT,,,,,,,,,,,,,,,,,,,,,,,,,,,,,,,,,
366570,990a56d764b4b634f131008425b38b700d4939d3cef8da0826f1ee6885ee732ac0a59acdbade33011bc704d4b98d2b78179bb039f9126ec970cf16c7fd050f0f,04/07/2018 05:42:00 PM,2,DRIVER,1,353406,,FORD,FUSION,IL,2010,UNKNOWN,UNKNOWN/NA,UNKNOWN/NA,S,STRAIGHT AHEAD,Y,,2,,,,,,,,,,,Y,Y,,,,,,SIDE-LEFT,,,,,,,,,,,,,,,,,,,,,,,,,,,,,,,,,
358550,121b3c42b4b66909315df904c5cf984d9795cbc65068f366b4dd22d7772ee99b7001eb4194e27cac678c7e92116a556876369f3ab72ff97207b0c68d54755c6b,04/05/2018 11:30:00 AM,1,DRIVER,,345819,,CHEVROLET,C K 1500,IL,2017,UNKNOWN,UNKNOWN/NA,UNKNOWN/NA,S,BACKING,,,1,,,,,,,,,Y,,,,,,,,,REAR,,,,,,,,,,,,,,,,,,,,,,,,,,,,,,,,,
358551,121b3c42b4b66909315df904c5cf984d9795cbc65068f366b4dd22d7772ee99b7001eb4194e27cac678c7e92116a556876369f3ab72ff97207b0c68d54755c6b,04/05/2018 11:30:00 AM,2,PARKED,,345817,,"TOYOTA MOTOR COMPANY, LTD.",COROLLA,GA,2018,NONE,PASSENGER,PERSONAL,S,PARKED,,,0,,,,,Y,,,,,,,,,,,,,FRONT,,,,,,,,,,,,,,,,,,,,,,,,,,,,,,,,,
359956,14c0904c8c4d0a0d41326abdb700a0351e1d56b36f43cfbf5733a925a75edd8d3db55450b022c5d31ad4aaa44c6b0e58877b0881862ae7eac95c420301860778,04/05/2018 08:45:00 AM,1,DRIVER,,347136,,FORD,UNKNOWN,IL,2017,UNKNOWN,SPORT UTILITY VEHICLE (SUV),UNKNOWN/NA,UNKNOWN,BACKING,,,1,,,,,,,,,Y,,,,,,,,,REAR,,,,,,,,,,,,,,,,,,,,,,,,,,,,,,,,,
359957,14c0904c8c4d0a0d41326abdb700a0351e1d56b36f43cfbf5733a925a75edd8d3db55450b022c5d31ad4aaa44c6b0e58877b0881862ae7eac95c420301860778,04/05/2018 08:45:00 AM,2,PARKED,2,347137,,CHEVROLET,MALIBU (CHEVELLE),IL,2011,UNKNOWN,PASSENGER,PERSONAL,W,PARKED IN TRAFFIC LANE,,,2,,,,,Y,,,,,,,,,,,,,FRONT,,,,,,,,,,,,,,,,,,,,,,,,,,,,,,,,,
355772,7f01920eb700068b882eddc129635334f58bcdb84be0191a3d89c4ab4d00cec74f4f7bf350fd88f477e3531db8360ad0503e28f826902f2dbdc59480a53b802c,04/03/2018 03:00:00 PM,1,DRIVER,2,343217,,HYUNDAI,VERACRUZ,IL,2007,NONE,SPORT UTILITY VEHICLE (SUV),PERSONAL,E,STARTING IN TRAFFIC,,,3,,,,,,,,,,,,Y,,,,,,FRONT-LEFT,,,,,,,,,,,,,,,,,,,,,,,,,,,,,,,,,
355773,7f01920eb700068b882eddc129635334f58bcdb84be0191a3d89c4ab4d00cec74f4f7bf350fd88f477e3531db8360ad0503e28f826902f2dbdc59480a53b802c,04/03/2018 03:00:00 PM,2,DRIVER,,343230,,"TOYOTA MOTOR COMPANY, LTD.",Highlander(beginning vehicle year 2001),IL,2011,NONE,PASSENGER,PERSONAL,E,STRAIGHT AHEAD,,,1,,,,,,,,Y,,,,,,,,,,REAR-RIGHT,,,,,,,,,,,,,,,,,,,,,,,,,,,,,,,,,
354467,b8247f1b354bae42afeb700f87037933301f1a571fe4c04f3a1a1534782d529614713005949b8b0dd0cf52f26d7416930c021ee99dfafcc071179315e1ff9dbb,04/01/2018 01:30:00 PM,1,DRIVER,,342023,,DODGE,UNKNOWN,IL,2002,NONE,PASSENGER,PERSONAL,E,STRAIGHT AHEAD,Y,,1,,owner,,,,,,Y,,,,,,,,,,REAR-RIGHT,,,,,,,,,,,,,,,,,,,,,,,,,,,,,,,,,
354468,b8247f1b354bae42afeb700f87037933301f1a571fe4c04f3a1a1534782d529614713005949b8b0dd0cf52f26d7416930c021ee99dfafcc071179315e1ff9dbb,04/01/2018 01:30:00 PM,2,DRIVER,,342028,,PONTIAC,Sunfire,IN,2000,NONE,PASSENGER,PERSONAL,N,STRAIGHT AHEAD,Y,,1,,OWNER,,,Y,Y,,,,,,,,,,,,FRONT,,,,,,,,,,,,,,,,,,,,,,,,,,,,,,,,,
353577,c012c5d07c6642134d204d647b70014af9c190e07a5a266d6ab7d0ed4e7f225b1ea6da7c900f7f757aceec51ed3e0868ebd794fb1a4465ca9f493ef7d9d8654f,03/31/2018 12:46:00 AM,1,DRIVER,,341205,,JEEP,PATRIOT,IL,2016,NONE,PASSENGER,PERSONAL,E,STRAIGHT AHEAD,,,1,,,,,,,,,,,,Y,,,,,,FRONT-LEFT,,,,,,,,,,,,,,,,,,,,,,,,,,,,,,,,,
353578,c012c5d07c6642134d204d647b70014af9c190e07a5a266d6ab7d0ed4e7f225b1ea6da7c900f7f757aceec51ed3e0868ebd794fb1a4465ca9f493ef7d9d8654f,03/31/2018 12:46:00 AM,2,DRIVER,,341208,,"TOYOTA MOTOR COMPANY, LTD.",CAMRY,IL,2004,NONE,PASSENGER,PERSONAL,E,TURNING LEFT,,,1,,,,,,,,Y,,,,,,,,,,REAR-RIGHT,,,,,,,,,,,,,,,,,,,,,,,,,,,,,,,,,
353304,1463dab700b14451728719dc6df16f7880eee0136bba9447ca285e8bc2420f8d31ec930ff52d033c43a5c8eaea95d393c4c50da7a47f372324d867a56add99a0,03/30/2018 03:20:00 PM,1,DRIVER,1,340952,,DODGE,Avenger,IN,2012,NONE,PASSENGER,PERSONAL,E,TURNING LEFT,,,2,,,,,,,,,,,,Y,,,,,,FRONT-LEFT,,,,,,,,,,,,,,,,,,,,,,,,,,,,,,,,,
353305,1463dab700b14451728719dc6df16f7880eee0136bba9447ca285e8bc2420f8d31ec930ff52d033c43a5c8eaea95d393c4c50da7a47f372324d867a56add99a0,03/30/2018 03:20:00 PM,2,DRIVER,,340959,,HONDA,ACCORD,IL,2006,NONE,PASSENGER,PERSONAL,E,TURNING LEFT,,,1,,,,,,Y,,,,,,,,,,,,FRONT-RIGHT,,,,,,,,,,,,,,,,,,,,,,,,,,,,,,,,,
353256,ecdd3b399efd7d09c549498998160125abe0d255a6a14da574ad619284c2ecb69cb3210c2193570082542d01db70060015cda49081974bab55fa4c68732d919f,03/29/2018 07:00:00 PM,1,DRIVER,,340906,,"TOYOTA MOTOR COMPANY, LTD.",TOYOTA,IL,2012,NONE,PASSENGER,UNKNOWN/NA,E,BACKING,,,1,,,,,,,,,Y,,,,,,,,,REAR,,,,,,,,,,,,,,,,,,,,,,,,,,,,,,,,,
353257,ecdd3b399efd7d09c549498998160125abe0d255a6a14da574ad619284c2ecb69cb3210c2193570082542d01db70060015cda49081974bab55fa4c68732d919f,03/29/2018 07:00:00 PM,2,DRIVER,,340916,,NISSAN,NISSAN ALTIMA,IL,2013,NONE,PASSENGER,PERSONAL,W,SLOW/STOP - LEFT TURN,,,1,,,,,Y,,,,,,,,,,,,,FRONT,,,,,,,,,,,,,,,,,,,,,,,,,,,,,,,,,
352792,1b862db1ead1668b5ebdb700e4a4d2dcda7e299e4c4dd8a22761e7c001b91f3e151281797ebaa52871cd9ff07ac74a099c60c737cd9e473f71023e8b29f2a69b,03/29/2018 05:40:00 PM,1,DRIVER,3,340455,,VOLKSWAGEN,Touareg,IL,2004,NONE,SPORT UTILITY VEHICLE (SUV),PERSONAL,N,STRAIGHT AHEAD,Y,,4,,CITY OF CHICAGO,323 E LOWER WACKER DR,,Y,Y,,,,,,Y,,,,,,FRONT,,,,,,,,,,,,,,,,,,,,,,,,,,,,,,,,,
352793,1b862db1ead1668b5ebdb700e4a4d2dcda7e299e4c4dd8a22761e7c001b91f3e151281797ebaa52871cd9ff07ac74a099c60c737cd9e473f71023e8b29f2a69b,03/29/2018 05:40:00 PM,2,DRIVER,,340475,,FORD,FUSION,IL,2009,NONE,PASSENGER,PERSONAL,N,SLOW/STOP IN TRAFFIC,Y,,1,,CITY OF CHGO STREETS AND SAN,323 E LOWER WACKER,,,,,Y,Y,Y,,,,,,,,REAR,,,,,,,,,,,,,,,,,,,,,,,,,,,,,,,,,
349721,49c39e0694b4107af750f5241a92f40ea640d3b97d46b71d64414b18f8d37b700f925db8a0cd15f53986df5353a2280ef38276affd25e0872248d7f1a6f6bcaa,03/24/2018 12:00:00 PM,1,DRIVER,,337565,,UNKNOWN,UNKNOWN,,,UNKNOWN,UNKNOWN/NA,UNKNOWN/NA,UNKNOWN,UNKNOWN/NA,,,1,,,,,,,,,,,,,,,,,Y,UNKNOWN,,,,,,,,,,,,,,,,,,,,,,,,,,,,,,,,,
349722,49c39e0694b4107af750f5241a92f40ea640d3b97d46b71d64414b18f8d37b700f925db8a0cd15f53986df5353a2280ef38276affd25e0872248d7f1a6f6bcaa,03/24/2018 12:00:00 PM,2,PARKED,,337569,,"TOYOTA MOTOR COMPANY, LTD.",Highlander(beginning vehicle year 2001),IN,2017,NONE,SPORT UTILITY VEHICLE (SUV),PERSONAL,S,PARKED,,,0,,,,,,,,,,,Y,,,,,,,SIDE-LEFT,,,,,,,,,,,,,,,,,,,,,,,,,,,,,,,,,
345368,aa38da611ae311a540f646e4a95c5e983e0cb6c2f8f0fae87319d2e03e7e9ac3c65ba06b87d15122a6a066317ea378e969b7009e4af91eca382eeeef0fbab9ad,03/18/2018 06:23:00 AM,1,DRIVER,,333454,,GENERAL MOTORS CORP.,UNKNOWN,IL,1998,UNKNOWN,PASSENGER,PERSONAL,W,SKIDDING/CONTROL LOSS,,,1,,,,,,Y,Y,Y,,,,,,,,,,FRONT-RIGHT,,,,,,,,,,,,,,,,,,,,,,,,,,,,,,,,,
345369,aa38da611ae311a540f646e4a95c5e983e0cb6c2f8f0fae87319d2e03e7e9ac3c65ba06b87d15122a6a066317ea378e969b7009e4af91eca382eeeef0fbab9ad,03/18/2018 06:23:00 AM,2,DRIVER,,333453,,CHEVROLET,TRAVERSE,IL,2010,NONE,PASSENGER,NOT IN USE,W,STRAIGHT AHEAD,,,1,,,,,,,,,,Y,Y,,,,,,,FRONT-LEFT,,,,,,,,,,,,,,,,,,,,,,,,,,,,,,,,,
344848,1088ad5aa9415dd3719c4b808d2e1d34d4fbe2ec171b146e26d83fba678f8dcd0459441a3e6b5c64215fce9c6b7007812cf2e7aebfd7a977727fdb40ba94c5be,03/17/2018 01:25:00 PM,1,DRIVER,,332962,,"TOYOTA MOTOR COMPANY, LTD.",4RUNNER,IL,2003,UNKNOWN,SPORT UTILITY VEHICLE (SUV),UNKNOWN/NA,W,BACKING,,,1,,,,,,,,Y,,,,,,,,,,REAR-RIGHT,,,,,,,,,,,,,,,,,,,,,,,,,,,,,,,,,
344849,1088ad5aa9415dd3719c4b808d2e1d34d4fbe2ec171b146e26d83fba678f8dcd0459441a3e6b5c64215fce9c6b7007812cf2e7aebfd7a977727fdb40ba94c5be,03/17/2018 01:25:00 PM,2,PARKED,2,332968,,MAZDA,MAZDA2,IL,2013,UNKNOWN,PASSENGER,NOT IN USE,E,PARKED,,,2,,,,,,Y,,,,,,,,,,,,FRONT-RIGHT,,,,,,,,,,,,,,,,,,,,,,,,,,,,,,,,,
342277,ef7ec563c043750785e1afbae6e8e6983613a2176ba8014fcc098c2a9f56019109b4466102b004fdeab70040f75de27a2dc0b89ab2b7d3708ea9a843237b52b4,03/13/2018 03:40:00 PM,1,DRIVER,,330522,,FORD,STARLINER,IL,,NONE,BUS UP TO 15 PASS.,COMMERCIAL - SINGLE UNIT,E,STRAIGHT AHEAD,,,1,,,,,,Y,,,,,,,,,,,,FRONT-RIGHT,,,,,,,,,,,,,,,,,,,,,,,,,,,,,,,,,
342278,ef7ec563c043750785e1afbae6e8e6983613a2176ba8014fcc098c2a9f56019109b4466102b004fdeab70040f75de27a2dc0b89ab2b7d3708ea9a843237b52b4,03/13/2018 03:40:00 PM,2,PARKED,,330532,,CHEVROLET,"CHEVROLET-TRUCK,VAN,SUV,ETC",IL,,NONE,PICKUP,PERSONAL,E,PARKED,,,0,,,,Y,,,,,,,,,,,,,,UNKNOWN,,,,,,,,,,,,,,,,,,,,,,,,,,,,,,,,,
342101,95b8dcc63485a075cc35a8040cfe7e62cd4826348d6c88d653b700949b198cb8d022473ac44ed889576a359ff46d01d4b517ef05cf3af78f6bd4069e9a9e3c12,03/12/2018 08:00:00 AM,1,DRIVER,,330354,,"TOYOTA MOTOR COMPANY, LTD.",RAV4 (sport utility),IL,1997,NONE,SPORT UTILITY VEHICLE (SUV),PERSONAL,W,STRAIGHT AHEAD,,,1,,,,,Y,,,,,,,,,,Y,,,FRONT,,,,,,,,,,,,,,,,,,,,,,,,,,,,,,,,,
342102,95b8dcc63485a075cc35a8040cfe7e62cd4826348d6c88d653b700949b198cb8d022473ac44ed889576a359ff46d01d4b517ef05cf3af78f6bd4069e9a9e3c12,03/12/2018 08:00:00 AM,2,DRIVER,,330355,,NISSAN,NISSAN ALTIMA,IL,2015,UNKNOWN,UNKNOWN/NA,UNKNOWN/NA,E,TURNING LEFT,,,1,,,,,Y,,,,,,,Y,,,Y,,N,FRONT-LEFT,,,,,,,,,,,,,,,,,,,,,,,,,,,,,,,,,