CRASH_UNIT_ID,CRASH_RECORD_ID,CRASH_DATE,UNIT_NO,UNIT_TYPE,NUM_PASSENGERS,VEHICLE_ID,CMRC_VEH_I,MAKE,MODEL,LIC_PLATE_STATE,VEHICLE_YEAR,VEHICLE_DEFECT,VEHICLE_TYPE,VEHICLE_USE,TRAVEL_DIRECTION,MANEUVER,TOWED_I,FIRE_I,OCCUPANT_CNT,EXCEED_SPEED_LIMIT_I,TOWED_BY,TOWED_TO,AREA_00_I,AREA_01_I,AREA_02_I,AREA_03_I,AREA_04_I,AREA_05_I,AREA_06_I,AREA_07_I,AREA_08_I,AREA_09_I,AREA_10_I,AREA_11_I,AREA_12_I,AREA_99_I,FIRST_CONTACT_POINT,CMV_ID,USDOT_NO,CCMC_NO,ILCC_NO,COMMERCIAL_SRC,GVWR,CARRIER_NAME,CARRIER_STATE,CARRIER_CITY,HAZMAT_PLACARDS_I,HAZMAT_NAME,UN_NO,HAZMAT_PRESENT_I,HAZMAT_REPORT_I,HAZMAT_REPORT_NO,MCS_REPORT_I,MCS_REPORT_NO,HAZMAT_VIO_CAUSE_CRASH_I,MCS_VIO_CAUSE_CRASH_I,IDOT_PERMIT_NO,WIDE_LOAD_I,TRAILER1_WIDTH,TRAILER2_WIDTH,TRAILER1_LENGTH,TRAILER2_LENGTH,TOTAL_VEHICLE_LENGTH,AXLE_CNT,VEHICLE_CONFIG,CARGO_BODY_TYPE,LOAD_TYPE,HAZMAT_OUT_OF_SERVICE_I,MCS_OUT_OF_SERVICE_I,HAZMAT_CLASS
340107,20343f1a697cbb1fdeac0d5e18d1f6971ee472fe9e907978bb6a64363771c07ce48d5bc2cacb29ab70005c19431764dbc690b52f285e302fa087b70e7a5afe87,03/10/2018 10:15:00 AM,1,DRIVER,,328451,,KIA MOTORS CORP,UNKNOWN,IL,,UNKNOWN,SPORT UTILITY VEHICLE (SUV),PERSONAL,S,STRAIGHT AHEAD,,,1,,,,,Y,,,,,,,,,,,,,FRONT,,,,,,,,,,,,,,,,,,,,,,,,,,,,,,,,,
340108,20343f1a697cbb1fdeac0d5e18d1f6971ee472fe9e907978bb6a64363771c07ce48d5bc2cacb29ab70005c19431764dbc690b52f285e302fa087b70e7a5afe87,03/10/2018 10:15:00 AM,2,DRIVER,,328453,,JEEP,Wrangler (for vehicle years 1989 to present),IL,2008,NONE,PASSENGER,PERSONAL,S,SLOW/STOP IN TRAFFIC,,,1,,,,,,,,,Y,,,,,,,,,REAR,,,,,,,,,,,,,,,,,,,,,,,,,,,,,,,,,
338802,db96a1d71ef53b93d5ad9d641d816b7c53c1e012147f5fed369f34443664d40102da017743ee8a753a78504175afb700397b92b63a36b186f037a26b8f6c3fe6,03/08/2018 01:00:00 PM,1,PARKED,1,327209,,FORD,UNKNOWN,IL,2018,NONE,TRUCK - SINGLE UNIT,UNKNOWN/NA,N,PARKED,,,1,,,,Y,,,,,,,,,,,,,,OTHER,,,,,,,,,,,,,,,,,,,,,,,,,,,,,,,,,
338803,db96a1d71ef53b93d5ad9d641d816b7c53c1e012147f5fed369f34443664d40102da017743ee8a753a78504175afb700397b92b63a36b186f037a26b8f6c3fe6,03/08/2018 01:00:00 PM,2,DRIVER,,327210,,DODGE,CARAVAN,IL,2014,NONE,VAN/MINI-VAN,OTHER TRANSIT,N,STRAIGHT AHEAD,,,1,,,,,,,,,,,,,,,,Y,,OTHER,,,,,,,,,,,,,,,,,,,,,,,,,,,,,,,,,
336044,43549ab200e47777d57625829277d5327cc9ccc486076e6564f00b98943e15d78794104e3cb91bb700b6de7e21ff8a2d099910e87530407518bb3c177955bdf4,03/01/2018 12:00:00 PM,1,DRIVER,,324576,,"TOYOTA MOTOR COMPANY, LTD.",COROLLA,IL,2014,NONE,PASSENGER,PERSONAL,S,STRAIGHT AHEAD,,,1,,,,,Y,,,,,,,,,,,,,FRONT,,,,,,,,,,,,,,,,,,,,,,,,,,,,,,,,,
336045,43549ab200e47777d57625829277d5327cc9ccc486076e6564f00b98943e15d78794104e3cb91bb700b6de7e21ff8a2d099910e87530407518bb3c177955bdf4,03/01/2018 12:00:00 PM,2,DRIVER,1,324579,,HONDA,Odyssey (minivan),IL,2003,NONE,VAN/MINI-VAN,PERSONAL,S,SLOW/STOP IN TRAFFIC,,,2,,,,,,,,,Y,,,,,,,,,REAR,,,,,,,,,,,,,,,,,,,,,,,,,,,,,,,,,
332328,c6676dc605720c77d41f3f9e968f99296e119e7348a4ee4060db755b1d0f9b700660edfc4ba5e8609f227a51caaf89ba5b90f2c1d1db8d4c6e08a29bea702eef,02/26/2018 07:00:00 PM,1,DRIVER,,321151,,HONDA,ACCORD,IL,2012,UNKNOWN,PASSENGER,PERSONAL,S,CHANGING LANES,,,1,,,,,,,,,,,,,,,,,,UNKNOWN,,,,,,,,,,,,,,,,,,,,,,,,,,,,,,,,,
332329,c6676dc605720c77d41f3f9e968f99296e119e7348a4ee4060db755b1d0f9b700660edfc4ba5e8609f227a51caaf89ba5b90f2c1d1db8d4c6e08a29bea702eef,02/26/2018 07:00:00 PM,2,DRIVER,2,321133,,HYUNDAI,ELANTRA,IL,2015,NONE,PASSENGER,PERSONAL,S,STRAIGHT AHEAD,,,3,,,,,,,,,,Y,,,,,,,,REAR-LEFT,,,,,,,,,,,,,,,,,,,,,,,,,,,,,,,,,
332601,378b48b4e93597589693e6e5b612f4d46a70b7fac76f59425a01a881280d79bbc423e9a770b78cba6e2874056509ab700b9e5786438783cc2ad83931dee716f0,02/26/2018 06:45:00 PM,1,DRIVER,,321395,,SATURN,UNKNOWN,IL,,NONE,UNKNOWN/NA,UNKNOWN/NA,E,STRAIGHT AHEAD,,,1,,,,,,,,,,,,,,,,,Y,UNKNOWN,,,,,,,,,,,,,,,,,,,,,,,,,,,,,,,,,
332602,378b48b4e93597589693e6e5b612f4d46a70b7fac76f59425a01a881280d79bbc423e9a770b78cba6e2874056509ab700b9e5786438783cc2ad83931dee716f0,02/26/2018 06:45:00 PM,2,PARKED,,321398,,FORD,EXPLORER,IL,2002,NONE,PASSENGER,PERSONAL,E,PARKED,,,0,,,,,,,,,,,Y,,,,,,,SIDE-LEFT,,,,,,,,,,,,,,,,,,,,,,,,,,,,,,,,,
332677,57c45cf3592783bf926098c0d7fbe0a75a5a406a6597b144b20655bb8f420e0198b07a2b11bc2ddfe9adf9fad4aeab368570bf8db700e0b2281592c5c6a5689a,02/25/2018 11:00:00 AM,1,DRIVER,,321423,,UNKNOWN,UNKNOWN,,,UNKNOWN,UNKNOWN/NA,UNKNOWN/NA,UNKNOWN,UNKNOWN/NA,,,1,,,,,,,,,,,,,,,,,Y,UNKNOWN,,,,,,,,,,,,,,,,,,,,,,,,,,,,,,,,,
332678,57c45cf3592783bf926098c0d7fbe0a75a5a406a6597b144b20655bb8f420e0198b07a2b11bc2ddfe9adf9fad4aeab368570bf8db700e0b2281592c5c6a5689a,02/25/2018 11:00:00 AM,2,PARKED,,321420,,VOLKSWAGEN,PASSAT,IL,2016,NONE,PASSENGER,PERSONAL,W,PARKED,,,0,,,,,,Y,,Y,,Y,Y,Y,,,,,,UNKNOWN,,,,,,,,,,,,,,,,,,,,,,,,,,,,,,,,,
331135,b4d64bc11ea8f1533622dc20f0785ecc57d2955fcf237437c1282796d1959e780d104ea797854103ff485722f2a518ffdb7002a90bb1d5fc364bd1feace4b3f6,02/24/2018 11:30:00 PM,1,DRIVER,,320032,,CHEVROLET,EQUINOX,IL,2014,NONE,SPORT UTILITY VEHICLE (SUV),PERSONAL,S,TURNING RIGHT,,,1,,,,,,Y,,,,,,,,,,,,FRONT-RIGHT,,,,,,,,,,,,,,,,,,,,,,,,,,,,,,,,,
331136,b4d64bc11ea8f1533622dc20f0785ecc57d2955fcf237437c1282796d1959e780d104ea797854103ff485722f2a518ffdb7002a90bb1d5fc364bd1feace4b3f6,02/24/2018 11:30:00 PM,2,DRIVER,,320037,,HONDA,ACCORD,IL,2000,NONE,PASSENGER,PERSONAL,S,STRAIGHT AHEAD,,,1,,,,,,,,,,,,Y,,,,,,FRONT-LEFT,,,,,,,,,,,,,,,,,,,,,,,,,,,,,,,,,
329214,46b700a455702ecf20bfa47328d97aafd15c1a2719654e7029e0733625441d1fd312dc3e84c40aacb77b68e6ee2b1457e6cc2fbdf7b6f7e3af59052a5978831f,02/21/2018 07:49:00 PM,1,DRIVER,,318196,,"TOYOTA MOTOR COMPANY, LTD.",CAMRY,IN,,NONE,PASSENGER,PERSONAL,W,STRAIGHT AHEAD,,,1,,,,,Y,,,,,,,,,,,,,FRONT,,,,,,,,,,,,,,,,,,,,,,,,,,,,,,,,,
329008,dd307ab900108c0d6b1818365e257fd4b8ef7f74bf6a884f153076d4b9d2dc92d49e942c50b593f09a56cf0bb32b1131b700992cdad681c135f6e5030db636ff,02/21/2018 01:45:00 PM,1,DRIVER,,317992,,FORD,TAURUS,IN,2010,UNKNOWN,PASSENGER,PERSONAL,N,STRAIGHT AHEAD,,,1,,,,,,Y,,,,,,,,,,,,FRONT-RIGHT,,,,,,,,,,,,,,,,,,,,,,,,,,,,,,,,,
329009,dd307ab900108c0d6b1818365e257fd4b8ef7f74bf6a884f153076d4b9d2dc92d49e942c50b593f09a56cf0bb32b1131b700992cdad681c135f6e5030db636ff,02/21/2018 01:45:00 PM,2,DRIVER,1,317996,,CHEVROLET,UNKNOWN,IN,2013,UNKNOWN,PASSENGER,OTHER,N,STRAIGHT AHEAD,,,2,,,,,,,,,Y,,,,,,,,,REAR,,,,,,,,,,,,,,,,,,,,,,,,,,,,,,,,,
328913,9ca4b950983aef63aada531182959d2c031f9d406263112b84d3569feb3ae9760605fbcc99b700cc13072f7441afbdee5afb0f4ed88f35b3e0a2545d62cd827e,02/21/2018 10:15:00 AM,1,DRIVER,,317903,,FORD,ECONOLINE E150,IL,,NONE,VAN/MINI-VAN,OTHER,S,BACKING,,,1,,,,,,,,Y,,,,,,,,,,REAR-RIGHT,,,,,,,,,,,,,,,,,,,,,,,,,,,,,,,,,
328914,9ca4b950983aef63aada531182959d2c031f9d406263112b84d3569feb3ae9760605fbcc99b700cc13072f7441afbdee5afb0f4ed88f35b3e0a2545d62cd827e,02/21/2018 10:15:00 AM,2,DRIVER,,317905,,DODGE,GRAND CARAVAN,IL,,NONE,VAN/MINI-VAN,COMMERCIAL - SINGLE UNIT,W,STRAIGHT AHEAD,,,1,,,,,,,,,,Y,,,,,,,,REAR-LEFT,,,,,,,,,,,,,,,,,,,,,,,,,,,,,,,,,
328786,2cbdda9b4ebf120450a28133d43ae4bbbf921e04446a534d2524855e6fce3fc5dcbeda7c87f26010189c6d29fc3cb7b6254af9b0ff7eb700de4c3a206f0f3d44,02/21/2018 09:10:00 AM,1,DRIVER,,317787,,GENERAL MOTORS CORP.,DENALI,IL,,UNKNOWN,SPORT UTILITY VEHICLE (SUV),UNKNOWN/NA,E,UNKNOWN/NA,,,1,,,,,,,,,,,,Y,,,,,,FRONT-LEFT,,,,,,,,,,,,,,,,,,,,,,,,,,,,,,,,,
328787,2cbdda9b4ebf120450a28133d43ae4bbbf921e04446a534d2524855e6fce3fc5dcbeda7c87f26010189c6d29fc3cb7b6254af9b0ff7eb700de4c3a206f0f3d44,02/21/2018 09:10:00 AM,2,DRIVER,,317785,,FORD,UNKNOWN,IL,2017,NONE,VAN/MINI-VAN,OTHER,E,STRAIGHT AHEAD,,,1,,,,,,Y,,,,,,,,,,,,FRONT-RIGHT,,,,,,,,,,,,,,,,,,,,,,,,,,,,,,,,,
328562,1a5b53f63f236899af376019e07d9b925eb7a10df3c30dcf70966e461e67915390bc305f9797c3176db2c2138d1e6b700f12d7b5c476f5062995bd013e8d4399,02/20/2018 08:42:00 PM,1,DRIVER,,317573,,FORD,MUSTANG,IL,2003,UNKNOWN,PASSENGER,PERSONAL,E,STRAIGHT AHEAD,,,1,,,,,Y,Y,,,,,,Y,,,,,,FRONT,,,,,,,,,,,,,,,,,,,,,,,,,,,,,,,,,
328563,1a5b53f63f236899af376019e07d9b925eb7a10df3c30dcf70966e461e67915390bc305f9797c3176db2c2138d1e6b700f12d7b5c476f5062995bd013e8d4399,02/20/2018 08:42:00 PM,2,DRIVER,,317577,,MAZDA,Mazda 3,MO,2004,UNKNOWN,PASSENGER,PERSONAL,E,STRAIGHT AHEAD,,,1,,,,Y,,,,,,,,,,,,,,REAR,,,,,,,,,,,,,,,,,,,,,,,,,,,,,,,,,
328595,596fc53a417286ff6ee4ded378e533699994a2dc57d8d09c4f55982e4bd5708c836d1ff57c28672853c58048be552a6de2e5ded62731b70018a9a8a5ec4f4b16,02/20/2018 04:55:00 PM,1,DRIVER,,317606,,HONDA,CIVIC,IL,2007,UNKNOWN,UNKNOWN/NA,UNKNOWN/NA,S,STRAIGHT AHEAD,,,1,,,,,Y,,,,,,,,,,,,,FRONT,,,,,,,,,,,,,,,,,,,,,,,,,,,,,,,,,
328596,596fc53a417286ff6ee4ded378e533699994a2dc57d8d09c4f55982e4bd5708c836d1ff57c28672853c58048be552a6de2e5ded62731b70018a9a8a5ec4f4b16,02/20/2018 04:55:00 PM,2,DRIVER,,317607,,DODGE,"DODGE-TRUCK,VAN,SUV ETC.",IL,2018,UNKNOWN,VAN/MINI-VAN,RIDESHARE SERVICE,S,TURNING LEFT,,,1,,,,,,Y,Y,Y,,,,,,,,,,REAR-RIGHT,,,,,,,,,,,,,,,,,,,,,,,,,,,,,,,,,
327078,aeea87b700bff37201cc3e146cee3c3d577c2307cf695252812ba9bb5d5eea25a5edae57d0c799349b2b9bd6f7808c118da3c5f7259e9a9bc04f5ebaa7591448,02/18/2018 01:30:00 PM,1,DRIVER,,316188,,CADILLAC,Escalade,IL,2002,UNKNOWN,SPORT UTILITY VEHICLE (SUV),UNKNOWN/NA,E,STRAIGHT AHEAD,,,1,,,,,Y,,,,,,,,,,,,,FRONT,,,,,,,,,,,,,,,,,,,,,,,,,,,,,,,,,
327079,aeea87b700bff37201cc3e146cee3c3d577c2307cf695252812ba9bb5d5eea25a5edae57d0c799349b2b9bd6f7808c118da3c5f7259e9a9bc04f5ebaa7591448,02/18/2018 01:30:00 PM,2,DRIVER,,316191,,NISSAN,VERSA,IL,2012,NONE,PASSENGER,PERSONAL,E,SLOW/STOP IN TRAFFIC,,,1,,,,,,,,,Y,,,,,,,,,REAR,,,,,,,,,,,,,,,,,,,,,,,,,,,,,,,,,
324527,46851e5768ac14292460191e89bc60529c94ec0303a66297fa2ba1122cc7aac29381d08e15fe40befa11cd55cd32a87f792bffbc86b700ce6378c46a624672da,02/15/2018 07:40:00 AM,1,DRIVER,,313752,,UNKNOWN,UNKNOWN,,,UNKNOWN,BUS OVER 15 PASS.,CTA,N,ENTERING TRAFFIC LANE FROM PARKING,,,1,,,,,,,,,,,,,,,,,Y,SIDE-RIGHT,,,,,,,,,,,,,,,,,,,,,,,,,,,,,,,,,
324528,46851e5768ac14292460191e89bc60529c94ec0303a66297fa2ba1122cc7aac29381d08e15fe40befa11cd55cd32a87f792bffbc86b700ce6378c46a624672da,02/15/2018 07:40:00 AM,2,PEDESTRIAN,,,,,,,,,,,,,,,,,,,,,,,,,,,,,,,,,,,,,,,,,,,,,,,,,,,,,,,,,,,,,,,,,,
321564,b2586739773391e0f34b011c8f91e30fd58ee214984175728aecf8331f4f8e75689dd67952b4ab425b700e1a27e0c14e4efb15970bac28da2ce094bf872d4dbf,02/11/2018 02:10:00 AM,1,DRIVER,,310955,,UNKNOWN,UNKNOWN,,,UNKNOWN,UNKNOWN/NA,UNKNOWN/NA,W,PASSING/OVERTAKING,,,1,,,,,,,,,,,,,,,,,Y,UNKNOWN,,,,,,,,,,,,,,,,,,,,,,,,,,,,,,,,,
321565,b2586739773391e0f34b011c8f91e30fd58ee214984175728aecf8331f4f8e75689dd67952b4ab425b700e1a27e0c14e4efb15970bac28da2ce094bf872d4dbf,02/11/2018 02:10:00 AM,2,PARKED,,310956,,NISSAN,SENTRA (DATSUN AND NISSAN HAVE MERGED),IL,2012,NONE,PASSENGER,PERSONAL,E,PARKED,,,0,,,,,Y,,,,,,,Y,,,,,,FRONT-LEFT,,,,,,,,,,,,,,,,,,,,,,,,,,,,,,,,,
320498,cb0748456d12d35abc1ab2f3f2b9592b2145412e8318968e80b9aa3d8ff1c66ad37480f1ed3b5d997dbfda34d369b6900c14b7009673ba00f1f45097fd28d059,02/08/2018 10:30:00 PM,1,DRIVER,,309941,,FORD,ESCAPE (SUV),IL,2006,NONE,SPORT UTILITY VEHICLE (SUV),PERSONAL,E,SKIDDING/CONTROL LOSS,,,1,,,,,Y,,,,,,,,,,,,,FRONT,,,,,,,,,,,,,,,,,,,,,,,,,,,,,,,,,
320499,cb0748456d12d35abc1ab2f3f2b9592b2145412e8318968e80b9aa3d8ff1c66ad37480f1ed3b5d997dbfda34d369b6900c14b7009673ba00f1f45097fd28d059,02/08/2018 10:30:00 PM,2,DRIVER,,309938,,NISSAN,ROGUE,IL,2014,NONE,SPORT UTILITY VEHICLE (SUV),PERSONAL,E,STRAIGHT AHEAD,,,1,,,,,,,,,Y,,,,,,,,,REAR,,,,,,,,,,,,,,,,,,,,,,,,,,,,,,,,,
323455,ddaff42d9b3f560c9e7b70027f71fa77599347a3380b0282ae2f423c96607c6c9221919268b221faebe3f5537d198169ccf450a8709882b9111875a6f29c2a3c,02/06/2018 08:05:00 PM,1,DRIVER,,312723,,VOLVO,XC90,FL,2003,UNKNOWN,SPORT UTILITY VEHICLE (SUV),PERSONAL,E,BACKING,,,1,,,,,,,,,N,,,,,,,,,REAR,,,,,,,,,,,,,,,,,,,,,,,,,,,,,,,,,
323456,ddaff42d9b3f560c9e7b70027f71fa77599347a3380b0282ae2f423c96607c6c9221919268b221faebe3f5537d198169ccf450a8709882b9111875a6f29c2a3c,02/06/2018 08:05:00 PM,2,DRIVER,,312731,,HONDA,ACCORD,IL,2016,NONE,PASSENGER,PERSONAL,W,LEAVING TRAFFIC LANE TO PARK,,,1,,,,,,,,Y,Y,,,,,Y,,,,REAR-RIGHT,,,,,,,,,,,,,,,,,,,,,,,,,,,,,,,,,
316756,0cce858a5a24360efc5797159210843de4070effd6898a751bf9d832709a8ffea2dd45d55b7b7000c24509f61c89d557149e4de81b43c3b16d53e59c440c4807,02/02/2018 07:00:00 PM,1,DRIVER,,306414,,CHEVROLET,IMPALA,IL,2012,UNKNOWN,PASSENGER,PERSONAL,W,STRAIGHT AHEAD,,,1,,,,,,,,,,,,,,,,,Y,SIDE-RIGHT,,,,,,,,,,,,,,,,,,,,,,,,,,,,,,,,,
316757,0cce858a5a24360efc5797159210843de4070effd6898a751bf9d832709a8ffea2dd45d55b7b7000c24509f61c89d557149e4de81b43c3b16d53e59c440c4807,02/02/2018 07:00:00 PM,2,PARKED,1,306407,,"TOYOTA MOTOR COMPANY, LTD.",YARIS,IL,2015,NONE,PASSENGER,NOT IN USE,W,PARKED,,,1,,,,,,,,,,,,Y,,,,,,SIDE-LEFT,,,,,,,,,,,,,,,,,,,,,,,,,,,,,,,,,
310323,30a475f39455e6fec3dbcccfeb700ea992528f9f6feb73bd7c1bdc67fb571114c1f92b89493397f7932d72711aa10e2b97c640143b5e77e289e1e24b0fccb2ca,01/24/2018 06:00:00 AM,1,DRIVER,,300399,,UNKNOWN,UNKNOWN,,,UNKNOWN,UNKNOWN/NA,UNKNOWN/NA,UNKNOWN,UNKNOWN/NA,,,1,,,,,,,,,,,,,,,,,,UNKNOWN,,,,,,,,,,,,,,,,,,,,,,,,,,,,,,,,,
310324,30a475f39455e6fec3dbcccfeb700ea992528f9f6feb73bd7c1bdc67fb571114c1f92b89493397f7932d72711aa10e2b97c640143b5e77e289e1e24b0fccb2ca,01/24/2018 06:00:00 AM,2,PARKED,,300393,,FORD,FREESTYLE,IL,2005,NONE,SPORT UTILITY VEHICLE (SUV),NOT IN USE,S,PARKED,,,0,,,,,,,,,,Y,Y,,,,,,,REAR-LEFT,,,,,,,,,,,,,,,,,,,,,,,,,,,,,,,,,
307457,51a561f69ada5b700be7e0c65059ffa5de893f0d695487ebaf7f7fef4bec12b542601fda3aecaf2c722a2c0a3257b42e654d1d7bc74c533cd2070db133ded414,01/19/2018 03:30:00 PM,1,DRIVER,,297716,,"TOYOTA MOTOR COMPANY, LTD.",Prius,IL,2012,UNKNOWN,UNKNOWN/NA,UNKNOWN/NA,N,DRIVING WRONG WAY,,,1,,,,,,,,,,,,,,,,,Y,FRONT,,,,,,,,,,,,,,,,,,,,,,,,,,,,,,,,,
307458,51a561f69ada5b700be7e0c65059ffa5de893f0d695487ebaf7f7fef4bec12b542601fda3aecaf2c722a2c0a3257b42e654d1d7bc74c533cd2070db133ded414,01/19/2018 03:30:00 PM,2,DRIVER,1,297730,,NISSAN,NISSAN ALTIMA,IL,2018,UNKNOWN,UNKNOWN/NA,OTHER,N,SLOW/STOP IN TRAFFIC,,,2,,,,,,,,,Y,,,,,,,,,REAR,,,,,,,,,,,,,,,,,,,,,,,,,,,,,,,,,
309024,02819cc6552a80d13665a9cf577fb8b218ead3c33dd44c68906dcc887837c9c8bd222aa752a4d60933e8c630cab37cf92e9dbfe70b894aa4ad47b700026c0066,01/19/2018 06:00:00 AM,2,PARKED,,299175,,CADILLAC,CTS,IL,2014,NONE,PASSENGER,PERSONAL,S,PARKED,,,0,,,,N,,,,,,Y,,,,,,,,REAR-LEFT,,,,,,,,,,,,,,,,,,,,,,,,,,,,,,,,,
309073,02819cc6552a80d13665a9cf577fb8b218ead3c33dd44c68906dcc887837c9c8bd222aa752a4d60933e8c630cab37cf92e9dbfe70b894aa4ad47b700026c0066,01/19/2018 06:00:00 AM,1,DRIVER,,299224,,UNKNOWN,UNKNOWN,,,UNKNOWN,UNKNOWN/NA,UNKNOWN/NA,UNKNOWN,UNKNOWN/NA,,,1,,,,,,,,,,,,,,,,,,UNKNOWN,,,,,,,,,,,,,,,,,,,,,,,,,,,,,,,,,
305804,e21ce97b45b30142ef63adb70080985345e3a18a946d0cef16583340ccc238ca679d1043b32d0bfb73f3a48d12bbdcc272997f5aca6c6349cfe8903dfe862329,01/17/2018 01:37:00 PM,1,DRIVER,,296134,,LEXUS,UNKNOWN,IL,2003,UNKNOWN,PASSENGER,PERSONAL,E,TURNING RIGHT,,,1,,,,,,,Y,Y,,,,,,,,,,FRONT-RIGHT,,,,,,,,,,,,,,,,,,,,,,,,,,,,,,,,,
305805,e21ce97b45b30142ef63adb70080985345e3a18a946d0cef16583340ccc238ca679d1043b32d0bfb73f3a48d12bbdcc272997f5aca6c6349cfe8903dfe862329,01/17/2018 01:37:00 PM,2,DRIVER,,296138,,FORD,ESCORT,IL,2006,NONE,PASSENGER,PERSONAL,E,STRAIGHT AHEAD,,,1,,,,,,,,,,,,Y,,,,,,FRONT-LEFT,,,,,,,,,,,,,,,,,,,,,,,,,,,,,,,,,
305833,210db2f3ae39fb70090874136ec631983df4d84fae12ec3192e5bc59e5525422046f07a47688ca994599fdac06cf9578a8ff2d6ce44ef30545daca38d4fc12be,01/17/2018 05:56:00 AM,1,DRIVER,,296160,,FORD,UNKNOWN,IL,2010,UNKNOWN,VAN/MINI-VAN,UNKNOWN/NA,N,STRAIGHT AHEAD,,,1,,,,,,Y,,,,,,,,,,,,FRONT-RIGHT,,,,,,,,,,,,,,,,,,,,,,,,,,,,,,,,,
305834,210db2f3ae39fb70090874136ec631983df4d84fae12ec3192e5bc59e5525422046f07a47688ca994599fdac06cf9578a8ff2d6ce44ef30545daca38d4fc12be,01/17/2018 05:56:00 AM,2,DRIVER,,296166,,CHRYSLER,300,IL,2013,NONE,PASSENGER,PERSONAL,N,STRAIGHT AHEAD,,,1,,,,,,,,,,Y,,,,,,,,REAR-LEFT,,,,,,,,,,,,,,,,,,,,,,,,,,,,,,,,,
308069,25679a78413d1120b8794113fd092a29b008f8a6c9d4e6ede6c6cef7f78fd4f35b8d7af372474f25f33499dc32e897db2fb700e8d9c827c8ebb8f275646e4c73,01/16/2018 04:30:00 AM,1,,,,,,,,,,,,,,,,,,,,,,,,,,,,,,,,,,,,,,,,,,,,,,,,,,,,,,,,,,,,,,,,,,,
308070,25679a78413d1120b8794113fd092a29b008f8a6c9d4e6ede6c6cef7f78fd4f35b8d7af372474f25f33499dc32e897db2fb700e8d9c827c8ebb8f275646e4c73,01/16/2018 04:30:00 AM,1,DRIVER,,298278,,BUICK,ENCLAVE,IL,2012,UNKNOWN,PASSENGER,PERSONAL,N,TURNING RIGHT,,,1,,,,,,N,,,,,,Y,,,,,,FRONT-LEFT,,,,,,,,,,,,,,,,,,,,,,,,,,,,,,,,,
305001,12c526863e09fca7d4b4ab32e545c022627d43e19accfb4c11ae609623e007394cd94d79fbf6cee760dfbf90e7266f5652cf6f8445a0eab0d7ec2cb63a7b700d,01/11/2018 05:25:00 PM,1,DRIVER,,295387,,TESLA MOTORS,MODEL S,IN,,UNKNOWN,PASSENGER,UNKNOWN/NA,W,TURNING LEFT,,,1,,,,,,,,,,,,,,,,,Y,UNKNOWN,,,,,,,,,,,,,,,,,,,,,,,,,,,,,,,,,
305002,12c526863e09fca7d4b4ab32e545c022627d43e19accfb4c11ae609623e007394cd94d79fbf6cee760dfbf90e7266f5652cf6f8445a0eab0d7ec2cb63a7b700d,01/11/2018 05:25:00 PM,2,DRIVER,1,295391,,"TOYOTA MOTOR COMPANY, LTD.",CELICA,IL,1995,UNKNOWN,PASSENGER,PERSONAL,S,STRAIGHT AHEAD,,,2,,,,,,,,,,,,Y,,,,,,FRONT-LEFT,,,,,,,,,,,,,,,,,,,,,,,,,,,,,,,,,
304803,8ccd341a94ac0abcda1bf9688552984770877b6b9ef04bdc5feb65f2b777b7298668fd9b58d73e13686fa65eabe4078cae5bdca365121b700d8f5eb92b9fb332,01/10/2018 09:30:00 AM,1,DRIVER,,295231,,PONTIAC,GRAND PRIX,IL,2004,UNKNOWN,PASSENGER,PERSONAL,E,STRAIGHT AHEAD,Y,,1,,,,,Y,Y,Y,Y,,,,Y,,,,,,FRONT-RIGHT,,,,,,,,,,,,,,,,,,,,,,,,,,,,,,,,,
304804,8ccd341a94ac0abcda1bf9688552984770877b6b9ef04bdc5feb65f2b777b7298668fd9b58d73e13686fa65eabe4078cae5bdca365121b700d8f5eb92b9fb332,01/10/2018 09:30:00 AM,2,PARKED,,295238,,VOLKSWAGEN,PASSAT,IL,2005,UNKNOWN,PASSENGER,NOT IN USE,E,PARKED,,,0,,,,,,,,,,Y,Y,Y,,,,,,REAR-LEFT,,,,,,,,,,,,,,,,,,,,,,,,,,,,,,,,,
300618,b5549e979516357093f6b4b52270837c2d2806ddd12d051fd8e77c81dcf60e310faf962ef97ffc91474156f0017a3cb70008dde975b1eb8ad389ac4c9904e437,01/09/2018 05:15:00 PM,1,DRIVER,,291302,,ACURA (DIV. OF AMERICAN HONDA MOTOR CO.),MDX,IL,2003,NONE,SPORT UTILITY VEHICLE (SUV),PERSONAL,NW,TURNING RIGHT,,,1,,,,,,Y,,,,,,,,,,,,FRONT-RIGHT,,,,,,,,,,,,,,,,,,,,,,,,,,,,,,,,,
300619,b5549e979516357093f6b4b52270837c2d2806ddd12d051fd8e77c81dcf60e310faf962ef97ffc91474156f0017a3cb70008dde975b1eb8ad389ac4c9904e437,01/09/2018 05:15:00 PM,2,DRIVER,,291304,,SATURN,AURA,IL,2008,NONE,PASSENGER,PERSONAL,E,STRAIGHT AHEAD,,,1,,,,,Y,,,,,,,Y,,,,,,FRONT-LEFT,,,,,,,,,,,,,,,,,,,,,,,,,,,,,,,,,