CRASH_UNIT_ID,CRASH_RECORD_ID,CRASH_DATE,UNIT_NO,UNIT_TYPE,NUM_PASSENGERS,VEHICLE_ID,CMRC_VEH_I,MAKE,MODEL,LIC_PLATE_STATE,VEHICLE_YEAR,VEHICLE_DEFECT,VEHICLE_TYPE,VEHICLE_USE,TRAVEL_DIRECTION,MANEUVER,TOWED_I,FIRE_I,OCCUPANT_CNT,EXCEED_SPEED_LIMIT_I,TOWED_BY,TOWED_TO,AREA_00_I,AREA_01_I,AREA_02_I,AREA_03_I,AREA_04_I,AREA_05_I,AREA_06_I,AREA_07_I,AREA_08_I,AREA_09_I,AREA_10_I,AREA_11_I,AREA_12_I,AREA_99_I,FIRST_CONTACT_POINT,CMV_ID,USDOT_NO,CCMC_NO,ILCC_NO,COMMERCIAL_SRC,GVWR,CARRIER_NAME,CARRIER_STATE,CARRIER_CITY,HAZMAT_PLACARDS_I,HAZMAT_NAME,UN_NO,HAZMAT_PRESENT_I,HAZMAT_REPORT_I,HAZMAT_REPORT_NO,MCS_REPORT_I,MCS_REPORT_NO,HAZMAT_VIO_CAUSE_CRASH_I,MCS_VIO_CAUSE_CRASH_I,IDOT_PERMIT_NO,WIDE_LOAD_I,TRAILER1_WIDTH,TRAILER2_WIDTH,TRAILER1_LENGTH,TRAILER2_LENGTH,TOTAL_VEHICLE_LENGTH,AXLE_CNT,VEHICLE_CONFIG,CARGO_BODY_TYPE,LOAD_TYPE,HAZMAT_OUT_OF_SERVICE_I,MCS_OUT_OF_SERVICE_I,HAZMAT_CLASS
300098,e31df95c697c1cd3b700d66d0c1b8cfeb6caae0b8a75bc0536372e30a74d6614b66d9baa857bfd3564f650af532fa7a2617414bd642e67398e16ad19d79d2ae4,01/09/2018 01:03:00 AM,1,DRIVER,,290806,,UNKNOWN,UNKNOWN,XX,,UNKNOWN,UNKNOWN/NA,UNKNOWN/NA,S,UNKNOWN/NA,,,1,,,,,,,,,,,,N,,,,,Y,UNKNOWN,,,,,,,,,,,,,,,,,,,,,,,,,,,,,,,,,
300099,e31df95c697c1cd3b700d66d0c1b8cfeb6caae0b8a75bc0536372e30a74d6614b66d9baa857bfd3564f650af532fa7a2617414bd642e67398e16ad19d79d2ae4,01/09/2018 01:03:00 AM,2,PEDESTRIAN,,,,,,,,,,,,,,,,,,,,,,,,,,,,,,,,,,,,,,,,,,,,,,,,,,,,,,,,,,,,,,,,,,
300302,98c77ef5dfd32db61aa69c04b9ae70b005d5fd04454e62afbc7d3e5312a1022dd3401b5178b0a3ba856228c273b700007d79f50d5b5fbf1a03e84bc6b3c103d7,01/09/2018 01:00:00 AM,1,DRIVER,,290991,,UNKNOWN,UNKNOWN,XX,,UNKNOWN,UNKNOWN/NA,UNKNOWN/NA,UNKNOWN,UNKNOWN/NA,,,1,,,,,,,,,,,,,,,,,Y,UNKNOWN,,,,,,,,,,,,,,,,,,,,,,,,,,,,,,,,,
300303,98c77ef5dfd32db61aa69c04b9ae70b005d5fd04454e62afbc7d3e5312a1022dd3401b5178b0a3ba856228c273b700007d79f50d5b5fbf1a03e84bc6b3c103d7,01/09/2018 01:00:00 AM,2,PARKED,,290996,,CHEVROLET,IMPALA,IL,2011,NONE,PASSENGER,PERSONAL,E,PARKED,,,0,,,,,,,,,,Y,Y,Y,,,,,,SIDE-LEFT,,,,,,,,,,,,,,,,,,,,,,,,,,,,,,,,,
299360,7f65e1a8b5c84c7a46d9d93571c133595d084e416121b309d3d24a3ea9ed1e1e3618a7b9b700720dd4b76d71973aa22934fc6ba231cbb3e03ef0dc3f5fd5e950,01/07/2018 08:25:00 PM,1,DRIVER,,290151,,HONDA,CIVIC,IL,2012,UNKNOWN,PASSENGER,UNKNOWN/NA,S,TURNING RIGHT,,,1,,,,,,,,,,,,Y,,,,,,FRONT-LEFT,,,,,,,,,,,,,,,,,,,,,,,,,,,,,,,,,
299361,7f65e1a8b5c84c7a46d9d93571c133595d084e416121b309d3d24a3ea9ed1e1e3618a7b9b700720dd4b76d71973aa22934fc6ba231cbb3e03ef0dc3f5fd5e950,01/07/2018 08:25:00 PM,2,DRIVER,,290154,,MITSUBISHI,Outlander,IL,2016,UNKNOWN,SPORT UTILITY VEHICLE (SUV),OTHER,S,TURNING RIGHT,,,1,,,,,,,,Y,,,,,,,,,,REAR-RIGHT,,,,,,,,,,,,,,,,,,,,,,,,,,,,,,,,,
299298,5dda31720987c8f6693dd221c5bade71bec41d058b8d526ede91014b47a623452fe2ebe2fd2950c4a9b82b700d30bd3731e1af3031fe6419e626da8d4eb50115,01/07/2018 03:15:00 PM,1,DRIVER,,290093,,HONDA,UNKNOWN,IL,2009,UNKNOWN,PASSENGER,UNKNOWN/NA,N,PASSING/OVERTAKING,,,1,,,,,,,,,,,,,,,,,Y,UNKNOWN,,,,,,,,,,,,,,,,,,,,,,,,,,,,,,,,,
299299,5dda31720987c8f6693dd221c5bade71bec41d058b8d526ede91014b47a623452fe2ebe2fd2950c4a9b82b700d30bd3731e1af3031fe6419e626da8d4eb50115,01/07/2018 03:15:00 PM,2,DRIVER,,290098,,"TOYOTA MOTOR COMPANY, LTD.",RAV4 (sport utility),IL,2003,NONE,SPORT UTILITY VEHICLE (SUV),PERSONAL,N,STRAIGHT AHEAD,,,1,,,,,,,,,,,Y,,,,,,,SIDE-LEFT,,,,,,,,,,,,,,,,,,,,,,,,,,,,,,,,,
297942,b4a6e68fca746d11f326ed73995471a4f0417042ac60037b640c5c3d7fb3694c670eecebc949bf91669bd3d8317c3b700821ad3c0f6ecf33184b1da2121a42fb,01/05/2018 05:50:00 PM,1,DRIVER,2,288821,,NISSAN,NISSAN ALTIMA,,2005,NONE,PASSENGER,PERSONAL,W,STRAIGHT AHEAD,,,3,,,,,Y,,,,,,,,,,,,,FRONT,,,,,,,,,,,,,,,,,,,,,,,,,,,,,,,,,
297943,b4a6e68fca746d11f326ed73995471a4f0417042ac60037b640c5c3d7fb3694c670eecebc949bf91669bd3d8317c3b700821ad3c0f6ecf33184b1da2121a42fb,01/05/2018 05:50:00 PM,2,DRIVER,1,288815,,HYUNDAI,TUCSON,,2016,NONE,PASSENGER,PERSONAL,W,SLOW/STOP IN TRAFFIC,,,2,,,,,,,,,Y,,,,,,,,,REAR,,,,,,,,,,,,,,,,,,,,,,,,,,,,,,,,,
295385,822be1fbafe04041f05b700d9d0ab446f42a1e3ffe178124a2736fc1c784d966ba67e88e9357c640011dd91c46e500c7f7a54aecda1fb3311d396327c38706ae,01/02/2018 03:55:00 PM,1,DRIVER,,286443,,KIA MOTORS CORP,SORENTO,IL,2016,UNKNOWN,PASSENGER,PERSONAL,S,STRAIGHT AHEAD,,,1,,,,,Y,,,,,,,,,,,,,FRONT,,,,,,,,,,,,,,,,,,,,,,,,,,,,,,,,,
295386,822be1fbafe04041f05b700d9d0ab446f42a1e3ffe178124a2736fc1c784d966ba67e88e9357c640011dd91c46e500c7f7a54aecda1fb3311d396327c38706ae,01/02/2018 03:55:00 PM,2,DRIVER,,286428,,KIA MOTORS CORP,FORTE,IL,2013,UNKNOWN,PASSENGER,PERSONAL,S,SLOW/STOP IN TRAFFIC,,,1,,,,,,,,,Y,,,,,,,,,REAR,,,,,,,,,,,,,,,,,,,,,,,,,,,,,,,,,
296136,1986e09a26608a17f96895289d37ca85b46a220203a50792709fa8aa072c8fd1328b59df97de91a9b0429dac985bfbade42025942153f5873e3cb70016c6580b,01/02/2018 12:30:00 PM,1,DRIVER,,287126,,UNKNOWN,UNKNOWN,,,UNKNOWN,UNKNOWN/NA,UNKNOWN/NA,UNKNOWN,UNKNOWN/NA,,,1,,,,,,,,,,,,,,,,,,UNKNOWN,,,,,,,,,,,,,,,,,,,,,,,,,,,,,,,,,
296137,1986e09a26608a17f96895289d37ca85b46a220203a50792709fa8aa072c8fd1328b59df97de91a9b0429dac985bfbade42025942153f5873e3cb70016c6580b,01/02/2018 12:30:00 PM,2,PARKED,,287128,,HONDA,CIVIC,IL,2008,NONE,PASSENGER,PERSONAL,UNKNOWN,PARKED,,,0,,,,,,,Y,,,,,,,,,,,SIDE-RIGHT,,,,,,,,,,,,,,,,,,,,,,,,,,,,,,,,,
294948,1bb82ea2a0d8328e5c2a0f6423ad5c5a5ba22c0a59f759363ec2aa9ab56bfa178ebb30c0e156c27f3c941658acbc2e6b40db227edb6c599e52f82b5bb700daf5,01/02/2018 08:00:00 AM,1,DRIVER,,286019,,UNKNOWN,UNKNOWN,XX,,UNKNOWN,PASSENGER,UNKNOWN/NA,SW,TURNING LEFT,,,1,,,,,,Y,,,,,,,,,,,,FRONT-RIGHT,,,,,,,,,,,,,,,,,,,,,,,,,,,,,,,,,
294949,1bb82ea2a0d8328e5c2a0f6423ad5c5a5ba22c0a59f759363ec2aa9ab56bfa178ebb30c0e156c27f3c941658acbc2e6b40db227edb6c599e52f82b5bb700daf5,01/02/2018 08:00:00 AM,2,PARKED,,286025,,"TOYOTA MOTOR COMPANY, LTD.",Highlander(beginning vehicle year 2001),IL,2012,NONE,SPORT UTILITY VEHICLE (SUV),NOT IN USE,S,PARKED,N,,0,,,,,,,,,,,N,Y,,,,,,FRONT-LEFT,,,,,,,,,,,,,,,,,,,,,,,,,,,,,,,,,
293997,a54a26a8db318915d972b1768c486f80cc4218c4abe319adab7b45e7568e699b62b5cca8d3db38e1b348015a9fda3719682826edd8c8b700036c28c17ad08681,01/01/2018 02:27:00 AM,1,DRIVER,,285192,,KIA MOTORS CORP,UNKNOWN,IL,,UNKNOWN,UNKNOWN/NA,UNKNOWN/NA,N,UNKNOWN/NA,,,1,,,,,Y,Y,,,,,,,,,,,,FRONT-RIGHT,,,,,,,,,,,,,,,,,,,,,,,,,,,,,,,,,
293998,a54a26a8db318915d972b1768c486f80cc4218c4abe319adab7b45e7568e699b62b5cca8d3db38e1b348015a9fda3719682826edd8c8b700036c28c17ad08681,01/01/2018 02:27:00 AM,2,PARKED,,285118,,DODGE,STRATUS,IL,,NONE,PASSENGER,PERSONAL,N,PARKED,Y,,0,,owner,,,Y,Y,,,Y,Y,,Y,,,,,,REAR-LEFT,,,,,,,,,,,,,,,,,,,,,,,,,,,,,,,,,
293999,a54a26a8db318915d972b1768c486f80cc4218c4abe319adab7b45e7568e699b62b5cca8d3db38e1b348015a9fda3719682826edd8c8b700036c28c17ad08681,01/01/2018 02:27:00 AM,3,PARKED,,285134,,JEEP,CHEROKEE,IL,,NONE,PASSENGER,PERSONAL,N,PARKED,,,0,,,,N,,,,Y,,,,,,,,,,REAR,,,,,,,,,,,,,,,,,,,,,,,,,,,,,,,,,
294027,a54a26a8db318915d972b1768c486f80cc4218c4abe319adab7b45e7568e699b62b5cca8d3db38e1b348015a9fda3719682826edd8c8b700036c28c17ad08681,01/01/2018 02:27:00 AM,4,PARKED,,285150,,VOLVO,S60,IL,,NONE,PASSENGER,PERSONAL,N,PARKED,,,0,,,,,,,,,Y,,,,,,,,,REAR,,,,,,,,,,,,,,,,,,,,,,,,,,,,,,,,,
290203,50f5d58f163d53dbc71e3666136e1d0a5bdd2112446d895e7acc226b4cbb0042d74eb78b3272aa59b0819ea6dd6386dc5d469b21f3406f1d428c4a2b70002003,12/26/2017 12:30:00 AM,1,DRIVER,,281573,,UNKNOWN,UNKNOWN,IL,,UNKNOWN,UNKNOWN/NA,UNKNOWN/NA,UNKNOWN,UNKNOWN/NA,,,1,,,,,,,,,,,,,,,,,Y,UNKNOWN,,,,,,,,,,,,,,,,,,,,,,,,,,,,,,,,,
290204,50f5d58f163d53dbc71e3666136e1d0a5bdd2112446d895e7acc226b4cbb0042d74eb78b3272aa59b0819ea6dd6386dc5d469b21f3406f1d428c4a2b70002003,12/26/2017 12:30:00 AM,2,PARKED,,281572,,CADILLAC,STS,IL,2006,NONE,PASSENGER,NOT IN USE,N,PARKED,,,0,,,,,,Y,Y,,,,,,,,,,,FRONT-RIGHT,,,,,,,,,,,,,,,,,,,,,,,,,,,,,,,,,
288817,7f3ea49655e023c88dcc94e8eebdda3e923782ef72dac82ab4b4f58fe0ba38e0d137e65c7c38e85a32aa9575ec8479762b8027591884b700cec5b8df9f95ecf1,12/24/2017 12:45:00 PM,1,DRIVER,,280236,,UNKNOWN,UNKNOWN,IL,,UNKNOWN,UNKNOWN/NA,UNKNOWN/NA,W,UNKNOWN/NA,,,1,,,,,,,,,,,,,,,,,Y,UNKNOWN,,,,,,,,,,,,,,,,,,,,,,,,,,,,,,,,,
288818,7f3ea49655e023c88dcc94e8eebdda3e923782ef72dac82ab4b4f58fe0ba38e0d137e65c7c38e85a32aa9575ec8479762b8027591884b700cec5b8df9f95ecf1,12/24/2017 12:45:00 PM,2,PARKED,,280241,,SATURN,Vue,IL,2008,UNKNOWN,SPORT UTILITY VEHICLE (SUV),NOT IN USE,W,PARKED,,,0,,,,,,,,,,,Y,,,,,,,SIDE-LEFT,,,,,,,,,,,,,,,,,,,,,,,,,,,,,,,,,
288517,74e583155a3b700213bbb73bbd717de56a7b438f3197183bd0b4152b32c09fd0c00d03c0c2b898f4c110bbb0454c3add1feadb2935e90be823c890c6376e5a88,12/24/2017 12:41:00 AM,1,DRIVER,,279948,,UNKNOWN,UNKNOWN,,,UNKNOWN,UNKNOWN/NA,UNKNOWN/NA,UNKNOWN,UNKNOWN/NA,,,1,,,,,,,,,,,,,,,,,,UNKNOWN,,,,,,,,,,,,,,,,,,,,,,,,,,,,,,,,,
288518,74e583155a3b700213bbb73bbd717de56a7b438f3197183bd0b4152b32c09fd0c00d03c0c2b898f4c110bbb0454c3add1feadb2935e90be823c890c6376e5a88,12/24/2017 12:41:00 AM,2,PARKED,,279950,,"TOYOTA MOTOR COMPANY, LTD.",TOYOTA,IL,2010,UNKNOWN,PASSENGER,NOT IN USE,E,PARKED,,,0,,,,,Y,Y,,N,Y,Y,,Y,,,,,,REAR,,,,,,,,,,,,,,,,,,,,,,,,,,,,,,,,,
288519,74e583155a3b700213bbb73bbd717de56a7b438f3197183bd0b4152b32c09fd0c00d03c0c2b898f4c110bbb0454c3add1feadb2935e90be823c890c6376e5a88,12/24/2017 12:41:00 AM,3,PARKED,,279952,,HONDA,HONDA,IL,2006,UNKNOWN,PASSENGER,NOT IN USE,E,PARKED,,,0,,,,,,,,Y,Y,Y,,,,,,,,REAR,,,,,,,,,,,,,,,,,,,,,,,,,,,,,,,,,
286491,1fd6ed6f96255eeab4682be9209a24cce129b6d8505707165aef70827aa50581832ecf6072dcdadef70ecb7003ce093ee7aba5ec7eea3d372393a9f017a1bf41,12/21/2017 09:02:00 AM,1,DRIVER,,278010,,"TOYOTA MOTOR COMPANY, LTD.",Prius,IL,2012,NONE,PASSENGER,TAXI/FOR HIRE,W,TURNING RIGHT,,,1,,,,,Y,,,,,,,,,,,,,FRONT,,,,,,,,,,,,,,,,,,,,,,,,,,,,,,,,,
286492,1fd6ed6f96255eeab4682be9209a24cce129b6d8505707165aef70827aa50581832ecf6072dcdadef70ecb7003ce093ee7aba5ec7eea3d372393a9f017a1bf41,12/21/2017 09:02:00 AM,2,PEDESTRIAN,,,,,,,,,,,,,,,,,,,,,,,,,,,,,,,,,,,,,,,,,,,,,,,,,,,,,,,,,,,,,,,,,,
283875,474c6536d9f96d97ec5cb835b700804bc8bb88abb05b735cf4dded3822e5d1bc7ac9ede74ef00546801ad69c47c661f04a48411d0fc515b8112da41776c637db,12/17/2017 12:34:00 PM,1,DRIVER,,275533,,DODGE,DURANGO,IL,2018,NONE,PASSENGER,PERSONAL,E,AVOIDING VEHICLES/OBJECTS,Y,,1,,ever24 tow,drivers location,,Y,,,,,,,Y,,,,,,FRONT-LEFT,,,,,,,,,,,,,,,,,,,,,,,,,,,,,,,,,
286073,763da1b700c4e67fa09f90e62a3f58fc8ae1de4b659a906106f5761c8e17c87e20ce2f0fc19f91fb690f510892560cf820f2c12f281c0384db45ca61eab92c43,12/16/2017 09:25:00 PM,1,DRIVER,,277616,,"TOYOTA MOTOR COMPANY, LTD.",Sienna (van),IL,2017,UNKNOWN,VAN/MINI-VAN,UNKNOWN/NA,W,TURNING RIGHT,,,1,,,,,,,,,Y,,,,,,,,,REAR,,,,,,,,,,,,,,,,,,,,,,,,,,,,,,,,,
286074,763da1b700c4e67fa09f90e62a3f58fc8ae1de4b659a906106f5761c8e17c87e20ce2f0fc19f91fb690f510892560cf820f2c12f281c0384db45ca61eab92c43,12/16/2017 09:25:00 PM,2,DRIVER,,277617,,HONDA,ACCORD,IL,2015,NONE,PASSENGER,PERSONAL,W,TURNING RIGHT,,,1,,,,Y,,,,,,,,,,,,,,FRONT,,,,,,,,,,,,,,,,,,,,,,,,,,,,,,,,,
283282,468143b4a203df9ec32d618b0759d5cb31eefe519045e1ff4a5ee1420fa2b68590f0fd180051e072956a795a3079bc0664e2701fd523aab7007b8584d0714263,12/16/2017 03:10:00 PM,1,DRIVER,,274966,,"TOYOTA MOTOR COMPANY, LTD.",COROLLA,IL,1997,NONE,PASSENGER,PERSONAL,S,STRAIGHT AHEAD,,,1,,,,,Y,Y,,,,,,Y,,,,,,FRONT,,,,,,,,,,,,,,,,,,,,,,,,,,,,,,,,,
283283,468143b4a203df9ec32d618b0759d5cb31eefe519045e1ff4a5ee1420fa2b68590f0fd180051e072956a795a3079bc0664e2701fd523aab7007b8584d0714263,12/16/2017 03:10:00 PM,2,DRIVER,,274970,,"TOYOTA MOTOR COMPANY, LTD.",Prius,IL,2015,UNKNOWN,PASSENGER,UNKNOWN/NA,S,STRAIGHT AHEAD,,,1,,,,,,,,N,Y,Y,,,,,,,,REAR,,,,,,,,,,,,,,,,,,,,,,,,,,,,,,,,,
283099,0ede56ef2f1a40123b7d09b55932679f4bb510b8292a2b700284caae844b91f31f0b3c74f6fb00fc902abb7d81ed4470769e3ad6f316ea3e0471408dd22c8f9b,12/16/2017 10:40:00 AM,1,DRIVER,,274791,,KIA MOTORS CORP,Optima,IL,2017,NONE,PASSENGER,PERSONAL,S,STRAIGHT AHEAD,,,1,,,,,,Y,,,,,,,,,,,,FRONT-RIGHT,,,,,,,,,,,,,,,,,,,,,,,,,,,,,,,,,
283100,0ede56ef2f1a40123b7d09b55932679f4bb510b8292a2b700284caae844b91f31f0b3c74f6fb00fc902abb7d81ed4470769e3ad6f316ea3e0471408dd22c8f9b,12/16/2017 10:40:00 AM,2,DRIVER,,274795,,CHRYSLER,Pacifica (Sport Wagon),IL,2005,NONE,PASSENGER,PERSONAL,S,STRAIGHT AHEAD,,,1,,,,,,,,,,Y,,,,,,,,REAR-LEFT,,,,,,,,,,,,,,,,,,,,,,,,,,,,,,,,,
282399,375cab700c825cc4c7174e7e26cccd5b4082951ad14487c4748a106f7a05f9e30c3e945a8c38769520e0859dbef90a5f9829671ca2ae9b6ee2958dd41f9178c7,12/15/2017 01:30:00 PM,1,DRIVER,,274121,,CHEVROLET,"CHEVROLET-TRUCK,VAN,SUV,ETC",IL,2014,UNKNOWN,PICKUP,UNKNOWN/NA,N,SLOW/STOP IN TRAFFIC,,,1,,,,,Y,,,,,,,,,,,,,FRONT,,,,,,,,,,,,,,,,,,,,,,,,,,,,,,,,,
282400,375cab700c825cc4c7174e7e26cccd5b4082951ad14487c4748a106f7a05f9e30c3e945a8c38769520e0859dbef90a5f9829671ca2ae9b6ee2958dd41f9178c7,12/15/2017 01:30:00 PM,2,DRIVER,,274132,,"TOYOTA MOTOR COMPANY, LTD.",RAV4 (sport utility),IL,2016,NONE,SPORT UTILITY VEHICLE (SUV),PERSONAL,N,SLOW/STOP IN TRAFFIC,,,1,,,,,,,,Y,Y,Y,,,,,,,,REAR-LEFT,,,,,,,,,,,,,,,,,,,,,,,,,,,,,,,,,
278380,85317bc6dc0a36e10997fd5f038b33a5b0ed676c5253bbca4e8bd9b700130a65f7be9281990c0b84aae017c14c6ccf9d2c4d1c50e2b9e8db44b08f3d13e3a3c5,12/09/2017 02:50:00 PM,1,DRIVER,,270293,,"TOYOTA MOTOR COMPANY, LTD.",CAMRY,IL,2010,UNKNOWN,PASSENGER,PERSONAL,N,STRAIGHT AHEAD,,,1,,,,,,Y,,,,,,,,,,,,FRONT-RIGHT,,,,,,,,,,,,,,,,,,,,,,,,,,,,,,,,,
278381,85317bc6dc0a36e10997fd5f038b33a5b0ed676c5253bbca4e8bd9b700130a65f7be9281990c0b84aae017c14c6ccf9d2c4d1c50e2b9e8db44b08f3d13e3a3c5,12/09/2017 02:50:00 PM,2,DRIVER,,270309,,OLDSMOBILE,Bravada,IL,2000,UNKNOWN,PASSENGER,PERSONAL,N,STRAIGHT AHEAD,,,1,,,,,,,,,Y,,,,,,,,,REAR,,,,,,,,,,,,,,,,,,,,,,,,,,,,,,,,,
277889,efc176b5f4ceff8b3356ca0599966340a704b4693eb38aa2e680cd060044b7abb7007c0538987003bbfcc85adbff8fbf4e5b163b0909a51062e200793501c4e2,12/09/2017 02:15:00 AM,1,DRIVER,1,269846,,NISSAN,NISSAN ALTIMA,IL,2003,NONE,PASSENGER,PERSONAL,E,PASSING/OVERTAKING,N,,2,,,,,,Y,,,,,N,N,,,,,,FRONT-RIGHT,,,,,,,,,,,,,,,,,,,,,,,,,,,,,,,,,
277894,efc176b5f4ceff8b3356ca0599966340a704b4693eb38aa2e680cd060044b7abb7007c0538987003bbfcc85adbff8fbf4e5b163b0909a51062e200793501c4e2,12/09/2017 02:15:00 AM,2,DRIVER,,269841,,VOLKSWAGEN,JETTA,IL,2008,NONE,PASSENGER,PERSONAL,E,STARTING IN TRAFFIC,,,1,,,,,,Y,,,,,,,,,,,,FRONT-RIGHT,,,,,,,,,,,,,,,,,,,,,,,,,,,,,,,,,
277723,fbdd9b700bfb9de3b1a780d70582fc37d1a5064cfc7e1d2c81780762e70ba20f906eabd1304bc88978d7edfa30335da88a1346b96083d0139dbdeaae1a8387b0,12/08/2017 12:31:00 PM,1,DRIVER,,269700,,CHEVROLET,UNKNOWN,IL,2006,UNKNOWN,PASSENGER,UNKNOWN/NA,S,STRAIGHT AHEAD,,,1,,,,,Y,,,,,,,,,,,,,FRONT,,,,,,,,,,,,,,,,,,,,,,,,,,,,,,,,,
277724,fbdd9b700bfb9de3b1a780d70582fc37d1a5064cfc7e1d2c81780762e70ba20f906eabd1304bc88978d7edfa30335da88a1346b96083d0139dbdeaae1a8387b0,12/08/2017 12:31:00 PM,2,DRIVER,,270515,,MITSUBISHI,ECLIPSE,,2001,UNKNOWN,PASSENGER,PERSONAL,S,STRAIGHT AHEAD,,,1,,,,,,,,Y,,,,,,,,,,REAR-RIGHT,,,,,,,,,,,,,,,,,,,,,,,,,,,,,,,,,
275494,2540889eb5e5733296a4273e573abfff965181eccfb49cd80f18ffcdfb87c1308a866f17b1a78739aadb1dbbac54e85749812c032853214464b7003ddc92dcbd,12/05/2017 08:15:00 PM,1,DRIVER,,267595,,UNKNOWN,UNKNOWN,,,UNKNOWN,SPORT UTILITY VEHICLE (SUV),UNKNOWN/NA,SE,STRAIGHT AHEAD,,,1,,,,,Y,Y,,,,,,,,,,,,FRONT-RIGHT,,,,,,,,,,,,,,,,,,,,,,,,,,,,,,,,,
275495,2540889eb5e5733296a4273e573abfff965181eccfb49cd80f18ffcdfb87c1308a866f17b1a78739aadb1dbbac54e85749812c032853214464b7003ddc92dcbd,12/05/2017 08:15:00 PM,2,DRIVER,1,267597,,MERCEDES-BENZ,UNKNOWN,IL,2014,NONE,PASSENGER,PERSONAL,NW,TURNING LEFT,,,2,,,,,Y,Y,,,,,,,,,,,,FRONT-RIGHT,,,,,,,,,,,,,,,,,,,,,,,,,,,,,,,,,
274327,fb01065e78fb4919c6f4198c4da9fc965350016b9d486e2fab9cf2e8d5dd393efb700330cf56079a9fa1bfc18cf3391f861914eba9cb4e26ced225eb677cc07e,12/01/2017 07:00:00 PM,1,DRIVER,1,266468,,"TOYOTA MOTOR COMPANY, LTD.",CAMRY,IL,2012,UNKNOWN,PASSENGER,RIDESHARE SERVICE,N,PASSING/OVERTAKING,,,2,,,,,,,,Y,,,,,,,,,,REAR-RIGHT,,,,,,,,,,,,,,,,,,,,,,,,,,,,,,,,,
274328,fb01065e78fb4919c6f4198c4da9fc965350016b9d486e2fab9cf2e8d5dd393efb700330cf56079a9fa1bfc18cf3391f861914eba9cb4e26ced225eb677cc07e,12/01/2017 07:00:00 PM,2,DRIVER,,266470,,"TOYOTA MOTOR COMPANY, LTD.",COROLLA,IL,1995,UNKNOWN,PASSENGER,PERSONAL,N,SLOW/STOP IN TRAFFIC,,,1,,,,,,,,,,,,Y,,,,,,FRONT-LEFT,,,,,,,,,,,,,,,,,,,,,,,,,,,,,,,,,
270902,66efb739d08e8e070b700e60c5a1b7cd83703860cb0e4e394ae654dc767c2658b7912c64c6d700d63e87371f70f8542a81a947ad7b4604712851e8409fe9a260,11/29/2017 12:01:00 AM,1,DRIVER,,263274,,UNKNOWN,UNKNOWN,,,UNKNOWN,UNKNOWN/NA,UNKNOWN/NA,E,UNKNOWN/NA,,,1,,,,,,,,,,,,,,,,,Y,UNKNOWN,,,,,,,,,,,,,,,,,,,,,,,,,,,,,,,,,
270903,66efb739d08e8e070b700e60c5a1b7cd83703860cb0e4e394ae654dc767c2658b7912c64c6d700d63e87371f70f8542a81a947ad7b4604712851e8409fe9a260,11/29/2017 12:01:00 AM,2,PARKED,,263275,,HONDA,CIVIC,IL,2004,NONE,PASSENGER,PERSONAL,W,PARKED,,,0,,,,,Y,,,,,,,Y,,,,,,FRONT-LEFT,,,,,,,,,,,,,,,,,,,,,,,,,,,,,,,,,
269642,f886399358ec06f67a4275eb7dcb482d640eb6513e7c7e20fe55cbfdf83ece7a4cfe61f1845db0c00f2301c21ce6bb1866805ed683af068e2b3d0c92b70082bc,11/27/2017 11:10:00 AM,1,DRIVER,,262092,N,UNKNOWN,UNKNOWN,IL,,UNKNOWN,OTHER,OTHER,N,TURNING LEFT,,,1,,,,,,Y,,,,,,,,,,,,FRONT-RIGHT,,,,,,,,,,,,,,,,,,,,,,,,,,,,,,,,,
268352,96b3a856257e21f326e53f1535aad30a0d2baa4ac92333cb5b1717fa5e24c35483918059d3ec353afd451552b7000ec4f1f34ad09cf9169773bea984fd582a37,11/24/2017 07:47:00 PM,1,DRIVER,1,260881,,MAZDA,CX-7,IL,2007,UNKNOWN,PASSENGER,PERSONAL,N,TURNING RIGHT,,,2,,,,,Y,,,,,,,Y,,,,,,FRONT-LEFT,,,,,,,,,,,,,,,,,,,,,,,,,,,,,,,,,
268353,96b3a856257e21f326e53f1535aad30a0d2baa4ac92333cb5b1717fa5e24c35483918059d3ec353afd451552b7000ec4f1f34ad09cf9169773bea984fd582a37,11/24/2017 07:47:00 PM,2,DRIVER,,260882,,KIA MOTORS CORP,SOUL,IL,2013,UNKNOWN,PASSENGER,PERSONAL,S,TURNING LEFT,,,1,,,,,Y,Y,,,,,,,,,,,,FRONT-RIGHT,,,,,,,,,,,,,,,,,,,,,,,,,,,,,,,,,
267784,77d64807cc886da25a7052c5780924e02cd1342659061d7a5972423ba6d78ea2164083a75a3c2bcb90ac35ad6685f440bd75ea65e95de831b70059048d910cca,11/23/2017 06:50:00 PM,1,DRIVER,1,260351,,HONDA,CIVIC,IL,2017,NONE,PASSENGER,PERSONAL,E,STRAIGHT AHEAD,,,2,,,,,,,,,,Y,,,,,,,,SIDE-LEFT,,,,,,,,,,,,,,,,,,,,,,,,,,,,,,,,,