CRASH_UNIT_ID,CRASH_RECORD_ID,CRASH_DATE,UNIT_NO,UNIT_TYPE,NUM_PASSENGERS,VEHICLE_ID,CMRC_VEH_I,MAKE,MODEL,LIC_PLATE_STATE,VEHICLE_YEAR,VEHICLE_DEFECT,VEHICLE_TYPE,VEHICLE_USE,TRAVEL_DIRECTION,MANEUVER,TOWED_I,FIRE_I,OCCUPANT_CNT,EXCEED_SPEED_LIMIT_I,TOWED_BY,TOWED_TO,AREA_00_I,AREA_01_I,AREA_02_I,AREA_03_I,AREA_04_I,AREA_05_I,AREA_06_I,AREA_07_I,AREA_08_I,AREA_09_I,AREA_10_I,AREA_11_I,AREA_12_I,AREA_99_I,FIRST_CONTACT_POINT,CMV_ID,USDOT_NO,CCMC_NO,ILCC_NO,COMMERCIAL_SRC,GVWR,CARRIER_NAME,CARRIER_STATE,CARRIER_CITY,HAZMAT_PLACARDS_I,HAZMAT_NAME,UN_NO,HAZMAT_PRESENT_I,HAZMAT_REPORT_I,HAZMAT_REPORT_NO,MCS_REPORT_I,MCS_REPORT_NO,HAZMAT_VIO_CAUSE_CRASH_I,MCS_VIO_CAUSE_CRASH_I,IDOT_PERMIT_NO,WIDE_LOAD_I,TRAILER1_WIDTH,TRAILER2_WIDTH,TRAILER1_LENGTH,TRAILER2_LENGTH,TOTAL_VEHICLE_LENGTH,AXLE_CNT,VEHICLE_CONFIG,CARGO_BODY_TYPE,LOAD_TYPE,HAZMAT_OUT_OF_SERVICE_I,MCS_OUT_OF_SERVICE_I,HAZMAT_CLASS
267785,77d64807cc886da25a7052c5780924e02cd1342659061d7a5972423ba6d78ea2164083a75a3c2bcb90ac35ad6685f440bd75ea65e95de831b70059048d910cca,11/23/2017 06:50:00 PM,2,DRIVER,2,260353,,"TOYOTA MOTOR COMPANY, LTD.",Prius,IL,2010,NONE,PASSENGER,PERSONAL,E,TURNING RIGHT,,,3,,,,,,Y,,,,,,,,,,,,FRONT-RIGHT,,,,,,,,,,,,,,,,,,,,,,,,,,,,,,,,,
266484,84a9511077752f093a4d3f717dc84c02b1a08003d10ce159b6fd7b8b70064291cb74931ba36e8d911d09c998111279700b24f8e3a0749e954e0a9b1e40f13c41,11/21/2017 03:45:00 PM,1,DRIVER,2,259136,,CHEVROLET,C K 1500,IL,,NONE,PICKUP,PERSONAL,E,CHANGING LANES,,,3,,,,,,,,,,,,,,,,,,FRONT,,,,,,,,,,,,,,,,,,,,,,,,,,,,,,,,,
266485,84a9511077752f093a4d3f717dc84c02b1a08003d10ce159b6fd7b8b70064291cb74931ba36e8d911d09c998111279700b24f8e3a0749e954e0a9b1e40f13c41,11/21/2017 03:45:00 PM,2,DRIVER,,259123,,CHEVROLET,MALIBU (CHEVELLE),IL,,NONE,PASSENGER,PERSONAL,E,STRAIGHT AHEAD,,,1,,,,,,,,,,,,,,,,,,REAR-LEFT,,,,,,,,,,,,,,,,,,,,,,,,,,,,,,,,,
266265,d3b1e5ad80206e075b6ddc1e10951d6705b3354163323c2fcf2ec660275b7008beca037a7f44227dfc480f3a0885a0eb5057a37457b1b6ae3eda4a5f7c06fb07,11/21/2017 08:30:00 AM,1,DRIVER,,258921,,NISSAN,Quest,IL,1997,NONE,PASSENGER,PERSONAL,S,STRAIGHT AHEAD,,,1,,,,,Y,,,,,,,,,,,,,FRONT,,,,,,,,,,,,,,,,,,,,,,,,,,,,,,,,,
266266,d3b1e5ad80206e075b6ddc1e10951d6705b3354163323c2fcf2ec660275b7008beca037a7f44227dfc480f3a0885a0eb5057a37457b1b6ae3eda4a5f7c06fb07,11/21/2017 08:30:00 AM,2,DRIVER,,258926,,CHRYSLER,Sebring,IL,2002,NONE,PASSENGER,PERSONAL,S,SLOW/STOP IN TRAFFIC,,,1,,,,,,,,,Y,,,,,,,,,REAR,,,,,,,,,,,,,,,,,,,,,,,,,,,,,,,,,
262776,cc41b92342d911de60d54ebffb9a7e168f7d6e9ed833ed10bd14b82fb700899865a14f4865fe825cd7aa9d731ba708e341ca0fb28b83b5a9a4fdc049ceeb242b,11/16/2017 11:30:00 AM,1,DRIVER,1,255666,,CHEVROLET,CHEVROLET,IL,2005,UNKNOWN,PASSENGER,UNKNOWN/NA,E,STRAIGHT AHEAD,,,2,,,,,Y,,,,,,,,,,,,,FRONT,,,,,,,,,,,,,,,,,,,,,,,,,,,,,,,,,
262777,cc41b92342d911de60d54ebffb9a7e168f7d6e9ed833ed10bd14b82fb700899865a14f4865fe825cd7aa9d731ba708e341ca0fb28b83b5a9a4fdc049ceeb242b,11/16/2017 11:30:00 AM,2,DRIVER,2,255671,,"TOYOTA MOTOR COMPANY, LTD.",COROLLA,IL,2015,NONE,PASSENGER,PERSONAL,E,STRAIGHT AHEAD,,,3,,,,,,,,Y,Y,Y,,,,,,,,REAR,,,,,,,,,,,,,,,,,,,,,,,,,,,,,,,,,
267310,cb01e31b847479dff01c93d8c0d8971212b26a5630aa105a7caa9d1f4875b07e1f14ec8e05144ec4448c2898b7008c7588ac3229243ab06d7fe180354fafaf13,11/14/2017 06:30:00 PM,1,DRIVER,,259904,,HONDA,UNKNOWN,IL,2009,UNKNOWN,PASSENGER,UNKNOWN/NA,W,STRAIGHT AHEAD,,,1,,,,,Y,,,,,,,,,,,,,FRONT,,,,,,,,,,,,,,,,,,,,,,,,,,,,,,,,,
267311,cb01e31b847479dff01c93d8c0d8971212b26a5630aa105a7caa9d1f4875b07e1f14ec8e05144ec4448c2898b7008c7588ac3229243ab06d7fe180354fafaf13,11/14/2017 06:30:00 PM,2,PEDESTRIAN,,,,,,,,,,,,,,,,,,,,,,,,,,,,,,,,,,,,,,,,,,,,,,,,,,,,,,,,,,,,,,,,,,
262349,825bbfa1cbec0b30440f37bfcc4588e86a3ec93728947795eb70040d1c4db3ff9392ee0de4ce83e14109695acd906450d514b531e286404a5079d0037bfaef1b,11/13/2017 10:30:00 AM,1,DRIVER,,255245,,"TOYOTA MOTOR COMPANY, LTD.",COROLLA,IL,2017,NONE,PASSENGER,PERSONAL,S,AVOIDING VEHICLES/OBJECTS,,,1,,,,,,N,,N,,Y,,Y,,,,,,FRONT-RIGHT,,,,,,,,,,,,,,,,,,,,,,,,,,,,,,,,,
260480,c9ac25962d34aeed737f3e9307a808bd0d85e3d54a6cc0b1966cffe66b700803a0d7c31948454e693fb056ea91660cc835efa092e9146a44d37e7390e75d8816,11/13/2017 08:15:00 AM,1,DRIVER,,253486,,JEEP,PATRIOT,IL,2015,UNKNOWN,PASSENGER,PERSONAL,E,STRAIGHT AHEAD,Y,,1,,,,,Y,Y,Y,,Y,Y,Y,Y,Y,,Y,,,FRONT-RIGHT,,,,,,,,,,,,,,,,,,,,,,,,,,,,,,,,,
260481,c9ac25962d34aeed737f3e9307a808bd0d85e3d54a6cc0b1966cffe66b700803a0d7c31948454e693fb056ea91660cc835efa092e9146a44d37e7390e75d8816,11/13/2017 08:15:00 AM,2,PARKED,,253493,,"TOYOTA MOTOR COMPANY, LTD.",Highlander(beginning vehicle year 2001),IL,2017,NONE,PASSENGER,NOT IN USE,E,PARKED,,,0,,,,,Y,Y,,,Y,Y,Y,,,Y,,,,REAR-LEFT,,,,,,,,,,,,,,,,,,,,,,,,,,,,,,,,,
259895,a907db4e7463776fd6a45448f42db5ab86a7137f5fb7003b869ee7fd65912d339c24a2bd321138ce190b364585bfb3b10845ec47cfdb488bef4e344b1636f35f,11/12/2017 09:40:00 AM,1,DRIVER,,252940,,NISSAN,NISSAN,IL,2005,NONE,PASSENGER,PERSONAL,NE,ENTERING TRAFFIC LANE FROM PARKING,,,1,,,,,,,,,,,,Y,,,,,,FRONT-LEFT,,,,,,,,,,,,,,,,,,,,,,,,,,,,,,,,,
259896,a907db4e7463776fd6a45448f42db5ab86a7137f5fb7003b869ee7fd65912d339c24a2bd321138ce190b364585bfb3b10845ec47cfdb488bef4e344b1636f35f,11/12/2017 09:40:00 AM,2,DRIVER,,252945,,FORD,F150,IL,2001,NONE,PICKUP,PERSONAL,E,CHANGING LANES,,,1,,,,,,Y,,,,,,,,,,,,FRONT-RIGHT,,,,,,,,,,,,,,,,,,,,,,,,,,,,,,,,,
258967,1832348eec5efc161d9f98ec7e362668809ecd6538cb44f2bff1349c8cacbc58805f10574647a68a0adb7008022d8cec41d311dfaa439050a12afa0cc8f4923a,11/11/2017 06:00:00 AM,1,DRIVER,,252140,,"TOYOTA MOTOR COMPANY, LTD.",UNKNOWN,IL,2007,NONE,PASSENGER,PERSONAL,N,U-TURN,,,1,,,,,,,,,,,Y,,,,,,,SIDE-LEFT,,,,,,,,,,,,,,,,,,,,,,,,,,,,,,,,,
258968,1832348eec5efc161d9f98ec7e362668809ecd6538cb44f2bff1349c8cacbc58805f10574647a68a0adb7008022d8cec41d311dfaa439050a12afa0cc8f4923a,11/11/2017 06:00:00 AM,2,DRIVER,,252157,,JEEP,UNKNOWN,OH,2004,NONE,PASSENGER,PERSONAL,N,STRAIGHT AHEAD,,,1,,,,,Y,Y,,,,,,,,,,,,FRONT-RIGHT,,,,,,,,,,,,,,,,,,,,,,,,,,,,,,,,,
255672,ca2e8dd3ee8b5711483174398fb6356dbc7089df0ef1aca91a002ae90516eb8b86b6298976bb6b2352fef7247c7c059e3ce8e82327ddc3b70011a718da7b5113,11/06/2017 09:55:00 PM,1,DRIVER,,249003,,UNKNOWN,UNKNOWN,IL,2006,NONE,BUS OVER 15 PASS.,CTA,E,UNKNOWN/NA,,,1,,,,,,,,,,,,Y,,,,,,FRONT-LEFT,,,,,,,,,,,,,,,,,,,,,,,,,,,,,,,,,
255673,ca2e8dd3ee8b5711483174398fb6356dbc7089df0ef1aca91a002ae90516eb8b86b6298976bb6b2352fef7247c7c059e3ce8e82327ddc3b70011a718da7b5113,11/06/2017 09:55:00 PM,2,DRIVER,,249000,,VOLVO,VOLVO,IL,2001,NONE,TRACTOR W/ SEMI-TRAILER,COMMERCIAL - SINGLE UNIT,E,STRAIGHT AHEAD,,,1,,,,Y,,,,,,,,,,,,,,UNKNOWN,,,,,,,,,,,,,,,,,,,,,,,,,,,,,,,,,
254778,0b700594798951d5663767ae78bb213d1b22e27727ae7ed2237d9c379d20f49f126f940e268a686fa6cb5f29d551222b32bd02a8258121763fdf874ed738f2ad,11/05/2017 02:50:00 PM,1,DRIVER,,248152,,CHRYSLER,300,IL,2007,NONE,PASSENGER,PERSONAL,S,STRAIGHT AHEAD,Y,,1,,personal,home,,Y,,,,,,,,,,,,,FRONT,,,,,,,,,,,,,,,,,,,,,,,,,,,,,,,,,
254779,0b700594798951d5663767ae78bb213d1b22e27727ae7ed2237d9c379d20f49f126f940e268a686fa6cb5f29d551222b32bd02a8258121763fdf874ed738f2ad,11/05/2017 02:50:00 PM,2,DRIVER,1,248162,,CHEVROLET,TRAVERSE,IL,2014,NONE,PASSENGER,PERSONAL,S,SLOW/STOP IN TRAFFIC,,,2,,,,,,,,,Y,,,,,,,,,REAR,,,,,,,,,,,,,,,,,,,,,,,,,,,,,,,,,
253699,b700c7b8d7774ada93cdb1d906d2436dee3d577da6555146790c4857542f15b2e449c4a6e8466441f8eadf620bcb757acc0605c564849c954b37ca093312542b,11/04/2017 09:30:00 AM,1,DRIVER,,247182,,CHEVROLET,IMPALA,,,UNKNOWN,PASSENGER,PERSONAL,S,STRAIGHT AHEAD,,,1,,,,,,,,,,,Y,Y,,,,,,FRONT-LEFT,,,,,,,,,,,,,,,,,,,,,,,,,,,,,,,,,
253700,b700c7b8d7774ada93cdb1d906d2436dee3d577da6555146790c4857542f15b2e449c4a6e8466441f8eadf620bcb757acc0605c564849c954b37ca093312542b,11/04/2017 09:30:00 AM,2,PARKED,,247158,,BUICK,REGAL,IL,,NONE,PASSENGER,PERSONAL,N,PARKED,,,0,,,,,,,,,,,Y,,,,,,,SIDE-LEFT,,,,,,,,,,,,,,,,,,,,,,,,,,,,,,,,,
251808,ee66ff24abb72e56f1f10f7145795029b1099966d7cbfd33e7a30b61acfd1f13cc3f26345e879c52454347739302daea2d8b909d9c5bd8fab700b2bd6cd899c7,11/01/2017 08:30:00 PM,1,DRIVER,,245404,,UNKNOWN,UNKNOWN,,,NONE,PICKUP,PERSONAL,W,U-TURN,,,1,,,,,,,,,,N,N,N,,,,,Y,SIDE-LEFT,,,,,,,,,,,,,,,,,,,,,,,,,,,,,,,,,
251809,ee66ff24abb72e56f1f10f7145795029b1099966d7cbfd33e7a30b61acfd1f13cc3f26345e879c52454347739302daea2d8b909d9c5bd8fab700b2bd6cd899c7,11/01/2017 08:30:00 PM,2,DRIVER,2,245398,,KIA MOTORS CORP,Spectra,IL,2005,NONE,PASSENGER,PERSONAL,W,STRAIGHT AHEAD,,,3,,,,,,Y,,,,,,,,,,,,FRONT-RIGHT,,,,,,,,,,,,,,,,,,,,,,,,,,,,,,,,,
250788,c570c03cd9cf452a3fa22576f0b67f31b700d5444d61e5b59dd93206c83cd8da0f74949e8cb511ac0feb54597d27c9fc68c7efe836727a41355fe9a23fcc6463,10/31/2017 03:41:00 PM,1,DRIVER,2,244449,,BMW,325i,IL,2006,NONE,PASSENGER,PERSONAL,W,STRAIGHT AHEAD,Y,,3,,,,,Y,Y,,,,,,Y,,,,,,FRONT,,,,,,,,,,,,,,,,,,,,,,,,,,,,,,,,,
250789,c570c03cd9cf452a3fa22576f0b67f31b700d5444d61e5b59dd93206c83cd8da0f74949e8cb511ac0feb54597d27c9fc68c7efe836727a41355fe9a23fcc6463,10/31/2017 03:41:00 PM,2,DRIVER,,244454,,HYUNDAI,SONATA,IL,2015,NONE,PASSENGER,PERSONAL,S,STRAIGHT AHEAD,Y,,1,,,,,,,,,,,,Y,,,,,,FRONT-LEFT,,,,,,,,,,,,,,,,,,,,,,,,,,,,,,,,,
250882,d341387b5480f2abb5bd48721ae1a5a81dcfba89604778ede04f64a9a654b70034a84bdd7b9d8cd74107a7069ecf5837f872b9aa92b1d6aacdcd5b5d701e3292,10/31/2017 03:30:00 PM,1,DRIVER,,244585,,HYUNDAI,SONATA,IL,2013,NONE,PASSENGER,PERSONAL,E,STRAIGHT AHEAD,,,1,,,,,,,,,,,,Y,,,,,,FRONT-LEFT,,,,,,,,,,,,,,,,,,,,,,,,,,,,,,,,,
250883,d341387b5480f2abb5bd48721ae1a5a81dcfba89604778ede04f64a9a654b70034a84bdd7b9d8cd74107a7069ecf5837f872b9aa92b1d6aacdcd5b5d701e3292,10/31/2017 03:30:00 PM,2,DRIVER,,244591,,HYUNDAI,SONATA,IL,2016,NONE,PASSENGER,PERSONAL,E,STRAIGHT AHEAD,,,1,,,,,,,,Y,,,,,,,,,,REAR-RIGHT,,,,,,,,,,,,,,,,,,,,,,,,,,,,,,,,,
250483,61256505f28ddcd9340669517b7004bcde535ac30448d8066b0984248068e8e28e189b8a08e5b5e364bbddc7634ca7e0150473541064df2a1bff85d157543dd2,10/31/2017 08:06:00 AM,1,DRIVER,,244186,,DODGE,UNKNOWN,IL,2010,UNKNOWN,PASSENGER,UNKNOWN/NA,S,STRAIGHT AHEAD,,,1,,,,,Y,,,,,,,,,,,,,FRONT,,,,,,,,,,,,,,,,,,,,,,,,,,,,,,,,,
250484,61256505f28ddcd9340669517b7004bcde535ac30448d8066b0984248068e8e28e189b8a08e5b5e364bbddc7634ca7e0150473541064df2a1bff85d157543dd2,10/31/2017 08:06:00 AM,2,DRIVER,,244189,,FORD,ESCAPE (SUV),IL,2017,NONE,SPORT UTILITY VEHICLE (SUV),PERSONAL,S,STRAIGHT AHEAD,,,1,,,,,,,,,Y,,,,,,,,,REAR,,,,,,,,,,,,,,,,,,,,,,,,,,,,,,,,,
250753,61956e1df81c3ad908909ebfa1757e07afa25c66a0095b700213fabd4846668889dbdba8235aeea6294c9033fbce6c38fa7d6f6a8bfc5cfee628d950a351c260,10/30/2017 01:15:00 PM,1,DRIVER,,244418,,MERCEDES-BENZ,UNKNOWN,WA,2014,UNKNOWN,PASSENGER,UNKNOWN/NA,N,DIVERGING,,,1,,,,,,,,,,,,Y,,,,,,FRONT-LEFT,,,,,,,,,,,,,,,,,,,,,,,,,,,,,,,,,
250754,61956e1df81c3ad908909ebfa1757e07afa25c66a0095b700213fabd4846668889dbdba8235aeea6294c9033fbce6c38fa7d6f6a8bfc5cfee628d950a351c260,10/30/2017 01:15:00 PM,2,DRIVER,,244430,,KIA MOTORS CORP,Sportage (sport utility),IL,2013,UNKNOWN,SPORT UTILITY VEHICLE (SUV),PERSONAL,N,STRAIGHT AHEAD,,,1,,,,,,Y,,,,,,,,,,,,FRONT-RIGHT,,,,,,,,,,,,,,,,,,,,,,,,,,,,,,,,,
249923,df20ab1cda3a446c2ff5644b7009e3ef4e15a6cf571bcd4465ebd0254c353ccf96736283b5ba650eb6cb523fd6fe553b655d6c88da233f9d3d4af576af8007dd,10/30/2017 06:30:00 AM,1,DRIVER,,243652,,UNKNOWN,UNKNOWN,IL,,UNKNOWN,UNKNOWN/NA,UNKNOWN/NA,UNKNOWN,UNKNOWN/NA,,,1,,,,,,,,,,,,,,,,,Y,UNKNOWN,,,,,,,,,,,,,,,,,,,,,,,,,,,,,,,,,
249924,df20ab1cda3a446c2ff5644b7009e3ef4e15a6cf571bcd4465ebd0254c353ccf96736283b5ba650eb6cb523fd6fe553b655d6c88da233f9d3d4af576af8007dd,10/30/2017 06:30:00 AM,2,PARKED,,243661,,NISSAN,VERSA,IL,2015,NONE,PASSENGER,NOT IN USE,UNKNOWN,PARKED,,,0,,,,,,,,,,,Y,Y,,,,,,SIDE-LEFT,,,,,,,,,,,,,,,,,,,,,,,,,,,,,,,,,
248255,ec6fdd71930ef18d4b700af1e1cd568da2e90addaf5dc52b8520794a8e2eedb0f4e9cad2ffc00d73055975226d2d5ac9e2ef73835463d058f0e6113b6ade24c8,10/27/2017 06:25:00 PM,1,DRIVER,3,242128,,DODGE,CARAVAN,IL,2007,NONE,VAN/MINI-VAN,PERSONAL,NW,BACKING,,,4,,,,,,,,,,Y,,,,,,,,REAR-LEFT,,,,,,,,,,,,,,,,,,,,,,,,,,,,,,,,,
248256,ec6fdd71930ef18d4b700af1e1cd568da2e90addaf5dc52b8520794a8e2eedb0f4e9cad2ffc00d73055975226d2d5ac9e2ef73835463d058f0e6113b6ade24c8,10/27/2017 06:25:00 PM,2,DRIVER,,242152,,GENERAL MOTORS CORP.,YUKON,IL,2003,NONE,PASSENGER,PERSONAL,E,BACKING,,,1,,,,,,,,,,Y,,,,,,,,REAR-LEFT,,,,,,,,,,,,,,,,,,,,,,,,,,,,,,,,,
247833,b700499ec38f6540ebdf5e8d30ff1c85a39c6dbe2b3f2ae99fc65b1fe46ccfeffbc15348145c3aab885c7fe819fe5c1470aacf83aea9dae74f51088116be9bcd,10/27/2017 09:30:00 AM,1,DRIVER,,241716,,UNKNOWN,UNKNOWN,,,UNKNOWN,UNKNOWN/NA,UNKNOWN/NA,UNKNOWN,UNKNOWN/NA,,,1,,,,,,,,,,,,,,,,,Y,UNKNOWN,,,,,,,,,,,,,,,,,,,,,,,,,,,,,,,,,
247834,b700499ec38f6540ebdf5e8d30ff1c85a39c6dbe2b3f2ae99fc65b1fe46ccfeffbc15348145c3aab885c7fe819fe5c1470aacf83aea9dae74f51088116be9bcd,10/27/2017 09:30:00 AM,2,PARKED,,241721,,"TOYOTA MOTOR COMPANY, LTD.",COROLLA,IL,1998,NONE,PASSENGER,NOT IN USE,UNKNOWN,PARKED,,,0,,,,,,Y,,Y,,,,,,,,,,SIDE-RIGHT,,,,,,,,,,,,,,,,,,,,,,,,,,,,,,,,,
242300,1243cee9e251f1a4e55996b85e5b88001381bdbd00bbdb7006ce320335abb38ea1962f621521e3e42ff0f89e63c20bc222202c374dc9d728e0bc1578d8d54ae8,10/20/2017 07:45:00 AM,1,DRIVER,,236628,,FORD,ESCAPE (SUV),IL,2003,UNKNOWN,PASSENGER,PERSONAL,E,TURNING LEFT,,,1,,,,,,,,,,,,Y,,,,,,FRONT-LEFT,,,,,,,,,,,,,,,,,,,,,,,,,,,,,,,,,
242301,1243cee9e251f1a4e55996b85e5b88001381bdbd00bbdb7006ce320335abb38ea1962f621521e3e42ff0f89e63c20bc222202c374dc9d728e0bc1578d8d54ae8,10/20/2017 07:45:00 AM,2,DRIVER,,236631,,HONDA,ACCORD,IL,2009,UNKNOWN,PASSENGER,PERSONAL,W,STRAIGHT AHEAD,,,1,,,,,,,,,,Y,,,,,,,,REAR-LEFT,,,,,,,,,,,,,,,,,,,,,,,,,,,,,,,,,
241702,b88db0531856b2f405bbe166cb302dffd20a8e0d0c59b8c84e396b7008a4f3e213b71ef2ad030e9b18ff2f11907849def1736544436c87c7a6c7c54226265baa,10/18/2017 08:30:00 AM,1,DRIVER,,236084,,UNKNOWN,UNKNOWN,XX,,UNKNOWN,UNKNOWN/NA,UNKNOWN/NA,UNKNOWN,UNKNOWN/NA,,,1,,,,,,,,,,,,,,,,,Y,UNKNOWN,,,,,,,,,,,,,,,,,,,,,,,,,,,,,,,,,
241703,b88db0531856b2f405bbe166cb302dffd20a8e0d0c59b8c84e396b7008a4f3e213b71ef2ad030e9b18ff2f11907849def1736544436c87c7a6c7c54226265baa,10/18/2017 08:30:00 AM,2,PARKED,,236080,,"TOYOTA MOTOR COMPANY, LTD.",CAMRY,IL,2017,NONE,PASSENGER,PERSONAL,S,PARKED,,,0,,,,,,,,N,N,Y,,,,,,,,REAR-LEFT,,,,,,,,,,,,,,,,,,,,,,,,,,,,,,,,,
238503,a8c4e08ca0e8679d26baa6910bcda6ed2401ebb00f7d04a8e95e066f4116e7798ac3705fdc1a7c458950779a252adee3508ed5c50e3b7003d405a19110510861,10/14/2017 02:15:00 PM,1,DRIVER,,233107,,UNKNOWN,UNKNOWN,,,NONE,PASSENGER,PERSONAL,S,UNKNOWN/NA,,,1,,,,,,,,,,,,,,,,,Y,UNKNOWN,,,,,,,,,,,,,,,,,,,,,,,,,,,,,,,,,
238504,a8c4e08ca0e8679d26baa6910bcda6ed2401ebb00f7d04a8e95e066f4116e7798ac3705fdc1a7c458950779a252adee3508ed5c50e3b7003d405a19110510861,10/14/2017 02:15:00 PM,2,DRIVER,,233110,,"TOYOTA MOTOR COMPANY, LTD.",COROLLA,IL,2008,NONE,PASSENGER,PERSONAL,W,UNKNOWN/NA,,,1,,,,,,,,Y,,,,,,,,,,REAR-RIGHT,,,,,,,,,,,,,,,,,,,,,,,,,,,,,,,,,
239073,481b700df842fa42be3dcd01cc3667ede5f3ac7e20393359defe567cd6851f687a5dccd0f244d1ea9918140d6af157d25423a4edd9847f109ef24be1f1152e76,10/14/2017 12:00:00 AM,1,DRIVER,,233639,,UNKNOWN,UNKNOWN,IL,,UNKNOWN,UNKNOWN/NA,OTHER,UNKNOWN,UNKNOWN/NA,,,1,,,,,,,,,,,,,,,,,Y,UNKNOWN,,,,,,,,,,,,,,,,,,,,,,,,,,,,,,,,,
239074,481b700df842fa42be3dcd01cc3667ede5f3ac7e20393359defe567cd6851f687a5dccd0f244d1ea9918140d6af157d25423a4edd9847f109ef24be1f1152e76,10/14/2017 12:00:00 AM,2,PARKED,,233635,,HONDA,ACCORD,IL,2012,NONE,PASSENGER,PERSONAL,NE,PARKED,,,0,,,,,,Y,Y,Y,,,,,,,,,,SIDE-RIGHT,,,,,,,,,,,,,,,,,,,,,,,,,,,,,,,,,
237389,664e79eb1ba550212c9b0724ae5afdf27aa8f25a29e1d5b13053778e090e18a340b700e40ebd5c869c0f37163f497dfe7bca2e663e6ae9797262e94b2cf37620,10/13/2017 06:05:00 AM,1,DRIVER,,232082,,UNKNOWN,UNKNOWN,XX,,UNKNOWN,PICKUP,UNKNOWN/NA,W,PASSING/OVERTAKING,,,1,,,,,,,Y,Y,,,,,,,,,,SIDE-RIGHT,,,,,,,,,,,,,,,,,,,,,,,,,,,,,,,,,
237390,664e79eb1ba550212c9b0724ae5afdf27aa8f25a29e1d5b13053778e090e18a340b700e40ebd5c869c0f37163f497dfe7bca2e663e6ae9797262e94b2cf37620,10/13/2017 06:05:00 AM,2,DRIVER,,232083,,FORD,MUSTANG,IL,2016,NONE,PASSENGER,PERSONAL,W,STRAIGHT AHEAD,,,1,,,,,Y,,,,,,Y,Y,,,,,,FRONT,,,,,,,,,,,,,,,,,,,,,,,,,,,,,,,,,
236651,0d5f503887c93e7fa4effcf1fdcff3776f989cfbf129b024ba9f4b189d9d2e584b87db87d7b9d129d254a52a0fab582a52f08b70009a7e18458d6317a527b078,10/11/2017 10:47:00 PM,1,DRIVER,,231394,,VOLVO,S40,TX,2009,NONE,PASSENGER,PERSONAL,N,BACKING,,,1,,,,,,,,,,Y,,,,,,,,REAR-LEFT,,,,,,,,,,,,,,,,,,,,,,,,,,,,,,,,,
236652,0d5f503887c93e7fa4effcf1fdcff3776f989cfbf129b024ba9f4b189d9d2e584b87db87d7b9d129d254a52a0fab582a52f08b70009a7e18458d6317a527b078,10/11/2017 10:47:00 PM,2,DRIVER,,231396,,"TOYOTA MOTOR COMPANY, LTD.",CAMRY,IL,2016,NONE,PASSENGER,PERSONAL,N,STRAIGHT AHEAD,,,1,,,,,,,,Y,,,,,,,,,,REAR-RIGHT,,,,,,,,,,,,,,,,,,,,,,,,,,,,,,,,,
235726,88a3776b98819b5fa5a44a411ef707d198504b255c99c19f1f66a8b2e10e6c0f67d99a16cc2dbf5919c4eb7007e6c8a398bbc6b00b38dfab6050f29443c18b7a,10/10/2017 07:00:00 PM,1,DRIVER,,230553,,HYUNDAI,Accent,IL,2013,NONE,PASSENGER,PERSONAL,W,STRAIGHT AHEAD,N,,1,,,,N,Y,Y,,,,,,,,,,,,FRONT-RIGHT,,,,,,,,,,,,,,,,,,,,,,,,,,,,,,,,,
242586,25d4294303db9348849f969120b1fe0d9159303554ef3fa5a0474973c3eff44f577bad0ac5e69ac721c5884b80e990b700aeddd1e8f61745778c2c433a07cb13,10/10/2017 12:05:00 AM,1,DRIVER,,236876,,"TOYOTA MOTOR COMPANY, LTD.",Prius,IL,2009,NONE,PASSENGER,PERSONAL,S,UNKNOWN/NA,Y,,1,,,,,Y,,,,,,,,,,,,,FRONT,,,,,,,,,,,,,,,,,,,,,,,,,,,,,,,,,
242587,25d4294303db9348849f969120b1fe0d9159303554ef3fa5a0474973c3eff44f577bad0ac5e69ac721c5884b80e990b700aeddd1e8f61745778c2c433a07cb13,10/10/2017 12:05:00 AM,2,DRIVER,,236877,,FORD,ESCAPE (SUV),IL,1905,NONE,PASSENGER,PERSONAL,S,UNKNOWN/NA,,,1,,,,,,,,,Y,,,,,,,,,REAR,,,,,,,,,,,,,,,,,,,,,,,,,,,,,,,,,
232721,283e6feca7b9e586261a1a26894563d37b0c1cb69e9f6b5c33bc0620dc95701d8c2cf27152e96fecf9694a5bb1e223c51e2fd5d83b70039fbe999ac2e99d72f5,10/06/2017 05:30:00 PM,1,DRIVER,,227741,,CHEVROLET,IMPALA,,2016,NONE,PASSENGER,PERSONAL,S,STRAIGHT AHEAD,,,1,,,,,Y,Y,,,,,,Y,,,,,,FRONT,,,,,,,,,,,,,,,,,,,,,,,,,,,,,,,,,
232722,283e6feca7b9e586261a1a26894563d37b0c1cb69e9f6b5c33bc0620dc95701d8c2cf27152e96fecf9694a5bb1e223c51e2fd5d83b70039fbe999ac2e99d72f5,10/06/2017 05:30:00 PM,2,DRIVER,,227745,,CHEVROLET,Trail Blazer,,2001,NONE,SPORT UTILITY VEHICLE (SUV),PERSONAL,S,SLOW/STOP IN TRAFFIC,,,1,,,,,Y,Y,,Y,Y,Y,,Y,,,,,,REAR,,,,,,,,,,,,,,,,,,,,,,,,,,,,,,,,,