CRASH_UNIT_ID,CRASH_RECORD_ID,CRASH_DATE,UNIT_NO,UNIT_TYPE,NUM_PASSENGERS,VEHICLE_ID,CMRC_VEH_I,MAKE,MODEL,LIC_PLATE_STATE,VEHICLE_YEAR,VEHICLE_DEFECT,VEHICLE_TYPE,VEHICLE_USE,TRAVEL_DIRECTION,MANEUVER,TOWED_I,FIRE_I,OCCUPANT_CNT,EXCEED_SPEED_LIMIT_I,TOWED_BY,TOWED_TO,AREA_00_I,AREA_01_I,AREA_02_I,AREA_03_I,AREA_04_I,AREA_05_I,AREA_06_I,AREA_07_I,AREA_08_I,AREA_09_I,AREA_10_I,AREA_11_I,AREA_12_I,AREA_99_I,FIRST_CONTACT_POINT,CMV_ID,USDOT_NO,CCMC_NO,ILCC_NO,COMMERCIAL_SRC,GVWR,CARRIER_NAME,CARRIER_STATE,CARRIER_CITY,HAZMAT_PLACARDS_I,HAZMAT_NAME,UN_NO,HAZMAT_PRESENT_I,HAZMAT_REPORT_I,HAZMAT_REPORT_NO,MCS_REPORT_I,MCS_REPORT_NO,HAZMAT_VIO_CAUSE_CRASH_I,MCS_VIO_CAUSE_CRASH_I,IDOT_PERMIT_NO,WIDE_LOAD_I,TRAILER1_WIDTH,TRAILER2_WIDTH,TRAILER1_LENGTH,TRAILER2_LENGTH,TOTAL_VEHICLE_LENGTH,AXLE_CNT,VEHICLE_CONFIG,CARGO_BODY_TYPE,LOAD_TYPE,HAZMAT_OUT_OF_SERVICE_I,MCS_OUT_OF_SERVICE_I,HAZMAT_CLASS
232723,283e6feca7b9e586261a1a26894563d37b0c1cb69e9f6b5c33bc0620dc95701d8c2cf27152e96fecf9694a5bb1e223c51e2fd5d83b70039fbe999ac2e99d72f5,10/06/2017 05:30:00 PM,3,DRIVER,,227749,,CHEVROLET,UNKNOWN,,2016,NONE,PASSENGER,PERSONAL,S,SLOW/STOP IN TRAFFIC,,,1,,,,,,,,Y,Y,Y,,,,,,,,REAR,,,,,,,,,,,,,,,,,,,,,,,,,,,,,,,,,
232596,42b39e015e433d5db700027d9882bdf52269a214562e9a9921d4aa7628e25a37b7484cb617d9a10d3acc9bb16902c4199f06216050a3ab95df7bdfacb2484b09,10/06/2017 02:37:00 PM,1,DRIVER,,227643,,CADILLAC,CTS,IL,2008,UNKNOWN,PASSENGER,PERSONAL,W,STRAIGHT AHEAD,,,1,,,,,,,,Y,Y,Y,,,,,,,,REAR-RIGHT,,,,,,,,,,,,,,,,,,,,,,,,,,,,,,,,,
232597,42b39e015e433d5db700027d9882bdf52269a214562e9a9921d4aa7628e25a37b7484cb617d9a10d3acc9bb16902c4199f06216050a3ab95df7bdfacb2484b09,10/06/2017 02:37:00 PM,2,DRIVER,,227653,,FORD,FUSION,IL,2009,UNKNOWN,PASSENGER,PERSONAL,S,STRAIGHT AHEAD,,,1,,,,,Y,Y,,,,,,,,,,,,FRONT-RIGHT,,,,,,,,,,,,,,,,,,,,,,,,,,,,,,,,,
226528,48cd9c40faa463feaf4dfe749f9a4a89d41db37b30f14c2ea68c75a83e05750b700b7dbd102f28431f225cad4cda8dd52497a7a52d773be0fce7b564cc931eb1,09/27/2017 03:15:00 PM,1,DRIVER,,221963,,UNKNOWN,UNKNOWN,XX,,UNKNOWN,PICKUP,UNKNOWN/NA,N,STRAIGHT AHEAD,,,1,,,,,,,,,,,,,,,,,Y,FRONT,,,,,,,,,,,,,,,,,,,,,,,,,,,,,,,,,
226529,48cd9c40faa463feaf4dfe749f9a4a89d41db37b30f14c2ea68c75a83e05750b700b7dbd102f28431f225cad4cda8dd52497a7a52d773be0fce7b564cc931eb1,09/27/2017 03:15:00 PM,2,DRIVER,,221969,,NISSAN,ROGUE,IL,2017,NONE,SPORT UTILITY VEHICLE (SUV),OTHER,N,STRAIGHT AHEAD,,,1,,,,,,,,Y,Y,Y,,,,,,,,REAR,,,,,,,,,,,,,,,,,,,,,,,,,,,,,,,,,
225382,a0773fb2e7523e9788d4e6eb4f18d80ec8bce1cb70012374d17bfcd143ae196955f7576e868e9dc4aa8d2903c05ede58d37c8855d3dc0a5d30be9a7a9abbfb44,09/25/2017 06:00:00 PM,1,DRIVER,,220897,,JEEP,Liberty,IL,2002,NONE,SPORT UTILITY VEHICLE (SUV),PERSONAL,S,STRAIGHT AHEAD,,,1,,,,,Y,,,,,,,,,,,,,FRONT,,,,,,,,,,,,,,,,,,,,,,,,,,,,,,,,,
225383,a0773fb2e7523e9788d4e6eb4f18d80ec8bce1cb70012374d17bfcd143ae196955f7576e868e9dc4aa8d2903c05ede58d37c8855d3dc0a5d30be9a7a9abbfb44,09/25/2017 06:00:00 PM,2,DRIVER,,220903,,CHEVROLET,IMPALA,IL,2011,NONE,PASSENGER,PERSONAL,S,SLOW/STOP IN TRAFFIC,,,1,,,,,,,,,Y,,,,,,,,,REAR,,,,,,,,,,,,,,,,,,,,,,,,,,,,,,,,,
224675,2cdd943ac4d184443b7d6dc65bffef0b99e9218c25c4dd1e546a44eda7c5a8c3ff585bcef4e4c9f589eb700d38e43b504e3f7546df5c26c9c6286f18b48a9e18,09/24/2017 06:00:00 PM,1,DRIVER,,220254,,UNKNOWN,UNKNOWN,,,UNKNOWN,UNKNOWN/NA,UNKNOWN/NA,W,UNKNOWN/NA,,,1,,,,,,,,,,,,,,,,,,UNKNOWN,,,,,,,,,,,,,,,,,,,,,,,,,,,,,,,,,
224676,2cdd943ac4d184443b7d6dc65bffef0b99e9218c25c4dd1e546a44eda7c5a8c3ff585bcef4e4c9f589eb700d38e43b504e3f7546df5c26c9c6286f18b48a9e18,09/24/2017 06:00:00 PM,2,PARKED,,220247,,FORD,FIESTA,MI,2011,NONE,PASSENGER,NOT IN USE,W,PARKED,,,0,,,,,Y,Y,,,,,,Y,,,,,,FRONT-LEFT,,,,,,,,,,,,,,,,,,,,,,,,,,,,,,,,,
220994,4d131c0c84b2f4decdc5e8c01f96723fa66dfa9f2e7d3efb6b701646294c8d704cb1290430ab501b700a870c2a9b5952d9bea6117e30476e75fb952b57910f8e,09/19/2017 09:14:00 AM,1,DRIVER,,216773,,FORD,UNKNOWN,IL,2012,UNKNOWN,PASSENGER,TAXI/FOR HIRE,S,CHANGING LANES,,,1,,,,,,,,,,,,,,,,,Y,SIDE-RIGHT,,,,,,,,,,,,,,,,,,,,,,,,,,,,,,,,,
220995,4d131c0c84b2f4decdc5e8c01f96723fa66dfa9f2e7d3efb6b701646294c8d704cb1290430ab501b700a870c2a9b5952d9bea6117e30476e75fb952b57910f8e,09/19/2017 09:14:00 AM,2,DRIVER,,216782,,MERCEDES-BENZ,GLK220,IL,2015,NONE,PASSENGER,PERSONAL,S,STRAIGHT AHEAD,,,1,,,,,,,,,,,Y,,,,,,,SIDE-LEFT,,,,,,,,,,,,,,,,,,,,,,,,,,,,,,,,,
219623,e1f256b886c96bb32335e72afeffd250c37da9469e52a6879db24a247ad6f79d4c928c657903b13cb32779882b700925a09c337ce33a163bd9f4bc10e18a679c,09/17/2017 11:15:00 AM,1,DRIVER,,215506,,BMW,328i,IL,2008,NONE,PASSENGER,PERSONAL,N,STRAIGHT AHEAD,,,1,,,,,,,,,,,,Y,,,,,,FRONT-LEFT,,,,,,,,,,,,,,,,,,,,,,,,,,,,,,,,,
219624,e1f256b886c96bb32335e72afeffd250c37da9469e52a6879db24a247ad6f79d4c928c657903b13cb32779882b700925a09c337ce33a163bd9f4bc10e18a679c,09/17/2017 11:15:00 AM,2,DRIVER,,215509,,CHRYSLER,200,IL,2015,NONE,PASSENGER,PERSONAL,E,STRAIGHT AHEAD,,,1,,,,,,,,Y,,,,,,,,,,REAR-RIGHT,,,,,,,,,,,,,,,,,,,,,,,,,,,,,,,,,
219470,d9be3f2e5d408e5266c1ce388a33fe43f05d784481bb70044a642b467132ed014c0b9b5cd4aa173f4b779ae315b81eacf23e5bdefb018102230340b191ff9ec6,09/17/2017 02:15:00 AM,1,DRIVER,,215353,,CHEVROLET,MALIBU (CHEVELLE),IL,2010,UNKNOWN,PASSENGER,PERSONAL,S,STRAIGHT AHEAD,Y,,1,,,,,Y,,,,,,,,,,,,,FRONT,,,,,,,,,,,,,,,,,,,,,,,,,,,,,,,,,
219471,d9be3f2e5d408e5266c1ce388a33fe43f05d784481bb70044a642b467132ed014c0b9b5cd4aa173f4b779ae315b81eacf23e5bdefb018102230340b191ff9ec6,09/17/2017 02:15:00 AM,2,DRIVER,,215356,N,FORD,UNKNOWN,KS,2014,UNKNOWN,VAN/MINI-VAN,COMMERCIAL - SINGLE UNIT,S,SLOW/STOP IN TRAFFIC,,,1,,,,,,,,,Y,,,,,,,,,REAR,,,,,,,,,,,,,,,,,,,,,,,,,,,,,,,,,
217843,42f90ea9cf55aa0e980fb596084f733f80f9cf6fa750c39f9e76725f5c76aefb644c67ab78123b700646f523c496367aa361ab3f9c401741d8a7b24b2379e9fc,09/14/2017 08:20:00 PM,1,DRIVER,,213822,,KIA MOTORS CORP,FORTE,IL,2017,NONE,PASSENGER,PERSONAL,W,TURNING RIGHT,,,1,,,,,,Y,,,,,,,,,,,,FRONT-RIGHT,,,,,,,,,,,,,,,,,,,,,,,,,,,,,,,,,
217844,42f90ea9cf55aa0e980fb596084f733f80f9cf6fa750c39f9e76725f5c76aefb644c67ab78123b700646f523c496367aa361ab3f9c401741d8a7b24b2379e9fc,09/14/2017 08:20:00 PM,2,DRIVER,,213827,,NISSAN,MAURANO,IL,2005,NONE,SPORT UTILITY VEHICLE (SUV),PERSONAL,W,STRAIGHT AHEAD,,,1,,,,,,,,,,,Y,,,,,,,REAR-RIGHT,,,,,,,,,,,,,,,,,,,,,,,,,,,,,,,,,
217614,69aa3ddb2de4145bfdaa0b700370a0f9b963dea4c3f7829d4d94edb4939b9b6e707a97fb0bf3059181ff2c05b633d0ad20d56e76941f9e7dede3aaf157f63cc1,09/14/2017 02:40:00 PM,1,DRIVER,1,213618,,AUDI,Q5,IL,2016,NONE,SPORT UTILITY VEHICLE (SUV),PERSONAL,E,TURNING LEFT,Y,,2,,ER TOWING,,,Y,Y,Y,,,,,,,,,,,FRONT-RIGHT,,,,,,,,,,,,,,,,,,,,,,,,,,,,,,,,,
217615,69aa3ddb2de4145bfdaa0b700370a0f9b963dea4c3f7829d4d94edb4939b9b6e707a97fb0bf3059181ff2c05b633d0ad20d56e76941f9e7dede3aaf157f63cc1,09/14/2017 02:40:00 PM,2,DRIVER,1,213625,,DODGE,CHARGER,IL,2009,NONE,PASSENGER,PERSONAL,W,STRAIGHT AHEAD,Y,,2,,PRIVATE TOW,,,Y,,,,,,,Y,,,,,,FRONT,,,,,,,,,,,,,,,,,,,,,,,,,,,,,,,,,
217072,f2a02b2e1161a6b9dd1bf766d267e68d45079a6b35a6e6dbec128eb5fea67a0e053e2ed3700d71623db70044ca8eda224998468b131c7dc281fceae5077c3831,09/13/2017 03:05:00 PM,1,DRIVER,,213147,,DODGE,CARAVAN,IN,,NONE,PASSENGER,PERSONAL,W,STRAIGHT AHEAD,,,1,,,,,Y,Y,,,,,,Y,,,,,,FRONT,,,,,,,,,,,,,,,,,,,,,,,,,,,,,,,,,
217073,f2a02b2e1161a6b9dd1bf766d267e68d45079a6b35a6e6dbec128eb5fea67a0e053e2ed3700d71623db70044ca8eda224998468b131c7dc281fceae5077c3831,09/13/2017 03:05:00 PM,2,DRIVER,,213140,,DODGE,CHARGER,,,NONE,PASSENGER,PERSONAL,W,STRAIGHT AHEAD,,,1,,,,,,,,Y,Y,Y,,,,,,,,REAR,,,,,,,,,,,,,,,,,,,,,,,,,,,,,,,,,
217074,f2a02b2e1161a6b9dd1bf766d267e68d45079a6b35a6e6dbec128eb5fea67a0e053e2ed3700d71623db70044ca8eda224998468b131c7dc281fceae5077c3831,09/13/2017 03:05:00 PM,3,DRIVER,,213133,,CHEVROLET,MALIBU (CHEVELLE),IL,2017,NONE,PASSENGER,PERSONAL,W,STRAIGHT AHEAD,,,1,,,,,,,,Y,Y,Y,,,,,,,,REAR,,,,,,,,,,,,,,,,,,,,,,,,,,,,,,,,,
216630,a9934cc97e1cc99aaccfc185c1128c9b0ee6867ac3de6f1fc59f500ab08e53ae7496cb6631a48532a1c6467dc7c3af0788a06b700f8ee6053e496aaaa9e0120c,09/13/2017 08:20:00 AM,1,DRIVER,,212721,,NISSAN,Frontier,IL,2008,NONE,SPORT UTILITY VEHICLE (SUV),PERSONAL,E,SLOW/STOP IN TRAFFIC,,,1,,,,,,N,,,,,,Y,,,,,,FRONT-LEFT,,,,,,,,,,,,,,,,,,,,,,,,,,,,,,,,,
216631,a9934cc97e1cc99aaccfc185c1128c9b0ee6867ac3de6f1fc59f500ab08e53ae7496cb6631a48532a1c6467dc7c3af0788a06b700f8ee6053e496aaaa9e0120c,09/13/2017 08:20:00 AM,2,DRIVER,1,212729,,"TOYOTA MOTOR COMPANY, LTD.",CAMRY,IL,2004,NONE,OTHER,PERSONAL,E,SLOW/STOP IN TRAFFIC,,,2,,,,,,,,Y,,,,,,,,,,REAR-RIGHT,,,,,,,,,,,,,,,,,,,,,,,,,,,,,,,,,
216593,e6a96ec7e3769fe7a5ce75a2e04f43a991063b70098a66863146f79d52ae4b55a9a0bc1491d7efad8610bbe939c3843bff7498a9ee039a4327ef6dcd95f62813,09/13/2017 07:07:00 AM,1,DRIVER,,212694,,HONDA,"AMERICAN HONDA MOTOR CO., INC.",IL,,NONE,VAN/MINI-VAN,PERSONAL,E,UNKNOWN/NA,N,,1,,,,,Y,Y,,,,,,Y,,,,,,FRONT,,,,,,,,,,,,,,,,,,,,,,,,,,,,,,,,,
216594,e6a96ec7e3769fe7a5ce75a2e04f43a991063b70098a66863146f79d52ae4b55a9a0bc1491d7efad8610bbe939c3843bff7498a9ee039a4327ef6dcd95f62813,09/13/2017 07:07:00 AM,2,DRIVER,,212696,,CHEVROLET,SILVERADO,IL,,NONE,PICKUP,PERSONAL,E,UNKNOWN/NA,,,1,,,,,,,,Y,,,,,,,,,,REAR-RIGHT,,,,,,,,,,,,,,,,,,,,,,,,,,,,,,,,,
215838,dbe84f32792ebeae323543e4bd9891135e00de861890ddefbdd038088199e06fcb700bce5aee993d029288a84337f7670f2f141db63bdbf048fa46cbc6b3e297,09/11/2017 09:20:00 PM,1,DRIVER,,211981,,LINCOLN-CONTINENTAL,UNKNOWN,IL,2004,NONE,PASSENGER,PERSONAL,W,UNKNOWN/NA,,,1,,,,,Y,,,,,,,,,,,,,FRONT,,,,,,,,,,,,,,,,,,,,,,,,,,,,,,,,,
215839,dbe84f32792ebeae323543e4bd9891135e00de861890ddefbdd038088199e06fcb700bce5aee993d029288a84337f7670f2f141db63bdbf048fa46cbc6b3e297,09/11/2017 09:20:00 PM,2,DRIVER,,211975,,"TOYOTA MOTOR COMPANY, LTD.",FJ CRUISER,IL,2012,NONE,SPORT UTILITY VEHICLE (SUV),PERSONAL,W,TURNING LEFT,,,1,,,,,,,,,,,,,,,,Y,,REAR,,,,,,,,,,,,,,,,,,,,,,,,,,,,,,,,,
215568,fee527032692d4c15aeb05821676eb4f56408f854e72a55bfbe0eacd5b040d6ddb690dcba4ba30df1d3b5eb700381a20c4b222be3b6d63818e35b24a0864994f,09/11/2017 03:05:00 PM,1,DRIVER,,211729,,CHRYSLER,200,IL,2015,NONE,PASSENGER,PERSONAL,E,STRAIGHT AHEAD,,,1,,,,,Y,Y,,,,,,Y,,,,,,FRONT,,,,,,,,,,,,,,,,,,,,,,,,,,,,,,,,,
215569,fee527032692d4c15aeb05821676eb4f56408f854e72a55bfbe0eacd5b040d6ddb690dcba4ba30df1d3b5eb700381a20c4b222be3b6d63818e35b24a0864994f,09/11/2017 03:05:00 PM,2,DRIVER,,211725,,NISSAN,NISSAN ALTIMA,IL,2016,NONE,PASSENGER,PERSONAL,E,SLOW/STOP IN TRAFFIC,,,1,,,,,,,,Y,Y,Y,,,,,,,,REAR,,,,,,,,,,,,,,,,,,,,,,,,,,,,,,,,,
212445,e2a5e853644c2a523b7bf960335b7003a746b28ab9e5115b6d1764af43e40049474a21c53041b190928a9530fe7c78d750116832c2e2939cff53c0a4bfe40177,09/06/2017 04:16:00 PM,1,DRIVER,,208825,,CHEVROLET,UNKNOWN,IL,2005,UNKNOWN,UNKNOWN/NA,UNKNOWN/NA,E,BACKING,,,1,,,,,,,,,Y,,,,,,,,,REAR,,,,,,,,,,,,,,,,,,,,,,,,,,,,,,,,,
212476,e2a5e853644c2a523b7bf960335b7003a746b28ab9e5115b6d1764af43e40049474a21c53041b190928a9530fe7c78d750116832c2e2939cff53c0a4bfe40177,09/06/2017 04:16:00 PM,2,DRIVER,,208841,,BUICK,LESABRE,TN,2006,NONE,PASSENGER,PERSONAL,E,SLOW/STOP IN TRAFFIC,,,1,,,,,Y,,,,,,,,,,,,,FRONT,,,,,,,,,,,,,,,,,,,,,,,,,,,,,,,,,
212448,056b5ab1e42de5f4dd8cd46a63759afd44a888a295adfdefa6db581f2b70068d9cd2ea935bbccaf1489fd8375d0a0364a34803fb08461d0966aaef9365422353,09/06/2017 03:46:00 PM,1,DRIVER,,208815,,UNKNOWN,UNKNOWN,,,UNKNOWN,PICKUP,UNKNOWN/NA,W,STRAIGHT AHEAD,,,1,,,,,,,,,,,,,,,,,Y,UNKNOWN,,,,,,,,,,,,,,,,,,,,,,,,,,,,,,,,,
212449,056b5ab1e42de5f4dd8cd46a63759afd44a888a295adfdefa6db581f2b70068d9cd2ea935bbccaf1489fd8375d0a0364a34803fb08461d0966aaef9365422353,09/06/2017 03:46:00 PM,2,DRIVER,4,208820,,HONDA,Odyssey (minivan),IL,2002,NONE,VAN/MINI-VAN,PERSONAL,W,STRAIGHT AHEAD,,,5,,,,,,,,Y,Y,Y,,,,,,,,REAR,,,,,,,,,,,,,,,,,,,,,,,,,,,,,,,,,
211804,c57aeb700130c16592a45cf4c1442f9949654c853f886c93fdba66ed245feb4b91d5f18d4d6fe562001d7d1ccf724794c31c172304443f7e27bce2cd5bcf820d,09/05/2017 04:00:00 PM,1,DRIVER,1,208212,,"TOYOTA MOTOR COMPANY, LTD.",CAMRY,IL,2001,NONE,PASSENGER,PERSONAL,UNKNOWN,STRAIGHT AHEAD,,,2,,,,,Y,,,,,,,,,,,,,FRONT,,,,,,,,,,,,,,,,,,,,,,,,,,,,,,,,,
211805,c57aeb700130c16592a45cf4c1442f9949654c853f886c93fdba66ed245feb4b91d5f18d4d6fe562001d7d1ccf724794c31c172304443f7e27bce2cd5bcf820d,09/05/2017 04:00:00 PM,2,DRIVER,1,208204,,HONDA,CRV,IL,2016,NONE,PASSENGER,PERSONAL,UNKNOWN,TURNING LEFT,,,2,,,,,,,,,,Y,,,,,,,,REAR-LEFT,,,,,,,,,,,,,,,,,,,,,,,,,,,,,,,,,
211466,66ba6b79fc99810ae486b9787b102c32e2829017f20a9dca99ea29fb1b12d6daf3a5bd0bbc5ff091cfa5d9aafc3326d35248c869c81f6b353470091bcb700056,09/05/2017 08:35:00 AM,1,DRIVER,,207881,,"TOYOTA MOTOR COMPANY, LTD.",CAMRY,IL,,UNKNOWN,UNKNOWN/NA,UNKNOWN/NA,NW,U-TURN,,,1,,,,,,,,,,,,,,,,,,UNKNOWN,,,,,,,,,,,,,,,,,,,,,,,,,,,,,,,,,
211467,66ba6b79fc99810ae486b9787b102c32e2829017f20a9dca99ea29fb1b12d6daf3a5bd0bbc5ff091cfa5d9aafc3326d35248c869c81f6b353470091bcb700056,09/05/2017 08:35:00 AM,2,DRIVER,,207888,,CADILLAC,UNKNOWN,IL,2013,NONE,PASSENGER,PERSONAL,E,STRAIGHT AHEAD,,,1,,,,,,,Y,,,,,,,,,,,REAR-RIGHT,,,,,,,,,,,,,,,,,,,,,,,,,,,,,,,,,
210804,92b4873788aed4cc9d071881d806a81a2a6391697dc55d28410b98b266a083dbb7370ecdf7da142e2949b15a3a6cf0d2d2a6ef2b16715fc65b700560dc8b3814,09/03/2017 09:40:00 PM,1,DRIVER,,207268,,KIA MOTORS CORP,FORTE,IL,2017,UNKNOWN,PASSENGER,PERSONAL,E,STRAIGHT AHEAD,Y,,1,,PRIVATE TOW,,,Y,Y,,,,,,Y,,,,,,FRONT,,,,,,,,,,,,,,,,,,,,,,,,,,,,,,,,,
210805,92b4873788aed4cc9d071881d806a81a2a6391697dc55d28410b98b266a083dbb7370ecdf7da142e2949b15a3a6cf0d2d2a6ef2b16715fc65b700560dc8b3814,09/03/2017 09:40:00 PM,2,PARKED,,207267,,DODGE,CHARGER,IL,2007,NONE,PASSENGER,PERSONAL,E,PARKED,,,0,,,,,,,,Y,Y,Y,,,,,,,,REAR,,,,,,,,,,,,,,,,,,,,,,,,,,,,,,,,,
208541,e0d9b134e9ff8fd78b700fd8ceccd0605be2a454f4c7aeff0a222e690e33ca88f793010dbfd3055a121a755b43317a75362106c070d1bc61118af3a98714e280,08/31/2017 09:30:00 AM,1,DRIVER,,205118,,CHEVROLET,TAHOE,IL,2002,UNKNOWN,PASSENGER,UNKNOWN/NA,E,STRAIGHT AHEAD,,,1,,,,,Y,,,,,,,,,,,,,FRONT,,,,,,,,,,,,,,,,,,,,,,,,,,,,,,,,,
208542,e0d9b134e9ff8fd78b700fd8ceccd0605be2a454f4c7aeff0a222e690e33ca88f793010dbfd3055a121a755b43317a75362106c070d1bc61118af3a98714e280,08/31/2017 09:30:00 AM,2,DRIVER,,205125,,"TOYOTA MOTOR COMPANY, LTD.",CAMRY,IL,2012,NONE,PASSENGER,PERSONAL,E,STRAIGHT AHEAD,,,1,,,,,,,,,Y,,,,,,,,,REAR,,,,,,,,,,,,,,,,,,,,,,,,,,,,,,,,,
208410,3b6c2de6cf1c008f3d756749648318baa07d4d2a446594ca6964406f0c5c432208d6be8d3423684fcd7b4ce55aca10b700c4fcddbdaa86bad4d0f67b91f720d1,08/30/2017 11:23:00 PM,1,DRIVER,1,205019,,FORD,EXPLORER,IL,2014,NONE,PASSENGER,POLICE,E,TURNING LEFT,N,,2,,,,,,,,,,,Y,N,,,,,,FRONT-LEFT,,,,,,,,,,,,,,,,,,,,,,,,,,,,,,,,,
208004,8cd36883cd2fef8a906bc732cb91cb700cbcb266791582ab70085bfdec4e601922fe4eded4877089f91ae6c43b3ca28a92c71ba3f1b66d2444cdc3b6e3fb8b65,08/30/2017 10:10:00 AM,1,DRIVER,,204640,,CHEVROLET,ASTRO,IL,1995,NONE,PASSENGER,PERSONAL,N,ENTERING TRAFFIC LANE FROM PARKING,,,1,,,,,,,,,,,,Y,,,,,,FRONT-LEFT,,,,,,,,,,,,,,,,,,,,,,,,,,,,,,,,,
208005,8cd36883cd2fef8a906bc732cb91cb700cbcb266791582ab70085bfdec4e601922fe4eded4877089f91ae6c43b3ca28a92c71ba3f1b66d2444cdc3b6e3fb8b65,08/30/2017 10:10:00 AM,2,DRIVER,,204644,,ACURA,ACURA,IL,2013,NONE,PASSENGER,PERSONAL,N,STRAIGHT AHEAD,,,1,,,,,,Y,Y,Y,,,,,,,,,,SIDE-RIGHT,,,,,,,,,,,,,,,,,,,,,,,,,,,,,,,,,
207945,4c7175fb536487d1e765262a3b6a89fb7e60a730afbe05c4927e5826f43b700dd62069a986022060dca3def8cfc0ce445afcd4e995204625f2eacfdfdd3d3d2b,08/30/2017 08:40:00 AM,1,DRIVER,,204588,,NISSAN,NISSAN ALTIMA,,,UNKNOWN,PASSENGER,UNKNOWN/NA,W,PASSING/OVERTAKING,,,1,,,,,,,,,,,,,,,,,Y,UNKNOWN,,,,,,,,,,,,,,,,,,,,,,,,,,,,,,,,,
207946,4c7175fb536487d1e765262a3b6a89fb7e60a730afbe05c4927e5826f43b700dd62069a986022060dca3def8cfc0ce445afcd4e995204625f2eacfdfdd3d3d2b,08/30/2017 08:40:00 AM,2,DRIVER,,204595,,CHEVROLET,MALIBU (CHEVELLE),IL,2009,NONE,PASSENGER,PERSONAL,W,SLOW/STOP IN TRAFFIC,,,1,,,,,,,,Y,Y,,,,,,,,,REAR,,,,,,,,,,,,,,,,,,,,,,,,,,,,,,,,,
205591,bd3cdf0ff9b14453cfdb48bf67ed2e23004d750b700774f97437842a906a5e29cba3d40046d77ef67e4d277a6677306256f9db9e2711cf54d74dcf61bf9cadc2,08/25/2017 05:05:00 PM,1,DRIVER,,202419,,"TOYOTA MOTOR COMPANY, LTD.",CAMRY,IL,2014,NONE,PASSENGER,TAXI/FOR HIRE,W,STRAIGHT AHEAD,,,1,,,,,,,Y,,,,,,,,,,,REAR-RIGHT,,,,,,,,,,,,,,,,,,,,,,,,,,,,,,,,,
205592,bd3cdf0ff9b14453cfdb48bf67ed2e23004d750b700774f97437842a906a5e29cba3d40046d77ef67e4d277a6677306256f9db9e2711cf54d74dcf61bf9cadc2,08/25/2017 05:05:00 PM,2,DRIVER,,202428,,VOLKSWAGEN,Touareg,IL,2012,NONE,PASSENGER,PERSONAL,W,STRAIGHT AHEAD,,,1,,,,,,,,,,,,Y,,,,,,FRONT-LEFT,,,,,,,,,,,,,,,,,,,,,,,,,,,,,,,,,
204291,c8149e439e12a9a29a80369edfe456d7a8b40fea2fb07bd1c0de0346bf2af44d1f397616a5e003a2b6b700ead17dfedd86fb214abf5a6c5ceadd5ec4e5001bfe,08/23/2017 05:30:00 AM,1,DRIVER,,201202,,CHRYSLER,Pacifica (Sport Wagon),IL,2004,NONE,PASSENGER,PERSONAL,N,STRAIGHT AHEAD,,,1,,,,,Y,,,,,,,,,,,,,FRONT,,,,,,,,,,,,,,,,,,,,,,,,,,,,,,,,,
204292,c8149e439e12a9a29a80369edfe456d7a8b40fea2fb07bd1c0de0346bf2af44d1f397616a5e003a2b6b700ead17dfedd86fb214abf5a6c5ceadd5ec4e5001bfe,08/23/2017 05:30:00 AM,2,DRIVER,,201204,,"TOYOTA MOTOR COMPANY, LTD.",RAV4 (sport utility),IL,2007,NONE,PASSENGER,PERSONAL,N,STRAIGHT AHEAD,,,1,,,,,,,,Y,Y,Y,,,,,,,,REAR,,,,,,,,,,,,,,,,,,,,,,,,,,,,,,,,,
209969,d59ab700412fee08b2e59302873fb5d4e7c4c4fef5efe28f72828eed6f183d486a270dd3f95c6a32bd0a3ff6b10d6c9edb9da996f8e948ffbf9b605af6065571,08/22/2017 03:45:00 AM,1,DRIVER,1,206481,,NISSAN,VERSA,IL,2016,UNKNOWN,PASSENGER,UNKNOWN/NA,W,UNKNOWN/NA,,,2,,,,,,,,,,,,,,,,,Y,UNKNOWN,,,,,,,,,,,,,,,,,,,,,,,,,,,,,,,,,
209970,d59ab700412fee08b2e59302873fb5d4e7c4c4fef5efe28f72828eed6f183d486a270dd3f95c6a32bd0a3ff6b10d6c9edb9da996f8e948ffbf9b605af6065571,08/22/2017 03:45:00 AM,2,DRIVER,,206487,,"TOYOTA MOTOR COMPANY, LTD.",COROLLA,IL,2015,NONE,PASSENGER,PERSONAL,W,SLOW/STOP IN TRAFFIC,,,1,,,,,,,,Y,,,,,,,,,,REAR-RIGHT,,,,,,,,,,,,,,,,,,,,,,,,,,,,,,,,,
202902,021d01a89d1e738882b9b700c26aacf4ca9b3654d8a106f79e105ffa720587f04d2b5f480e39c55341fda71509d33ea5b502aea5c4d37c28eb51b6799a9d450a,08/21/2017 01:04:00 AM,2,PARKED,,199874,,FORD,Focus,IL,2016,NONE,PASSENGER,PERSONAL,E,PARKED,,,0,,,,,,,,,,Y,Y,,,,,,,SIDE-LEFT,,,,,,,,,,,,,,,,,,,,,,,,,,,,,,,,,