CRASH_UNIT_ID,CRASH_RECORD_ID,CRASH_DATE,UNIT_NO,UNIT_TYPE,NUM_PASSENGERS,VEHICLE_ID,CMRC_VEH_I,MAKE,MODEL,LIC_PLATE_STATE,VEHICLE_YEAR,VEHICLE_DEFECT,VEHICLE_TYPE,VEHICLE_USE,TRAVEL_DIRECTION,MANEUVER,TOWED_I,FIRE_I,OCCUPANT_CNT,EXCEED_SPEED_LIMIT_I,TOWED_BY,TOWED_TO,AREA_00_I,AREA_01_I,AREA_02_I,AREA_03_I,AREA_04_I,AREA_05_I,AREA_06_I,AREA_07_I,AREA_08_I,AREA_09_I,AREA_10_I,AREA_11_I,AREA_12_I,AREA_99_I,FIRST_CONTACT_POINT,CMV_ID,USDOT_NO,CCMC_NO,ILCC_NO,COMMERCIAL_SRC,GVWR,CARRIER_NAME,CARRIER_STATE,CARRIER_CITY,HAZMAT_PLACARDS_I,HAZMAT_NAME,UN_NO,HAZMAT_PRESENT_I,HAZMAT_REPORT_I,HAZMAT_REPORT_NO,MCS_REPORT_I,MCS_REPORT_NO,HAZMAT_VIO_CAUSE_CRASH_I,MCS_VIO_CAUSE_CRASH_I,IDOT_PERMIT_NO,WIDE_LOAD_I,TRAILER1_WIDTH,TRAILER2_WIDTH,TRAILER1_LENGTH,TRAILER2_LENGTH,TOTAL_VEHICLE_LENGTH,AXLE_CNT,VEHICLE_CONFIG,CARGO_BODY_TYPE,LOAD_TYPE,HAZMAT_OUT_OF_SERVICE_I,MCS_OUT_OF_SERVICE_I,HAZMAT_CLASS
202903,021d01a89d1e738882b9b700c26aacf4ca9b3654d8a106f79e105ffa720587f04d2b5f480e39c55341fda71509d33ea5b502aea5c4d37c28eb51b6799a9d450a,08/21/2017 01:04:00 AM,1,DRIVER,,199890,,"TOYOTA MOTOR COMPANY, LTD.",Avalon,IL,1998,NONE,PASSENGER,PERSONAL,E,STRAIGHT AHEAD,Y,,1,,cpd,impound,,,Y,,,,,,,,,,,,FRONT-RIGHT,,,,,,,,,,,,,,,,,,,,,,,,,,,,,,,,,
200856,61a666d1c6f96ad78d6f44bd010f15e1f3da8ee310aefa03dbb24bd02fc95eb700afbf45ded34052a05e423a8aee1550df6c99d1c228e8802e40fb328cc99b3c,08/17/2017 08:30:00 AM,1,DRIVER,,197963,,OLDSMOBILE,Intrigue,IL,2001,NONE,PASSENGER,PERSONAL,E,STRAIGHT AHEAD,,,1,,,,,Y,,,,,,,Y,,,,,Y,FRONT-LEFT,,,,,,,,,,,,,,,,,,,,,,,,,,,,,,,,,
200857,61a666d1c6f96ad78d6f44bd010f15e1f3da8ee310aefa03dbb24bd02fc95eb700afbf45ded34052a05e423a8aee1550df6c99d1c228e8802e40fb328cc99b3c,08/17/2017 08:30:00 AM,2,DRIVER,1,197974,,SUBARU,FORESTER,IL,2016,NONE,PASSENGER,PERSONAL,E,STRAIGHT AHEAD,Y,,2,,,,,,,,,Y,,,,,,,,Y,REAR,,,,,,,,,,,,,,,,,,,,,,,,,,,,,,,,,
199747,7410b8d4029e43642d8b632d72fae959a0b99c339d05490f96e080de77fe9ff0ed61e3d648840a0949e147bb700f4ea91cc784a31076196f740baf7fe3332c89,08/15/2017 09:45:00 AM,1,DRIVER,,196924,,LEXUS,LS460,IL,2008,NONE,PASSENGER,PERSONAL,E,TURNING RIGHT,,,1,,,,,Y,,,,,,,,,,,,,FRONT,,,,,,,,,,,,,,,,,,,,,,,,,,,,,,,,,
199748,7410b8d4029e43642d8b632d72fae959a0b99c339d05490f96e080de77fe9ff0ed61e3d648840a0949e147bb700f4ea91cc784a31076196f740baf7fe3332c89,08/15/2017 09:45:00 AM,2,DRIVER,,196929,,CHEVROLET,C K 2500,IL,1997,NONE,PASSENGER,PERSONAL,E,TURNING RIGHT,,,1,,,,,,,,,Y,,,,,,,,,REAR,,,,,,,,,,,,,,,,,,,,,,,,,,,,,,,,,
199686,23955a07faafecd0bf8971d86b0c8b7000b19d4e3953d59bc67b9645c36b66a350f6b2dceb401325512a433b50357abd7515c8e97ba1d1bb93487202bca9d3aa,08/13/2017 02:15:00 PM,1,DRIVER,,196867,,VOLKSWAGEN,GOLF,IL,2000,NONE,PASSENGER,PERSONAL,W,TURNING RIGHT,,,1,,,,Y,,,,,,,,,,,,,,FRONT,,,,,,,,,,,,,,,,,,,,,,,,,,,,,,,,,
199687,23955a07faafecd0bf8971d86b0c8b7000b19d4e3953d59bc67b9645c36b66a350f6b2dceb401325512a433b50357abd7515c8e97ba1d1bb93487202bca9d3aa,08/13/2017 02:15:00 PM,2,PEDESTRIAN,,,,,,,,,,,,,,,,,,,,,,,,,,,,,,,,,,,,,,,,,,,,,,,,,,,,,,,,,,,,,,,,,,
197229,95e6939b67cac615e8ec73cccdfd2b70046816b2131c24d608960988ea2b2eb2d784561a0bcface95dc75e2cabc0473db5eaea46637534be01e74f6ed1e7bcdf,08/10/2017 10:54:00 AM,1,DRIVER,,194579,,HYUNDAI,Santa Fe,IL,2003,UNKNOWN,SPORT UTILITY VEHICLE (SUV),UNKNOWN/NA,E,STRAIGHT AHEAD,,,1,,,,,,,,,,,,,,,,,Y,UNKNOWN,,,,,,,,,,,,,,,,,,,,,,,,,,,,,,,,,
197230,95e6939b67cac615e8ec73cccdfd2b70046816b2131c24d608960988ea2b2eb2d784561a0bcface95dc75e2cabc0473db5eaea46637534be01e74f6ed1e7bcdf,08/10/2017 10:54:00 AM,2,PARKED,1,194574,,BUICK,BUICK,IL,2013,NONE,SPORT UTILITY VEHICLE (SUV),NOT IN USE,E,PARKED,,,1,,,,,,,,,Y,,,,,,,,,REAR,,,,,,,,,,,,,,,,,,,,,,,,,,,,,,,,,
199220,0d69c4f9294ebb700a84d342a653230db6aeac29b58c904ca129e3be3f2d2b67e1a26bb143af313cc473ec1d0c4f4dc7e8ade6f08a4e963f6bce3a2ce702c324,08/10/2017 03:10:00 AM,1,DRIVER,,196431,,NISSAN,MAURANO,IL,2004,NONE,SPORT UTILITY VEHICLE (SUV),PERSONAL,W,PASSING/OVERTAKING,,,1,,,,,Y,,,,,,,Y,,,,,,FRONT-LEFT,,,,,,,,,,,,,,,,,,,,,,,,,,,,,,,,,
195353,dbc6ac592e6eec3d985103565bdb644e8d3fc5a12728ac7f83d6c93fe6e7832f62a666c9cf6126d72be04a48a35d267b1b7003132497c42a33fccdc111f775dc,08/06/2017 02:00:00 PM,1,DRIVER,,192804,,MERCURY,UNKNOWN,IL,1995,NONE,VAN/MINI-VAN,PERSONAL,S,BACKING,,,1,,,,,,,,Y,,,,,,,,,,REAR-RIGHT,,,,,,,,,,,,,,,,,,,,,,,,,,,,,,,,,
195354,dbc6ac592e6eec3d985103565bdb644e8d3fc5a12728ac7f83d6c93fe6e7832f62a666c9cf6126d72be04a48a35d267b1b7003132497c42a33fccdc111f775dc,08/06/2017 02:00:00 PM,2,PARKED,,192802,,CHEVROLET,IMPALA,IL,2004,NONE,PASSENGER,NOT IN USE,N,PARKED,,,0,,,,,,,,,,,Y,,,,,,,SIDE-LEFT,,,,,,,,,,,,,,,,,,,,,,,,,,,,,,,,,
192507,e0b357efd43e431ca9bf8b266a83b30f629253a4c7ac1307b7007297069d36af59541b4a5ce24fe3e6eaaae77975db7af63287518ef9de3bdb0ca5845415aeb7,08/01/2017 02:25:00 PM,2,DRIVER,,190083,,"TOYOTA MOTOR COMPANY, LTD.",Prius,IL,2011,NONE,PASSENGER,NOT IN USE,S,TURNING LEFT,,,1,,,,,,,,,,,Y,,,,,,,SIDE-LEFT,,,,,,,,,,,,,,,,,,,,,,,,,,,,,,,,,
192508,e0b357efd43e431ca9bf8b266a83b30f629253a4c7ac1307b7007297069d36af59541b4a5ce24fe3e6eaaae77975db7af63287518ef9de3bdb0ca5845415aeb7,08/01/2017 02:25:00 PM,1,DRIVER,,190091,,WESTERN STAR,WESTERN STAR,IL,1999,NONE,TRUCK - SINGLE UNIT,OTHER,S,TURNING LEFT,,,1,,,,Y,,,,,,,,,,,,,,NONE,,,,,,,,,,,,,,,,,,,,,,,,,,,,,,,,,
192383,233b96552766952e1969cc5373bd81f7c25a0b616aedd972c9f29f382ee72a545aa37d0e382010cf1af2db7003c61f4631a80733d21ce15b07e83bad9d6decfc,08/01/2017 10:00:00 AM,2,NON-MOTOR VEHICLE,,,,,,,,,,,,,,,,,,,,,,,,,,,,,,,,,,,,,,,,,,,,,,,,,,,,,,,,,,,,,,,,,,
192386,233b96552766952e1969cc5373bd81f7c25a0b616aedd972c9f29f382ee72a545aa37d0e382010cf1af2db7003c61f4631a80733d21ce15b07e83bad9d6decfc,08/01/2017 10:00:00 AM,1,DRIVER,,189975,Y,FORD,UNKNOWN,IL,2018,NONE,BUS UP TO 15 PASS.,STATE OWNED,E,OTHER,,,1,,,,,,,,,,,,,Y,,,,,ROOF,1050,,,,,,,,,,,,U,U,,U,,U,U,,,,,,,,,BUS,OTHER,OTHER,,N,
190279,8de4b5a5c3fbc90df404ea04efe0dbd3e470a7cc48035751efa8c59baaa399e841eb70090887ce8931b8b314a7362340e80240fe7e609dac8352bbba5597c2d6,07/28/2017 03:30:00 PM,1,DRIVER,,187989,,NISSAN,NISSAN MAXIMA,IL,2002,NONE,PASSENGER,PERSONAL,W,STRAIGHT AHEAD,,,1,,,,,Y,,,,,,,,,,,,,FRONT,,,,,,,,,,,,,,,,,,,,,,,,,,,,,,,,,
190280,8de4b5a5c3fbc90df404ea04efe0dbd3e470a7cc48035751efa8c59baaa399e841eb70090887ce8931b8b314a7362340e80240fe7e609dac8352bbba5597c2d6,07/28/2017 03:30:00 PM,2,DRIVER,,187998,,JEEP,PATRIOT,IL,2015,NONE,OTHER,PERSONAL,S,STRAIGHT AHEAD,,,1,,,,,,,,,,Y,Y,Y,,,,,,SIDE-LEFT,,,,,,,,,,,,,,,,,,,,,,,,,,,,,,,,,
188380,42fb8894124c831220433d4437cbc06668f40041cec8cc101f652d54765b7006848d105d78591cb46c7eae8269661425a6b1843a52e896b28732039da3c0e9db,07/24/2017 01:30:00 PM,1,DRIVER,,186179,,NISSAN,NISSAN MAXIMA,,,UNKNOWN,UNKNOWN/NA,UNKNOWN/NA,W,TURNING RIGHT,,,1,,,,,,,,,,,,,,,,,Y,UNKNOWN,,,,,,,,,,,,,,,,,,,,,,,,,,,,,,,,,
188381,42fb8894124c831220433d4437cbc06668f40041cec8cc101f652d54765b7006848d105d78591cb46c7eae8269661425a6b1843a52e896b28732039da3c0e9db,07/24/2017 01:30:00 PM,2,DRIVER,,186177,,HYUNDAI,Santa Fe,IL,2007,UNKNOWN,PASSENGER,PERSONAL,E,STRAIGHT AHEAD,,,1,,,,,,,,,,Y,Y,Y,,,,,,FRONT-LEFT,,,,,,,,,,,,,,,,,,,,,,,,,,,,,,,,,
188073,9307adfa6d7bf7d3fce215ecf2c4ee7886ee00d1bc312603e749ee8cb383afeb700898048797125dc3a90f78fbfae355cadb6d0c323f3a5bed2d83d98fd84c9f,07/24/2017 12:01:00 AM,1,DRIVER,,185876,,UNKNOWN,UNKNOWN,XX,,UNKNOWN,UNKNOWN/NA,UNKNOWN/NA,N,UNKNOWN/NA,,,1,,,,,,,,,,,,,,,,,Y,UNKNOWN,,,,,,,,,,,,,,,,,,,,,,,,,,,,,,,,,
188074,9307adfa6d7bf7d3fce215ecf2c4ee7886ee00d1bc312603e749ee8cb383afeb700898048797125dc3a90f78fbfae355cadb6d0c323f3a5bed2d83d98fd84c9f,07/24/2017 12:01:00 AM,2,PARKED,,185877,,CHEVROLET,SUBURBAN,IL,2008,NONE,SPORT UTILITY VEHICLE (SUV),NOT IN USE,N,PARKED,,,0,,,,,,,,,Y,Y,Y,,,,,,,REAR,,,,,,,,,,,,,,,,,,,,,,,,,,,,,,,,,
186116,d84f56ed1cab5597b2f2ef7ecce63b5e05fc48d941345ffb0e0175a95dc37e060cbfbde226c816b39ecac5d515636bd2c4053569d8cb3ebb07596928bba6b700,07/20/2017 10:00:00 AM,1,DRIVER,,184007,,KENWORTH MOTOR TRUCK CO.,KENWORTH MOTOR TRUCK CO.,IL,2014,UNKNOWN,TRUCK - SINGLE UNIT,UNKNOWN/NA,S,BACKING,,,1,,,,,,,,Y,Y,Y,,,,,,,,REAR,,,,,,,,,,,,,,,,,,,,,,,,,,,,,,,,,
186117,d84f56ed1cab5597b2f2ef7ecce63b5e05fc48d941345ffb0e0175a95dc37e060cbfbde226c816b39ecac5d515636bd2c4053569d8cb3ebb07596928bba6b700,07/20/2017 10:00:00 AM,2,DRIVER,,184013,,SATURN,SL,IL,1999,NONE,PASSENGER,PERSONAL,S,SLOW/STOP IN TRAFFIC,,,1,,,,,Y,Y,,,,,,Y,,,,,,FRONT,,,,,,,,,,,,,,,,,,,,,,,,,,,,,,,,,
186398,7733cdb4290bab39db700eb553a1fb63327bb0c3c798f4c2a951b98aabea3fc25257756c8c3ea33974434abd98db991b69f299bcee14df8681e75e2d23842e99,07/19/2017 09:25:00 AM,1,DRIVER,,184289,Y,UNKNOWN,UNKNOWN,XX,,NONE,OTHER,OTHER,UNKNOWN,TURNING RIGHT,,,1,,,,,,,,,,,,Y,,,,,,FRONT-RIGHT,1003,,,,SIDE OF TRUCK,64000,INDEPENDENT RECYCLING SERVICES,IL,CHICAGO,,,,N,N,,N,,N,N,,,,,,,,2,,GARBAGE/REFUSE,OTHER,N,N,
186399,7733cdb4290bab39db700eb553a1fb63327bb0c3c798f4c2a951b98aabea3fc25257756c8c3ea33974434abd98db991b69f299bcee14df8681e75e2d23842e99,07/19/2017 09:25:00 AM,2,PARKED,,184291,,JEEP,Grand Cherokee (for vehicle years 1989 to present),IL,2016,NONE,PASSENGER,PERSONAL,UNKNOWN,PARKED,,,0,,,,,,,,,,,,Y,,,,,,FRONT-LEFT,,,,,,,,,,,,,,,,,,,,,,,,,,,,,,,,,
184486,0bd2eef9cbd98df5b46c3bcadbec9a1e86d6c01794b882e0099580c6e5591ab082a53e276f6fa80feeaeadfb2a10625eda34be448b700b317348b97e17073016,07/14/2017 04:00:00 AM,1,DRIVER,,182472,,FORD,UNKNOWN,IL,2006,OTHER,PICKUP,CONSTRUCTION/MAINTENANCE,N,SLOW/STOP IN TRAFFIC,,,1,,,,Y,,,,,,,,,,,,,,NONE,,,,,,,,,,,,,,,,,,,,,,,,,,,,,,,,,
184487,0bd2eef9cbd98df5b46c3bcadbec9a1e86d6c01794b882e0099580c6e5591ab082a53e276f6fa80feeaeadfb2a10625eda34be448b700b317348b97e17073016,07/14/2017 04:00:00 AM,2,DRIVER,,182475,,MITSUBISHI,LANCER,XX,2013,NONE,PASSENGER,UNKNOWN/NA,N,SLOW/STOP IN TRAFFIC,,,1,,,,,Y,,,,,,,,,,,,,FRONT,,,,,,,,,,,,,,,,,,,,,,,,,,,,,,,,,
182390,cc43b7f7293420ef4842da50d6afebb7007c5c7afc9846d5833c4850f34155c5f47adab10d44c33f72b8854fad8e1dc63d72387a6d1c7918acf9d675b83dd562,07/11/2017 11:10:00 PM,1,BICYCLE,,,,,,,,,,,,,,,,,,,,,,,,,,,,,,,,,,,,,,,,,,,,,,,,,,,,,,,,,,,,,,,,,,
182391,cc43b7f7293420ef4842da50d6afebb7007c5c7afc9846d5833c4850f34155c5f47adab10d44c33f72b8854fad8e1dc63d72387a6d1c7918acf9d675b83dd562,07/11/2017 11:10:00 PM,2,DRIVER,,180480,,"TOYOTA MOTOR COMPANY, LTD.",RAV4 (sport utility),IL,2009,NONE,SPORT UTILITY VEHICLE (SUV),PERSONAL,W,TURNING LEFT,,,1,,,,,,Y,,,,,,,,,,,,FRONT-RIGHT,,,,,,,,,,,,,,,,,,,,,,,,,,,,,,,,,
179945,adf3a1d98c1f070241c4497d2731c5a90de9469c0b338329c2a5570b6fef6a196c61898d19c9ab7004a6d154055a24efe89aa8466f8a761655cb034f3270e0e1,07/06/2017 10:00:00 AM,1,DRIVER,,178139,,DODGE,GRAND CARAVAN,WI,2000,UNKNOWN,VAN/MINI-VAN,PERSONAL,W,SLOW/STOP IN TRAFFIC,,,1,,,,,Y,,,,,,,,,,,,,FRONT,,,,,,,,,,,,,,,,,,,,,,,,,,,,,,,,,
179946,adf3a1d98c1f070241c4497d2731c5a90de9469c0b338329c2a5570b6fef6a196c61898d19c9ab7004a6d154055a24efe89aa8466f8a761655cb034f3270e0e1,07/06/2017 10:00:00 AM,2,DRIVER,,178125,,UNKNOWN,UNKNOWN,IL,,UNKNOWN,UNKNOWN/NA,UNKNOWN/NA,W,BACKING,,,1,,,,,,,,,Y,,,,,,,,,REAR,,,,,,,,,,,,,,,,,,,,,,,,,,,,,,,,,
179407,e2511873397b091e0961b8717676720a03d91f9604390b3668a1b9542ab35eb3d1d34893331488aadc3b700e42a966875e82cf6312607a4d1efc3d8066bd3913,07/05/2017 09:45:00 AM,1,DRIVER,,177620,,FORD,F150,IL,2013,NONE,PICKUP,OTHER,S,TURNING LEFT,,,1,,,,,Y,,,,,,,,,,,,,FRONT,,,,,,,,,,,,,,,,,,,,,,,,,,,,,,,,,
179408,e2511873397b091e0961b8717676720a03d91f9604390b3668a1b9542ab35eb3d1d34893331488aadc3b700e42a966875e82cf6312607a4d1efc3d8066bd3913,07/05/2017 09:45:00 AM,2,DRIVER,,177624,,ACURA,ACURA,IL,2000,NONE,PASSENGER,PERSONAL,E,STRAIGHT AHEAD,Y,,1,,Private Tow,,,,,,,,,,Y,,,,,,FRONT-LEFT,,,,,,,,,,,,,,,,,,,,,,,,,,,,,,,,,
178903,4367cce0f0d8e83784bf7b70041b1d4f17599a250fc1f5b6ed946c1b2aa11321dca889f749d1721776744400d0fdb6b07aade2af7cec7753c81292683d1a0f40,07/04/2017 01:30:00 AM,1,DRIVER,,177144,,LEXUS,UNKNOWN,IL,2004,UNKNOWN,PASSENGER,UNKNOWN/NA,W,STRAIGHT AHEAD,,,1,,,,,,,,,,,,Y,,,,,,FRONT-LEFT,,,,,,,,,,,,,,,,,,,,,,,,,,,,,,,,,
178904,4367cce0f0d8e83784bf7b70041b1d4f17599a250fc1f5b6ed946c1b2aa11321dca889f749d1721776744400d0fdb6b07aade2af7cec7753c81292683d1a0f40,07/04/2017 01:30:00 AM,2,PARKED,,177147,,NISSAN,NISSAN ALTIMA,IL,2017,NONE,PASSENGER,NOT IN USE,W,PARKED,,,0,,,,,,,,Y,,,,,,,,,,REAR-RIGHT,,,,,,,,,,,,,,,,,,,,,,,,,,,,,,,,,
178444,a51d5d82bb70024cf8b829df49e40031a4cb05bbd99203ebb7f4f8f6dc82b330301ae76dd6052333dbe6bef031c924642f34f9d6ee58654d82f8cec64edb881f,07/02/2017 08:00:00 PM,1,DRIVER,,176701,,"TOYOTA MOTOR COMPANY, LTD.",CAMRY,IL,2014,NONE,PASSENGER,PERSONAL,N,CHANGING LANES,,,1,,,,,,,,,,Y,Y,,,,,,,REAR-LEFT,,,,,,,,,,,,,,,,,,,,,,,,,,,,,,,,,
178445,a51d5d82bb70024cf8b829df49e40031a4cb05bbd99203ebb7f4f8f6dc82b330301ae76dd6052333dbe6bef031c924642f34f9d6ee58654d82f8cec64edb881f,07/02/2017 08:00:00 PM,2,DRIVER,,176699,,JEEP,Grand Cherokee (for vehicle years 1989 to present),,2007,NONE,SPORT UTILITY VEHICLE (SUV),PERSONAL,N,STRAIGHT AHEAD,,,1,,,,,,Y,Y,N,,,,,,,,,,FRONT-RIGHT,,,,,,,,,,,,,,,,,,,,,,,,,,,,,,,,,
178371,2626b20d0bc4fbadb1d46ba8d42f29dd713d30e15b700f198917cf23eb814171b4cf5cec5b8067ac114ce2f362dd2fd53fe72bf8b2663da781b95dd03162bd50,07/02/2017 03:30:00 PM,1,DRIVER,,176643,,PORSCHE,UNKNOWN,IL,2017,NONE,PASSENGER,PERSONAL,S,STRAIGHT AHEAD,,,1,,,,,Y,,,,,,,,,,,,,FRONT,,,,,,,,,,,,,,,,,,,,,,,,,,,,,,,,,
178372,2626b20d0bc4fbadb1d46ba8d42f29dd713d30e15b700f198917cf23eb814171b4cf5cec5b8067ac114ce2f362dd2fd53fe72bf8b2663da781b95dd03162bd50,07/02/2017 03:30:00 PM,2,DRIVER,,176646,,FORD,Focus,IN,2011,NONE,PASSENGER,PERSONAL,S,STRAIGHT AHEAD,,,1,,,,,Y,,,,Y,,,,,,,,,REAR,,,,,,,,,,,,,,,,,,,,,,,,,,,,,,,,,
178373,2626b20d0bc4fbadb1d46ba8d42f29dd713d30e15b700f198917cf23eb814171b4cf5cec5b8067ac114ce2f362dd2fd53fe72bf8b2663da781b95dd03162bd50,07/02/2017 03:30:00 PM,3,DRIVER,,176647,,HYUNDAI,ELANTRA,IL,2016,NONE,PASSENGER,PERSONAL,S,STRAIGHT AHEAD,,,1,,,,,,,,,Y,,,,,,,,,REAR,,,,,,,,,,,,,,,,,,,,,,,,,,,,,,,,,
177749,bf88334b700c743182b4a6802acb042326dd7741b2099e67eb82ca51de36f449c40efcab0696eefe57a402ff7d63213774577964cbd3eaeb3e89bca66e048f7a,07/01/2017 09:20:00 AM,1,DRIVER,,176050,,SCION,XB,IL,2006,UNKNOWN,PASSENGER,PERSONAL,N,ENTER FROM DRIVE/ALLEY,,,1,,,,,,,,Y,,,,,,,,,,REAR-RIGHT,,,,,,,,,,,,,,,,,,,,,,,,,,,,,,,,,
177750,bf88334b700c743182b4a6802acb042326dd7741b2099e67eb82ca51de36f449c40efcab0696eefe57a402ff7d63213774577964cbd3eaeb3e89bca66e048f7a,07/01/2017 09:20:00 AM,2,DRIVER,2,176047,,JEEP,Liberty,IL,2002,UNKNOWN,SPORT UTILITY VEHICLE (SUV),PERSONAL,N,UNKNOWN/NA,,,3,,,,,,,,,,,,Y,,,,,,FRONT-LEFT,,,,,,,,,,,,,,,,,,,,,,,,,,,,,,,,,
176443,fbc5140d33cd50bff0d5c74966d54da4af0667ac077dddf17d3bae9350fc4a1b54108a71883637042968b5852597d07d4c5088e748d4b3cdb8f7b70047133cc9,06/28/2017 08:40:00 AM,1,DRIVER,,174794,,TRUCK EQUIPMENT SERVICE CO.,TRUCK EQUIPMENT SERVICE CO.,IL,2010,UNKNOWN,TRACTOR W/O SEMI-TRAILER,COMMERCIAL - SINGLE UNIT,N,STRAIGHT AHEAD,,,1,,,,,,Y,,,,,,,,,N,,,FRONT-RIGHT,,,,,,,,,,,,,,,,,,,,,,,,,,,,,,,,,
176444,fbc5140d33cd50bff0d5c74966d54da4af0667ac077dddf17d3bae9350fc4a1b54108a71883637042968b5852597d07d4c5088e748d4b3cdb8f7b70047133cc9,06/28/2017 08:40:00 AM,2,DRIVER,,174793,,FORD,Econoline E-450,IL,2011,NONE,VAN/MINI-VAN,OTHER,N,STRAIGHT AHEAD,,,1,,,,Y,,,,,,,,N,,,,,,FRONT-LEFT,,,,,,,,,,,,,,,,,,,,,,,,,,,,,,,,,
170615,826d73e61b191a2daa68f4dab25dafcf2384c5bf54fa8387834ff32e9bc4be041ea8b70051e314030e123d764ef1dc610483ec7e365d577f90d0d7c372029dd5,06/14/2017 12:21:00 PM,1,DRIVER,,169210,,NISSAN,UNKNOWN,,,UNKNOWN,PASSENGER,UNKNOWN/NA,E,TURNING RIGHT,,,1,,,,,,Y,,,,,,,,,,,,FRONT-RIGHT,,,,,,,,,,,,,,,,,,,,,,,,,,,,,,,,,
170616,826d73e61b191a2daa68f4dab25dafcf2384c5bf54fa8387834ff32e9bc4be041ea8b70051e314030e123d764ef1dc610483ec7e365d577f90d0d7c372029dd5,06/14/2017 12:21:00 PM,2,DRIVER,,169214,,"TOYOTA MOTOR COMPANY, LTD.",Prius,IL,2010,NONE,PASSENGER,TAXI/FOR HIRE,E,STRAIGHT AHEAD,,,1,,,,,,,,,,Y,Y,Y,,,,,,FRONT-LEFT,,,,,,,,,,,,,,,,,,,,,,,,,,,,,,,,,
172186,084047be1d9e9c4705838a6a5b700249bed048376f80ddfe2484d57e3e261a4e9106e663b708c5a83601db6448eb8e5b0d800ae57b8c1a3c71921d6a38eaff7f,06/12/2017 04:15:00 PM,1,DRIVER,,170713,,GEO,PRISM,IL,1995,UNKNOWN,PASSENGER,PERSONAL,N,STRAIGHT AHEAD,,,1,,,,,,,,,,,,Y,,,,,,SIDE-LEFT,,,,,,,,,,,,,,,,,,,,,,,,,,,,,,,,,
172187,084047be1d9e9c4705838a6a5b700249bed048376f80ddfe2484d57e3e261a4e9106e663b708c5a83601db6448eb8e5b0d800ae57b8c1a3c71921d6a38eaff7f,06/12/2017 04:15:00 PM,2,DRIVER,,170719,,CHEVROLET,IMPALA,IL,2010,NONE,PASSENGER,PERSONAL,E,STRAIGHT AHEAD,,,1,,,,,,Y,,,,,,,,,,,,SIDE-RIGHT,,,,,,,,,,,,,,,,,,,,,,,,,,,,,,,,,
168280,bb627599f279d26288dab4141f73f15fe72e17c1ce44b13fe909285647a2b70c5e533e1f3091782fb4a6a675ed739531f0953c55c1017cb7008178bc64d9224d,06/09/2017 02:00:00 PM,1,DRIVER,,166945,,NISSAN,NISSAN ALTIMA,,2012,NONE,PASSENGER,PERSONAL,UNKNOWN,STRAIGHT AHEAD,,,1,,,,,Y,Y,,,,,,,,,,,,FRONT-RIGHT,,,,,,,,,,,,,,,,,,,,,,,,,,,,,,,,,
168281,bb627599f279d26288dab4141f73f15fe72e17c1ce44b13fe909285647a2b70c5e533e1f3091782fb4a6a675ed739531f0953c55c1017cb7008178bc64d9224d,06/09/2017 02:00:00 PM,2,DRIVER,,166949,,MITSUBISHI,UNKNOWN,,2000,NONE,PASSENGER,PERSONAL,UNKNOWN,SLOW/STOP IN TRAFFIC,,,1,,,,,,,,,Y,Y,,,,,,,,REAR-LEFT,,,,,,,,,,,,,,,,,,,,,,,,,,,,,,,,,
168225,0031336c7bd386580d2b932f71a6b4d0472953524ca2a92cdd913592efcab76e766be78608ded03ead245fac53f54ae0022ee5df03dcd08b700f46a242a1447c,06/09/2017 11:30:00 AM,1,DRIVER,1,166894,,CHRYSLER,UNKNOWN,IL,2006,NONE,VAN/MINI-VAN,PERSONAL,N,STRAIGHT AHEAD,,,2,,,,,,,Y,,,,,,,,,,,SIDE-RIGHT,,,,,,,,,,,,,,,,,,,,,,,,,,,,,,,,,
168226,0031336c7bd386580d2b932f71a6b4d0472953524ca2a92cdd913592efcab76e766be78608ded03ead245fac53f54ae0022ee5df03dcd08b700f46a242a1447c,06/09/2017 11:30:00 AM,2,DRIVERLESS,,166900,,CADILLAC,CADILLAC,IL,2003,NONE,PICKUP,NOT IN USE,N,PARKED IN TRAFFIC LANE,,,0,,,,,,,,,,Y,Y,,,,,,,REAR-LEFT,,,,,,,,,,,,,,,,,,,,,,,,,,,,,,,,,
166504,d7bc53dff328ce811d27ea41b535ea9dd754fec4f1e4cce3fff5c97e2b5f2cd5b7009fed1d6f81380b2e8dc15e899099333b1d02e97ed97e6f535ee97805e334,06/05/2017 03:50:00 PM,1,DRIVER,2,165245,,CHEVROLET,MONTE CARLO,IL,2003,UNKNOWN,PASSENGER,UNKNOWN/NA,S,STRAIGHT AHEAD,,,3,,,,,,,,,,,,Y,,,,,,FRONT-LEFT,,,,,,,,,,,,,,,,,,,,,,,,,,,,,,,,,