CRASH_UNIT_ID,CRASH_RECORD_ID,CRASH_DATE,UNIT_NO,UNIT_TYPE,NUM_PASSENGERS,VEHICLE_ID,CMRC_VEH_I,MAKE,MODEL,LIC_PLATE_STATE,VEHICLE_YEAR,VEHICLE_DEFECT,VEHICLE_TYPE,VEHICLE_USE,TRAVEL_DIRECTION,MANEUVER,TOWED_I,FIRE_I,OCCUPANT_CNT,EXCEED_SPEED_LIMIT_I,TOWED_BY,TOWED_TO,AREA_00_I,AREA_01_I,AREA_02_I,AREA_03_I,AREA_04_I,AREA_05_I,AREA_06_I,AREA_07_I,AREA_08_I,AREA_09_I,AREA_10_I,AREA_11_I,AREA_12_I,AREA_99_I,FIRST_CONTACT_POINT,CMV_ID,USDOT_NO,CCMC_NO,ILCC_NO,COMMERCIAL_SRC,GVWR,CARRIER_NAME,CARRIER_STATE,CARRIER_CITY,HAZMAT_PLACARDS_I,HAZMAT_NAME,UN_NO,HAZMAT_PRESENT_I,HAZMAT_REPORT_I,HAZMAT_REPORT_NO,MCS_REPORT_I,MCS_REPORT_NO,HAZMAT_VIO_CAUSE_CRASH_I,MCS_VIO_CAUSE_CRASH_I,IDOT_PERMIT_NO,WIDE_LOAD_I,TRAILER1_WIDTH,TRAILER2_WIDTH,TRAILER1_LENGTH,TRAILER2_LENGTH,TOTAL_VEHICLE_LENGTH,AXLE_CNT,VEHICLE_CONFIG,CARGO_BODY_TYPE,LOAD_TYPE,HAZMAT_OUT_OF_SERVICE_I,MCS_OUT_OF_SERVICE_I,HAZMAT_CLASS
166505,d7bc53dff328ce811d27ea41b535ea9dd754fec4f1e4cce3fff5c97e2b5f2cd5b7009fed1d6f81380b2e8dc15e899099333b1d02e97ed97e6f535ee97805e334,06/05/2017 03:50:00 PM,2,DRIVER,,165241,,NISSAN,SENTRA (DATSUN AND NISSAN HAVE MERGED),IL,2016,NONE,PASSENGER,RIDESHARE SERVICE,S,STRAIGHT AHEAD,,,1,,,,,,Y,,,,,,,,,,,,FRONT-RIGHT,,,,,,,,,,,,,,,,,,,,,,,,,,,,,,,,,
166182,a4dd8b70037326b2f0af780bb0476c3be70163d2142e4a3821ba1826f8df4b145375e4cf8282b13d4c614860b08b0b3476a12cf4a09d4959b43f0babdb7ca9f6,06/05/2017 12:01:00 AM,1,DRIVER,,164937,,CHEVROLET,MALIBU (CHEVELLE),IL,2005,UNKNOWN,PASSENGER,UNKNOWN/NA,S,STRAIGHT AHEAD,,,1,,,,,Y,Y,,,,,,,,,,,,FRONT-LEFT,,,,,,,,,,,,,,,,,,,,,,,,,,,,,,,,,
166183,a4dd8b70037326b2f0af780bb0476c3be70163d2142e4a3821ba1826f8df4b145375e4cf8282b13d4c614860b08b0b3476a12cf4a09d4959b43f0babdb7ca9f6,06/05/2017 12:01:00 AM,2,PARKED,,164938,,NISSAN,NISSAN ALTIMA,IL,2015,UNKNOWN,PASSENGER,NOT IN USE,S,PARKED,,,0,,,,,,,,,,Y,,,,,,,,REAR-LEFT,,,,,,,,,,,,,,,,,,,,,,,,,,,,,,,,,
164791,11b9b56822ed5744a13cecfb5592b56b7c644ed4b8afc70e193056d4e7cf65b796ea06b02c47e59bb5af2620a16bdc2413ee8c2a2160d3e0ddb9b7001a170e10,06/01/2017 03:50:00 PM,1,DRIVER,,163588,,CHEVROLET,COBALT,IL,2010,UNKNOWN,PASSENGER,PERSONAL,W,STRAIGHT AHEAD,Y,,1,,EVERY 24 TOWING,,,Y,Y,,,,,,Y,,,,,,FRONT,,,,,,,,,,,,,,,,,,,,,,,,,,,,,,,,,
164792,11b9b56822ed5744a13cecfb5592b56b7c644ed4b8afc70e193056d4e7cf65b796ea06b02c47e59bb5af2620a16bdc2413ee8c2a2160d3e0ddb9b7001a170e10,06/01/2017 03:50:00 PM,2,DRIVER,1,163600,,ACURA,ACURA,IL,2004,UNKNOWN,PASSENGER,PERSONAL,W,STRAIGHT AHEAD,,,2,,,,,,,,Y,Y,Y,,,,,,,,REAR,,,,,,,,,,,,,,,,,,,,,,,,,,,,,,,,,
162887,95d04438f4e64694d442b1ae3a1395abe0feb23593c03317c6d04102d66349b7004213f9c2f09fa1af7e2f2f6b38be1a7cf993af84b7b07a8b05ff3357998042,05/27/2017 03:00:00 PM,1,DRIVER,,161755,,VOLKSWAGEN,JETTA,IL,2015,NONE,PASSENGER,PERSONAL,UNKNOWN,BACKING,,,1,,,,Y,,,,,,,,,,,,,,NONE,,,,,,,,,,,,,,,,,,,,,,,,,,,,,,,,,
162888,95d04438f4e64694d442b1ae3a1395abe0feb23593c03317c6d04102d66349b7004213f9c2f09fa1af7e2f2f6b38be1a7cf993af84b7b07a8b05ff3357998042,05/27/2017 03:00:00 PM,2,DRIVER,,161760,,HONDA,CIVIC,IL,2007,NONE,PASSENGER,PERSONAL,UNKNOWN,STRAIGHT AHEAD,,,1,,,,,Y,,,,,,,,,,,,,FRONT,,,,,,,,,,,,,,,,,,,,,,,,,,,,,,,,,
162459,eb3c976f06ce781ba6484bdcd6a31896e99d7ab70051ad3d23abd03ec4c2d46a7f51b7c20f8f9afb56c46aeeb66fa0f0c14b7890bd467d279020e0d62b2cefda,05/26/2017 04:15:00 PM,1,DRIVER,,161347,,CHEVROLET,IMPALA,IL,2003,NONE,PASSENGER,PERSONAL,S,STRAIGHT AHEAD,,,1,,,,,Y,N,,,,,,N,,,,,Y,FRONT,,,,,,,,,,,,,,,,,,,,,,,,,,,,,,,,,
162460,eb3c976f06ce781ba6484bdcd6a31896e99d7ab70051ad3d23abd03ec4c2d46a7f51b7c20f8f9afb56c46aeeb66fa0f0c14b7890bd467d279020e0d62b2cefda,05/26/2017 04:15:00 PM,2,DRIVER,,161356,,PONTIAC,GRAND PRIX,IL,2005,NONE,PASSENGER,PERSONAL,S,STRAIGHT AHEAD,,,1,,,,,,,Y,Y,Y,Y,,,,,,,Y,REAR-RIGHT,,,,,,,,,,,,,,,,,,,,,,,,,,,,,,,,,
161408,1fe062def390f5f393a73c2d733b9b481818a9222bebb700d7c4f10d906d4faaa76d1ba46127d94bd7948fb7bb43c58ec593bdb0993b39d29893d9cf6aa07e21,05/23/2017 05:30:00 PM,2,DRIVER,,160323,,FORD,FIESTA,IL,2015,NONE,PASSENGER,PERSONAL,N,STRAIGHT AHEAD,,,1,,,,,,Y,,,,,,,,,Y,,,FRONT-RIGHT,,,,,,,,,,,,,,,,,,,,,,,,,,,,,,,,,
161409,1fe062def390f5f393a73c2d733b9b481818a9222bebb700d7c4f10d906d4faaa76d1ba46127d94bd7948fb7bb43c58ec593bdb0993b39d29893d9cf6aa07e21,05/23/2017 05:30:00 PM,1,DRIVER,,160326,,HONDA,Pilot,IL,2016,NONE,PASSENGER,PERSONAL,N,SLOW/STOP - LEFT TURN,,,1,,,,,,,,,,Y,,,,,Y,,,REAR-LEFT,,,,,,,,,,,,,,,,,,,,,,,,,,,,,,,,,
158665,2bbd3e2832e83c0e89269b850b560ce56ad971f0bdfbeaff146af7e70ab700bddc2922f8a35c6ed5c0fe9f0057bfb6af74db3cbbdee4cd731f7796025bd48d65,05/17/2017 12:15:00 PM,1,DRIVER,,157673,,UNKNOWN,UNKNOWN,XX,,UNKNOWN,UNKNOWN/NA,UNKNOWN/NA,UNKNOWN,UNKNOWN/NA,,,1,,,,,,,,,,,,,,,,,Y,UNKNOWN,,,,,,,,,,,,,,,,,,,,,,,,,,,,,,,,,
158666,2bbd3e2832e83c0e89269b850b560ce56ad971f0bdfbeaff146af7e70ab700bddc2922f8a35c6ed5c0fe9f0057bfb6af74db3cbbdee4cd731f7796025bd48d65,05/17/2017 12:15:00 PM,2,PARKED,,157675,,CHEVROLET,IMPALA,IL,2014,NONE,PASSENGER,NOT IN USE,S,PARKED,,,0,,,,,Y,,,,,,,,,,,,,FRONT,,,,,,,,,,,,,,,,,,,,,,,,,,,,,,,,,
158861,dc87e37316770f21df9cc3a72dc3b956231080b700d98fbb8ee555cb839a299df76177861e52d94496a31d452d0434f535d25522d92dec322a485061da61686e,05/16/2017 04:23:00 PM,1,DRIVER,,157864,,UNKNOWN,UNKNOWN,XX,,UNKNOWN,TRACTOR W/ SEMI-TRAILER,UNKNOWN/NA,S,STRAIGHT AHEAD,,,1,,,,,,,,,,,,,,,,,Y,UNKNOWN,,,,,,,,,,,,,,,,,,,,,,,,,,,,,,,,,
158862,dc87e37316770f21df9cc3a72dc3b956231080b700d98fbb8ee555cb839a299df76177861e52d94496a31d452d0434f535d25522d92dec322a485061da61686e,05/16/2017 04:23:00 PM,2,DRIVER,,157866,,FORD,TAURUS,IL,2013,NONE,PASSENGER,POLICE,S,STRAIGHT AHEAD,,,1,,,,,Y,,,,,,,,,,,,,FRONT,,,,,,,,,,,,,,,,,,,,,,,,,,,,,,,,,
158341,f8cfdf9c8f8a8ee71024432a8b20f0b40ff371b700d68c9091de7eded6c9fc42f0374a3fef523b61b7696d127528d92a324a1f4afc705e60cb57a8577e4d64d5,05/16/2017 04:00:00 PM,1,DRIVER,,157362,,UNKNOWN,UNKNOWN,,,UNKNOWN,UNKNOWN/NA,UNKNOWN/NA,N,PASSING/OVERTAKING,,,1,,,,,,,,,,,,,,,,,Y,UNKNOWN,,,,,,,,,,,,,,,,,,,,,,,,,,,,,,,,,
158342,f8cfdf9c8f8a8ee71024432a8b20f0b40ff371b700d68c9091de7eded6c9fc42f0374a3fef523b61b7696d127528d92a324a1f4afc705e60cb57a8577e4d64d5,05/16/2017 04:00:00 PM,2,PARKED,,157365,,HONDA,CRV,IL,2007,NONE,PASSENGER,PERSONAL,N,PARKED,,,0,,,,,,,,,,,Y,,,,,,,SIDE-LEFT,,,,,,,,,,,,,,,,,,,,,,,,,,,,,,,,,
158094,a7c58b9e25db700bae2a08f81a50e2c668076fdca98abab90bb40229d615766bab206db94da34c70e7f28f3aa32d711dc38bf088b241f59af7e7a8e3e8f54d09,05/16/2017 06:15:00 AM,1,DRIVER,,157121,,UNKNOWN,UNKNOWN,IL,,UNKNOWN,PASSENGER,UNKNOWN/NA,E,STRAIGHT AHEAD,,,1,,,,,Y,,,,,,,,,,,,N,FRONT,,,,,,,,,,,,,,,,,,,,,,,,,,,,,,,,,
158095,a7c58b9e25db700bae2a08f81a50e2c668076fdca98abab90bb40229d615766bab206db94da34c70e7f28f3aa32d711dc38bf088b241f59af7e7a8e3e8f54d09,05/16/2017 06:15:00 AM,2,DRIVER,,157123,,CHEVROLET,MALIBU (CHEVELLE),OH,2017,NONE,PASSENGER,OTHER,E,SLOW/STOP IN TRAFFIC,,,1,,,,,,,,,Y,,,,,,,,,REAR,,,,,,,,,,,,,,,,,,,,,,,,,,,,,,,,,
158083,a7501f5062a4d8940ff7f98984a6893b7007fa27049f8a3966affcfeef864f83b2e53f0aa55dcb5d493ea4a00700960a0fef3441268c09cf7dae53b7d4dfe0ad,05/16/2017 02:07:00 AM,1,DRIVER,1,157110,,CHRYSLER,UNKNOWN,IL,2015,NONE,PASSENGER,PERSONAL,S,TURNING RIGHT,Y,,2,,,,,,,,,,,,Y,,,,,,FRONT-LEFT,,,,,,,,,,,,,,,,,,,,,,,,,,,,,,,,,
158085,a7501f5062a4d8940ff7f98984a6893b7007fa27049f8a3966affcfeef864f83b2e53f0aa55dcb5d493ea4a00700960a0fef3441268c09cf7dae53b7d4dfe0ad,05/16/2017 02:07:00 AM,2,DRIVER,,157111,,VOLKSWAGEN,UNKNOWN,IL,2007,NONE,PASSENGER,PERSONAL,N,STRAIGHT AHEAD,Y,,1,,,,,,,,,,Y,,,,,,,,REAR-LEFT,,,,,,,,,,,,,,,,,,,,,,,,,,,,,,,,,
160895,b1933cc71d19e98b16ef05056695d2e68880a33c66ac90fa665654e6cc4935bdd75385057ffec3e3b7009a75bffc65d294b2e23c9a9172ade0404abb0f4a56a6,05/13/2017 11:00:00 AM,1,DRIVER,,159848,,CHEVROLET,Express (full-size van),,2015,UNKNOWN,VAN/MINI-VAN,OTHER,E,STRAIGHT AHEAD,,,1,,,,,,,,,,,,,,,,,Y,UNKNOWN,,,,,,,,,,,,,,,,,,,,,,,,,,,,,,,,,
160896,b1933cc71d19e98b16ef05056695d2e68880a33c66ac90fa665654e6cc4935bdd75385057ffec3e3b7009a75bffc65d294b2e23c9a9172ade0404abb0f4a56a6,05/13/2017 11:00:00 AM,2,PARKED,,159837,,BMW,X5,IL,2009,NONE,SPORT UTILITY VEHICLE (SUV),PERSONAL,E,PARKED,,,0,,,,,Y,,,,,,,Y,,,,,,FRONT-LEFT,,,,,,,,,,,,,,,,,,,,,,,,,,,,,,,,,
160897,b1933cc71d19e98b16ef05056695d2e68880a33c66ac90fa665654e6cc4935bdd75385057ffec3e3b7009a75bffc65d294b2e23c9a9172ade0404abb0f4a56a6,05/13/2017 11:00:00 AM,3,PARKED,,159843,,FORD,F250,,1997,UNKNOWN,SPORT UTILITY VEHICLE (SUV),UNKNOWN/NA,N,PARKED,,,0,,,,,,,,,,,Y,N,,,,,,SIDE-LEFT,,,,,,,,,,,,,,,,,,,,,,,,,,,,,,,,,
156786,dbb4a1ba1ae46e75d40f454d61e8e3eb4b7008c453c13ca71cb45ebec502331a16c038c1e1fd06b8e027914bf6721e9df7403ce653bae29402e70dd8d1b4536c,05/12/2017 03:15:00 PM,1,DRIVER,,155875,,SATURN,UNKNOWN,IL,2002,NONE,PASSENGER,PERSONAL,N,STRAIGHT AHEAD,,,1,,,,,,,,,,,,,,,,,,FRONT,,,,,,,,,,,,,,,,,,,,,,,,,,,,,,,,,
156787,dbb4a1ba1ae46e75d40f454d61e8e3eb4b7008c453c13ca71cb45ebec502331a16c038c1e1fd06b8e027914bf6721e9df7403ce653bae29402e70dd8d1b4536c,05/12/2017 03:15:00 PM,2,DRIVER,,155861,,"TOYOTA MOTOR COMPANY, LTD.",CAMRY,,2003,NONE,PASSENGER,PERSONAL,N,STRAIGHT AHEAD,,,1,,,,,,,,,,,,,,,,,,REAR,,,,,,,,,,,,,,,,,,,,,,,,,,,,,,,,,
156659,d7649c8bdcabb13b6c0ea78d8d0a0a2d25c7fabdeacff856ee3c7916d523e53e58f31838e8db8fc0bf66d462f2011a4bb027df82993a4d09a64c27230b11b700,05/12/2017 01:00:00 PM,1,DRIVER,,155732,,NISSAN,NISSAN ALTIMA,,2002,NONE,PASSENGER,PERSONAL,S,BACKING,,,1,,,,,,,,,Y,Y,,,,,,,,REAR-LEFT,,,,,,,,,,,,,,,,,,,,,,,,,,,,,,,,,
156660,d7649c8bdcabb13b6c0ea78d8d0a0a2d25c7fabdeacff856ee3c7916d523e53e58f31838e8db8fc0bf66d462f2011a4bb027df82993a4d09a64c27230b11b700,05/12/2017 01:00:00 PM,2,DRIVER,,155737,,CHEVROLET,EQUINOX,,2015,NONE,OTHER,OTHER,S,STRAIGHT AHEAD,,,1,,,,,,,,,,,,,,,,,Y,UNKNOWN,,,,,,,,,,,,,,,,,,,,,,,,,,,,,,,,,
156152,513a59d83ce6cf4d680c2d1613c921106a647f682735ca6290724550e5a34e10c6cd1fd079463524b77f0a044164e0813d06254bedf570ccaa0fc7a951fcb700,05/11/2017 08:52:00 AM,1,DRIVER,,155243,,FORD,FUSION,IL,2011,NONE,PASSENGER,PERSONAL,E,STRAIGHT AHEAD,,,1,,,,,Y,Y,,,,,,Y,,,,,,FRONT,,,,,,,,,,,,,,,,,,,,,,,,,,,,,,,,,
156153,513a59d83ce6cf4d680c2d1613c921106a647f682735ca6290724550e5a34e10c6cd1fd079463524b77f0a044164e0813d06254bedf570ccaa0fc7a951fcb700,05/11/2017 08:52:00 AM,2,DRIVER,,155248,,KIA MOTORS CORP,Optima,IL,2017,NONE,PASSENGER,PERSONAL,E,SLOW/STOP IN TRAFFIC,,,1,,,,,,,,N,Y,N,,,,,,,,REAR,,,,,,,,,,,,,,,,,,,,,,,,,,,,,,,,,
156154,513a59d83ce6cf4d680c2d1613c921106a647f682735ca6290724550e5a34e10c6cd1fd079463524b77f0a044164e0813d06254bedf570ccaa0fc7a951fcb700,05/11/2017 08:52:00 AM,3,DRIVER,,155260,,UNKNOWN,UNKNOWN,IL,,UNKNOWN,BUS UP TO 15 PASS.,OTHER TRANSIT,E,SLOW/STOP IN TRAFFIC,,,1,,,,Y,,,,,Y,,,,,,,,,REAR,,,,,,,,,,,,,,,,,,,,,,,,,,,,,,,,,
155784,3a735bbd65fe3a1a2b3b4c0da6d5a8dcbce31c83ac8b7001954f31723aca9b101a78d06ce4549e765d366dd1e6a5445f8d95157dfaf2a2d3aec17ad0f4633c16,05/10/2017 11:22:00 AM,1,DRIVER,,154890,,DODGE,Avenger,IL,2012,BRAKES,PASSENGER,PERSONAL,S,TURNING LEFT,,,1,,,,,,Y,,,,,,,,,,,,FRONT-RIGHT,,,,,,,,,,,,,,,,,,,,,,,,,,,,,,,,,
155785,3a735bbd65fe3a1a2b3b4c0da6d5a8dcbce31c83ac8b7001954f31723aca9b101a78d06ce4549e765d366dd1e6a5445f8d95157dfaf2a2d3aec17ad0f4633c16,05/10/2017 11:22:00 AM,2,DRIVER,2,154893,,"TOYOTA MOTOR COMPANY, LTD.",RAV4 (sport utility),IL,2014,UNKNOWN,SPORT UTILITY VEHICLE (SUV),PERSONAL,W,STRAIGHT AHEAD,,,3,,,,,,,Y,,,,,,,,,,,SIDE-RIGHT,,,,,,,,,,,,,,,,,,,,,,,,,,,,,,,,,
154875,cc70726d81a1d1608f69d9035faf32b3f3413280ac0534f0463098605ac9421985e6daee6ff4e7c131d36f8f5f92d067c1b70008ea2ee1ead7efa0ed460cecdb,05/07/2017 11:45:00 AM,1,DRIVER,,154022,,VOLKSWAGEN,TIGUAN,IL,2013,UNKNOWN,PASSENGER,UNKNOWN/NA,E,UNKNOWN/NA,,,1,,,,,,Y,Y,Y,,,Y,,,,,,,FRONT-RIGHT,,,,,,,,,,,,,,,,,,,,,,,,,,,,,,,,,
154876,cc70726d81a1d1608f69d9035faf32b3f3413280ac0534f0463098605ac9421985e6daee6ff4e7c131d36f8f5f92d067c1b70008ea2ee1ead7efa0ed460cecdb,05/07/2017 11:45:00 AM,2,PARKED,,154025,,MERCEDES-BENZ,ML320 (sport utility),IL,2000,NONE,SPORT UTILITY VEHICLE (SUV),NOT IN USE,E,PARKED,,,0,,,,,,,,,Y,Y,Y,Y,,,,Y,,REAR-RIGHT,,,,,,,,,,,,,,,,,,,,,,,,,,,,,,,,,
154879,cc70726d81a1d1608f69d9035faf32b3f3413280ac0534f0463098605ac9421985e6daee6ff4e7c131d36f8f5f92d067c1b70008ea2ee1ead7efa0ed460cecdb,05/07/2017 11:45:00 AM,3,PARKED,,154028,,UNKNOWN,UNKNOWN,XX,,UNKNOWN,UNKNOWN/NA,NOT IN USE,W,PARKED,,,0,,,,,,,,,,,Y,,,,,,,SIDE-LEFT,,,,,,,,,,,,,,,,,,,,,,,,,,,,,,,,,
153661,2eff55b700765e52283597f2dd28c358d1d15b39520e28cc8f260adf76d9ddf07c929f2b2d814f05b3fd980cf9619c8c10bc600c79222bddb61556cff4223ca8,05/04/2017 03:40:00 PM,1,DRIVER,,152840,,HYUNDAI,SONATA,IL,2013,UNKNOWN,PASSENGER,PERSONAL,S,CHANGING LANES,,,1,,,,,,Y,,,,,,,,,,,,FRONT-RIGHT,,,,,,,,,,,,,,,,,,,,,,,,,,,,,,,,,
153662,2eff55b700765e52283597f2dd28c358d1d15b39520e28cc8f260adf76d9ddf07c929f2b2d814f05b3fd980cf9619c8c10bc600c79222bddb61556cff4223ca8,05/04/2017 03:40:00 PM,2,DRIVER,,152845,,LINCOLN-CONTINENTAL,MKS,IL,2015,UNKNOWN,OTHER,OTHER,S,STRAIGHT AHEAD,,,1,,,,,,,,,,Y,,,,,,,,REAR-LEFT,,,,,,,,,,,,,,,,,,,,,,,,,,,,,,,,,
152067,635cb812a3b700079e0f9b577109f7e7264dd8cfc180f33320cd7fa907dfb2ed508cb440fe909976c94fccbad561c8dcb985c20d21ae1153c90834accce23636,04/28/2017 09:00:00 PM,1,DRIVER,1,151286,,"TOYOTA MOTOR COMPANY, LTD.",RAV4 (sport utility),IL,2007,UNKNOWN,SPORT UTILITY VEHICLE (SUV),UNKNOWN/NA,S,MERGING,,,2,,,,,,,Y,,,,,,,,,,N,SIDE-RIGHT,,,,,,,,,,,,,,,,,,,,,,,,,,,,,,,,,
152068,635cb812a3b700079e0f9b577109f7e7264dd8cfc180f33320cd7fa907dfb2ed508cb440fe909976c94fccbad561c8dcb985c20d21ae1153c90834accce23636,04/28/2017 09:00:00 PM,2,DRIVER,,151292,,"TOYOTA MOTOR COMPANY, LTD.",TOYOTA,PA,2009,NONE,PASSENGER,PERSONAL,S,STRAIGHT AHEAD,,,1,,,,,,,,,,,Y,Y,,,,,,SIDE-LEFT,,,,,,,,,,,,,,,,,,,,,,,,,,,,,,,,,
151252,74b29115899396545aa8641755aff934fb5ca193ed742b8244bc25c8262b24b9f30343c54cc09b7005efb98d5e15eab10e06ff84063eb25e86fbc981fdc2b474,04/28/2017 04:15:00 PM,1,DRIVER,,150499,,"TOYOTA MOTOR COMPANY, LTD.",CAMRY,,2001,NONE,PASSENGER,PERSONAL,W,STRAIGHT AHEAD,,,1,,,,,Y,Y,,,,N,,Y,,,,,,FRONT,,,,,,,,,,,,,,,,,,,,,,,,,,,,,,,,,
151253,74b29115899396545aa8641755aff934fb5ca193ed742b8244bc25c8262b24b9f30343c54cc09b7005efb98d5e15eab10e06ff84063eb25e86fbc981fdc2b474,04/28/2017 04:15:00 PM,2,DRIVER,,150500,,HONDA,ACCORD,,2013,NONE,PASSENGER,PERSONAL,W,SLOW/STOP IN TRAFFIC,,,1,,,,,,,,Y,Y,Y,,,,,,,,REAR,,,,,,,,,,,,,,,,,,,,,,,,,,,,,,,,,
150863,6a417f1000b70091d86cf694fb7d3b8c2287d2c46d725da7fc074b249e2c3452c2d221ea4710af5a90bca138902c9921b283c3b55a6efc0cff06f0019228388e,04/27/2017 12:00:00 PM,1,DRIVER,,150132,,UNKNOWN,UNKNOWN,,,UNKNOWN,UNKNOWN/NA,UNKNOWN/NA,UNKNOWN,UNKNOWN/NA,,,1,,,,,,,,,,,,,,,,,Y,UNKNOWN,,,,,,,,,,,,,,,,,,,,,,,,,,,,,,,,,
150864,6a417f1000b70091d86cf694fb7d3b8c2287d2c46d725da7fc074b249e2c3452c2d221ea4710af5a90bca138902c9921b283c3b55a6efc0cff06f0019228388e,04/27/2017 12:00:00 PM,2,PARKED,,150133,,HONDA,CIVIC,,2012,NONE,PASSENGER,NOT IN USE,W,PARKED,,,0,,,,,Y,Y,,,,,,Y,,,,,,FRONT,,,,,,,,,,,,,,,,,,,,,,,,,,,,,,,,,
147498,27d2e98df1e8f0924f2afb06dc9990c2911a1f0a4e4d9ef1ea2ce16fa88f95f407cc9c05be555d65c5c510ea2180ff6919c91cbf9b7008a4ca79200b8b8e6f0e,04/18/2017 07:55:00 AM,1,DRIVER,,146881,,"TOYOTA MOTOR COMPANY, LTD.",VENZA,IL,2014,UNKNOWN,PASSENGER,UNKNOWN/NA,E,ENTERING TRAFFIC LANE FROM PARKING,,,1,,,,,,,,,,,,,,,,,Y,FRONT-RIGHT,,,,,,,,,,,,,,,,,,,,,,,,,,,,,,,,,
147499,27d2e98df1e8f0924f2afb06dc9990c2911a1f0a4e4d9ef1ea2ce16fa88f95f407cc9c05be555d65c5c510ea2180ff6919c91cbf9b7008a4ca79200b8b8e6f0e,04/18/2017 07:55:00 AM,2,PARKED,1,146885,,HONDA,Odyssey (minivan),IL,2005,NONE,VAN/MINI-VAN,NOT IN USE,E,PARKED,,,1,,,,,,,,,,Y,,,,,,,,REAR-LEFT,,,,,,,,,,,,,,,,,,,,,,,,,,,,,,,,,
147635,53c2832b138ca59f556f3de73616de4f894c9e4a0e294d5e0af5b700aab4d816b873158d3834f702cf61309e3fbd34551f77d0dad6289fa27a3e2b95cebb8689,04/17/2017 04:45:00 PM,1,DRIVER,,147022,,UNKNOWN,UNKNOWN,,,UNKNOWN,UNKNOWN/NA,UNKNOWN/NA,W,STRAIGHT AHEAD,,,1,,,,,,,,,,,,,,,,,Y,UNKNOWN,,,,,,,,,,,,,,,,,,,,,,,,,,,,,,,,,
147636,53c2832b138ca59f556f3de73616de4f894c9e4a0e294d5e0af5b700aab4d816b873158d3834f702cf61309e3fbd34551f77d0dad6289fa27a3e2b95cebb8689,04/17/2017 04:45:00 PM,2,DRIVER,,147023,,SUBARU,OUTBACK,PA,2012,NONE,PASSENGER,PERSONAL,W,TURNING RIGHT,,,1,,,,,,,,,Y,,,,,,,,,REAR,,,,,,,,,,,,,,,,,,,,,,,,,,,,,,,,,
145639,372499aca1950cbc3c16bed27cbaa7bdd7518dfd97edb2385441d801f541502332686b700c288200a23d2974c3ed8c5d4e74a66deff63e1cf9e36d62ca845996,04/12/2017 04:20:00 PM,1,DRIVER,1,145100,,HONDA,CIVIC,IL,2006,NONE,PASSENGER,PERSONAL,W,STRAIGHT AHEAD,,,2,,,,,,,Y,,,,,,,,,,,SIDE-RIGHT,,,,,,,,,,,,,,,,,,,,,,,,,,,,,,,,,
145640,372499aca1950cbc3c16bed27cbaa7bdd7518dfd97edb2385441d801f541502332686b700c288200a23d2974c3ed8c5d4e74a66deff63e1cf9e36d62ca845996,04/12/2017 04:20:00 PM,2,PARKED,1,145103,,VOLKSWAGEN,JETTA,IL,2014,NONE,PASSENGER,TAXI/FOR HIRE,W,PARKED,,,1,,,,,,,,,,Y,,,,,,,,REAR-LEFT,,,,,,,,,,,,,,,,,,,,,,,,,,,,,,,,,
143995,c5d04fa726b6c64b297e87afb31bcc9809b15937afa31f1ee1dd750c6ba41ebbdf353e8caa55d949d316c88ace79cdf5909db7007693379b10bcc8708b9624dc,04/07/2017 02:58:00 PM,1,DRIVER,2,143515,,LINCOLN-CONTINENTAL,UNKNOWN,MI,2016,NONE,PASSENGER,PERSONAL,S,STRAIGHT AHEAD,Y,,3,,UNKNOWN,,,Y,Y,,,,,,Y,,,,,,FRONT,,,,,,,,,,,,,,,,,,,,,,,,,,,,,,,,,
143996,c5d04fa726b6c64b297e87afb31bcc9809b15937afa31f1ee1dd750c6ba41ebbdf353e8caa55d949d316c88ace79cdf5909db7007693379b10bcc8708b9624dc,04/07/2017 02:58:00 PM,2,DRIVER,,143522,,NISSAN,NISSAN MAXIMA,IL,2011,NONE,PASSENGER,PERSONAL,S,STRAIGHT AHEAD,Y,,1,,UNKNOWN,,N,,,,,,Y,,,,,,,,REAR-LEFT,,,,,,,,,,,,,,,,,,,,,,,,,,,,,,,,,
143736,8c1028262291eecb84cd1a63d23f33d0339c44f9086f8e41ddd29e313fd5f1c8a835616a075b700156b4ad63e027799a1aa0ef37232607852815d0124de3572e,04/06/2017 06:40:00 PM,1,DRIVER,,143292,,UNKNOWN,UNKNOWN,,,UNKNOWN,PASSENGER,UNKNOWN/NA,S,PASSING/OVERTAKING,,,1,,,,,,,,,,,,,,,,,Y,UNKNOWN,,,,,,,,,,,,,,,,,,,,,,,,,,,,,,,,,
143737,8c1028262291eecb84cd1a63d23f33d0339c44f9086f8e41ddd29e313fd5f1c8a835616a075b700156b4ad63e027799a1aa0ef37232607852815d0124de3572e,04/06/2017 06:40:00 PM,2,PARKED,,143273,,CHEVROLET,UNKNOWN,IL,2016,NONE,PASSENGER,PERSONAL,S,PARKED,,,0,,,,,,N,,Y,,,,,,,,,,FRONT-RIGHT,,,,,,,,,,,,,,,,,,,,,,,,,,,,,,,,,