CRASH_UNIT_ID,CRASH_RECORD_ID,CRASH_DATE,UNIT_NO,UNIT_TYPE,NUM_PASSENGERS,VEHICLE_ID,CMRC_VEH_I,MAKE,MODEL,LIC_PLATE_STATE,VEHICLE_YEAR,VEHICLE_DEFECT,VEHICLE_TYPE,VEHICLE_USE,TRAVEL_DIRECTION,MANEUVER,TOWED_I,FIRE_I,OCCUPANT_CNT,EXCEED_SPEED_LIMIT_I,TOWED_BY,TOWED_TO,AREA_00_I,AREA_01_I,AREA_02_I,AREA_03_I,AREA_04_I,AREA_05_I,AREA_06_I,AREA_07_I,AREA_08_I,AREA_09_I,AREA_10_I,AREA_11_I,AREA_12_I,AREA_99_I,FIRST_CONTACT_POINT,CMV_ID,USDOT_NO,CCMC_NO,ILCC_NO,COMMERCIAL_SRC,GVWR,CARRIER_NAME,CARRIER_STATE,CARRIER_CITY,HAZMAT_PLACARDS_I,HAZMAT_NAME,UN_NO,HAZMAT_PRESENT_I,HAZMAT_REPORT_I,HAZMAT_REPORT_NO,MCS_REPORT_I,MCS_REPORT_NO,HAZMAT_VIO_CAUSE_CRASH_I,MCS_VIO_CAUSE_CRASH_I,IDOT_PERMIT_NO,WIDE_LOAD_I,TRAILER1_WIDTH,TRAILER2_WIDTH,TRAILER1_LENGTH,TRAILER2_LENGTH,TOTAL_VEHICLE_LENGTH,AXLE_CNT,VEHICLE_CONFIG,CARGO_BODY_TYPE,LOAD_TYPE,HAZMAT_OUT_OF_SERVICE_I,MCS_OUT_OF_SERVICE_I,HAZMAT_CLASS
142649,9a3c14d93322d90b70f9fa0c529f67d6930a00921b4236640dfacd7e3b700adb3cbd6db7fc04525ef644b3a9942cde2abdf3294eaeeac809240d1b7e23558f92,04/03/2017 10:07:00 PM,1,DRIVER,,142224,,JEEP,CHEROKEE,IL,,UNKNOWN,UNKNOWN/NA,UNKNOWN/NA,E,STRAIGHT AHEAD,,,1,Y,,,,,,,,,,,N,,,,,Y,UNKNOWN,,,,,,,,,,,,,,,,,,,,,,,,,,,,,,,,,
142650,9a3c14d93322d90b70f9fa0c529f67d6930a00921b4236640dfacd7e3b700adb3cbd6db7fc04525ef644b3a9942cde2abdf3294eaeeac809240d1b7e23558f92,04/03/2017 10:07:00 PM,2,DRIVER,1,142222,,BUICK,UNKNOWN,IL,,NONE,PASSENGER,PERSONAL,W,AVOIDING VEHICLES/OBJECTS,,,2,,,,,Y,Y,,,,,,,,,,,,FRONT-RIGHT,,,,,,,,,,,,,,,,,,,,,,,,,,,,,,,,,
142743,14e82fb7005bb260a19ff687747bcd8bd35e7fda4b7724c710e515c6bdda749592a438a4990f3f7e54c3b4f44bae1f8f82766b218b574cfceb59752dd0794db4,04/02/2017 08:25:00 PM,1,DRIVER,,142309,,MAZDA,MAZDA,IL,2006,UNKNOWN,UNKNOWN/NA,UNKNOWN/NA,UNKNOWN,TURNING RIGHT,,,1,,,,,Y,Y,,,,,,,,,,,,TOTAL (ALL AREAS),,,,,,,,,,,,,,,,,,,,,,,,,,,,,,,,,
142744,14e82fb7005bb260a19ff687747bcd8bd35e7fda4b7724c710e515c6bdda749592a438a4990f3f7e54c3b4f44bae1f8f82766b218b574cfceb59752dd0794db4,04/02/2017 08:25:00 PM,2,DRIVER,,142310,,JEEP,UNKNOWN,IL,1996,NONE,PASSENGER,PERSONAL,W,STRAIGHT AHEAD,,,1,,,,,,Y,Y,Y,,,,,,,,,,TOTAL (ALL AREAS),,,,,,,,,,,,,,,,,,,,,,,,,,,,,,,,,
140705,a6f3535665ae20abe14c68a08bbdf8ecc049f7d380b7000ca2468e959124dbfbd698e2d6fcc86d9122eea19ce95b0711978d6cd2c66e04ebe7065f7a3a23868c,03/27/2017 06:30:00 PM,1,DRIVER,,140334,,JEEP,Grand Cherokee (for vehicle years 1989 to present),IL,2012,UNKNOWN,SPORT UTILITY VEHICLE (SUV),PERSONAL,E,STRAIGHT AHEAD,,,1,,,,,,,,,,,,Y,,,,,,FRONT-LEFT,,,,,,,,,,,,,,,,,,,,,,,,,,,,,,,,,
140706,a6f3535665ae20abe14c68a08bbdf8ecc049f7d380b7000ca2468e959124dbfbd698e2d6fcc86d9122eea19ce95b0711978d6cd2c66e04ebe7065f7a3a23868c,03/27/2017 06:30:00 PM,2,DRIVER,,140339,,CHRYSLER,Sebring,IL,2004,UNKNOWN,PASSENGER,UNKNOWN/NA,E,STRAIGHT AHEAD,,,1,,,,,,,,,,,Y,,,,,Y,,FRONT-LEFT,,,,,,,,,,,,,,,,,,,,,,,,,,,,,,,,,
163820,822f68e751f64dd63fd3a6df448cf47db700bbdae33d3d226e372393999ddc968e9e5f3107c569f520870c0da8da85ba13586906238e22905937a8c8b75e3aed,03/26/2017 07:30:00 PM,1,DRIVER,,162648,,CHEVROLET,CRUZE,IL,2014,UNKNOWN,PASSENGER,PERSONAL,S,BACKING,,,1,,,,,,,,,Y,,,,,,,,,REAR,,,,,,,,,,,,,,,,,,,,,,,,,,,,,,,,,
163821,822f68e751f64dd63fd3a6df448cf47db700bbdae33d3d226e372393999ddc968e9e5f3107c569f520870c0da8da85ba13586906238e22905937a8c8b75e3aed,03/26/2017 07:30:00 PM,2,PARKED,1,162649,,VOLKSWAGEN,ROUTAN,IL,2010,NONE,PASSENGER,PERSONAL,W,PARKED,,,1,,,,,,,,,,,,Y,,,,,,FRONT-LEFT,,,,,,,,,,,,,,,,,,,,,,,,,,,,,,,,,
139645,c197dd2ac9f83bfb9fb1434371fc8a4c56c908349d61615e04ebbb2b0a137ed84550d0d4f4947a61d9b70010bb2e18be107dd06bedb48eae190cab52b548916f,03/23/2017 05:00:00 PM,1,DRIVER,,139305,,CHEVROLET,UPLANDER,IL,2007,NONE,VAN/MINI-VAN,PERSONAL,W,UNKNOWN/NA,,,1,,,,,,,,,,,,,,,,,Y,FRONT,,,,,,,,,,,,,,,,,,,,,,,,,,,,,,,,,
139646,c197dd2ac9f83bfb9fb1434371fc8a4c56c908349d61615e04ebbb2b0a137ed84550d0d4f4947a61d9b70010bb2e18be107dd06bedb48eae190cab52b548916f,03/23/2017 05:00:00 PM,2,DRIVER,1,139307,,"TOYOTA MOTOR COMPANY, LTD.",Highlander(beginning vehicle year 2001),IL,2008,NONE,SPORT UTILITY VEHICLE (SUV),PERSONAL,W,STRAIGHT AHEAD,,,2,,,,,,,,,,Y,,,,,,,,REAR-LEFT,,,,,,,,,,,,,,,,,,,,,,,,,,,,,,,,,
137858,b1152c0d635b16573d71412d67080a5850ec3341d44cf1e020f24be2f2d033170179c1a071b70066f2c79524bef3ffdf7236e195126ecb9544fae15ab7094dd5,03/20/2017 05:10:00 PM,1,DRIVER,,137583,,FORD,F150,IL,2002,NONE,PICKUP,PERSONAL,S,STRAIGHT AHEAD,,,1,,,,,,,,,,,,,,,,,,FRONT,,,,,,,,,,,,,,,,,,,,,,,,,,,,,,,,,
137859,b1152c0d635b16573d71412d67080a5850ec3341d44cf1e020f24be2f2d033170179c1a071b70066f2c79524bef3ffdf7236e195126ecb9544fae15ab7094dd5,03/20/2017 05:10:00 PM,2,DRIVER,1,137602,,MERCEDES-BENZ,S500,IL,2008,NONE,PASSENGER,OTHER,S,SLOW/STOP IN TRAFFIC,,,2,,,,,,,,,,,,,,,,,,REAR,,,,,,,,,,,,,,,,,,,,,,,,,,,,,,,,,
136896,550ea8ad8d8abcbe42ab2769672d763a90e280b700de0d24f16d246e9c856fa329c0130ca95f27a54cf92181f2cd86189c6f151828c9f510e81d4249edb7214c,03/17/2017 04:45:00 PM,1,DRIVER,,136651,,VOLVO,UNKNOWN,,,NONE,PASSENGER,PERSONAL,E,STRAIGHT AHEAD,,,1,,,,,Y,Y,,,,,,Y,,,,,,FRONT,,,,,,,,,,,,,,,,,,,,,,,,,,,,,,,,,
136897,550ea8ad8d8abcbe42ab2769672d763a90e280b700de0d24f16d246e9c856fa329c0130ca95f27a54cf92181f2cd86189c6f151828c9f510e81d4249edb7214c,03/17/2017 04:45:00 PM,2,DRIVER,,136649,,"TOYOTA MOTOR COMPANY, LTD.",RAV4 (sport utility),,2010,NONE,SPORT UTILITY VEHICLE (SUV),PERSONAL,N,STRAIGHT AHEAD,,,1,,,,,,Y,Y,Y,,,,,,,,,,SIDE-RIGHT,,,,,,,,,,,,,,,,,,,,,,,,,,,,,,,,,
135223,65485a2ff60b87d803f6b92bc0e572ebd84f975db7002a4726b8de43a3fdde6ae6a59a0fd5fc426b175e703eb3bcb4ab198d8f7b056a710bf7649b201d36b47d,03/13/2017 04:05:00 PM,1,DRIVER,,135016,,HYUNDAI,SONATA,,2013,NONE,PASSENGER,PERSONAL,N,STRAIGHT AHEAD,,,1,,,,,Y,,,,,,,,,,,,,FRONT,,,,,,,,,,,,,,,,,,,,,,,,,,,,,,,,,
135224,65485a2ff60b87d803f6b92bc0e572ebd84f975db7002a4726b8de43a3fdde6ae6a59a0fd5fc426b175e703eb3bcb4ab198d8f7b056a710bf7649b201d36b47d,03/13/2017 04:05:00 PM,2,DRIVER,,135021,,JEEP,PATRIOT,IL,2016,NONE,PASSENGER,PERSONAL,N,STRAIGHT AHEAD,,,1,,,,,,,,Y,,N,,,,,,,,REAR-RIGHT,,,,,,,,,,,,,,,,,,,,,,,,,,,,,,,,,
135267,447b3090725ddbf34a3cb43a6ab025ddb700c379898a0394028eb89f5b42910227aebcd2cef2bec4a4732c1e16ffd101d81da94f54a756ab74ea6cf42799c25d,03/13/2017 02:30:00 PM,1,DRIVER,,135058,,CHEVROLET,EQUINOX,IL,,UNKNOWN,PASSENGER,PERSONAL,N,STRAIGHT AHEAD,,,1,,,,,,,,,,,,,,,,,,UNKNOWN,,,,,,,,,,,,,,,,,,,,,,,,,,,,,,,,,
135268,447b3090725ddbf34a3cb43a6ab025ddb700c379898a0394028eb89f5b42910227aebcd2cef2bec4a4732c1e16ffd101d81da94f54a756ab74ea6cf42799c25d,03/13/2017 02:30:00 PM,2,DRIVER,,135054,,CHEVROLET,SILVERADO,IL,2012,NONE,PASSENGER,PERSONAL,W,TURNING LEFT,,,1,,,,,,,,,,,,Y,,,,,,FRONT-LEFT,,,,,,,,,,,,,,,,,,,,,,,,,,,,,,,,,
135141,b86aa60cac6d4551b5e159c12f30597518b7ff35c6d4d27dd762615c77c77bb24344d81610d79adaa5c335b1403b70002d02958eced1c420cf1e7cff1d82bd8a,03/13/2017 01:15:00 PM,1,DRIVER,,134938,,CHEVROLET,Trail Blazer,IL,2002,NONE,PASSENGER,PERSONAL,S,STRAIGHT AHEAD,,,1,,,,,Y,,,,,,,,,,,,,FRONT,,,,,,,,,,,,,,,,,,,,,,,,,,,,,,,,,
135142,b86aa60cac6d4551b5e159c12f30597518b7ff35c6d4d27dd762615c77c77bb24344d81610d79adaa5c335b1403b70002d02958eced1c420cf1e7cff1d82bd8a,03/13/2017 01:15:00 PM,2,DRIVER,,134943,,NISSAN,NISSAN,IL,2014,NONE,PASSENGER,COMMERCIAL - SINGLE UNIT,S,SLOW/STOP IN TRAFFIC,,,1,,,,,,,,,Y,,,,,,,,,REAR,,,,,,,,,,,,,,,,,,,,,,,,,,,,,,,,,
134158,cf4ea18a54ab6dcc9ea9e3b7cc89e6de2f32b84d64c0f047b7003a59c9ba48f4681524d5c3c1fe8bb0006d831b7b37b14d7a0780fd359169bc08228d771802b4,03/10/2017 02:15:00 PM,1,DRIVER,2,133987,,"TOYOTA MOTOR COMPANY, LTD.",Prius,IL,2012,NONE,PASSENGER,RIDESHARE SERVICE,E,STRAIGHT AHEAD,,,3,,,,,,Y,Y,Y,,,,,,,,,,SIDE-RIGHT,,,,,,,,,,,,,,,,,,,,,,,,,,,,,,,,,
134159,cf4ea18a54ab6dcc9ea9e3b7cc89e6de2f32b84d64c0f047b7003a59c9ba48f4681524d5c3c1fe8bb0006d831b7b37b14d7a0780fd359169bc08228d771802b4,03/10/2017 02:15:00 PM,2,DRIVER,1,133992,,"TOYOTA MOTOR COMPANY, LTD.",CAMRY,MS,2009,NONE,PASSENGER,PERSONAL,N,STRAIGHT AHEAD,,,2,,,,,Y,Y,,,,,,Y,,,,,,FRONT-LEFT,,,,,,,,,,,,,,,,,,,,,,,,,,,,,,,,,
134055,66609891d3393dc12e5ba66bab97ac5db7ca2024fd88d21c5417362f91e99ddf1a78c4fd130e9e0752b70085b29f529386babee162056b4b075d4cfe74f1ae84,03/10/2017 11:00:00 AM,1,DRIVER,,133886,,GENERAL MOTORS CORP.,YUKON,MI,2011,UNKNOWN,SPORT UTILITY VEHICLE (SUV),PERSONAL,E,STRAIGHT AHEAD,,,1,,,,,Y,,,,,,,,,,,,,FRONT,,,,,,,,,,,,,,,,,,,,,,,,,,,,,,,,,
134056,66609891d3393dc12e5ba66bab97ac5db7ca2024fd88d21c5417362f91e99ddf1a78c4fd130e9e0752b70085b29f529386babee162056b4b075d4cfe74f1ae84,03/10/2017 11:00:00 AM,2,DRIVER,,133883,,FORD,"FORD-TRUCK,VAN,SUV, ETC",IL,2016,NONE,VAN/MINI-VAN,OTHER,E,SLOW/STOP IN TRAFFIC,,,1,,,,,,,,,Y,,,,,,,,,REAR,,,,,,,,,,,,,,,,,,,,,,,,,,,,,,,,,
132635,7371d129eb0435e5a2cfcd9848df654343d0cbf96d97b4efead646fbc6054ad7894adada7b86a81160f5c276fb700c458330d3d249f1749d79fad682d815caa3,03/06/2017 09:25:00 AM,1,DRIVER,1,132491,,UNKNOWN,UNKNOWN,IL,,UNKNOWN,PASSENGER,UNKNOWN/NA,S,ENTER FROM DRIVE/ALLEY,,,2,,,,,Y,,,,,,,,,,,,,FRONT,,,,,,,,,,,,,,,,,,,,,,,,,,,,,,,,,
132636,7371d129eb0435e5a2cfcd9848df654343d0cbf96d97b4efead646fbc6054ad7894adada7b86a81160f5c276fb700c458330d3d249f1749d79fad682d815caa3,03/06/2017 09:25:00 AM,2,DRIVER,,132494,,JEEP,Grand Cherokee (for vehicle years 1989 to present),IL,1996,NONE,SPORT UTILITY VEHICLE (SUV),PERSONAL,E,STRAIGHT AHEAD,,,1,,,,,,,,,,,Y,Y,,,,,,FRONT-LEFT,,,,,,,,,,,,,,,,,,,,,,,,,,,,,,,,,
131583,93240520c45554a9b419a430070710388ce29fdc61428b82e2afcac51d9a8e0f45baca80c3d5815abb700dee59d0bb7f133a9dce5c8363f7805c017010bf13cd,03/02/2017 05:24:00 PM,1,DRIVER,,131469,,DODGE,DURANGO,IL,1998,NONE,SPORT UTILITY VEHICLE (SUV),PERSONAL,S,BACKING,,,1,,,,Y,,,,,,,,,,,,,,REAR,,,,,,,,,,,,,,,,,,,,,,,,,,,,,,,,,
131584,93240520c45554a9b419a430070710388ce29fdc61428b82e2afcac51d9a8e0f45baca80c3d5815abb700dee59d0bb7f133a9dce5c8363f7805c017010bf13cd,03/02/2017 05:24:00 PM,2,DRIVER,,131474,,LEXUS,ES350,IL,2010,NONE,PASSENGER,PERSONAL,S,STRAIGHT AHEAD,,,1,,,,,Y,,,,,,,,,,,,,FRONT,,,,,,,,,,,,,,,,,,,,,,,,,,,,,,,,,
131094,ebba8be6b32b7bd859900d13443af25e3d4595c092f170a086da4f14cb7001314a9a1f9c51edc1ee9fadac6979409f54e9ca7755f38a2ddd9ea78a55dcbbb492,03/01/2017 11:04:00 AM,1,DRIVER,,130991,,KIA MOTORS CORP,SOUL,IL,2016,NONE,PASSENGER,PERSONAL,S,STRAIGHT AHEAD,,,1,,,,,Y,,,,,,,,,,,,,FRONT,,,,,,,,,,,,,,,,,,,,,,,,,,,,,,,,,
131095,ebba8be6b32b7bd859900d13443af25e3d4595c092f170a086da4f14cb7001314a9a1f9c51edc1ee9fadac6979409f54e9ca7755f38a2ddd9ea78a55dcbbb492,03/01/2017 11:04:00 AM,2,DRIVER,,130997,,VOLKSWAGEN,GOLF,IL,2016,NONE,PASSENGER,PERSONAL,S,STRAIGHT AHEAD,,,1,,,,,,,,,Y,,,,,,,,,REAR,,,,,,,,,,,,,,,,,,,,,,,,,,,,,,,,,
132381,f10076d0401cd3cdf24235404257176f2d674a544a96d46cb5f86adb700f34f17334928875d0002158dd13972f17965b88552595ac922bc2d85f0ab2e098e409,03/01/2017 08:35:00 AM,1,DRIVER,,132248,,NISSAN,NISSAN MAXIMA,IL,1999,NONE,PASSENGER,PERSONAL,N,STRAIGHT AHEAD,Y,,1,,PRIVATE,PRIVATE,,,Y,Y,Y,,,,,,,,Y,,SIDE-RIGHT,,,,,,,,,,,,,,,,,,,,,,,,,,,,,,,,,
132382,f10076d0401cd3cdf24235404257176f2d674a544a96d46cb5f86adb700f34f17334928875d0002158dd13972f17965b88552595ac922bc2d85f0ab2e098e409,03/01/2017 08:35:00 AM,2,DRIVER,,132250,,"TOYOTA MOTOR COMPANY, LTD.",RAV4 (sport utility),IL,2013,NONE,SPORT UTILITY VEHICLE (SUV),PERSONAL,W,STRAIGHT AHEAD,Y,,1,,PRIVATE,PRIVATE,,Y,,,,,,,,,,,Y,,FRONT,,,,,,,,,,,,,,,,,,,,,,,,,,,,,,,,,
130304,100a978a026117a03293fe0dd7a07c6a75e3ba9ae87333849b6f7ac4e80fc9e2f006d019a226b36e331f1080cb7005010392d0b6269fa6fa89301ee5af143087,02/23/2017 09:00:00 PM,1,DRIVER,,130219,,UNKNOWN,UNKNOWN,,,UNKNOWN,UNKNOWN/NA,UNKNOWN/NA,N,STRAIGHT AHEAD,,,1,,,,,,,,,,,,,,,,,Y,UNKNOWN,,,,,,,,,,,,,,,,,,,,,,,,,,,,,,,,,
130305,100a978a026117a03293fe0dd7a07c6a75e3ba9ae87333849b6f7ac4e80fc9e2f006d019a226b36e331f1080cb7005010392d0b6269fa6fa89301ee5af143087,02/23/2017 09:00:00 PM,2,DRIVER,1,130220,,GENERAL MOTORS CORP.,YUKON,IL,2017,NONE,SPORT UTILITY VEHICLE (SUV),PERSONAL,N,SLOW/STOP IN TRAFFIC,,,2,,,,,,,,,Y,,,,,,,,,REAR,,,,,,,,,,,,,,,,,,,,,,,,,,,,,,,,,
126158,f597397edd0f7653a6b156bb1f9f87ed9acb0fcc6083607875430bc128a136b68c8cb700348c3b60e098cd97de9fd38daa3eae7163b2855524110bda658c92b0,02/13/2017 12:40:00 PM,1,DRIVER,,126198,,BUICK,REGAL,IL,2012,UNKNOWN,PASSENGER,PERSONAL,N,STRAIGHT AHEAD,,,1,,,,,,Y,,,,,,,,,,,,FRONT-RIGHT,,,,,,,,,,,,,,,,,,,,,,,,,,,,,,,,,
126159,f597397edd0f7653a6b156bb1f9f87ed9acb0fcc6083607875430bc128a136b68c8cb700348c3b60e098cd97de9fd38daa3eae7163b2855524110bda658c92b0,02/13/2017 12:40:00 PM,2,DRIVER,,126205,,JEEP,UNKNOWN,IL,2016,UNKNOWN,SPORT UTILITY VEHICLE (SUV),PERSONAL,W,STRAIGHT AHEAD,,,1,,,,,,,,,,,,Y,,,,,,FRONT-LEFT,,,,,,,,,,,,,,,,,,,,,,,,,,,,,,,,,
124618,de57e50f7847e61bae251aee7a1e8aff7ced78e1ed1385b70043a249ac8bc8878f6b4da07741e7e53baad36b427c20491f8f4ba86b133d7ceffa1379403bb472,02/08/2017 12:30:00 PM,1,DRIVER,,124699,,FORD,ECONOLINE E250,IL,2012,NONE,VAN/MINI-VAN,COMMERCIAL - SINGLE UNIT,E,STRAIGHT AHEAD,,,1,,,,,Y,,,,,,,,,,,,,FRONT,,,,,,,,,,,,,,,,,,,,,,,,,,,,,,,,,
124619,de57e50f7847e61bae251aee7a1e8aff7ced78e1ed1385b70043a249ac8bc8878f6b4da07741e7e53baad36b427c20491f8f4ba86b133d7ceffa1379403bb472,02/08/2017 12:30:00 PM,2,DRIVER,,124701,,HYUNDAI,TUCSON,IL,2011,NONE,SPORT UTILITY VEHICLE (SUV),PERSONAL,E,STRAIGHT AHEAD,,,1,,,,,,,,,Y,,,,,,,,,REAR,,,,,,,,,,,,,,,,,,,,,,,,,,,,,,,,,
124590,c47c413f0322af57c6138d676727785417ed29f8c67aa682d7280d545f2745ea9fda6e26ffac8dbc2fd1b6a1a466c235eef829bacf6bb700e392f81897c61db8,02/08/2017 08:48:00 AM,1,DRIVER,,124700,,FORD,ECONOLINE E250,IL,2011,NONE,VAN/MINI-VAN,OTHER TRANSIT,N,SLOW/STOP - RIGHT TURN,,,1,,,,,,,,,,,,Y,,,,,,FRONT-LEFT,,,,,,,,,,,,,,,,,,,,,,,,,,,,,,,,,
124591,c47c413f0322af57c6138d676727785417ed29f8c67aa682d7280d545f2745ea9fda6e26ffac8dbc2fd1b6a1a466c235eef829bacf6bb700e392f81897c61db8,02/08/2017 08:48:00 AM,2,DRIVER,,124707,,KIA MOTORS CORP,Optima,IL,2017,NONE,PASSENGER,OTHER TRANSIT,N,STRAIGHT AHEAD,,,1,,,,,,,,Y,,,,,,,,,,REAR-RIGHT,,,,,,,,,,,,,,,,,,,,,,,,,,,,,,,,,
122623,3673faebd23dca9871939520bb39b82e63cf4101ef282d43707eaa93f1225fd7765baab1959964b1419ca89f86d07fd386760c3dd372770e8fc9cc6e4e3b700d,02/01/2017 04:00:00 PM,1,DRIVER,,122759,,"TOYOTA MOTOR COMPANY, LTD.",Prius,IL,2012,UNKNOWN,PASSENGER,TAXI/FOR HIRE,S,STRAIGHT AHEAD,,,1,,,,Y,,,,,,,,,,,,,,NONE,,,,,,,,,,,,,,,,,,,,,,,,,,,,,,,,,
122624,3673faebd23dca9871939520bb39b82e63cf4101ef282d43707eaa93f1225fd7765baab1959964b1419ca89f86d07fd386760c3dd372770e8fc9cc6e4e3b700d,02/01/2017 04:00:00 PM,2,DRIVER,1,122763,,"TOYOTA MOTOR COMPANY, LTD.",CAMRY,IL,2005,UNKNOWN,PASSENGER,PERSONAL,S,STRAIGHT AHEAD,,,2,,,,,,,,,Y,,,,,,,,,REAR,,,,,,,,,,,,,,,,,,,,,,,,,,,,,,,,,
119733,d02c7512bae9d04ea9884a6ac62908610b700c5ba0fd392a0954c997bf37b6d6df6cad29dab032f3fd5698d0fe2e023adf3fc3e3c2a2208ad2748c6ad985e70c,01/22/2017 09:38:00 AM,1,DRIVER,,119792,,MERCEDES-BENZ,GLK350,TX,2015,NONE,SPORT UTILITY VEHICLE (SUV),PERSONAL,S,STRAIGHT AHEAD,,,1,,,,,Y,,,,,,,,,,,,,FRONT,,,,,,,,,,,,,,,,,,,,,,,,,,,,,,,,,
119734,d02c7512bae9d04ea9884a6ac62908610b700c5ba0fd392a0954c997bf37b6d6df6cad29dab032f3fd5698d0fe2e023adf3fc3e3c2a2208ad2748c6ad985e70c,01/22/2017 09:38:00 AM,2,DRIVER,,119795,,SUBARU,IMPREZA,IL,2010,NONE,SPORT UTILITY VEHICLE (SUV),PERSONAL,W,STRAIGHT AHEAD,,,1,,,,,,,Y,Y,,,,,,,,,,SIDE-RIGHT,,,,,,,,,,,,,,,,,,,,,,,,,,,,,,,,,
118215,ad8005feb10b700c6e933d1d1835e97e22b6e6680f0af3046de5029cbbd1ce583fd06e010ffff9ddb7e989b1e225390791d10cd5ef1b7666cce5a3ff5e1a3b3f,01/17/2017 02:30:00 PM,1,DRIVER,,118001,,DODGE,CARAVAN,IL,2016,NONE,VAN/MINI-VAN,PERSONAL,W,ENTERING TRAFFIC LANE FROM PARKING,,,1,,,,,,,,,,,,Y,,,,,,FRONT-LEFT,,,,,,,,,,,,,,,,,,,,,,,,,,,,,,,,,
118216,ad8005feb10b700c6e933d1d1835e97e22b6e6680f0af3046de5029cbbd1ce583fd06e010ffff9ddb7e989b1e225390791d10cd5ef1b7666cce5a3ff5e1a3b3f,01/17/2017 02:30:00 PM,2,DRIVER,,118005,,FORD,F150,IL,2011,NONE,PICKUP,PERSONAL,W,STRAIGHT AHEAD,,,1,,,,,,,Y,,,,,,,,,,,SIDE-RIGHT,,,,,,,,,,,,,,,,,,,,,,,,,,,,,,,,,
114521,ad89e9e3ba384a11559b22f73ee72946d3c1bc3d961a99db61753fb8c863e99a3822e39363028a988b700f507f89d4dde169e77b9e95e804e578ccf20495e64b,01/05/2017 02:20:00 PM,1,DRIVER,,113708,,UNKNOWN,UNKNOWN,XX,,UNKNOWN,UNKNOWN/NA,UNKNOWN/NA,UNKNOWN,UNKNOWN/NA,,,1,,,,,,,,,,,,,,,,,Y,UNKNOWN,,,,,,,,,,,,,,,,,,,,,,,,,,,,,,,,,
114522,ad89e9e3ba384a11559b22f73ee72946d3c1bc3d961a99db61753fb8c863e99a3822e39363028a988b700f507f89d4dde169e77b9e95e804e578ccf20495e64b,01/05/2017 02:20:00 PM,2,PARKED,,113709,,DODGE,CARAVAN,IL,2014,NONE,VAN/MINI-VAN,PERSONAL,UNKNOWN,PARKED IN TRAFFIC LANE,,,0,,,,,,,,,,Y,,,,,,,,SIDE-LEFT,,,,,,,,,,,,,,,,,,,,,,,,,,,,,,,,,
114289,bf89b488ec21b0c6b2c76d0eaeb56594a021057e9b0f5f38714f0d9dccf6fc1d976d773bea5c94154833315c368076dfa7276abf4746644913ae0aaa18cb7008,01/04/2017 03:31:00 PM,2,DRIVER,,113429,,VOLKSWAGEN,JETTA,IL,2017,NONE,PASSENGER,PERSONAL,S,STRAIGHT AHEAD,,,1,,,,,,,Y,,,,,,,,,,,SIDE-RIGHT,,,,,,,,,,,,,,,,,,,,,,,,,,,,,,,,,
114294,bf89b488ec21b0c6b2c76d0eaeb56594a021057e9b0f5f38714f0d9dccf6fc1d976d773bea5c94154833315c368076dfa7276abf4746644913ae0aaa18cb7008,01/04/2017 03:31:00 PM,1,PEDESTRIAN,,,,,,,,,,,,,,,,,,,,,,,,,,,,,,,,,,,,,,,,,,,,,,,,,,,,,,,,,,,,,,,,,,
114162,c4ad8fe1bc50343e26df820e9c1c0aaf28ee1836b700b6a3e4b8a164836aa6744c59f5b723c8845ca00219f72117b8c743cb041abb2f29348b014b107b339cea,01/04/2017 10:50:00 AM,1,DRIVER,,113293,,UNKNOWN,UNKNOWN,IL,2010,NONE,TRUCK - SINGLE UNIT,UNKNOWN/NA,N,PASSING/OVERTAKING,,,1,,,,,,Y,Y,,,,,,,,,,,SIDE-RIGHT,,,,,,,,,,,,,,,,,,,,,,,,,,,,,,,,,
114163,c4ad8fe1bc50343e26df820e9c1c0aaf28ee1836b700b6a3e4b8a164836aa6744c59f5b723c8845ca00219f72117b8c743cb041abb2f29348b014b107b339cea,01/04/2017 10:50:00 AM,2,PARKED,,113290,,FORD,UNKNOWN,,2002,UNKNOWN,PASSENGER,PERSONAL,N,PARKED,,,0,,,,,,,,,,,Y,Y,,,,,,SIDE-LEFT,,,,,,,,,,,,,,,,,,,,,,,,,,,,,,,,,
113072,3737025b0890a31cc94b700dd736b27ac89ff6bf479168ff9ee1c6107f07f874c8430334f4c024133336dd12fcfd75c57dd7c5cb3bad5f8d217be42522408a5b,12/30/2016 11:42:00 PM,1,DRIVER,1,112015,,BUICK,PARK AV/ELECTRA,IL,2003,NONE,PASSENGER,PERSONAL,S,BACKING,Y,,2,,CITY OF CHICAGO,CITY POUND,,Y,Y,,Y,Y,,,,,,,,,FRONT-RIGHT,,,,,,,,,,,,,,,,,,,,,,,,,,,,,,,,,