CRASH_UNIT_ID,CRASH_RECORD_ID,CRASH_DATE,UNIT_NO,UNIT_TYPE,NUM_PASSENGERS,VEHICLE_ID,CMRC_VEH_I,MAKE,MODEL,LIC_PLATE_STATE,VEHICLE_YEAR,VEHICLE_DEFECT,VEHICLE_TYPE,VEHICLE_USE,TRAVEL_DIRECTION,MANEUVER,TOWED_I,FIRE_I,OCCUPANT_CNT,EXCEED_SPEED_LIMIT_I,TOWED_BY,TOWED_TO,AREA_00_I,AREA_01_I,AREA_02_I,AREA_03_I,AREA_04_I,AREA_05_I,AREA_06_I,AREA_07_I,AREA_08_I,AREA_09_I,AREA_10_I,AREA_11_I,AREA_12_I,AREA_99_I,FIRST_CONTACT_POINT,CMV_ID,USDOT_NO,CCMC_NO,ILCC_NO,COMMERCIAL_SRC,GVWR,CARRIER_NAME,CARRIER_STATE,CARRIER_CITY,HAZMAT_PLACARDS_I,HAZMAT_NAME,UN_NO,HAZMAT_PRESENT_I,HAZMAT_REPORT_I,HAZMAT_REPORT_NO,MCS_REPORT_I,MCS_REPORT_NO,HAZMAT_VIO_CAUSE_CRASH_I,MCS_VIO_CAUSE_CRASH_I,IDOT_PERMIT_NO,WIDE_LOAD_I,TRAILER1_WIDTH,TRAILER2_WIDTH,TRAILER1_LENGTH,TRAILER2_LENGTH,TOTAL_VEHICLE_LENGTH,AXLE_CNT,VEHICLE_CONFIG,CARGO_BODY_TYPE,LOAD_TYPE,HAZMAT_OUT_OF_SERVICE_I,MCS_OUT_OF_SERVICE_I,HAZMAT_CLASS
113100,3737025b0890a31cc94b700dd736b27ac89ff6bf479168ff9ee1c6107f07f874c8430334f4c024133336dd12fcfd75c57dd7c5cb3bad5f8d217be42522408a5b,12/30/2016 11:42:00 PM,2,PEDESTRIAN,,,,,,,,,,,,,,,,,,,,,,,,,,,,,,,,,,,,,,,,,,,,,,,,,,,,,,,,,,,,,,,,,,
111742,4100bd06a085aa763b5d080d4db700bf1adb7374d07198093a585d540ea690ffffc70e98c678ceed97ace49dd7936034061d507ddfca9850f49160d185fd2376,12/25/2016 01:00:00 PM,1,DRIVER,,110486,,CHRYSLER,200,IL,2015,NONE,PASSENGER,PERSONAL,E,STRAIGHT AHEAD,,,1,,,,Y,,,,,,,,,,,,,,NONE,,,,,,,,,,,,,,,,,,,,,,,,,,,,,,,,,
111743,4100bd06a085aa763b5d080d4db700bf1adb7374d07198093a585d540ea690ffffc70e98c678ceed97ace49dd7936034061d507ddfca9850f49160d185fd2376,12/25/2016 01:00:00 PM,2,DRIVER,,110489,,NISSAN,NISSAN ALTIMA,IL,2013,NONE,PASSENGER,PERSONAL,E,STRAIGHT AHEAD,,,1,,,,,,,,,,,Y,Y,,,,,,FRONT-LEFT,,,,,,,,,,,,,,,,,,,,,,,,,,,,,,,,,
110336,7b6b97be8b7002dff777cea5af5807f6404c23659d9973ebf19c368f953f03bb99517bb22417a20f5fb1ba4430fc3050760c47ef1c8f61ea3f5bfcf7913324b4,12/20/2016 08:00:00 PM,1,DRIVER,,108819,,NISSAN,MAURANO,IL,2011,NONE,PASSENGER,PERSONAL,N,STRAIGHT AHEAD,,,1,,,,,Y,,,,,,,,,,,,,FRONT,,,,,,,,,,,,,,,,,,,,,,,,,,,,,,,,,
110337,7b6b97be8b7002dff777cea5af5807f6404c23659d9973ebf19c368f953f03bb99517bb22417a20f5fb1ba4430fc3050760c47ef1c8f61ea3f5bfcf7913324b4,12/20/2016 08:00:00 PM,2,DRIVER,,108826,,CHRYSLER,Sebring,IL,2008,NONE,PASSENGER,PERSONAL,N,STRAIGHT AHEAD,,,1,,,,,,Y,,,Y,,,,,,,,,REAR,,,,,,,,,,,,,,,,,,,,,,,,,,,,,,,,,
108072,1034b7742d67e45daf88991b19ea5abb700ede39339d437fd1282567201307efa8361832cecb874c3380e2c8d902e7bbd8930239136cd15505e43576bb081e19,12/16/2016 09:15:00 AM,1,DRIVER,,106198,,GENERAL MOTORS CORP.,Hummer,IL,2007,NONE,PASSENGER,PERSONAL,S,SKIDDING/CONTROL LOSS,,,1,,,,,,Y,,,,,,,,,,,,FRONT-RIGHT,,,,,,,,,,,,,,,,,,,,,,,,,,,,,,,,,
107087,896c4a57569d4d35fabe8fdf5deccad204b694e483054ef6c8fcd162bbcd1e7ade791e056f2a209219354d135a328b121fd705585ac3c628ff5069b7002ad6d9,12/14/2016 06:30:00 AM,1,DRIVER,,105107,Y,"MACK TRUCKS, INC.","MACK TRUCKS, INC.",IL,2010,NONE,TRUCK - SINGLE UNIT,COMMERCIAL - SINGLE UNIT,N,BACKING,,,1,,,,,,,,,,,,Y,,,,,,FRONT-LEFT,529,887804,,,DRIVER,38000,ADVANCED DISPOSAL SVCS SOLID WASTE--FIRM OWNED,IL,MELROSE PARK,,,,,,,,,,,,,,,,,,,"SINGLE UNIT TRUCK, 2 AXLES, 6 TIRES",GARBAGE/REFUSE,OTHER,,,
107088,896c4a57569d4d35fabe8fdf5deccad204b694e483054ef6c8fcd162bbcd1e7ade791e056f2a209219354d135a328b121fd705585ac3c628ff5069b7002ad6d9,12/14/2016 06:30:00 AM,2,PARKED,,105109,,DODGE,CHARGER,IL,2015,NONE,PASSENGER,PERSONAL,E,PARKED,,,0,,,,,,Y,,,,,,,,,,,,FRONT-RIGHT,,,,,,,,,,,,,,,,,,,,,,,,,,,,,,,,,
107072,f33c8c926296b7008dd2d02870d787be140c40dda5cead71750a99836532a00a4dc2b21a494fe1bb777870c6c2763dca1c3c117bdef87d514ba7a9555608adc5,12/13/2016 10:30:00 PM,1,DRIVER,,105079,,FORD,F150,XX,,UNKNOWN,PICKUP,UNKNOWN/NA,N,U-TURN,,,1,,,,,Y,,,,,,,,,,,,,FRONT,,,,,,,,,,,,,,,,,,,,,,,,,,,,,,,,,
107073,f33c8c926296b7008dd2d02870d787be140c40dda5cead71750a99836532a00a4dc2b21a494fe1bb777870c6c2763dca1c3c117bdef87d514ba7a9555608adc5,12/13/2016 10:30:00 PM,2,DRIVER,,105081,,VOLKSWAGEN,PASSAT,IL,2014,NONE,PASSENGER,PERSONAL,N,STRAIGHT AHEAD,,,1,,,,,,,Y,Y,Y,,,,,,,,,SIDE-RIGHT,,,,,,,,,,,,,,,,,,,,,,,,,,,,,,,,,
105853,7998cb5eabed87f98f01c67d1613184479d63355686118427e089adb4e60b99d2b7e6a840675479019475c0dfd4b1b9069c0148a2b7000e9faa3377b8ef86462,12/10/2016 03:30:00 PM,1,DRIVER,,103671,,UNKNOWN,UNKNOWN,XX,,UNKNOWN,UNKNOWN/NA,UNKNOWN/NA,S,UNKNOWN/NA,,,1,,,,,,,,Y,Y,Y,,,,,,,,REAR,,,,,,,,,,,,,,,,,,,,,,,,,,,,,,,,,
105854,7998cb5eabed87f98f01c67d1613184479d63355686118427e089adb4e60b99d2b7e6a840675479019475c0dfd4b1b9069c0148a2b7000e9faa3377b8ef86462,12/10/2016 03:30:00 PM,2,PARKED,,103675,,HONDA,CIVIC,IL,2016,NONE,PASSENGER,OTHER,S,PARKED,,,0,,,,,Y,,,,,,,Y,,,,,,FRONT-LEFT,,,,,,,,,,,,,,,,,,,,,,,,,,,,,,,,,
104914,90688287a759f5fba1adf8fb70067d1b10a8be760dbe8f761c72ee18a078646ab0c23b37b314351191cff632afd2da63746758f99299a16ac6f7cc95dc5f377e,12/08/2016 08:25:00 AM,1,DRIVER,2,102613,,DODGE,CARAVAN,IL,2013,NONE,VAN/MINI-VAN,OTHER TRANSIT,E,STRAIGHT AHEAD,,,3,,,,,Y,,,,Y,,,,,,,,,FRONT,,,,,,,,,,,,,,,,,,,,,,,,,,,,,,,,,
104915,90688287a759f5fba1adf8fb70067d1b10a8be760dbe8f761c72ee18a078646ab0c23b37b314351191cff632afd2da63746758f99299a16ac6f7cc95dc5f377e,12/08/2016 08:25:00 AM,2,DRIVER,,102611,,FORD,EDGE,IL,2010,NONE,PASSENGER,PERSONAL,E,STRAIGHT AHEAD,,,1,,,,,Y,,,,,,,,,,,,,FRONT,,,,,,,,,,,,,,,,,,,,,,,,,,,,,,,,,
104916,90688287a759f5fba1adf8fb70067d1b10a8be760dbe8f761c72ee18a078646ab0c23b37b314351191cff632afd2da63746758f99299a16ac6f7cc95dc5f377e,12/08/2016 08:25:00 AM,3,DRIVER,,102612,,"TOYOTA MOTOR COMPANY, LTD.",CAMRY,,,NONE,PASSENGER,PERSONAL,E,SLOW/STOP IN TRAFFIC,,,1,,,,,,,,,Y,,,,,,,,,REAR,,,,,,,,,,,,,,,,,,,,,,,,,,,,,,,,,
104431,efae9466b700bf15566d4d63862bf71c1e24b4cd14b5ef097232c799659b770cceb8dcb49eb75dba53ad8f7240238fac7fea49e8bf9a19727ba3f4acf3c452fd,12/06/2016 01:10:00 PM,1,DRIVER,,102063,,HONDA,CRV,WI,2003,UNKNOWN,PASSENGER,UNKNOWN/NA,N,STRAIGHT AHEAD,,,1,,,,,,Y,,,,,,,,,,,,SIDE-RIGHT,,,,,,,,,,,,,,,,,,,,,,,,,,,,,,,,,
104432,efae9466b700bf15566d4d63862bf71c1e24b4cd14b5ef097232c799659b770cceb8dcb49eb75dba53ad8f7240238fac7fea49e8bf9a19727ba3f4acf3c452fd,12/06/2016 01:10:00 PM,2,DRIVER,,102046,,"TOYOTA MOTOR COMPANY, LTD.",COROLLA,IL,2017,NONE,PICKUP,PERSONAL,N,SLOW/STOP IN TRAFFIC,,,1,,,,,,,,,,,,Y,,,,,,SIDE-LEFT,,,,,,,,,,,,,,,,,,,,,,,,,,,,,,,,,
110359,d3df569bfc6f3f39eddd20d84dcf73dbe325719f4236a7b220c2aa682d28cc9335a89d2bab700216055a2fbb57257ec0ba1a62b89122306c942d4ac850415db5,12/05/2016 03:29:00 PM,1,DRIVER,,108839,,FORD,FUSION,IL,,NONE,PASSENGER,PERSONAL,S,STRAIGHT AHEAD,,,1,,,,,Y,,,,,,,,,,,,,FRONT,,,,,,,,,,,,,,,,,,,,,,,,,,,,,,,,,
110360,d3df569bfc6f3f39eddd20d84dcf73dbe325719f4236a7b220c2aa682d28cc9335a89d2bab700216055a2fbb57257ec0ba1a62b89122306c942d4ac850415db5,12/05/2016 03:29:00 PM,2,DRIVER,,108840,,HONDA,CRV,IL,2005,NONE,PASSENGER,PERSONAL,S,SLOW/STOP IN TRAFFIC,,,1,,,,,,,,,Y,,,,,,,,,REAR,,,,,,,,,,,,,,,,,,,,,,,,,,,,,,,,,
101195,910a66f9f5f23bf8531eda3fb1b70061e06e2ca703be922a77352349428ede7b20f05dbf76999d88a9f1357967c0019fe5f31b81dfe89f7b7f183bfe906b66f3,11/26/2016 02:30:00 PM,1,DRIVER,,98211,,FORD,Focus,IA,2012,UNKNOWN,PASSENGER,PERSONAL,W,STRAIGHT AHEAD,,,1,,,,,Y,,,,,,,,,,,,,FRONT,,,,,,,,,,,,,,,,,,,,,,,,,,,,,,,,,
101196,910a66f9f5f23bf8531eda3fb1b70061e06e2ca703be922a77352349428ede7b20f05dbf76999d88a9f1357967c0019fe5f31b81dfe89f7b7f183bfe906b66f3,11/26/2016 02:30:00 PM,2,DRIVER,,98212,,NISSAN,NISSAN,IL,1998,NONE,PASSENGER,PERSONAL,W,STRAIGHT AHEAD,,,1,,,,,,,,,Y,,,,,,,,,REAR,,,,,,,,,,,,,,,,,,,,,,,,,,,,,,,,,
99821,e5a3a1f310456bfc67238b105f7532a3db846ed68b700fbebdbd9986d445854c816291ba0bada3ff2373921900c0dc3daa741c995f347d518bc02ad66bfa2558,11/22/2016 08:30:00 AM,1,DRIVER,,96545,N,CHEVROLET,FLEETLINE,IL,2012,NONE,TRUCK - SINGLE UNIT,COMMERCIAL - SINGLE UNIT,E,STRAIGHT AHEAD,,,1,,,,,,,,,,,,Y,,,,,,FRONT,,,,,,,,,,,,,,,,,,,,,,,,,,,,,,,,,
99822,e5a3a1f310456bfc67238b105f7532a3db846ed68b700fbebdbd9986d445854c816291ba0bada3ff2373921900c0dc3daa741c995f347d518bc02ad66bfa2558,11/22/2016 08:30:00 AM,2,DRIVER,,96552,,CHEVROLET,"CHEVROLET-TRUCK,VAN,SUV,ETC",IL,2011,NONE,PASSENGER,PERSONAL,S,STRAIGHT AHEAD,,,1,,,,,,,Y,,,,,,,,,,,SIDE-RIGHT,,,,,,,,,,,,,,,,,,,,,,,,,,,,,,,,,
99147,33951750692608da144cb8150238b0803ae4ed7cdb19070477fd2f9c29f208d6ed566b1f5bbf7bec8be52385905efb700f8729744e400de4c9e49795d7258278,11/19/2016 05:15:00 PM,1,DRIVER,1,95812,,DODGE,UNKNOWN,IL,2016,UNKNOWN,VAN/MINI-VAN,COMMERCIAL - SINGLE UNIT,N,BACKING,,,2,,,,,,,,,Y,,,,,,,,,REAR,,,,,,,,,,,,,,,,,,,,,,,,,,,,,,,,,
99148,33951750692608da144cb8150238b0803ae4ed7cdb19070477fd2f9c29f208d6ed566b1f5bbf7bec8be52385905efb700f8729744e400de4c9e49795d7258278,11/19/2016 05:15:00 PM,2,DRIVER,,95814,,KIA MOTORS CORP,FORTE,IL,2016,UNKNOWN,PASSENGER,PERSONAL,N,SLOW/STOP IN TRAFFIC,,,1,,,,,Y,,,,,,,,,,,,,FRONT,,,,,,,,,,,,,,,,,,,,,,,,,,,,,,,,,
98421,c6ff7efb5d981edc6d025b58e7ba9363a6b7708561979b66754689ad65b4a8fee20c260bcff76e1ca73a7737b7008e1730ea3612585ad67e66c6b6a9cd23f799,11/17/2016 05:30:00 PM,2,DRIVER,4,95120,,BUICK,TERRAZA,IL,2006,UNKNOWN,SPORT UTILITY VEHICLE (SUV),PERSONAL,W,STRAIGHT AHEAD,Y,,5,,UNK,UNK,Y,,,,,,,Y,Y,,,,,,SIDE-LEFT,,,,,,,,,,,,,,,,,,,,,,,,,,,,,,,,,
98424,c6ff7efb5d981edc6d025b58e7ba9363a6b7708561979b66754689ad65b4a8fee20c260bcff76e1ca73a7737b7008e1730ea3612585ad67e66c6b6a9cd23f799,11/17/2016 05:30:00 PM,1,DRIVER,,95115,,FORD,EXPLORER,IL,2007,UNKNOWN,SPORT UTILITY VEHICLE (SUV),PERSONAL,N,TURNING LEFT,,,1,,,,Y,Y,,,,,,,Y,,,,,,FRONT-LEFT,,,,,,,,,,,,,,,,,,,,,,,,,,,,,,,,,
97784,8e5ddc1e38c80492f98287c4960166acfc3b20040b652301275b700f24e9b7691976833eb30c3e42595e542c664e90ed2b08af364b158f76ff71dd3749b07eef,11/14/2016 03:00:00 PM,1,DRIVER,,94509,,UNKNOWN,UNKNOWN,,,UNKNOWN,UNKNOWN/NA,UNKNOWN/NA,S,STRAIGHT AHEAD,,,1,,,,,,,,,,,,,,,,,Y,UNKNOWN,,,,,,,,,,,,,,,,,,,,,,,,,,,,,,,,,
97785,8e5ddc1e38c80492f98287c4960166acfc3b20040b652301275b700f24e9b7691976833eb30c3e42595e542c664e90ed2b08af364b158f76ff71dd3749b07eef,11/14/2016 03:00:00 PM,2,DRIVER,,94507,,"TOYOTA MOTOR COMPANY, LTD.",CELICA,IL,2000,NONE,PASSENGER,PERSONAL,S,STRAIGHT AHEAD,,,1,,,,,,,,,Y,,,,,,,,,REAR,,,,,,,,,,,,,,,,,,,,,,,,,,,,,,,,,
94070,032019dce319f0902862eac7c84463fdecb1b7001b92d0a3439f3420077c4603daeb4b9784c8ae896a9ae8f4e423ec9a378166c78d4f1a60c0016c86689f37f6,11/04/2016 11:00:00 AM,1,DRIVER,1,90916,,BMW,X5,XX,2007,UNKNOWN,SPORT UTILITY VEHICLE (SUV),UNKNOWN/NA,S,BACKING,,,2,,,,,,,,Y,,,,,,,,,,REAR-RIGHT,,,,,,,,,,,,,,,,,,,,,,,,,,,,,,,,,
94071,032019dce319f0902862eac7c84463fdecb1b7001b92d0a3439f3420077c4603daeb4b9784c8ae896a9ae8f4e423ec9a378166c78d4f1a60c0016c86689f37f6,11/04/2016 11:00:00 AM,2,PARKED,,90919,,MAZDA,CS-9,IL,2013,NONE,SPORT UTILITY VEHICLE (SUV),NOT IN USE,N,PARKED,,,0,,,,,,,,,,,,Y,,,,,,FRONT-LEFT,,,,,,,,,,,,,,,,,,,,,,,,,,,,,,,,,
94081,c997a0ed0e69bf741598fbf8d80a30ae550ebc1343ef7ceb22b81ea6022ea7fac2da6b7e2c8f29040405b6844772b218a07add56b700694ae73c41a3475bf0fd,11/03/2016 02:35:00 PM,2,DRIVER,,90925,,CHEVROLET,IMPALA,IL,2005,UNKNOWN,UNKNOWN/NA,UNKNOWN/NA,W,SLOW/STOP - LEFT TURN,,,1,,,,,,,,,,,,Y,,,,,,FRONT-LEFT,,,,,,,,,,,,,,,,,,,,,,,,,,,,,,,,,
94082,c997a0ed0e69bf741598fbf8d80a30ae550ebc1343ef7ceb22b81ea6022ea7fac2da6b7e2c8f29040405b6844772b218a07add56b700694ae73c41a3475bf0fd,11/03/2016 02:35:00 PM,1,DRIVER,,90930,,"TOYOTA MOTOR COMPANY, LTD.",UNKNOWN,MO,1992,NONE,PICKUP,CONSTRUCTION/MAINTENANCE,W,BACKING,,,1,,,,,,,,,Y,,,,,,,,,REAR,,,,,,,,,,,,,,,,,,,,,,,,,,,,,,,,,
92746,edb7c516c16137a6685af5f4888ace903f0f3092897c7e93943107a7dfa3dceccf8fb494e6fdcc5f778e56d4e2730139eb18d68cb242cd6dd0fbfa2ea4b70045,10/31/2016 07:15:00 PM,1,PARKED,,89638,,CHEVROLET,MALIBU (CHEVELLE),IL,2012,UNKNOWN,PASSENGER,PERSONAL,E,PARKED,,,0,,,,,,,,,,,Y,,,,,,,SIDE-LEFT,,,,,,,,,,,,,,,,,,,,,,,,,,,,,,,,,
92747,edb7c516c16137a6685af5f4888ace903f0f3092897c7e93943107a7dfa3dceccf8fb494e6fdcc5f778e56d4e2730139eb18d68cb242cd6dd0fbfa2ea4b70045,10/31/2016 07:15:00 PM,2,DRIVER,,89633,,FORD,ESCAPE (SUV),IL,2012,NONE,PASSENGER,TAXI/FOR HIRE,E,STRAIGHT AHEAD,,,1,,,,,,Y,Y,,,,,,,,,,,SIDE-RIGHT,,,,,,,,,,,,,,,,,,,,,,,,,,,,,,,,,
92632,b479d8ce9471bc35f3ca214d3d0a4ae47ce3990768c0150a37934a2f9b0b950ee3e364189679f259a8cbc97ccaa5938d2adb65a1814f249a4f909c5b70092511,10/31/2016 07:09:00 AM,1,DRIVER,,89530,,CHEVROLET,EQUINOX,IL,2016,UNKNOWN,PASSENGER,PERSONAL,E,TURNING RIGHT,,,1,,,,Y,,,,,,,,,,,,,,FRONT-RIGHT,,,,,,,,,,,,,,,,,,,,,,,,,,,,,,,,,
92637,b479d8ce9471bc35f3ca214d3d0a4ae47ce3990768c0150a37934a2f9b0b950ee3e364189679f259a8cbc97ccaa5938d2adb65a1814f249a4f909c5b70092511,10/31/2016 07:09:00 AM,2,PEDESTRIAN,,,,,,,,,,,,,,,,,,,,,,,,,,,,,,,,,,,,,,,,,,,,,,,,,,,,,,,,,,,,,,,,,,
90904,afdb4b128ed4db0b700e8124a74b476a6e5794e7faf058f6ad800345080ed5135aa8f80bb249c9da056dde785cbeddf4758b7ef03b9b6ce9796ce9e103376e9e,10/27/2016 09:45:00 AM,1,DRIVER,,87853,,CHRYSLER,UNKNOWN,IL,,UNKNOWN,UNKNOWN/NA,UNKNOWN/NA,W,STRAIGHT AHEAD,,,1,,,,,,Y,,,,,,,,,,,,FRONT-RIGHT,,,,,,,,,,,,,,,,,,,,,,,,,,,,,,,,,
90905,afdb4b128ed4db0b700e8124a74b476a6e5794e7faf058f6ad800345080ed5135aa8f80bb249c9da056dde785cbeddf4758b7ef03b9b6ce9796ce9e103376e9e,10/27/2016 09:45:00 AM,2,DRIVER,,87857,,LINCOLN-CONTINENTAL,TOWNCAR,IL,2000,NONE,PASSENGER,PERSONAL,W,STRAIGHT AHEAD,,,1,,,,,,,,,,,,Y,,,,,,FRONT-RIGHT,,,,,,,,,,,,,,,,,,,,,,,,,,,,,,,,,
89799,bc0b700e9088db7ecdf84731b25affe815f9d3f6fdfc0feb2d87087ff6830f1b60186aab864c8582aeb913d55a94fbc4a2f95e0b1696d5c242f613d085004d5a,10/24/2016 03:30:00 PM,1,DRIVER,,86787,,DODGE,DURANGO,IL,2002,NONE,TRUCK - SINGLE UNIT,PERSONAL,E,STRAIGHT AHEAD,,,1,,,,,Y,Y,,,,,,Y,,,,,,FRONT,,,,,,,,,,,,,,,,,,,,,,,,,,,,,,,,,
89800,bc0b700e9088db7ecdf84731b25affe815f9d3f6fdfc0feb2d87087ff6830f1b60186aab864c8582aeb913d55a94fbc4a2f95e0b1696d5c242f613d085004d5a,10/24/2016 03:30:00 PM,2,DRIVER,,86795,,FORD,RANGER,IL,2002,NONE,PICKUP,PERSONAL,E,STRAIGHT AHEAD,,,1,,,,,Y,,,,,,,Y,,,,,,FRONT,,,,,,,,,,,,,,,,,,,,,,,,,,,,,,,,,
89801,bc0b700e9088db7ecdf84731b25affe815f9d3f6fdfc0feb2d87087ff6830f1b60186aab864c8582aeb913d55a94fbc4a2f95e0b1696d5c242f613d085004d5a,10/24/2016 03:30:00 PM,3,DRIVER,1,86807,,CHEVROLET,C-1500,IL,1995,NONE,PICKUP,PERSONAL,E,STRAIGHT AHEAD,,,2,,,,,,,,,Y,Y,,,,,,,,REAR-LEFT,,,,,,,,,,,,,,,,,,,,,,,,,,,,,,,,,
89699,f43c596b3979e0fcab7d424f03708a776a12a84c67a7e096f0316e500fd2b0b7966a0242068680e5e0739ae5fb55bdb700d3c6e04baa8d283d97d82e8a888903,10/23/2016 07:10:00 PM,1,DRIVER,,86694,,MERCURY,SABLE,IL,2005,NONE,PASSENGER,PERSONAL,E,LEAVING TRAFFIC LANE TO PARK,,,1,,,,,,,,,,,,Y,,,,,,FRONT-LEFT,,,,,,,,,,,,,,,,,,,,,,,,,,,,,,,,,
89700,f43c596b3979e0fcab7d424f03708a776a12a84c67a7e096f0316e500fd2b0b7966a0242068680e5e0739ae5fb55bdb700d3c6e04baa8d283d97d82e8a888903,10/23/2016 07:10:00 PM,2,DRIVER,,86697,,VOLKSWAGEN,Touareg,IL,2005,NONE,SPORT UTILITY VEHICLE (SUV),PERSONAL,E,STRAIGHT AHEAD,,,1,,,,,,,,,,,Y,,,,,,,SIDE-LEFT,,,,,,,,,,,,,,,,,,,,,,,,,,,,,,,,,
89230,a146e6523b2f2274d9c8b32daf9e8c182063e664e79fcf7ff821873742e90b4e83d5d32b5436d08a8cec568befcfbb700bd986f50d54320293b0f918c8ddc022,10/22/2016 07:45:00 PM,1,DRIVER,,86242,,"TOYOTA MOTOR COMPANY, LTD.",CAMRY,IL,2012,NONE,PASSENGER,TAXI/FOR HIRE,S,CHANGING LANES,,,1,,,,,,,Y,,,,,,,,,,,SIDE-RIGHT,,,,,,,,,,,,,,,,,,,,,,,,,,,,,,,,,
89231,a146e6523b2f2274d9c8b32daf9e8c182063e664e79fcf7ff821873742e90b4e83d5d32b5436d08a8cec568befcfbb700bd986f50d54320293b0f918c8ddc022,10/22/2016 07:45:00 PM,2,DRIVER,,86247,,MAZDA,UNKNOWN,IL,2010,NONE,PASSENGER,PERSONAL,S,SLOW/STOP IN TRAFFIC,,,1,,,,,,,,,,,N,Y,,,,,,FRONT-RIGHT,,,,,,,,,,,,,,,,,,,,,,,,,,,,,,,,,
88759,8ce2897c7df558e32ccf220ee9ed40d78d7bace1084adff9113defe9d98902d4ba107f3478ffd6be8ef881da5a22de8773555ce9828f78525b70040d8e33c4fb,10/21/2016 03:15:00 PM,1,DRIVER,,85789,,HONDA,ACCORD,IL,2004,UNKNOWN,PASSENGER,PERSONAL,NE,TURNING RIGHT,,,1,,,,,,Y,,,,N,,,,,,,,FRONT-RIGHT,,,,,,,,,,,,,,,,,,,,,,,,,,,,,,,,,
88760,8ce2897c7df558e32ccf220ee9ed40d78d7bace1084adff9113defe9d98902d4ba107f3478ffd6be8ef881da5a22de8773555ce9828f78525b70040d8e33c4fb,10/21/2016 03:15:00 PM,2,DRIVER,,85795,,"TOYOTA MOTOR COMPANY, LTD.",RAV4 (sport utility),IL,2015,UNKNOWN,PASSENGER,PERSONAL,N,STRAIGHT AHEAD,,,1,,,,,,N,,,,Y,,,,,,,,SIDE-LEFT,,,,,,,,,,,,,,,,,,,,,,,,,,,,,,,,,
87923,e6c3df285f5c3b700651e6d7127e3a5b302bf42c17d53c614463889bd0eff52c9ba6a9927a474cecd8525efe45639a0310d430af581e8584962798fff519c620,10/18/2016 03:00:00 PM,1,DRIVER,,84989,,FORD,UNKNOWN,IL,2016,UNKNOWN,UNKNOWN/NA,UNKNOWN/NA,W,STRAIGHT AHEAD,,,1,,,,,Y,,,,,,,,,,,,,FRONT,,,,,,,,,,,,,,,,,,,,,,,,,,,,,,,,,
87924,e6c3df285f5c3b700651e6d7127e3a5b302bf42c17d53c614463889bd0eff52c9ba6a9927a474cecd8525efe45639a0310d430af581e8584962798fff519c620,10/18/2016 03:00:00 PM,2,DRIVER,,84993,,CHEVROLET,MALIBU (CHEVELLE),IL,2013,NONE,PASSENGER,PERSONAL,W,STRAIGHT AHEAD,,,1,,,,,,,,,Y,,,,,,,,,REAR,,,,,,,,,,,,,,,,,,,,,,,,,,,,,,,,,
88235,8b8b0a0f36717dc73336a9aff32d4377cca721724497bc4b3d53cca2761c2a60be5dc253e8a5e600db700fe4555c38fb40923cd8667bbe6b16e4a10edf131943,10/17/2016 11:45:00 AM,1,DRIVER,1,85284,,HONDA,UNKNOWN,IL,1999,UNKNOWN,UNKNOWN/NA,UNKNOWN/NA,N,ENTERING TRAFFIC LANE FROM PARKING,,,2,,,,,,,,,,,,Y,,,,,,FRONT-LEFT,,,,,,,,,,,,,,,,,,,,,,,,,,,,,,,,,
88236,8b8b0a0f36717dc73336a9aff32d4377cca721724497bc4b3d53cca2761c2a60be5dc253e8a5e600db700fe4555c38fb40923cd8667bbe6b16e4a10edf131943,10/17/2016 11:45:00 AM,2,DRIVER,1,85283,,NISSAN,NISSAN ALTIMA,IL,2010,NONE,PASSENGER,PERSONAL,N,STRAIGHT AHEAD,,,2,,,,,,Y,,,,,,,,,,,,FRONT-RIGHT,,,,,,,,,,,,,,,,,,,,,,,,,,,,,,,,,
87014,53a24415ece5dd11f827863831f61f8061fe4444d45f6b7005f233ffb52739ebadf42a7295db8089dce8365858f7222ce959ffe3c26d7db2140f9d54d2998c9e,10/16/2016 02:22:00 AM,1,BICYCLE,,,,,,,,,,,,,,,,,,,,,,,,,,,,,,,,,,,,,,,,,,,,,,,,,,,,,,,,,,,,,,,,,,
87015,53a24415ece5dd11f827863831f61f8061fe4444d45f6b7005f233ffb52739ebadf42a7295db8089dce8365858f7222ce959ffe3c26d7db2140f9d54d2998c9e,10/16/2016 02:22:00 AM,2,PARKED,,84120,,HONDA,CIVIC,IL,2007,UNKNOWN,PASSENGER,PERSONAL,N,PARKED,,,0,,,,,,,,,,Y,,,,,,,,REAR-LEFT,,,,,,,,,,,,,,,,,,,,,,,,,,,,,,,,,
86647,d0280fe96f64a93ab3f62a96b60bf374d4c995a957054664d05630e6d980cd99fcf3fe551c9d442f8521c3435e1530e478bfdc5e9ea60a2ce3c84bb20c3db700,10/14/2016 07:30:00 PM,2,DRIVER,,83762,,NISSAN,Quest,IL,2004,NONE,PASSENGER,PERSONAL,E,STRAIGHT AHEAD,,,1,,,,,,,,Y,,,,,,,,,,REAR-RIGHT,,,,,,,,,,,,,,,,,,,,,,,,,,,,,,,,,