CRASH_UNIT_ID,CRASH_RECORD_ID,CRASH_DATE,UNIT_NO,UNIT_TYPE,NUM_PASSENGERS,VEHICLE_ID,CMRC_VEH_I,MAKE,MODEL,LIC_PLATE_STATE,VEHICLE_YEAR,VEHICLE_DEFECT,VEHICLE_TYPE,VEHICLE_USE,TRAVEL_DIRECTION,MANEUVER,TOWED_I,FIRE_I,OCCUPANT_CNT,EXCEED_SPEED_LIMIT_I,TOWED_BY,TOWED_TO,AREA_00_I,AREA_01_I,AREA_02_I,AREA_03_I,AREA_04_I,AREA_05_I,AREA_06_I,AREA_07_I,AREA_08_I,AREA_09_I,AREA_10_I,AREA_11_I,AREA_12_I,AREA_99_I,FIRST_CONTACT_POINT,CMV_ID,USDOT_NO,CCMC_NO,ILCC_NO,COMMERCIAL_SRC,GVWR,CARRIER_NAME,CARRIER_STATE,CARRIER_CITY,HAZMAT_PLACARDS_I,HAZMAT_NAME,UN_NO,HAZMAT_PRESENT_I,HAZMAT_REPORT_I,HAZMAT_REPORT_NO,MCS_REPORT_I,MCS_REPORT_NO,HAZMAT_VIO_CAUSE_CRASH_I,MCS_VIO_CAUSE_CRASH_I,IDOT_PERMIT_NO,WIDE_LOAD_I,TRAILER1_WIDTH,TRAILER2_WIDTH,TRAILER1_LENGTH,TRAILER2_LENGTH,TOTAL_VEHICLE_LENGTH,AXLE_CNT,VEHICLE_CONFIG,CARGO_BODY_TYPE,LOAD_TYPE,HAZMAT_OUT_OF_SERVICE_I,MCS_OUT_OF_SERVICE_I,HAZMAT_CLASS
86648,d0280fe96f64a93ab3f62a96b60bf374d4c995a957054664d05630e6d980cd99fcf3fe551c9d442f8521c3435e1530e478bfdc5e9ea60a2ce3c84bb20c3db700,10/14/2016 07:30:00 PM,1,DRIVER,,83765,,JEEP,PATRIOT,IL,2016,NONE,PASSENGER,PERSONAL,E,SLOW/STOP IN TRAFFIC,,,1,,,,,,,,,,N,Y,N,,,,,,SIDE-LEFT,,,,,,,,,,,,,,,,,,,,,,,,,,,,,,,,,
86242,77c1a3b65b482312380b1ecc1ff950ade0119864c7d907cc9ccb04038a97e4b7637b700435ba6d4a96caca5d39f57c04dc8a4164a0399a5b8271df545f95b38a,10/13/2016 04:00:00 PM,1,DRIVER,,83381,,"TOYOTA MOTOR COMPANY, LTD.",CELICA,IL,1997,NONE,PASSENGER,PERSONAL,W,PASSING/OVERTAKING,,,1,,,,,,,,,,,,,,,,,,FRONT,,,,,,,,,,,,,,,,,,,,,,,,,,,,,,,,,
86243,77c1a3b65b482312380b1ecc1ff950ade0119864c7d907cc9ccb04038a97e4b7637b700435ba6d4a96caca5d39f57c04dc8a4164a0399a5b8271df545f95b38a,10/13/2016 04:00:00 PM,2,DRIVER,,83388,,MAZDA,Mazda 3,IL,2010,NONE,PASSENGER,PERSONAL,W,STRAIGHT AHEAD,,,1,,,,,,,,,,,,Y,,,,,,FRONT-LEFT,,,,,,,,,,,,,,,,,,,,,,,,,,,,,,,,,
87369,4b700d0c21347185dcff1e8c7f6211beddffade4c2489d6c940c8321d86a22cf173a427563fb4eb416d2a65578889b4bff99d4231a1afc2c043eb424b547eea9,10/13/2016 09:25:00 AM,1,DRIVER,,84459,,CHEVROLET,IMPALA,IL,2015,UNKNOWN,PASSENGER,PERSONAL,N,UNKNOWN/NA,,,1,,,,,,,,,,,,,,,,,Y,UNKNOWN,,,,,,,,,,,,,,,,,,,,,,,,,,,,,,,,,
87370,4b700d0c21347185dcff1e8c7f6211beddffade4c2489d6c940c8321d86a22cf173a427563fb4eb416d2a65578889b4bff99d4231a1afc2c043eb424b547eea9,10/13/2016 09:25:00 AM,2,DRIVER,,84468,,NISSAN,NISSAN ALTIMA,IL,2016,NONE,PASSENGER,OTHER TRANSIT,N,SLOW/STOP IN TRAFFIC,,,1,,,,,,,Y,,,,,,,,,,,SIDE-RIGHT,,,,,,,,,,,,,,,,,,,,,,,,,,,,,,,,,
85567,daec5f673eb700756288216b3410368b09290ded0a211f18b21385c12c5fe37aa761e9db84f73d421ed55c80829486508df9e0fab0cff8eb95d60538f2853ab7,10/12/2016 08:52:00 AM,1,DRIVER,,82735,,UNKNOWN,UNKNOWN,XX,,UNKNOWN,SPORT UTILITY VEHICLE (SUV),UNKNOWN/NA,W,STRAIGHT AHEAD,,,1,,,,,,Y,,,,,,,,,,,,FRONT-RIGHT,,,,,,,,,,,,,,,,,,,,,,,,,,,,,,,,,
85596,daec5f673eb700756288216b3410368b09290ded0a211f18b21385c12c5fe37aa761e9db84f73d421ed55c80829486508df9e0fab0cff8eb95d60538f2853ab7,10/12/2016 08:52:00 AM,2,PARKED,1,82764,,VOLVO,XC90,IL,2010,NONE,SPORT UTILITY VEHICLE (SUV),PERSONAL,N,PARKED,,,1,,,,,,,,Y,,,,,,,,,,REAR-RIGHT,,,,,,,,,,,,,,,,,,,,,,,,,,,,,,,,,
85079,33bcfadc0530513f64a452242495f401ddf8c6efdc5b700c127a5564564ed66fd2d2adc38da58ca8581e7d95eaca46d46f8d2f90708702b5816ca81d9cd598ce,10/10/2016 05:00:00 PM,1,DRIVER,,82273,,HONDA,Odyssey (minivan),IL,2006,NONE,VAN/MINI-VAN,PERSONAL,SE,STRAIGHT AHEAD,,,1,,,,,Y,,,,,,,,,,,,,FRONT,,,,,,,,,,,,,,,,,,,,,,,,,,,,,,,,,
85080,33bcfadc0530513f64a452242495f401ddf8c6efdc5b700c127a5564564ed66fd2d2adc38da58ca8581e7d95eaca46d46f8d2f90708702b5816ca81d9cd598ce,10/10/2016 05:00:00 PM,2,DRIVER,,82277,,"TOYOTA MOTOR COMPANY, LTD.",RAV4 (sport utility),IL,2005,NONE,SPORT UTILITY VEHICLE (SUV),PERSONAL,SE,STRAIGHT AHEAD,,,1,,,,,,,,,Y,,,,,,,,,REAR,,,,,,,,,,,,,,,,,,,,,,,,,,,,,,,,,
84839,efcea054b7004b62536030ac1b58e3d4fda90a707850dd79604f54497c2625c8d9ab489cad8843442cba049d4a787aa74821ed2574916603a2d060d5168cc3f2,10/09/2016 05:58:00 PM,1,DRIVER,,82043,,CHEVROLET,TAHOE,IL,1994,NONE,PASSENGER,PERSONAL,N,STRAIGHT AHEAD,,,1,,,,,,,,,,,,Y,,,,,,FRONT-LEFT,,,,,,,,,,,,,,,,,,,,,,,,,,,,,,,,,
84840,efcea054b7004b62536030ac1b58e3d4fda90a707850dd79604f54497c2625c8d9ab489cad8843442cba049d4a787aa74821ed2574916603a2d060d5168cc3f2,10/09/2016 05:58:00 PM,2,DRIVER,,82044,,CHRYSLER,TOWN & COUNTRY,IL,2003,NONE,PASSENGER,PERSONAL,N,STRAIGHT AHEAD,,,1,,,,,,Y,Y,Y,,,,,,,,,,SIDE-RIGHT,,,,,,,,,,,,,,,,,,,,,,,,,,,,,,,,,
87920,51d55dc1ba1236fe7796a677f586fb1c7de6b70090dfad9cbfa3f291143ff8ccd761dd397eb27cd20b9c0d02f49cc38cdb1cb9e7bb0a6fb008992f5bf773d326,10/03/2016 05:30:00 PM,2,DRIVER,,84994,,"TOYOTA MOTOR COMPANY, LTD.",CAMRY,OH,2013,UNKNOWN,UNKNOWN/NA,PERSONAL,W,STRAIGHT AHEAD,,,1,,,,N,,,,,,,,,,,,,Y,REAR,,,,,,,,,,,,,,,,,,,,,,,,,,,,,,,,,
87922,51d55dc1ba1236fe7796a677f586fb1c7de6b70090dfad9cbfa3f291143ff8ccd761dd397eb27cd20b9c0d02f49cc38cdb1cb9e7bb0a6fb008992f5bf773d326,10/03/2016 05:30:00 PM,1,DRIVER,,84987,Y,NISSAN,UNKNOWN,WI,,NONE,TRUCK - SINGLE UNIT,COMMERCIAL - SINGLE UNIT,W,STRAIGHT AHEAD,,,1,,,,Y,N,,,,,,,,,,,,,FRONT,435,,,,DRIVER,10000,AMAZON,GA,NORCROSS,,,,N,N,,U,,N,U,,,,,,,,,"SINGLE UNIT TRUCK, 2 AXLES, 6 TIRES",VAN/ENCLOSED BOX,UNKNOWN,N,N,MISCELLANEOUS
81723,2c71698b3085c1622e15eb8079664fcbc384a5be6843731ed121a54a432157b70002f43aa1c35ac6fc3ec4e3c9020b4285aeb90d1bd4ee4e5533a76abed89dcc,09/30/2016 06:15:00 AM,1,DRIVER,1,79053,,DODGE,DAYTONA,IL,2002,NONE,PICKUP,PERSONAL,N,STRAIGHT AHEAD,,,2,,,,,Y,Y,,,,,,,,,,,,FRONT-RIGHT,,,,,,,,,,,,,,,,,,,,,,,,,,,,,,,,,
81724,2c71698b3085c1622e15eb8079664fcbc384a5be6843731ed121a54a432157b70002f43aa1c35ac6fc3ec4e3c9020b4285aeb90d1bd4ee4e5533a76abed89dcc,09/30/2016 06:15:00 AM,2,DRIVER,,79054,,"TOYOTA MOTOR COMPANY, LTD.",CAMRY,IL,2008,NONE,PASSENGER,PERSONAL,S,TURNING LEFT,,,1,,,,,,,Y,,,,,,,,,,,SIDE-RIGHT,,,,,,,,,,,,,,,,,,,,,,,,,,,,,,,,,
80606,514533eb433e340d1b3ecfb7b40d04416e2839a8c3f1737521ea6206d12e54038927a16b700b01042f1ff42b522657e7c61a66919853cf4221527ee511eac7b7,09/26/2016 10:45:00 PM,1,DRIVER,,77968,,CHEVROLET,BLAZER,IL,,UNKNOWN,PASSENGER,PERSONAL,S,STARTING IN TRAFFIC,,,1,,,,,Y,,,,,,,,,,,,,FRONT,,,,,,,,,,,,,,,,,,,,,,,,,,,,,,,,,
80607,514533eb433e340d1b3ecfb7b40d04416e2839a8c3f1737521ea6206d12e54038927a16b700b01042f1ff42b522657e7c61a66919853cf4221527ee511eac7b7,09/26/2016 10:45:00 PM,2,DRIVER,,77970,,MERCEDES-BENZ,C300,IL,2008,NONE,PASSENGER,PERSONAL,S,STRAIGHT AHEAD,,,1,,,,,N,N,,Y,Y,Y,,,,,,,,REAR,,,,,,,,,,,,,,,,,,,,,,,,,,,,,,,,,
78952,8c33c8d65d94ac481657eae788569244d0dbd3fba940723f0010018d7d341ccb70093b487e884ed7438ebeeea013fedafdc8ede24f19d42d04223b56daf013ce,09/21/2016 02:30:00 PM,1,DRIVER,1,76350,,UNKNOWN,UNKNOWN,XX,,NONE,VAN/MINI-VAN,PERSONAL,N,STRAIGHT AHEAD,,,2,,,,,Y,,,,,,,,,,,,,FRONT,,,,,,,,,,,,,,,,,,,,,,,,,,,,,,,,,
78953,8c33c8d65d94ac481657eae788569244d0dbd3fba940723f0010018d7d341ccb70093b487e884ed7438ebeeea013fedafdc8ede24f19d42d04223b56daf013ce,09/21/2016 02:30:00 PM,2,DRIVER,,76354,,HONDA,ACCORD,IL,1997,NONE,PASSENGER,PERSONAL,E,STRAIGHT AHEAD,,,1,,,,,,,Y,,,,,,,,,,,SIDE-RIGHT,,,,,,,,,,,,,,,,,,,,,,,,,,,,,,,,,
77733,d1d9eb70096286fd255f4776f2389e7388a68fb1fbf753fc35eec8c6dc76d4e713674f87cc15764d6c0a0022a6f086fd3480b42fdf109a59a3156edf937f7f8b,09/17/2016 03:50:00 PM,1,DRIVER,2,75181,,"TOYOTA MOTOR COMPANY, LTD.",Sienna (van),IL,2009,NONE,VAN/MINI-VAN,OTHER,W,TURNING RIGHT,Y,,3,,PRIVATE,PRIVATE,,Y,Y,,,,,,Y,,,,,,FRONT-LEFT,,,,,,,,,,,,,,,,,,,,,,,,,,,,,,,,,
77734,d1d9eb70096286fd255f4776f2389e7388a68fb1fbf753fc35eec8c6dc76d4e713674f87cc15764d6c0a0022a6f086fd3480b42fdf109a59a3156edf937f7f8b,09/17/2016 03:50:00 PM,2,PARKED,,75185,,CHEVROLET,TRAVERSE,IL,2009,NONE,PASSENGER,PERSONAL,W,PARKED,,,0,,,,,,,,,,,,Y,,,,,,FRONT-LEFT,,,,,,,,,,,,,,,,,,,,,,,,,,,,,,,,,
77735,d1d9eb70096286fd255f4776f2389e7388a68fb1fbf753fc35eec8c6dc76d4e713674f87cc15764d6c0a0022a6f086fd3480b42fdf109a59a3156edf937f7f8b,09/17/2016 03:50:00 PM,3,PARKED,,75191,,DODGE,DURANGO,IL,2008,NONE,PASSENGER,PERSONAL,W,PARKED,,,0,,,,,,,,,Y,Y,,,,,,,,REAR-LEFT,,,,,,,,,,,,,,,,,,,,,,,,,,,,,,,,,
74991,e92542c990454721d5c2914d7603bf3647a9156eb3423453890495283ef43066f2d990386a17c760427ac6497ed03540b7004917143987282bc779c78c8d1da2,09/09/2016 11:50:00 AM,1,DRIVER,,72518,,CADILLAC,Escalade,,2008,NONE,PASSENGER,PERSONAL,E,BACKING,,,1,,,,,,,,,Y,,,,,,,,,REAR,,,,,,,,,,,,,,,,,,,,,,,,,,,,,,,,,
74992,e92542c990454721d5c2914d7603bf3647a9156eb3423453890495283ef43066f2d990386a17c760427ac6497ed03540b7004917143987282bc779c78c8d1da2,09/09/2016 11:50:00 AM,2,DRIVER,,72524,,CHEVROLET,MALIBU (CHEVELLE),IL,2016,NONE,PASSENGER,PERSONAL,S,STRAIGHT AHEAD,,,1,,,,,,Y,,,,,,,,,,,,FRONT-RIGHT,,,,,,,,,,,,,,,,,,,,,,,,,,,,,,,,,
72854,410946b20f3281c1766eb7006e79d051ce03eaad2c2c4ad5ca0ce360fa97b7b7086c1c0792f7ec3388e2b1376b9f5cdf17d6bcd92a1b7b59879950fcac2c9a02,09/02/2016 05:55:00 PM,1,DRIVER,,70439,,"TOYOTA MOTOR COMPANY, LTD.",CAMRY,IL,2012,UNKNOWN,PASSENGER,TAXI/FOR HIRE,W,STRAIGHT AHEAD,,,1,,,,,,,,Y,,,,,,,,,,REAR-RIGHT,,,,,,,,,,,,,,,,,,,,,,,,,,,,,,,,,
72855,410946b20f3281c1766eb7006e79d051ce03eaad2c2c4ad5ca0ce360fa97b7b7086c1c0792f7ec3388e2b1376b9f5cdf17d6bcd92a1b7b59879950fcac2c9a02,09/02/2016 05:55:00 PM,2,DRIVER,,70435,,NISSAN,SENTRA (DATSUN AND NISSAN HAVE MERGED),IL,2006,NONE,PASSENGER,PERSONAL,SE,STRAIGHT AHEAD,,,1,,,,,,Y,Y,,,,,,,,,,,FRONT-RIGHT,,,,,,,,,,,,,,,,,,,,,,,,,,,,,,,,,
72218,94ef9be9208d5fdc7fde3cc125fd253fb63a4caab7005e7781ed2653ab25a3147e10573876f6e32b3dce2aac3c44df089aab7012985a8a1e75f6988ee2ff71d5,08/31/2016 07:40:00 AM,1,DRIVER,,69818,,"TOYOTA MOTOR COMPANY, LTD.",CAMRY,IL,2003,NONE,PASSENGER,PERSONAL,W,STRAIGHT AHEAD,,,1,,,,,Y,,,,,,,,,,,,,FRONT,,,,,,,,,,,,,,,,,,,,,,,,,,,,,,,,,
72219,94ef9be9208d5fdc7fde3cc125fd253fb63a4caab7005e7781ed2653ab25a3147e10573876f6e32b3dce2aac3c44df089aab7012985a8a1e75f6988ee2ff71d5,08/31/2016 07:40:00 AM,2,DRIVER,,69820,,CHEVROLET,MALIBU (CHEVELLE),IL,2011,NONE,PASSENGER,PERSONAL,W,STRAIGHT AHEAD,,,1,,,,,Y,,,,Y,,,,,,,,,REAR,,,,,,,,,,,,,,,,,,,,,,,,,,,,,,,,,
72220,94ef9be9208d5fdc7fde3cc125fd253fb63a4caab7005e7781ed2653ab25a3147e10573876f6e32b3dce2aac3c44df089aab7012985a8a1e75f6988ee2ff71d5,08/31/2016 07:40:00 AM,3,DRIVER,,69823,,"TOYOTA MOTOR COMPANY, LTD.",Prius,IL,2015,NONE,PASSENGER,PERSONAL,W,SLOW/STOP IN TRAFFIC,,,1,,,,,,,,,Y,,,,,,,,,REAR,,,,,,,,,,,,,,,,,,,,,,,,,,,,,,,,,
72407,ab700ede3853b38d09a5ebf87091cfd51e03f64e2558e8c8f8a1dc279515d200ddf3628ce242405a7b54624ff6f3b013c8d8732b2bc0db78affd148756dd34fe,08/28/2016 02:00:00 PM,1,DRIVER,,69999,,FORD,TAURUS,IL,2003,NONE,PASSENGER,PERSONAL,S,STRAIGHT AHEAD,,,1,,,,,Y,,,,,,,,,,,,,FRONT,,,,,,,,,,,,,,,,,,,,,,,,,,,,,,,,,
72408,ab700ede3853b38d09a5ebf87091cfd51e03f64e2558e8c8f8a1dc279515d200ddf3628ce242405a7b54624ff6f3b013c8d8732b2bc0db78affd148756dd34fe,08/28/2016 02:00:00 PM,2,DRIVER,,70001,,CADILLAC,DEVILLE,IL,2004,NONE,PASSENGER,PERSONAL,S,SLOW/STOP IN TRAFFIC,,,1,,,,,,,,,Y,,,,,,,,,REAR,,,,,,,,,,,,,,,,,,,,,,,,,,,,,,,,,
70344,d067e336f414b230b7000b3bb7f0cf8b7e9dff018b3143232409af980445fcb776a3bffcd397bde0a7521c2418f645c84cc1307f70e2534a227be405ad154da4,08/26/2016 12:20:00 PM,1,DRIVER,,68014,,ACURA (DIV. OF AMERICAN HONDA MOTOR CO.),"MDX, Acura",IL,2002,UNKNOWN,SPORT UTILITY VEHICLE (SUV),UNKNOWN/NA,N,BACKING,,,1,,,,,,,,,Y,,,,,,,,,REAR,,,,,,,,,,,,,,,,,,,,,,,,,,,,,,,,,
70345,d067e336f414b230b7000b3bb7f0cf8b7e9dff018b3143232409af980445fcb776a3bffcd397bde0a7521c2418f645c84cc1307f70e2534a227be405ad154da4,08/26/2016 12:20:00 PM,2,DRIVER,,68025,,VOLKSWAGEN,JETTA,,2014,NONE,PASSENGER,PERSONAL,S,BACKING,,,1,,,,,,,,,Y,,,,,,,,,REAR,,,,,,,,,,,,,,,,,,,,,,,,,,,,,,,,,
66604,64dcb1a67d729bb5c8ab700ef894ddccb5e538f8820b158a1e0991c603ce318c6a8122ec1d1668a6144e1dc51aaee49754f09b57c9e1477d35b1c277e6a15b5b,08/13/2016 05:45:00 PM,1,DRIVER,2,64399,,DODGE,CARAVAN,IL,2006,UNKNOWN,VAN/MINI-VAN,OTHER,E,STRAIGHT AHEAD,,,3,,,,,,,,,,,,,,,,,Y,UNKNOWN,,,,,,,,,,,,,,,,,,,,,,,,,,,,,,,,,
66605,64dcb1a67d729bb5c8ab700ef894ddccb5e538f8820b158a1e0991c603ce318c6a8122ec1d1668a6144e1dc51aaee49754f09b57c9e1477d35b1c277e6a15b5b,08/13/2016 05:45:00 PM,2,DRIVER,,64397,,KIA MOTORS CORP,Amanti,IL,2005,NONE,PASSENGER,PERSONAL,E,STRAIGHT AHEAD,,,1,,,,,,,,,,,,Y,,,,,,FRONT-LEFT,,,,,,,,,,,,,,,,,,,,,,,,,,,,,,,,,
66533,b3932950c847b8363afb11868fe52b5ea6d52717cff74bb9c8db1459a96b25329b92a95e75c42749fea165dfd9fc735f5f1b7007915dbe1b2041bc5fd73dee1d,08/13/2016 03:15:00 PM,1,DRIVER,,64327,,HONDA,Pilot,IL,2015,NONE,PASSENGER,PERSONAL,S,CHANGING LANES,,,1,,,,,,Y,,,,,,,,,,,,FRONT-RIGHT,,,,,,,,,,,,,,,,,,,,,,,,,,,,,,,,,
66534,b3932950c847b8363afb11868fe52b5ea6d52717cff74bb9c8db1459a96b25329b92a95e75c42749fea165dfd9fc735f5f1b7007915dbe1b2041bc5fd73dee1d,08/13/2016 03:15:00 PM,2,DRIVER,1,64339,,CHEVROLET,Trail Blazer,MI,2005,NONE,PASSENGER,PERSONAL,S,STRAIGHT AHEAD,,,2,,,,,,,,,,Y,,,,,,,,REAR-LEFT,,,,,,,,,,,,,,,,,,,,,,,,,,,,,,,,,
64008,201c3bbc171258250ba9e00b7001a79f521c04b5a4093e7eed0eb16574b83752fa166fc1f62768062ba78aab84fa74126e2779bda60723a46f58ec560be9f607,08/05/2016 01:10:00 PM,1,DRIVER,,61920,,FORD,UNKNOWN,IL,1996,UNKNOWN,TRUCK - SINGLE UNIT,COMMERCIAL - SINGLE UNIT,W,STRAIGHT AHEAD,,,1,,,,Y,,,,,,,,,,,,,,NONE,,,,,,,,,,,,,,,,,,,,,,,,,,,,,,,,,
64009,201c3bbc171258250ba9e00b7001a79f521c04b5a4093e7eed0eb16574b83752fa166fc1f62768062ba78aab84fa74126e2779bda60723a46f58ec560be9f607,08/05/2016 01:10:00 PM,2,PARKED,,61929,,CHRYSLER,300,IL,,NONE,PASSENGER,PERSONAL,W,PARKED,,,0,,,,,,,Y,,,,,,,,,,,SIDE-RIGHT,,,,,,,,,,,,,,,,,,,,,,,,,,,,,,,,,
64722,5c4da63a263db700d33581f9368aa374138c9f78becca0eb1ae9a207064b80488f087e9cc2330f6c1fe2c896e7bcecfa1f7dad6bf9e7bbdc20d5a7d8f9033172,08/04/2016 09:14:00 AM,1,DRIVER,,62616,,HYUNDAI,HYUNDAI,IL,2009,UNKNOWN,PASSENGER,UNKNOWN/NA,N,UNKNOWN/NA,,,1,,,,,,Y,,,,,,,,,,,,FRONT-RIGHT,,,,,,,,,,,,,,,,,,,,,,,,,,,,,,,,,
64723,5c4da63a263db700d33581f9368aa374138c9f78becca0eb1ae9a207064b80488f087e9cc2330f6c1fe2c896e7bcecfa1f7dad6bf9e7bbdc20d5a7d8f9033172,08/04/2016 09:14:00 AM,2,PARKED,,62608,,HYUNDAI,ELANTRA,IL,1995,NONE,PASSENGER,PERSONAL,N,PARKED,,,0,,,,,,,,,,Y,,,,,,,,REAR-LEFT,,,,,,,,,,,,,,,,,,,,,,,,,,,,,,,,,
63137,ae8bef7d38f8498802f589e466d573b700511038d28b47f86abd0943acaf603b05d41ddc4724b9064763d1db14244e04940181c215b5ffdfcde0f375b4e7a259,08/01/2016 03:40:00 PM,1,DRIVER,,61085,,CHEVROLET,UNKNOWN,IL,1999,NONE,PASSENGER,PERSONAL,S,SLOW/STOP IN TRAFFIC,,,1,,,,,Y,,,,,,,,,,,,,FRONT,,,,,,,,,,,,,,,,,,,,,,,,,,,,,,,,,
63138,ae8bef7d38f8498802f589e466d573b700511038d28b47f86abd0943acaf603b05d41ddc4724b9064763d1db14244e04940181c215b5ffdfcde0f375b4e7a259,08/01/2016 03:40:00 PM,2,DRIVER,,61088,,JEEP,Liberty,IL,2015,NONE,SPORT UTILITY VEHICLE (SUV),PERSONAL,S,SLOW/STOP IN TRAFFIC,,,1,,,,,,,,,Y,,,,,,,,,REAR,,,,,,,,,,,,,,,,,,,,,,,,,,,,,,,,,
62035,3d19b84c80b700e1ed299fe27d2be3bd4fc02d5f77e63ddab3273e0587bb60bd16041c6c4d2d50c954621c970f0d62877131ac9f388172ea37f2eed53356ce13,07/28/2016 05:00:00 PM,1,DRIVER,,60030,,UNKNOWN,UNKNOWN,IL,2013,NONE,MOTORCYCLE (OVER 150CC),PERSONAL,N,STRAIGHT AHEAD,,,1,,,,,,,,,,,Y,,,,,,,FRONT,,,,,,,,,,,,,,,,,,,,,,,,,,,,,,,,,
62036,3d19b84c80b700e1ed299fe27d2be3bd4fc02d5f77e63ddab3273e0587bb60bd16041c6c4d2d50c954621c970f0d62877131ac9f388172ea37f2eed53356ce13,07/28/2016 05:00:00 PM,2,DRIVER,,60024,,"TOYOTA MOTOR COMPANY, LTD.",COROLLA,IL,2013,NONE,PASSENGER,PERSONAL,N,SLOW/STOP IN TRAFFIC,,,1,,,,,,,,,Y,,,,,,,,,REAR,,,,,,,,,,,,,,,,,,,,,,,,,,,,,,,,,
61197,9193f6afb70051fd77c03b617aed6407d18a1f4af5980c809888789045bb320ca9a58de56a6713c02fd53c4b0d6f28dc524b064f10603ea7cb5f734d2bc19eab,07/25/2016 05:00:00 PM,1,DRIVER,,59217,,DODGE,CARAVAN,IL,2014,NONE,VAN/MINI-VAN,OTHER,E,OTHER,,,1,,,,,Y,,,,,,,,,,,,,FRONT,,,,,,,,,,,,,,,,,,,,,,,,,,,,,,,,,
61198,9193f6afb70051fd77c03b617aed6407d18a1f4af5980c809888789045bb320ca9a58de56a6713c02fd53c4b0d6f28dc524b064f10603ea7cb5f734d2bc19eab,07/25/2016 05:00:00 PM,2,DRIVER,,59230,,MAZDA,MAZDA,IL,2016,UNKNOWN,SPORT UTILITY VEHICLE (SUV),UNKNOWN/NA,E,OTHER,,,1,,,,,,,,,Y,,,,,,,,,REAR,,,,,,,,,,,,,,,,,,,,,,,,,,,,,,,,,
59866,a7b5c9993a2b7399d54da45e7b7de1165209b4a432016355d25f700a4c5e21bafb243a81c9bcefbb6e74b17d5fb32599e24e14cb12afd1efcb286485ffb7006a,07/19/2016 01:30:00 PM,1,DRIVER,,57931,,"TOYOTA MOTOR COMPANY, LTD.",UNKNOWN,IL,1998,OTHER,PASSENGER,UNKNOWN/NA,W,OTHER,,,1,,,,,Y,,,,,,,Y,,,,,,FRONT-LEFT,,,,,,,,,,,,,,,,,,,,,,,,,,,,,,,,,
59867,a7b5c9993a2b7399d54da45e7b7de1165209b4a432016355d25f700a4c5e21bafb243a81c9bcefbb6e74b17d5fb32599e24e14cb12afd1efcb286485ffb7006a,07/19/2016 01:30:00 PM,2,DRIVER,,57934,,"TOYOTA MOTOR COMPANY, LTD.",UNKNOWN,IL,2011,NONE,PASSENGER,PERSONAL,W,OTHER,,,1,,,,Y,,,,,,,,,,,,,,FRONT-RIGHT,,,,,,,,,,,,,,,,,,,,,,,,,,,,,,,,,
59278,57c4e130fe5b31f2db91c86cb43a7a72cdf40f62469f7bd4e9158ad3436182bcc5bc422004339e5c55818d665b1a041ec9f800f5e8b7004148a0ec0e032bfab2,07/17/2016 02:30:00 PM,1,DRIVER,,57362,,HONDA,ACCORD,IL,1996,UNKNOWN,PASSENGER,UNKNOWN/NA,W,NEGOTIATING A CURVE,,,1,,,,,Y,,,,,,,,,,,,,FRONT,,,,,,,,,,,,,,,,,,,,,,,,,,,,,,,,,
59279,57c4e130fe5b31f2db91c86cb43a7a72cdf40f62469f7bd4e9158ad3436182bcc5bc422004339e5c55818d665b1a041ec9f800f5e8b7004148a0ec0e032bfab2,07/17/2016 02:30:00 PM,2,DRIVER,,57366,,NISSAN,NISSAN MAXIMA,IL,2003,UNKNOWN,PASSENGER,UNKNOWN/NA,W,UNKNOWN/NA,,,1,,,,,,,,,Y,,,,,,,,,REAR,,,,,,,,,,,,,,,,,,,,,,,,,,,,,,,,,
59280,57c4e130fe5b31f2db91c86cb43a7a72cdf40f62469f7bd4e9158ad3436182bcc5bc422004339e5c55818d665b1a041ec9f800f5e8b7004148a0ec0e032bfab2,07/17/2016 02:30:00 PM,3,DRIVER,1,57368,,INFINITI,G35,IL,2008,UNKNOWN,PASSENGER,UNKNOWN/NA,W,UNKNOWN/NA,,,2,,,,,,,,,Y,,,,,,,,,REAR,,,,,,,,,,,,,,,,,,,,,,,,,,,,,,,,,
57226,f38aa17802309806b9285a7d5eef36e1206e5589ab94de4004050a8ea0ab9866ce91e63f5f72f35914c0ae825b700dc578a4e0d4187bde77146cf6baee5b6c0e,07/07/2016 07:25:00 PM,1,DRIVER,,55376,,CHRYSLER,TOWN & COUNTRY,IL,2011,UNKNOWN,VAN/MINI-VAN,PERSONAL,S,UNKNOWN/NA,,,1,,,,,,,,,,,,Y,,,,,,FRONT-LEFT,,,,,,,,,,,,,,,,,,,,,,,,,,,,,,,,,