CRASH_UNIT_ID,CRASH_RECORD_ID,CRASH_DATE,UNIT_NO,UNIT_TYPE,NUM_PASSENGERS,VEHICLE_ID,CMRC_VEH_I,MAKE,MODEL,LIC_PLATE_STATE,VEHICLE_YEAR,VEHICLE_DEFECT,VEHICLE_TYPE,VEHICLE_USE,TRAVEL_DIRECTION,MANEUVER,TOWED_I,FIRE_I,OCCUPANT_CNT,EXCEED_SPEED_LIMIT_I,TOWED_BY,TOWED_TO,AREA_00_I,AREA_01_I,AREA_02_I,AREA_03_I,AREA_04_I,AREA_05_I,AREA_06_I,AREA_07_I,AREA_08_I,AREA_09_I,AREA_10_I,AREA_11_I,AREA_12_I,AREA_99_I,FIRST_CONTACT_POINT,CMV_ID,USDOT_NO,CCMC_NO,ILCC_NO,COMMERCIAL_SRC,GVWR,CARRIER_NAME,CARRIER_STATE,CARRIER_CITY,HAZMAT_PLACARDS_I,HAZMAT_NAME,UN_NO,HAZMAT_PRESENT_I,HAZMAT_REPORT_I,HAZMAT_REPORT_NO,MCS_REPORT_I,MCS_REPORT_NO,HAZMAT_VIO_CAUSE_CRASH_I,MCS_VIO_CAUSE_CRASH_I,IDOT_PERMIT_NO,WIDE_LOAD_I,TRAILER1_WIDTH,TRAILER2_WIDTH,TRAILER1_LENGTH,TRAILER2_LENGTH,TOTAL_VEHICLE_LENGTH,AXLE_CNT,VEHICLE_CONFIG,CARGO_BODY_TYPE,LOAD_TYPE,HAZMAT_OUT_OF_SERVICE_I,MCS_OUT_OF_SERVICE_I,HAZMAT_CLASS
57227,f38aa17802309806b9285a7d5eef36e1206e5589ab94de4004050a8ea0ab9866ce91e63f5f72f35914c0ae825b700dc578a4e0d4187bde77146cf6baee5b6c0e,07/07/2016 07:25:00 PM,2,PARKED,,55377,,PONTIAC,GRAND AM,IL,2003,UNKNOWN,PASSENGER,PERSONAL,S,PARKED,,,0,,,,,,,,Y,,,,,,,,,,REAR-RIGHT,,,,,,,,,,,,,,,,,,,,,,,,,,,,,,,,,
57104,7608fe13eb0e7f2e3126d06aca5155d4e6b8a596cbdbd6697fbd0f8d3bae7dae030a21e273d63ece255a7bf3d8f8ba00ef4c570c1caf61b7004a5493a27e5f91,07/07/2016 01:50:00 PM,1,DRIVER,,55256,,JEEP,CHEROKEE,IL,2015,NONE,PASSENGER,NOT IN USE,E,CHANGING LANES,,,1,,,,,,Y,Y,Y,,,,,,,,,N,SIDE-RIGHT,,,,,,,,,,,,,,,,,,,,,,,,,,,,,,,,,
57105,7608fe13eb0e7f2e3126d06aca5155d4e6b8a596cbdbd6697fbd0f8d3bae7dae030a21e273d63ece255a7bf3d8f8ba00ef4c570c1caf61b7004a5493a27e5f91,07/07/2016 01:50:00 PM,2,DRIVER,1,55260,,FORD,CLUB WAGON,IL,2006,NONE,VAN/MINI-VAN,OTHER,E,STRAIGHT AHEAD,,,2,,,,,,,,,Y,Y,Y,,,,,,,REAR,,,,,,,,,,,,,,,,,,,,,,,,,,,,,,,,,
54439,3e4863171e6faecea56aa944f2eac2200d16693f2280d11c101744478e64ec43391ca8beede3489c6151065e823c22f6e833c37b7007a9213dd6d4cc6a29e415,06/22/2016 06:30:00 AM,1,DRIVER,,52683,,FORD,Explorer,IL,2006,UNKNOWN,PASSENGER,UNKNOWN/NA,N,STRAIGHT AHEAD,,,1,,,,,,,,,Y,,,,,,,,,REAR,,,,,,,,,,,,,,,,,,,,,,,,,,,,,,,,,
54440,3e4863171e6faecea56aa944f2eac2200d16693f2280d11c101744478e64ec43391ca8beede3489c6151065e823c22f6e833c37b7007a9213dd6d4cc6a29e415,06/22/2016 06:30:00 AM,2,PARKED,,52680,,BUICK,LACROSSE,IL,2015,NONE,PASSENGER,PERSONAL,N,PARKED,,,0,,,,,Y,,,,N,,,,,,,,,FRONT,,,,,,,,,,,,,,,,,,,,,,,,,,,,,,,,,
53920,6fab3b0736ab9103876955314f9da230db3472d322ff392e107c6c84f08ac26eddfa35765ed091eba826089c3351bb513b700b49c423467a2ca1c6099d992005,06/20/2016 08:29:00 AM,1,DRIVER,,52180,,KIA MOTORS CORP,Sportage (sport utility),IL,2016,UNKNOWN,SPORT UTILITY VEHICLE (SUV),PERSONAL,W,STRAIGHT AHEAD,,,1,,,,,Y,,,,,,,,,,,,,FRONT,,,,,,,,,,,,,,,,,,,,,,,,,,,,,,,,,
53921,6fab3b0736ab9103876955314f9da230db3472d322ff392e107c6c84f08ac26eddfa35765ed091eba826089c3351bb513b700b49c423467a2ca1c6099d992005,06/20/2016 08:29:00 AM,2,DRIVER,,52181,,HONDA,"AMERICAN HONDA MOTOR CO., INC.",IL,2016,UNKNOWN,SPORT UTILITY VEHICLE (SUV),PERSONAL,W,STRAIGHT AHEAD,,,1,,,,,,,,,Y,,,,,,,,,REAR,,,,,,,,,,,,,,,,,,,,,,,,,,,,,,,,,
53789,cc9bad2a4d32762430d3e3c2b8dd210d1f99b70094685862b9d519f5cd73162c47740d833b9e343777f4fe6c7f20af6ffe920c149543a4e83d6c79c7a3069329,06/19/2016 08:55:00 AM,1,DRIVER,,52049,,UNKNOWN,UNKNOWN,,,UNKNOWN,PASSENGER,PERSONAL,E,STRAIGHT AHEAD,,,1,,,,,,,,,,,,,,,,,,UNKNOWN,,,,,,,,,,,,,,,,,,,,,,,,,,,,,,,,,
53790,cc9bad2a4d32762430d3e3c2b8dd210d1f99b70094685862b9d519f5cd73162c47740d833b9e343777f4fe6c7f20af6ffe920c149543a4e83d6c79c7a3069329,06/19/2016 08:55:00 AM,2,PARKED,,52051,,UNKNOWN,UNKNOWN,IL,2008,NONE,OTHER,NOT IN USE,E,PARKED,,,0,,,,,,,,,,,,,,,,,,REAR,,,,,,,,,,,,,,,,,,,,,,,,,,,,,,,,,
53128,4e0b52afb700848152345696240b70c9bdbd14590fa5103f7a07c98ec1f3790b84d16957ebd430c1866df2df878d62bdd8fe25f4c4895bbf38a38e3febd58fd6,06/15/2016 06:30:00 PM,1,PARKED,,51412,,NISSAN,UNKNOWN,IL,2000,NONE,PASSENGER,PERSONAL,S,PARKED,,,0,,,,,Y,Y,,,,,,Y,,,,,,FRONT,,,,,,,,,,,,,,,,,,,,,,,,,,,,,,,,,
52429,7dc15183e5ee7cece84dafb70089298e42e9f135446f14a7d1ddf46e531c1e6118dc60185d60c6f6787d077b58c25ccad2cd60b41ea6f6857b08f593c8c4fb5a,06/12/2016 01:00:00 AM,1,DRIVER,,50739,,UNKNOWN,UNKNOWN,,,UNKNOWN,UNKNOWN/NA,UNKNOWN/NA,UNKNOWN,UNKNOWN/NA,,,1,,,,,,,,,,,,,,,,,Y,UNKNOWN,,,,,,,,,,,,,,,,,,,,,,,,,,,,,,,,,
52430,7dc15183e5ee7cece84dafb70089298e42e9f135446f14a7d1ddf46e531c1e6118dc60185d60c6f6787d077b58c25ccad2cd60b41ea6f6857b08f593c8c4fb5a,06/12/2016 01:00:00 AM,2,PARKED,,50740,,CHEVROLET,IMPALA,IL,2008,UNKNOWN,PASSENGER,NOT IN USE,N,PARKED,,,0,,,,,Y,,,,,,,,,,,,,FRONT,,,,,,,,,,,,,,,,,,,,,,,,,,,,,,,,,
51563,298c57be1192529f9a2e4cca11b700c3cc59ff8496fe5b2d9b63a230bffc4faa848c516dee56e31ce4daffabbed93573f280d1b5dc54492951d96f18a47764df,06/08/2016 05:15:00 PM,1,DRIVER,,49909,,UNKNOWN,UNKNOWN,XX,,UNKNOWN,UNKNOWN/NA,UNKNOWN/NA,E,UNKNOWN/NA,,,1,,,,,,,,,,,,,,,,,,FRONT,,,,,,,,,,,,,,,,,,,,,,,,,,,,,,,,,
51564,298c57be1192529f9a2e4cca11b700c3cc59ff8496fe5b2d9b63a230bffc4faa848c516dee56e31ce4daffabbed93573f280d1b5dc54492951d96f18a47764df,06/08/2016 05:15:00 PM,2,DRIVER,1,49898,,BMW,X3,IL,2014,NONE,PASSENGER,PERSONAL,E,STRAIGHT AHEAD,,,2,,,,,,,,Y,,,,,,,,,,REAR-RIGHT,,,,,,,,,,,,,,,,,,,,,,,,,,,,,,,,,
51565,298c57be1192529f9a2e4cca11b700c3cc59ff8496fe5b2d9b63a230bffc4faa848c516dee56e31ce4daffabbed93573f280d1b5dc54492951d96f18a47764df,06/08/2016 05:15:00 PM,3,DRIVER,,49900,,CHEVROLET,CRUZE,IL,2014,NONE,PASSENGER,PERSONAL,E,STRAIGHT AHEAD,,,1,,,,,,,,,Y,,,,,,,,,REAR,,,,,,,,,,,,,,,,,,,,,,,,,,,,,,,,,
51141,e89e4a06ab2bf182617c02012dbb6b8010854bdede78112e5e643cfd6c7885a03b70061d43b7cfe270c549a6bc01252e6e1d2dd35bae9105d62fe31c79b99d75,06/06/2016 02:45:00 PM,1,DRIVER,,49485,,DODGE,RAM 1500 PU,IL,1998,NONE,PICKUP,PERSONAL,N,STRAIGHT AHEAD,,,1,,,,,Y,,,,,,,,,,,,,FRONT,,,,,,,,,,,,,,,,,,,,,,,,,,,,,,,,,
51142,e89e4a06ab2bf182617c02012dbb6b8010854bdede78112e5e643cfd6c7885a03b70061d43b7cfe270c549a6bc01252e6e1d2dd35bae9105d62fe31c79b99d75,06/06/2016 02:45:00 PM,2,DRIVER,,49489,,MITSUBISHI,GALANT,IN,1999,NONE,PASSENGER,PERSONAL,E,STRAIGHT AHEAD,,,1,,,,,,Y,,,,,,,,,,,,FRONT,,,,,,,,,,,,,,,,,,,,,,,,,,,,,,,,,
49452,8c86567a8b5b024dd0a12d6fdba9bd721a9df865061fa3436926fa84e21754e80e2d738cebc88f1701d565db71b4628922b6d2d64e72900154acbbdb70087b9d,05/29/2016 06:35:00 AM,1,DRIVER,,47845,,JEEP,Grand Cherokee (for vehicle years 1989 to present),IL,2007,NONE,PASSENGER,PERSONAL,W,STRAIGHT AHEAD,,,1,,,,,Y,,,,,,,,,,,,,FRONT,,,,,,,,,,,,,,,,,,,,,,,,,,,,,,,,,
49453,8c86567a8b5b024dd0a12d6fdba9bd721a9df865061fa3436926fa84e21754e80e2d738cebc88f1701d565db71b4628922b6d2d64e72900154acbbdb70087b9d,05/29/2016 06:35:00 AM,2,DRIVER,,47846,,SATURN,Ion,IL,2006,NONE,PASSENGER,PERSONAL,W,SLOW/STOP IN TRAFFIC,,,1,,,,,,,,,Y,,,,,,,,,REAR,,,,,,,,,,,,,,,,,,,,,,,,,,,,,,,,,
49517,93b70eb04305245104b0ec6ba28069f0178ca9d88f2cb4adbba23402b70032b586a479f4db569bbb6db9997bbc13623b90bfa91468c6663648f9f1b4df1842dc,05/28/2016 09:15:00 PM,1,DRIVER,,47909,,HYUNDAI,UNKNOWN,,,UNKNOWN,PASSENGER,PERSONAL,S,STRAIGHT AHEAD,,,1,,,,,,,Y,,,,N,,,,,,,SIDE-RIGHT,,,,,,,,,,,,,,,,,,,,,,,,,,,,,,,,,
49518,93b70eb04305245104b0ec6ba28069f0178ca9d88f2cb4adbba23402b70032b586a479f4db569bbb6db9997bbc13623b90bfa91468c6663648f9f1b4df1842dc,05/28/2016 09:15:00 PM,2,PARKED,,47910,,CHEVROLET,UNKNOWN,IL,2015,UNKNOWN,PASSENGER,PERSONAL,S,PARKED,,,0,,,,,,,,,,,Y,,,,,,,SIDE-LEFT,,,,,,,,,,,,,,,,,,,,,,,,,,,,,,,,,
49197,7bb628fefa8ab0e302be489bcb9b21ef7934796d339ec4c8f524377e40919226cdddbb70007d0ce642caf8cce7f5ca7576bc5605045c45ada491d9145f5e508a,05/27/2016 05:15:00 AM,1,DRIVER,,47595,,UNKNOWN,UNKNOWN,IL,,UNKNOWN,UNKNOWN/NA,UNKNOWN/NA,E,STRAIGHT AHEAD,,,1,,,,,,,,,,Y,,,,,,,,REAR-LEFT,,,,,,,,,,,,,,,,,,,,,,,,,,,,,,,,,
49198,7bb628fefa8ab0e302be489bcb9b21ef7934796d339ec4c8f524377e40919226cdddbb70007d0ce642caf8cce7f5ca7576bc5605045c45ada491d9145f5e508a,05/27/2016 05:15:00 AM,2,DRIVER,,47598,,"TOYOTA MOTOR COMPANY, LTD.",Prius,IL,2012,UNKNOWN,UNKNOWN/NA,UNKNOWN/NA,E,STRAIGHT AHEAD,,,1,,,,,,,Y,,,,,,,,,,,SIDE-RIGHT,,,,,,,,,,,,,,,,,,,,,,,,,,,,,,,,,
48735,a8331a3fb7003c8cba136b75c13cde0361051940b889fc7bc32b9e3e7ccba185c578564f98776b8edf2367ac349576c1fa7c826b5088828120177dcb7ceffc6d,05/25/2016 06:50:00 AM,1,DRIVER,,47135,,FORD,TAURUS,IL,2006,UNKNOWN,PASSENGER,PERSONAL,W,STRAIGHT AHEAD,,,1,,,,,Y,Y,,,,,,Y,,,,,,FRONT,,,,,,,,,,,,,,,,,,,,,,,,,,,,,,,,,
48736,a8331a3fb7003c8cba136b75c13cde0361051940b889fc7bc32b9e3e7ccba185c578564f98776b8edf2367ac349576c1fa7c826b5088828120177dcb7ceffc6d,05/25/2016 06:50:00 AM,2,DRIVER,,47134,,ACURA,ACURA,IL,2007,NONE,PASSENGER,PERSONAL,W,STRAIGHT AHEAD,,,1,,,,,,,,Y,Y,Y,,,,,,,,REAR,,,,,,,,,,,,,,,,,,,,,,,,,,,,,,,,,
48053,600e0592ae54e649997578ccbdb099b8fe872927530d4244ae60cf8c4669d2b04a246e680350fe9c000f52f3d472a27b066f7057da8ffda171894802b7007f7c,05/23/2016 08:15:00 AM,1,DRIVER,,46480,,HONDA,ACCORD,IL,1998,NONE,PASSENGER,PERSONAL,E,ENTERING TRAFFIC LANE FROM PARKING,,,1,,,,,,,,,,,,,,,,Y,,FRONT-LEFT,,,,,,,,,,,,,,,,,,,,,,,,,,,,,,,,,
48054,600e0592ae54e649997578ccbdb099b8fe872927530d4244ae60cf8c4669d2b04a246e680350fe9c000f52f3d472a27b066f7057da8ffda171894802b7007f7c,05/23/2016 08:15:00 AM,2,DRIVER,,46482,,NISSAN,NISSAN ALTIMA,IL,2008,NONE,PASSENGER,PERSONAL,E,STRAIGHT AHEAD,,,1,,,,,,Y,Y,Y,,,,,,,,,,SIDE-RIGHT,,,,,,,,,,,,,,,,,,,,,,,,,,,,,,,,,
47572,803d82e963bd9408fb700445376e79d95a08771a5a6c3588827d8ec775cb2f6684a86f23102acdfd10ece27ea2364445480e207b49f4888374c92266984128c5,05/20/2016 08:00:00 AM,1,DRIVER,,46014,,NISSAN,VERSA,IL,2015,NONE,PASSENGER,PERSONAL,N,BACKING,,,1,,,,,,,,,,,,,,,,,,REAR,,,,,,,,,,,,,,,,,,,,,,,,,,,,,,,,,
47573,803d82e963bd9408fb700445376e79d95a08771a5a6c3588827d8ec775cb2f6684a86f23102acdfd10ece27ea2364445480e207b49f4888374c92266984128c5,05/20/2016 08:00:00 AM,2,PARKED,,46012,,"TOYOTA MOTOR COMPANY, LTD.",RAV4 (sport utility),IL,2011,NONE,SPORT UTILITY VEHICLE (SUV),NOT IN USE,E,PARKED,,,0,,,,,,,,,,,Y,,,,,,,SIDE-LEFT,,,,,,,,,,,,,,,,,,,,,,,,,,,,,,,,,
46070,bdb171f2a74ef859319d4b6b24a929a635f25d612b6e2fa0427ca72c9bd43b700ec77d64712e0cda45b18eaaf14bffc3f71dfe25e140e4d7b9104cf6405912e9,05/13/2016 06:40:00 AM,1,DRIVER,,44561,,"TOYOTA MOTOR COMPANY, LTD.",Sequoia,IL,2006,NONE,PASSENGER,PERSONAL,E,STRAIGHT AHEAD,,,1,,,,,Y,,,,,,,,,,,,,FRONT,,,,,,,,,,,,,,,,,,,,,,,,,,,,,,,,,
46071,bdb171f2a74ef859319d4b6b24a929a635f25d612b6e2fa0427ca72c9bd43b700ec77d64712e0cda45b18eaaf14bffc3f71dfe25e140e4d7b9104cf6405912e9,05/13/2016 06:40:00 AM,2,DRIVER,,44562,,CHEVROLET,CAVALIER,IL,2001,NONE,PASSENGER,PERSONAL,E,STRAIGHT AHEAD,,,1,,,,,,,,,Y,,,,,,,,,REAR,,,,,,,,,,,,,,,,,,,,,,,,,,,,,,,,,
44468,0d82b5c4db7005ac39b97f00774ecbaa6e1f48d97504cdbb3078e3862cbaa4814b890caeeef17501adfdd77965dea9e9b38633a4c82c56f09e382067abdcc38d,05/05/2016 02:45:00 PM,1,DRIVER,,42997,,CHEVROLET,MONTE CARLO,IL,2001,NONE,PASSENGER,PERSONAL,N,STRAIGHT AHEAD,,,1,,,,,Y,Y,,,,,,Y,,,,,,FRONT,,,,,,,,,,,,,,,,,,,,,,,,,,,,,,,,,
44469,0d82b5c4db7005ac39b97f00774ecbaa6e1f48d97504cdbb3078e3862cbaa4814b890caeeef17501adfdd77965dea9e9b38633a4c82c56f09e382067abdcc38d,05/05/2016 02:45:00 PM,2,DRIVER,,42996,,PONTIAC,Montana,,1999,NONE,SPORT UTILITY VEHICLE (SUV),PERSONAL,N,SLOW/STOP IN TRAFFIC,,,1,,,,,,,,Y,Y,Y,,,,,,,,REAR,,,,,,,,,,,,,,,,,,,,,,,,,,,,,,,,,
43803,55a5217e8e7d4a7da807432f50531f029864cae531b7007ba4b2017c15aa93ce65450ac8034ce5657402ecf74a6cfb0ab960f0b82ebf8ae135c4eb179cb4c76f,05/02/2016 10:30:00 AM,1,DRIVER,,42345,,UNKNOWN,UNKNOWN,,,OTHER,UNKNOWN/NA,UNKNOWN/NA,N,UNKNOWN/NA,,,1,,,,,,,,,,,,Y,,,,,,FRONT,,,,,,,,,,,,,,,,,,,,,,,,,,,,,,,,,
43804,55a5217e8e7d4a7da807432f50531f029864cae531b7007ba4b2017c15aa93ce65450ac8034ce5657402ecf74a6cfb0ab960f0b82ebf8ae135c4eb179cb4c76f,05/02/2016 10:30:00 AM,2,PARKED,,42347,,CHEVROLET,CAMARO,IL,2011,NONE,PASSENGER,PERSONAL,N,PARKED,,,0,,,,,,,,Y,Y,,,,,,,,,REAR,,,,,,,,,,,,,,,,,,,,,,,,,,,,,,,,,
44096,6d35aca44467f2660a1831ca6c0020c94eccaf0dd1e37bba3712c6a238feb7ca4c3e7e7ae9326d7a04dccbb700be4f504d6c904ed74f34f2f6adbd5673a2c675,05/01/2016 01:00:00 AM,1,DRIVER,,42638,,UNKNOWN,UNKNOWN,,,UNKNOWN,UNKNOWN/NA,UNKNOWN/NA,UNKNOWN,UNKNOWN/NA,,,1,,,,,,,,,,,,,,,,,Y,UNKNOWN,,,,,,,,,,,,,,,,,,,,,,,,,,,,,,,,,
44097,6d35aca44467f2660a1831ca6c0020c94eccaf0dd1e37bba3712c6a238feb7ca4c3e7e7ae9326d7a04dccbb700be4f504d6c904ed74f34f2f6adbd5673a2c675,05/01/2016 01:00:00 AM,2,PARKED,,42641,,CHEVROLET,CAMARO,IL,2011,NONE,PASSENGER,PERSONAL,E,PARKED,,,0,,,,,Y,,,,,,,,,,,,,FRONT,,,,,,,,,,,,,,,,,,,,,,,,,,,,,,,,,
59350,b700a0c7b8e20f047eec6586f80a34944f59a8d70498b73cec7da5ae26ab6354f1531d36c2ce5db924809f63162d928685ade09eeeddfb0fecd75a096b7b03eb,04/18/2016 08:20:00 PM,1,DRIVER,1,57430,,FORD,F150,XX,,UNKNOWN,PICKUP,PERSONAL,E,BACKING,,,2,,,,,,,,,Y,,,,,,,,,REAR,,,,,,,,,,,,,,,,,,,,,,,,,,,,,,,,,
59351,b700a0c7b8e20f047eec6586f80a34944f59a8d70498b73cec7da5ae26ab6354f1531d36c2ce5db924809f63162d928685ade09eeeddfb0fecd75a096b7b03eb,04/18/2016 08:20:00 PM,2,DRIVER,2,57431,,MERCURY,COUGAR,IL,2002,NONE,PASSENGER,PERSONAL,E,STARTING IN TRAFFIC,,,3,,,,,Y,,,,,,,,,,,,,FRONT,,,,,,,,,,,,,,,,,,,,,,,,,,,,,,,,,
40797,07c9cf790fe472823ae57fe0cf64acf53bfd79bb2adbe3969224b491be30dda154612c3f6db0335608763a771aaf515b7004996a316cbcfc2bd67e4452890fac,04/15/2016 04:45:00 PM,1,DRIVER,,39431,,MINI,COOPER,IL,2013,BRAKES,PASSENGER,PERSONAL,S,STRAIGHT AHEAD,Y,,1,,UNK,,,Y,,,,,,,,,,,,,FRONT,,,,,,,,,,,,,,,,,,,,,,,,,,,,,,,,,
40798,07c9cf790fe472823ae57fe0cf64acf53bfd79bb2adbe3969224b491be30dda154612c3f6db0335608763a771aaf515b7004996a316cbcfc2bd67e4452890fac,04/15/2016 04:45:00 PM,2,DRIVER,1,39432,,KIA MOTORS CORP,SORENTO,IL,2009,NONE,SPORT UTILITY VEHICLE (SUV),PERSONAL,S,STARTING IN TRAFFIC,,,2,,,,,,,,,Y,,,,,,,,,REAR,,,,,,,,,,,,,,,,,,,,,,,,,,,,,,,,,
39974,68c8b700d8a0899c8b07d66bc8a052386dbe86126cc15e0b12b2e70d945ef1577bcfb5fe8b4a6b9bb1090ee40c6d3e87b0a913a6d291c3786caee93b2c4dae2d,04/11/2016 04:29:00 PM,2,DRIVER,,38636,,GEM,GEM,IL,,UNKNOWN,SPORT UTILITY VEHICLE (SUV),OTHER,N,STRAIGHT AHEAD,,,1,,,,,,,Y,,,,,,,,,,,SIDE-RIGHT,,,,,,,,,,,,,,,,,,,,,,,,,,,,,,,,,
39975,68c8b700d8a0899c8b07d66bc8a052386dbe86126cc15e0b12b2e70d945ef1577bcfb5fe8b4a6b9bb1090ee40c6d3e87b0a913a6d291c3786caee93b2c4dae2d,04/11/2016 04:29:00 PM,1,DRIVER,,38644,,NISSAN,MAURANO,IL,2010,NONE,SPORT UTILITY VEHICLE (SUV),PERSONAL,E,TURNING RIGHT,,,1,,,,,,,,,,,,Y,,,,,,FRONT-LEFT,,,,,,,,,,,,,,,,,,,,,,,,,,,,,,,,,
38050,aa124867e35505441e3b7008f81e6391ce0fb42b84fda4f2045bf789acbf1e19572f7c5e1976a203492f877d5907e45c746ed2f34111eb96a2c8bb1faefca7a4,04/02/2016 03:30:00 PM,1,DRIVER,,36751,,DODGE,UNKNOWN,IL,,NONE,VAN/MINI-VAN,PERSONAL,UNKNOWN,LEAVING TRAFFIC LANE TO PARK,,,1,,,,,,Y,,,,,,,,,,,,FRONT-RIGHT,,,,,,,,,,,,,,,,,,,,,,,,,,,,,,,,,
38051,aa124867e35505441e3b7008f81e6391ce0fb42b84fda4f2045bf789acbf1e19572f7c5e1976a203492f877d5907e45c746ed2f34111eb96a2c8bb1faefca7a4,04/02/2016 03:30:00 PM,2,PARKED,,36754,,HONDA,CIVIC,,2009,NONE,PASSENGER,NOT IN USE,UNKNOWN,PARKED,,,0,,,,,,,,,,,Y,,,,,,,SIDE-LEFT,,,,,,,,,,,,,,,,,,,,,,,,,,,,,,,,,
36272,825a5f05b83904f129216b8944f775c9ce4dadbeb5a180fb76dd369dc70e3dc16d1cc5dee4369b9b700d6218ff8dfb4d35954649b047ee1337bbc232c249da5a,03/24/2016 08:00:00 PM,1,DRIVER,,35058,,GENERAL MOTORS CORP.,Hummer,,2008,NONE,SPORT UTILITY VEHICLE (SUV),PERSONAL,N,SLOW/STOP IN TRAFFIC,,,1,,,,,Y,Y,,,,,,Y,,,,,,FRONT,,,,,,,,,,,,,,,,,,,,,,,,,,,,,,,,,
36273,825a5f05b83904f129216b8944f775c9ce4dadbeb5a180fb76dd369dc70e3dc16d1cc5dee4369b9b700d6218ff8dfb4d35954649b047ee1337bbc232c249da5a,03/24/2016 08:00:00 PM,2,DRIVER,,35060,,VOLKSWAGEN,JETTA,,2014,NONE,PASSENGER,PERSONAL,N,SLOW/STOP IN TRAFFIC,,,1,,,,,,,,Y,Y,Y,,,,,,,,REAR,,,,,,,,,,,,,,,,,,,,,,,,,,,,,,,,,
36370,334cde7ac9152a984238db7be2181b42dd707a4299d5a1973bb9e90a6cac5e1b24a7ab9108e12f279241b7002ac1d7f77c170b513fd86bf6146d0d84e489be7e,03/24/2016 01:15:00 PM,1,DRIVER,2,35140,,UNKNOWN,UNKNOWN,,,UNKNOWN,PASSENGER,UNKNOWN/NA,N,TURNING RIGHT,,,3,,,,,,,,,,,,Y,,,,,,FRONT-LEFT,,,,,,,,,,,,,,,,,,,,,,,,,,,,,,,,,
36371,334cde7ac9152a984238db7be2181b42dd707a4299d5a1973bb9e90a6cac5e1b24a7ab9108e12f279241b7002ac1d7f77c170b513fd86bf6146d0d84e489be7e,03/24/2016 01:15:00 PM,2,DRIVER,,35142,,HONDA,CIVIC,IL,2013,NONE,PASSENGER,PERSONAL,N,TURNING RIGHT,,,1,,,,,,Y,,,,,,,,,,,,FRONT-RIGHT,,,,,,,,,,,,,,,,,,,,,,,,,,,,,,,,,
37537,0d2556f8784a794ec1e427b4d8d4b7009298fc6b61f595ac454f7d92260cdd6134c582f2b27f71304b8d59501822bb10b6e7029769252580894e1aefed230267,03/23/2016 02:23:00 PM,1,DRIVER,,36248,,FORD,UNKNOWN,IL,,UNKNOWN,UNKNOWN/NA,UNKNOWN/NA,W,TURNING LEFT,,,1,,,,,,,,,,,,Y,,,,,,FRONT-LEFT,,,,,,,,,,,,,,,,,,,,,,,,,,,,,,,,,
37538,0d2556f8784a794ec1e427b4d8d4b7009298fc6b61f595ac454f7d92260cdd6134c582f2b27f71304b8d59501822bb10b6e7029769252580894e1aefed230267,03/23/2016 02:23:00 PM,2,DRIVER,,36250,,BMW,540,IL,2003,NONE,PASSENGER,PERSONAL,E,STRAIGHT AHEAD,,,1,,,,,,,,,,Y,Y,Y,,,,,,FRONT-LEFT,,,,,,,,,,,,,,,,,,,,,,,,,,,,,,,,,
35364,a9c44857c967c25a0e715604699f6ff4c2308923d5726aa1837bef2d1824dcdd46f5db90df9a8cdedbb1d3361cf5678d4d52670f2b551e0633968a3b7007938f,03/20/2016 01:30:00 PM,1,DRIVER,,34189,,FORD,Focus,,2012,UNKNOWN,PASSENGER,NOT IN USE,W,TURNING RIGHT,,,1,,,,,N,,,,,,,Y,,,,,,SIDE-RIGHT,,,,,,,,,,,,,,,,,,,,,,,,,,,,,,,,,
35365,a9c44857c967c25a0e715604699f6ff4c2308923d5726aa1837bef2d1824dcdd46f5db90df9a8cdedbb1d3361cf5678d4d52670f2b551e0633968a3b7007938f,03/20/2016 01:30:00 PM,2,DRIVER,,34190,,"TOYOTA MOTOR COMPANY, LTD.",CAMRY,,,UNKNOWN,PASSENGER,PERSONAL,N,STRAIGHT AHEAD,,,1,,,,,,,,,,,,,,,,,,REAR-RIGHT,,,,,,,,,,,,,,,,,,,,,,,,,,,,,,,,,
34443,10c5e8a6a426af4a6241dcd59de0bd537172c1e32f755442305b13d6a261a3778dc6d30d87a86fa4f68f50037bfa7196fbde006e6ca35aa0cb605cebfb700037,03/15/2016 04:00:00 PM,1,DRIVER,,33289,,"TOYOTA MOTOR COMPANY, LTD.",COROLLA,,2013,NONE,PASSENGER,PERSONAL,S,STRAIGHT AHEAD,,,1,,,,,,,,,,,Y,,,,,,,SIDE-LEFT,,,,,,,,,,,,,,,,,,,,,,,,,,,,,,,,,
34444,10c5e8a6a426af4a6241dcd59de0bd537172c1e32f755442305b13d6a261a3778dc6d30d87a86fa4f68f50037bfa7196fbde006e6ca35aa0cb605cebfb700037,03/15/2016 04:00:00 PM,2,DRIVER,,33287,,NISSAN,SENTRA (DATSUN AND NISSAN HAVE MERGED),IL,2008,NONE,PASSENGER,PERSONAL,S,SLOW/STOP IN TRAFFIC,,,1,,,,Y,,,Y,,,,,,,,,,,SIDE-RIGHT,,,,,,,,,,,,,,,,,,,,,,,,,,,,,,,,,