CRASH_UNIT_ID,CRASH_RECORD_ID,CRASH_DATE,UNIT_NO,UNIT_TYPE,NUM_PASSENGERS,VEHICLE_ID,CMRC_VEH_I,MAKE,MODEL,LIC_PLATE_STATE,VEHICLE_YEAR,VEHICLE_DEFECT,VEHICLE_TYPE,VEHICLE_USE,TRAVEL_DIRECTION,MANEUVER,TOWED_I,FIRE_I,OCCUPANT_CNT,EXCEED_SPEED_LIMIT_I,TOWED_BY,TOWED_TO,AREA_00_I,AREA_01_I,AREA_02_I,AREA_03_I,AREA_04_I,AREA_05_I,AREA_06_I,AREA_07_I,AREA_08_I,AREA_09_I,AREA_10_I,AREA_11_I,AREA_12_I,AREA_99_I,FIRST_CONTACT_POINT,CMV_ID,USDOT_NO,CCMC_NO,ILCC_NO,COMMERCIAL_SRC,GVWR,CARRIER_NAME,CARRIER_STATE,CARRIER_CITY,HAZMAT_PLACARDS_I,HAZMAT_NAME,UN_NO,HAZMAT_PRESENT_I,HAZMAT_REPORT_I,HAZMAT_REPORT_NO,MCS_REPORT_I,MCS_REPORT_NO,HAZMAT_VIO_CAUSE_CRASH_I,MCS_VIO_CAUSE_CRASH_I,IDOT_PERMIT_NO,WIDE_LOAD_I,TRAILER1_WIDTH,TRAILER2_WIDTH,TRAILER1_LENGTH,TRAILER2_LENGTH,TOTAL_VEHICLE_LENGTH,AXLE_CNT,VEHICLE_CONFIG,CARGO_BODY_TYPE,LOAD_TYPE,HAZMAT_OUT_OF_SERVICE_I,MCS_OUT_OF_SERVICE_I,HAZMAT_CLASS
31945,1555259730120e10f7ecaf7efb25eb3fc2ca250faeec02028523ae5ff2b5952405c0745eab7a1f32159ac99ad5591f996539678f2095cc84b700a5cc0d13eac0,03/02/2016 05:10:00 PM,1,DRIVER,,30855,,JEEP,UNKNOWN,IL,2011,NONE,PASSENGER,PERSONAL,S,TURNING RIGHT,,,1,,,,,,Y,,,,,,,,,,,,FRONT-RIGHT,,,,,,,,,,,,,,,,,,,,,,,,,,,,,,,,,
31946,1555259730120e10f7ecaf7efb25eb3fc2ca250faeec02028523ae5ff2b5952405c0745eab7a1f32159ac99ad5591f996539678f2095cc84b700a5cc0d13eac0,03/02/2016 05:10:00 PM,2,DRIVER,,30857,,FORD,UNKNOWN,IL,2006,NONE,VAN/MINI-VAN,PERSONAL,W,STRAIGHT AHEAD,,,1,,,,,,,,Y,,,,,,,,,,REAR-RIGHT,,,,,,,,,,,,,,,,,,,,,,,,,,,,,,,,,
31735,8d73ce4bf5ad1dfdacb8ad2219fdda77803d0a017d1726177ca72a5c1e1c4a8dce6b6985edb7001bd61e4f184bee3e8c03ecd9bc6ce59a7bcd9be2e4d2aab7b9,02/29/2016 04:55:00 PM,1,DRIVER,,30645,,FORD,CONTOUR,IL,1997,UNKNOWN,PASSENGER,UNKNOWN/NA,W,STRAIGHT AHEAD,,,1,,,,,Y,,,,,,,,,,,,,FRONT,,,,,,,,,,,,,,,,,,,,,,,,,,,,,,,,,
31736,8d73ce4bf5ad1dfdacb8ad2219fdda77803d0a017d1726177ca72a5c1e1c4a8dce6b6985edb7001bd61e4f184bee3e8c03ecd9bc6ce59a7bcd9be2e4d2aab7b9,02/29/2016 04:55:00 PM,2,DRIVER,,30647,,HONDA,Odyssey (minivan),IL,2010,NONE,VAN/MINI-VAN,PERSONAL,W,STRAIGHT AHEAD,,,1,,,,,,,,,Y,,,,,,,,,FRONT,,,,,,,,,,,,,,,,,,,,,,,,,,,,,,,,,
29660,14ff6e392a38662a0008cf75eb7007463bcf586f8f947289cd0030b5899b2ddd9d329fa07d22931e0d246a51fed652f447b9ac900163b167a292293c95d5cfdc,02/19/2016 03:50:00 PM,1,DRIVER,,28641,,CHEVROLET,IMPALA,IL,2007,NONE,PASSENGER,PERSONAL,W,STRAIGHT AHEAD,,,1,,,,,Y,,,,,Y,,,,,,,,FRONT,,,,,,,,,,,,,,,,,,,,,,,,,,,,,,,,,
30178,7384e3de94c8eaea770557ec01b7000746b870ffd42bbceacdd968105c824e82b65e4f6aebb31089bc18d42728f64efd3a84d6965c8515c6af496bea759428f3,02/13/2016 04:15:00 AM,1,DRIVER,,29144,,FORD,FIVE HUNDRED,IL,2007,UNKNOWN,PASSENGER,PERSONAL,S,STRAIGHT AHEAD,,,1,,,,,Y,,,,,,,,,,,,,FRONT,,,,,,,,,,,,,,,,,,,,,,,,,,,,,,,,,
30179,7384e3de94c8eaea770557ec01b7000746b870ffd42bbceacdd968105c824e82b65e4f6aebb31089bc18d42728f64efd3a84d6965c8515c6af496bea759428f3,02/13/2016 04:15:00 AM,2,DRIVER,,29145,,GENERAL MOTORS CORP.,UNKNOWN,IL,1998,UNKNOWN,SPORT UTILITY VEHICLE (SUV),PERSONAL,S,SLOW/STOP IN TRAFFIC,,,1,,,,,Y,,,,,,,,,,,,Y,REAR,,,,,,,,,,,,,,,,,,,,,,,,,,,,,,,,,
30180,7384e3de94c8eaea770557ec01b7000746b870ffd42bbceacdd968105c824e82b65e4f6aebb31089bc18d42728f64efd3a84d6965c8515c6af496bea759428f3,02/13/2016 04:15:00 AM,3,DRIVER,,29147,,MITSUBISHI,Outlander,IL,2013,NONE,SPORT UTILITY VEHICLE (SUV),PERSONAL,S,SLOW/STOP IN TRAFFIC,,,1,,,,,,,,,Y,,,,,,,,,REAR,,,,,,,,,,,,,,,,,,,,,,,,,,,,,,,,,
28140,828d2b7997ab92b4050450812b700b93d69620f2143cba92cd6faa41c2407084ce81e950ec84a7f81a7b5be05ca122c376f792031259bbfbe4f8c34f6a2d9a5e,02/10/2016 09:00:00 PM,1,DRIVER,,27168,,PONTIAC,GRAND PRIX,IL,1998,NONE,PASSENGER,PERSONAL,S,STRAIGHT AHEAD,,,1,,,,,Y,,,,,,,Y,,,,,,FRONT-LEFT,,,,,,,,,,,,,,,,,,,,,,,,,,,,,,,,,
28141,828d2b7997ab92b4050450812b700b93d69620f2143cba92cd6faa41c2407084ce81e950ec84a7f81a7b5be05ca122c376f792031259bbfbe4f8c34f6a2d9a5e,02/10/2016 09:00:00 PM,2,DRIVER,,27170,,"TOYOTA MOTOR COMPANY, LTD.",UNKNOWN,,,NONE,SPORT UTILITY VEHICLE (SUV),PERSONAL,S,CHANGING LANES,,,1,,,,,,,,,Y,,,,,,,,,REAR,,,,,,,,,,,,,,,,,,,,,,,,,,,,,,,,,
27713,64cea45099962938e4ce8cbf66a55949aae6b1eeb6481df463f2a8fda0b5e087b8cf42b7000bf0113f483ad75a7bd4e7ebf3ec6bb8f60d8de4d3e0c263cafdfc,02/08/2016 06:30:00 PM,1,DRIVER,,26752,,UNKNOWN,UNKNOWN,,,UNKNOWN,UNKNOWN/NA,UNKNOWN/NA,UNKNOWN,UNKNOWN/NA,,,1,,,,,,,,,,,,,,,,,Y,UNKNOWN,,,,,,,,,,,,,,,,,,,,,,,,,,,,,,,,,
27714,64cea45099962938e4ce8cbf66a55949aae6b1eeb6481df463f2a8fda0b5e087b8cf42b7000bf0113f483ad75a7bd4e7ebf3ec6bb8f60d8de4d3e0c263cafdfc,02/08/2016 06:30:00 PM,2,PARKED,,26755,,HONDA,CIVIC,IL,2005,NONE,PASSENGER,NOT IN USE,E,PARKED,,,0,,,,,,,,,Y,,,,,,,,,REAR,,,,,,,,,,,,,,,,,,,,,,,,,,,,,,,,,
26560,0ce1953bcc3c899ed5519a314735160dec3232348895c35962de82bfc31c991ebd62e5b700adc0b5eeb408d562d18b53f27cba7a1ab3f3a3fcaa2697dcff62dc,02/02/2016 01:29:00 PM,2,DRIVER,,25635,,"TOYOTA MOTOR COMPANY, LTD.",CAMRY,IL,2014,NONE,PASSENGER,TAXI/FOR HIRE,N,OTHER,,,1,,,,,,,,,Y,,,,,,,,,REAR,,,,,,,,,,,,,,,,,,,,,,,,,,,,,,,,,
26561,0ce1953bcc3c899ed5519a314735160dec3232348895c35962de82bfc31c991ebd62e5b700adc0b5eeb408d562d18b53f27cba7a1ab3f3a3fcaa2697dcff62dc,02/02/2016 01:29:00 PM,1,DRIVER,,25634,,HONDA,ACCORD,IL,2001,NONE,PASSENGER,PERSONAL,N,AVOIDING VEHICLES/OBJECTS,,,1,,,,,Y,Y,,,,,,,,,,,,FRONT-RIGHT,,,,,,,,,,,,,,,,,,,,,,,,,,,,,,,,,
25137,cca3e60ad92b18e174dda71fb7008edeb375ea463ad5c7b175cc2e3557ce173c4bf6881f009d690896384d1661e8e2d89f7e00bace33a3b69253593609ea64ea,01/24/2016 03:00:00 AM,1,DRIVER,,24258,,UNKNOWN,UNKNOWN,,,UNKNOWN,UNKNOWN/NA,UNKNOWN/NA,UNKNOWN,UNKNOWN/NA,,,1,,,,,,,,,,,,,,,,,Y,UNKNOWN,,,,,,,,,,,,,,,,,,,,,,,,,,,,,,,,,
25138,cca3e60ad92b18e174dda71fb7008edeb375ea463ad5c7b175cc2e3557ce173c4bf6881f009d690896384d1661e8e2d89f7e00bace33a3b69253593609ea64ea,01/24/2016 03:00:00 AM,2,DRIVERLESS,,24259,,NISSAN,SENTRA (DATSUN AND NISSAN HAVE MERGED),IL,2005,UNKNOWN,PASSENGER,NOT IN USE,UNKNOWN,PARKED,,,0,,,,,,,,,,Y,Y,,,,,,,UNKNOWN,,,,,,,,,,,,,,,,,,,,,,,,,,,,,,,,,
24044,c0c57080db7005f0a11d1e43ccd43709d871e3c56adba0c6489376847386162b89a8827bf23a4f7b1b9ef39a513398a0051081d7224e48585919a573c2d14c3c,01/20/2016 01:45:00 PM,1,DRIVER,,23190,,JEEP,JEEP/GRAND CHEROKEE,IL,2013,NONE,SPORT UTILITY VEHICLE (SUV),PERSONAL,N,STRAIGHT AHEAD,,,1,,,,,,,,,,,,Y,,,,,,FRONT-LEFT,,,,,,,,,,,,,,,,,,,,,,,,,,,,,,,,,
24045,c0c57080db7005f0a11d1e43ccd43709d871e3c56adba0c6489376847386162b89a8827bf23a4f7b1b9ef39a513398a0051081d7224e48585919a573c2d14c3c,01/20/2016 01:45:00 PM,2,DRIVER,,23194,,FORD,ESCAPE (SUV),IL,2011,NONE,SPORT UTILITY VEHICLE (SUV),TAXI/FOR HIRE,N,CHANGING LANES,,,1,,,,,,,,Y,,,,,,,,,,REAR-RIGHT,,,,,,,,,,,,,,,,,,,,,,,,,,,,,,,,,
23464,78e5ca53822e22db717eab71168395aa94002bb700e8187e6009055ec442bed0232f017c11acb91baadbfc37c1755802cbad97fcc80e85457476c45ad61ea68b,01/16/2016 04:06:00 PM,1,DRIVER,,22621,,CHEVROLET,EQUINOX,IL,2006,UNKNOWN,PASSENGER,PERSONAL,N,STRAIGHT AHEAD,N,,1,,,,,,Y,,,,,,,,,,,,FRONT-RIGHT,,,,,,,,,,,,,,,,,,,,,,,,,,,,,,,,,
23465,78e5ca53822e22db717eab71168395aa94002bb700e8187e6009055ec442bed0232f017c11acb91baadbfc37c1755802cbad97fcc80e85457476c45ad61ea68b,01/16/2016 04:06:00 PM,2,DRIVER,,22623,,PONTIAC,GRAND PRIX,IL,2007,UNKNOWN,PASSENGER,PERSONAL,E,STRAIGHT AHEAD,,,1,,,,,Y,,,,,,,Y,,,,,,FRONT-LEFT,,,,,,,,,,,,,,,,,,,,,,,,,,,,,,,,,
23453,346893da67a4586f3c6f0e42d1a2034af1f23de278000cfbafe6c83d0b3f5abdb88bf4eadaae0e1cc3f2cbd7022b9246f7eb4dab4ea5843f97e08b700ccf328e,01/16/2016 03:30:00 PM,1,DRIVER,,22610,,SAAB,9-3,IL,2003,NONE,PASSENGER,PERSONAL,S,STRAIGHT AHEAD,,,1,,,,,Y,,,,,,,,,,,,,FRONT,,,,,,,,,,,,,,,,,,,,,,,,,,,,,,,,,
23454,346893da67a4586f3c6f0e42d1a2034af1f23de278000cfbafe6c83d0b3f5abdb88bf4eadaae0e1cc3f2cbd7022b9246f7eb4dab4ea5843f97e08b700ccf328e,01/16/2016 03:30:00 PM,2,DRIVER,,22612,,HYUNDAI,SONATA,IL,2014,NONE,PASSENGER,PERSONAL,S,STRAIGHT AHEAD,,,1,,,,,,,,,Y,,,,,,,,,REAR,,,,,,,,,,,,,,,,,,,,,,,,,,,,,,,,,
23658,b3787fba209280b4ed29e4fbe23035cd5b3b917067da9c11c14b69d9773a4d684bb70043b0dca69acdc552101eddb87fa865103340f2ab3a7ef5cddb3bb21207,01/15/2016 10:30:00 AM,1,DRIVER,,22815,,BMW,750iL,IL,2006,NONE,PASSENGER,PERSONAL,E,STRAIGHT AHEAD,,,1,,,,,,,,,,,,,,,,Y,,OTHER,,,,,,,,,,,,,,,,,,,,,,,,,,,,,,,,,
21087,52d1b1bf3f1e64c2b80dedb0331f319eaaaebb7b82e8e3972d0a3bc5592e1747b8d0fc103e8524b3d4ba95fb82264b6bd145f2160b70064edc68a2a4c9c7a673,01/04/2016 12:00:00 AM,1,DRIVER,,20304,,UNKNOWN,UNKNOWN,XX,,UNKNOWN,UNKNOWN/NA,UNKNOWN/NA,UNKNOWN,UNKNOWN/NA,,,1,,,,,,,,,,,,,,,,,Y,UNKNOWN,,,,,,,,,,,,,,,,,,,,,,,,,,,,,,,,,
21088,52d1b1bf3f1e64c2b80dedb0331f319eaaaebb7b82e8e3972d0a3bc5592e1747b8d0fc103e8524b3d4ba95fb82264b6bd145f2160b70064edc68a2a4c9c7a673,01/04/2016 12:00:00 AM,2,PARKED,,20306,,HYUNDAI,SONATA,IN,2016,NONE,PASSENGER,PERSONAL,W,PARKED,,,0,,,,,,,,,,,Y,,,,,,,SIDE-LEFT,,,,,,,,,,,,,,,,,,,,,,,,,,,,,,,,,
19708,0c7b786e661c2d0b6f5f5c288d5f15bcfb7004b4c6694261b457404cf8039bc61856b7469d398ea4ee38b521e1afcf7c5f83d0337f5254db0a0c5b167460910a,12/25/2015 06:30:00 PM,1,DRIVER,,18965,,BMW,UNKNOWN,IL,2005,UNKNOWN,PASSENGER,PERSONAL,S,BACKING,,,1,,,,,,,,,Y,,,,,,,,,REAR,,,,,,,,,,,,,,,,,,,,,,,,,,,,,,,,,
19709,0c7b786e661c2d0b6f5f5c288d5f15bcfb7004b4c6694261b457404cf8039bc61856b7469d398ea4ee38b521e1afcf7c5f83d0337f5254db0a0c5b167460910a,12/25/2015 06:30:00 PM,2,PARKED,,18966,,FORD,FUSION,IL,2012,UNKNOWN,PASSENGER,NOT IN USE,N,PARKED,,,0,,,,,Y,Y,,,,,,,,,,,,FRONT-RIGHT,,,,,,,,,,,,,,,,,,,,,,,,,,,,,,,,,
19186,5874aa3c2a348c680f1f932f7f97dc40ea2bb145944b700c11aabe5b01213adbe7a1753fe0f578229966d2391f8353b80b70ca826a14931730500687bdb69c80,12/15/2015 09:15:00 AM,1,DRIVER,,18468,,HONDA,Odyssey (minivan),IL,2013,NONE,PASSENGER,NOT IN USE,N,TURNING RIGHT,,,1,,,,,Y,,,,,,,Y,,,,,,FRONT-LEFT,,,,,,,,,,,,,,,,,,,,,,,,,,,,,,,,,
19187,5874aa3c2a348c680f1f932f7f97dc40ea2bb145944b700c11aabe5b01213adbe7a1753fe0f578229966d2391f8353b80b70ca826a14931730500687bdb69c80,12/15/2015 09:15:00 AM,2,DRIVER,,18472,,CADILLAC,Escalade,IL,2002,NONE,PASSENGER,PERSONAL,N,TURNING LEFT,,,1,,,,,,,,Y,Y,,,,,,,,,REAR-RIGHT,,,,,,,,,,,,,,,,,,,,,,,,,,,,,,,,,
16635,455cbe18c78328b43025f21744235e40de130b0832b8c0f3f1605b70075972c676c093dae8889ddae4287729553578a477a62a4ceb11e16148196fa976ae1ca1,12/07/2015 02:40:00 PM,1,DRIVER,,15988,,UNKNOWN,UNKNOWN,XX,,UNKNOWN,UNKNOWN/NA,UNKNOWN/NA,UNKNOWN,UNKNOWN/NA,,,1,,,,,,,,,,,,,,,,,Y,UNKNOWN,,,,,,,,,,,,,,,,,,,,,,,,,,,,,,,,,
16636,455cbe18c78328b43025f21744235e40de130b0832b8c0f3f1605b70075972c676c093dae8889ddae4287729553578a477a62a4ceb11e16148196fa976ae1ca1,12/07/2015 02:40:00 PM,2,PARKED,,15991,,NISSAN,SENTRA (DATSUN AND NISSAN HAVE MERGED),IL,2015,NONE,PASSENGER,PERSONAL,N,PARKED,,,0,,,,,,,,,Y,,,,,,,,,REAR,,,,,,,,,,,,,,,,,,,,,,,,,,,,,,,,,
16425,fc208eaa59e63e30dfd0fd67b267aaa0c640f4b606851150b1b3c10092434b66ea641fe299020455899b70086e428ca9df53bc1a6988c07f91c76b76086c3bbe,12/04/2015 04:15:00 PM,1,DRIVER,,15786,,NISSAN,NISSAN,IL,2006,UNKNOWN,PASSENGER,PERSONAL,S,PASSING/OVERTAKING,,,1,,,,,,,,,,,,Y,,,,,,FRONT-LEFT,,,,,,,,,,,,,,,,,,,,,,,,,,,,,,,,,
16428,fc208eaa59e63e30dfd0fd67b267aaa0c640f4b606851150b1b3c10092434b66ea641fe299020455899b70086e428ca9df53bc1a6988c07f91c76b76086c3bbe,12/04/2015 04:15:00 PM,2,DRIVER,,15790,,"TOYOTA MOTOR COMPANY, LTD.",COROLLA,IL,2006,NONE,PASSENGER,PERSONAL,S,SLOW/STOP IN TRAFFIC,,,1,,,,,,,,Y,,,,,,,,,,REAR-RIGHT,,,,,,,,,,,,,,,,,,,,,,,,,,,,,,,,,
13721,2e370ccc4fb700dc9343eea07ee41dcd25e30ffd208aa709bd0950353f5c0c4d1d05fd35d12ec5f8d0b42ec8ca7b36053f9be1ebb27871a0ab4a728695328d74,11/21/2015 12:30:00 PM,1,DRIVER,1,13174,,"TOYOTA MOTOR COMPANY, LTD.",Solara,IL,2003,NONE,PASSENGER,PERSONAL,E,STRAIGHT AHEAD,,,2,,,,,Y,,,,,,,,,,,,,FRONT,,,,,,,,,,,,,,,,,,,,,,,,,,,,,,,,,
13723,2e370ccc4fb700dc9343eea07ee41dcd25e30ffd208aa709bd0950353f5c0c4d1d05fd35d12ec5f8d0b42ec8ca7b36053f9be1ebb27871a0ab4a728695328d74,11/21/2015 12:30:00 PM,2,DRIVER,,13169,,BMW,535 SERIES,IL,2008,NONE,PASSENGER,PERSONAL,E,STRAIGHT AHEAD,,,1,,,,,,,,,Y,,,,,,,,,REAR,,,,,,,,,,,,,,,,,,,,,,,,,,,,,,,,,
10595,1419c4f81d1a5d596ce5a641481f486c7978e7fadfbb84b5a24dfff9c09f27501b526806b73e0a348e11b3a6d56386317b7003b0443b28480f4a66db1716faf2,11/04/2015 05:20:00 PM,1,DRIVER,,10139,,CHEVROLET,UNKNOWN,IL,,UNKNOWN,UNKNOWN/NA,UNKNOWN/NA,N,STRAIGHT AHEAD,,,1,,,,,Y,,,,,,,,,,,,,FRONT,,,,,,,,,,,,,,,,,,,,,,,,,,,,,,,,,
10596,1419c4f81d1a5d596ce5a641481f486c7978e7fadfbb84b5a24dfff9c09f27501b526806b73e0a348e11b3a6d56386317b7003b0443b28480f4a66db1716faf2,11/04/2015 05:20:00 PM,2,DRIVER,,10141,,CHRYSLER,300,IL,2010,NONE,PASSENGER,PERSONAL,N,STRAIGHT AHEAD,,,1,,,,,,,,,Y,,,,,,,,,REAR,,,,,,,,,,,,,,,,,,,,,,,,,,,,,,,,,
10068,949844d871d7cc646e7769354ad2b3930593b7003113f7ca112cc7dc31e84bb090a26e66713abf670af6f0c7a0b5409c34f1a479dea147cbd38d177f2469d243,11/01/2015 11:30:00 AM,1,DRIVER,,9625,,UNKNOWN,UNKNOWN,,,UNKNOWN,PASSENGER,PERSONAL,E,STRAIGHT AHEAD,,,1,,,,,Y,,,,,,,,,,,,,FRONT,,,,,,,,,,,,,,,,,,,,,,,,,,,,,,,,,
10069,949844d871d7cc646e7769354ad2b3930593b7003113f7ca112cc7dc31e84bb090a26e66713abf670af6f0c7a0b5409c34f1a479dea147cbd38d177f2469d243,11/01/2015 11:30:00 AM,2,DRIVER,,9626,,FORD,Focus,IL,2013,NONE,PASSENGER,PERSONAL,E,SLOW/STOP IN TRAFFIC,,,1,,,,,,,,,Y,,,,,,,,,REAR,,,,,,,,,,,,,,,,,,,,,,,,,,,,,,,,,
8687,8ec95fba7e4531be49033311e1ba0ff2df3b6f16051fb6946264b3285a9798f762049ab22795fa00efef2b2e4f011376acc90c9764fd3558dacb70060b5c525f,10/25/2015 04:15:00 PM,1,DRIVER,,8294,,"TOYOTA MOTOR COMPANY, LTD.",COROLLA,IL,2015,NONE,PASSENGER,PERSONAL,S,STRAIGHT AHEAD,,,1,,,,,Y,,,,,,,,,,,,,FRONT,,,,,,,,,,,,,,,,,,,,,,,,,,,,,,,,,
8688,8ec95fba7e4531be49033311e1ba0ff2df3b6f16051fb6946264b3285a9798f762049ab22795fa00efef2b2e4f011376acc90c9764fd3558dacb70060b5c525f,10/25/2015 04:15:00 PM,2,DRIVER,,8296,,BMW,X3,IL,2014,NONE,PASSENGER,PERSONAL,S,STRAIGHT AHEAD,,,1,,,,,,,,,Y,,,,,,,,,REAR,,,,,,,,,,,,,,,,,,,,,,,,,,,,,,,,,
7861,15a79b5135723b70083d425251ba8ee0eb07cfb7b5a9512504817fa7825a356fe6f377013e1128503ae6d44fe95063d1f121d770600638307675ebe2c6b96b74,10/21/2015 06:45:00 PM,1,DRIVER,2,7488,,NISSAN,NISSAN ALTIMA,IL,2011,NONE,PASSENGER,TAXI/FOR HIRE,W,BACKING,,,3,,,,,,,,,Y,,,,,,,,,REAR,,,,,,,,,,,,,,,,,,,,,,,,,,,,,,,,,
7862,15a79b5135723b70083d425251ba8ee0eb07cfb7b5a9512504817fa7825a356fe6f377013e1128503ae6d44fe95063d1f121d770600638307675ebe2c6b96b74,10/21/2015 06:45:00 PM,2,PARKED,,8266,,TESLA MOTORS,MODEL S,IL,2013,NONE,PASSENGER,OTHER TRANSIT,UNKNOWN,PARKED,,,0,,,,,Y,,,,,,,,,,,,,FRONT,,,,,,,,,,,,,,,,,,,,,,,,,,,,,,,,,
5180,36f41d78503000ed6d282308749992a0035c5508d0bc43b7003300d6473a46c4c51c5dc04a66f40fab6d39eb01675e7a91242af2310bd305ff425b896aebdc41,10/07/2015 03:30:00 PM,1,DRIVER,,4926,,CHEVROLET,EQUINOX,IL,,UNKNOWN,SPORT UTILITY VEHICLE (SUV),UNKNOWN/NA,S,STRAIGHT AHEAD,,,1,,,,,Y,,,,,,,,,,,,,FRONT,,,,,,,,,,,,,,,,,,,,,,,,,,,,,,,,,
5181,36f41d78503000ed6d282308749992a0035c5508d0bc43b7003300d6473a46c4c51c5dc04a66f40fab6d39eb01675e7a91242af2310bd305ff425b896aebdc41,10/07/2015 03:30:00 PM,2,DRIVER,,4930,,DODGE,DURANGO,IL,2014,NONE,SPORT UTILITY VEHICLE (SUV),PERSONAL,S,SLOW/STOP IN TRAFFIC,,,1,,,,,,,,,Y,,,,,,,,,REAR,,,,,,,,,,,,,,,,,,,,,,,,,,,,,,,,,
4671,f4aa8a3eb86e73b96d728aac2ec567dc70943b8b7004ac4d587d496a14c285b71d92a6c738e754d272a100761e3f8bd4af7c16580849f8799a68c522e7c93115,10/04/2015 11:30:00 AM,1,DRIVER,,4442,,CHEVROLET,C K 1500,,1991,NONE,PASSENGER,PERSONAL,W,STRAIGHT AHEAD,,,1,,,,,Y,,,,,,,,,,,,,FRONT,,,,,,,,,,,,,,,,,,,,,,,,,,,,,,,,,
4672,f4aa8a3eb86e73b96d728aac2ec567dc70943b8b7004ac4d587d496a14c285b71d92a6c738e754d272a100761e3f8bd4af7c16580849f8799a68c522e7c93115,10/04/2015 11:30:00 AM,2,DRIVER,,4444,,NISSAN,NISSAN ALTIMA,IL,2014,NONE,PASSENGER,PERSONAL,W,STRAIGHT AHEAD,,,1,,,,,,,,,Y,,,,,,,,,REAR,,,,,,,,,,,,,,,,,,,,,,,,,,,,,,,,,
4390,031a861b7004423afa02ff320469977ffc787239e17a8d78d26e35400d77926c782463f536a2a159c9a373f76556cfba81544072afed6801155ec987c706268b,10/02/2015 04:24:00 PM,1,DRIVER,,4173,,NISSAN,ROGUE,IL,2009,NONE,PASSENGER,PERSONAL,W,STRAIGHT AHEAD,,,1,,,,,Y,,,,,,,,,,,,,FRONT,,,,,,,,,,,,,,,,,,,,,,,,,,,,,,,,,
4391,031a861b7004423afa02ff320469977ffc787239e17a8d78d26e35400d77926c782463f536a2a159c9a373f76556cfba81544072afed6801155ec987c706268b,10/02/2015 04:24:00 PM,2,DRIVER,1,4179,,LEXUS,GX470,MI,2014,NONE,PASSENGER,PERSONAL,W,STRAIGHT AHEAD,,,2,,,,,,,,,Y,,,,,,,,,REAR,,,,,,,,,,,,,,,,,,,,,,,,,,,,,,,,,
3093,21f7f94ba3a5c2e044b137c9e0a7d42e28698df0bbc00dd1c5aa36e8b70052bedc4a5bead6af4a102a4d9806dfcb398d874b834c78ff5845fa312e88f4c71a43,09/22/2015 03:07:00 PM,2,PARKED,1,2941,,LINCOLN-CONTINENTAL,TOWNCAR,IL,2001,NONE,PASSENGER,NOT IN USE,E,PARKED,,,1,,,,,,N,N,N,,,Y,Y,,,,,,SIDE-LEFT,,,,,,,,,,,,,,,,,,,,,,,,,,,,,,,,,
3094,21f7f94ba3a5c2e044b137c9e0a7d42e28698df0bbc00dd1c5aa36e8b70052bedc4a5bead6af4a102a4d9806dfcb398d874b834c78ff5845fa312e88f4c71a43,09/22/2015 03:07:00 PM,1,DRIVER,,2943,,BLUE BIRD BODY CO.,BLUE BIRD BODY CO.,IL,2008,UNKNOWN,BUS OVER 15 PASS.,SCHOOL BUS,E,STRAIGHT AHEAD,,,1,,,,,,Y,Y,Y,,,,N,,,,,,FRONT-RIGHT,,,,,,,,,,,,,,,,,,,,,,,,,,,,,,,,,
2945,048a26e82e260d8d71a5b67e209027a6324e6ce8b70074fa5c3958a791bf7e79c3c09f015e5719f14db9e39d2bea39ae0a7edc02dca860860077fa4a5315d9ea,08/31/2015 04:00:00 PM,1,DRIVER,,2799,,CHEVROLET,IMPALA,IL,2009,NONE,PASSENGER,PERSONAL,N,SLOW/STOP IN TRAFFIC,,,1,,,,,Y,,,,,,,,,,,,,FRONT,,,,,,,,,,,,,,,,,,,,,,,,,,,,,,,,,
2946,048a26e82e260d8d71a5b67e209027a6324e6ce8b70074fa5c3958a791bf7e79c3c09f015e5719f14db9e39d2bea39ae0a7edc02dca860860077fa4a5315d9ea,08/31/2015 04:00:00 PM,2,DRIVER,3,2801,,CHRYSLER,TOWN & COUNTRY,IL,2000,NONE,VAN/MINI-VAN,PERSONAL,N,SLOW/STOP IN TRAFFIC,,,4,,,,,,,,,Y,,,,,,,,,REAR,,,,,,,,,,,,,,,,,,,,,,,,,,,,,,,,,
70308,7d32d80bb700ef9b9474d40b764a8397b11e46033a173994132d98560804eeba0303b7526b0f4c770d62c5004aa32e2cf209cd0cc65cc33dc99cf5d5c8846733,08/20/2014 04:50:00 PM,1,DRIVER,,67994,,PONTIAC,UNKNOWN,IL,2002,NONE,PASSENGER,PERSONAL,E,SLOW/STOP IN TRAFFIC,,,1,,,,,Y,Y,,,,,,Y,,,,,,FRONT,,,,,,,,,,,,,,,,,,,,,,,,,,,,,,,,,
70309,7d32d80bb700ef9b9474d40b764a8397b11e46033a173994132d98560804eeba0303b7526b0f4c770d62c5004aa32e2cf209cd0cc65cc33dc99cf5d5c8846733,08/20/2014 04:50:00 PM,2,DRIVER,,67999,,KIA MOTORS CORP,Rio,IL,2002,NONE,PASSENGER,PERSONAL,E,SLOW/STOP IN TRAFFIC,,,1,,,,,,,,Y,Y,Y,,,,,,,,REAR,,,,,,,,,,,,,,,,,,,,,,,,,,,,,,,,,